2
-1 2 1 -2 -2 | -1 2 
-1 | -1 2 
-1 | 2 
3
-1 2 1 -2 -2 | -1 -2 
-1 -2 -2 | -1 -2 
-2 | -1 -2 
-2 | -1 
3
-1 2 1 -2 -2 | -1 2 2 
-1 2 | -1 2 2 
-1 2 | 2 
-1 | 2 
4
-1 2 1 -2 -2 | -1 -2 -2 
-1 -2 -2 -2 | -1 -2 -2 
-2 | -1 -2 -2 
-2 | -1 -2 
-2 | -1 
4
-1 2 1 -2 -2 | -1 2 2 2 
-1 2 2 | -1 2 2 2 
-1 2 2 | 2 
-1 2 | 2 
-1 | 2 
5
-1 2 1 -2 -2 | -1 -2 -2 -2 
-1 -2 -2 -2 -2 | -1 -2 -2 -2 
-2 | -1 -2 -2 -2 
-2 | -1 -2 -2 
-2 | -1 -2 
-2 | -1 
5
-1 2 1 -2 -2 | -1 2 1 2 -1 
-1 2 1 -2 -2 | 2 2 2 -1 
-1 2 2 | 2 2 2 -1 
-1 2 2 | 2 
-1 2 | 2 
-1 | 2 
3
-1 2 1 -2 -2 | -1 2 1 -2 -1 
-1 2 1 -2 -2 | 2 -1 
-1 | 2 -1 
-1 | 2 
5
-1 2 1 -2 -2 | -1 2 2 2 2 
-1 2 2 2 | -1 2 2 2 2 
-1 2 2 2 | 2 
-1 2 2 | 2 
-1 2 | 2 
-1 | 2 
4
-1 2 1 -2 -2 | -1 -1 -2 1 2 
-1 2 1 -2 -2 | -1 -2 
-1 -2 -2 | -1 -2 
-2 | -1 -2 
-2 | -1 
6
-1 2 1 -2 -2 | -1 -1 -2 1 -2 
-2 -1 -2 -2 | -1 -1 -2 1 -2 
-2 -1 -2 -2 | -1 2 2 1 -2 
-2 -1 -2 -2 | -1 -2 -2 
-2 | -1 -2 -2 
-2 | -1 -2 
-2 | -1 
6
-1 2 1 -2 -2 | -1 -2 -2 -2 -2 
-1 -2 -2 -2 -2 -2 | -1 -2 -2 -2 -2 
-2 | -1 -2 -2 -2 -2 
-2 | -1 -2 -2 -2 
-2 | -1 -2 -2 
-2 | -1 -2 
-2 | -1 
4
-1 2 1 -2 -2 | -1 2 1 2 2 -1 
-1 2 1 -2 -2 | -1 2 2 
-1 2 | -1 2 2 
-1 2 | 2 
-1 | 2 
6
-1 2 1 -2 -2 | -1 2 1 2 -1 2 
-1 2 1 -2 -2 | 2 2 2 -1 2 
-1 2 1 -2 -2 | 2 -1 2 2 
-1 2 2 | 2 -1 2 2 
-1 2 2 | 2 
-1 2 | 2 
-1 | 2 
4
-1 2 1 -2 -2 | -1 2 1 2 -1 -2 
-1 2 1 -2 -2 | -1 2 1 -2 -1 
-1 2 1 -2 -2 | 2 -1 
-1 | 2 -1 
-1 | 2 
4
-1 2 1 -2 -2 | -1 2 1 -2 -1 2 
-1 2 1 -2 -2 | 2 -1 2 
-1 2 | 2 -1 2 
-1 2 | 2 
-1 | 2 
4
-1 2 1 -2 -2 | -1 2 1 -2 -1 -2 
-1 2 1 -2 -2 | 2 -1 -2 
-1 -2 | 2 -1 -2 
-1 -2 | 2 
-1 | 2 
3
-1 2 1 -2 -2 | -1 2 1 -2 -2 -1 
-1 2 1 -2 -2 | -1 
-1 -2 | -1 
-2 | -1 
8
-1 2 1 -2 -2 | -1 2 2 1 2 -1 
-1 2 1 -2 -2 | -1 2 1 2 2 2 -1 
-1 2 1 -2 -2 | -1 2 1 2 -1 2 
-1 2 1 -2 -2 | 2 2 2 -1 2 
-1 2 1 -2 -2 | 2 -1 2 2 
-1 2 2 | 2 -1 2 2 
-1 2 2 | 2 
-1 2 | 2 
-1 | 2 
6
-1 2 1 -2 -2 | -1 2 2 1 -2 -1 
-1 2 1 -2 -2 | -1 2 1 2 -1 
-1 2 1 -2 -2 | 2 2 2 -1 
-1 2 2 | 2 2 2 -1 
-1 2 2 | 2 
-1 2 | 2 
-1 | 2 
6
-1 2 1 -2 -2 | -1 2 2 2 2 2 
-1 2 2 2 2 | -1 2 2 2 2 2 
-1 2 2 2 2 | 2 
-1 2 2 2 | 2 
-1 2 2 | 2 
-1 2 | 2 
-1 | 2 
3
-1 2 1 -2 -2 | -1 2 -1 -2 1 2 
-1 2 1 -2 -2 | -1 
-1 -2 | -1 
-2 | -1 
5
-1 2 1 -2 -2 | -1 2 -1 -2 1 -2 
-1 2 1 -2 -2 | -1 -2 -2 
-1 -2 -2 -2 | -1 -2 -2 
-2 | -1 -2 -2 
-2 | -1 -2 
-2 | -1 
3
-1 2 1 -2 -2 | -1 -1 -2 1 2 2 
-1 2 1 -2 -2 | -1 
-1 -2 | -1 
-2 | -1 
5
-1 2 1 -2 -2 | -1 -1 -2 1 -2 -2 
-1 2 1 -2 -2 | -1 -1 -2 -2 1 
-1 -2 -2 -2 | -1 -1 -2 -2 1 
-2 | -1 -1 -2 -2 1 
-2 | -1 -1 -2 1 
-2 | -1 
7
-1 2 1 -2 -2 | -1 -1 -2 -2 1 2 
-1 2 1 -2 -2 | -1 -1 -2 1 -2 
-2 -1 -2 -2 | -1 -1 -2 1 -2 
-2 -1 -2 -2 | -1 2 2 1 -2 
-2 -1 -2 -2 | -1 -2 -2 
-2 | -1 -2 -2 
-2 | -1 -2 
-2 | -1 
9
-1 2 1 -2 -2 | -1 -1 -2 -2 1 -2 
-1 2 1 -2 -2 | -1 -2 -2 -1 -2 1 -2 
-1 2 1 -2 -2 | -1 -2 -2 -2 -2 -2 
-1 2 1 -2 -2 | -1 -2 -2 -2 -1 -2 1 
-1 2 1 -2 -2 | -1 -2 -1 -2 -2 1 
-1 -2 -2 -2 -2 | -1 -2 -1 -2 -2 1 
-2 | -1 -2 -1 -2 -2 1 
-2 | -1 -2 -1 -2 1 
-2 | -1 -2 
-2 | -1 
5
-1 2 1 -2 -2 | -1 -2 1 2 -1 -2 
-1 2 1 -2 -2 | -2 -1 -2 
-1 -2 -2 -2 | -2 -1 -2 
-2 | -2 -1 -2 
-2 | -2 -1 
-2 | -1 
7
-1 2 1 -2 -2 | -1 -2 1 -2 -1 -2 
-1 2 1 -2 -2 | -2 -2 -2 -1 -2 
-1 2 1 -2 -2 | -2 -1 -2 -2 
-1 -2 -2 -2 -2 | -2 -1 -2 -2 
-2 | -2 -1 -2 -2 
-2 | -2 -1 -2 
-2 | -2 -1 
-2 | -1 
7
-1 2 1 -2 -2 | -1 -2 -2 -2 -2 -2 
-1 2 1 -2 -2 | -1 -2 -2 -2 -1 -2 1 
-1 2 1 -2 -2 | -1 -2 -1 -2 -2 1 
-1 -2 -2 -2 -2 | -1 -2 -1 -2 -2 1 
-2 | -1 -2 -1 -2 -2 1 
-2 | -1 -2 -1 -2 1 
-2 | -1 -2 
-2 | -1 
10
-1 2 1 -2 -2 | -1 2 1 1 2 -1 -1 
-1 2 1 -2 -2 | 2 2 1 2 -1 -1 
-1 2 1 -2 -2 | 2 1 2 2 2 -1 -1 
-1 2 1 -2 -2 | 2 1 2 -1 2 -1 
-2 1 -2 -2 -2 | 2 1 2 -1 2 -1 
-2 1 -2 -2 -2 | 2 1 -2 -2 -1 
-2 -2 1 -2 | 2 1 -2 -2 -1 
-2 -2 1 -2 | 2 2 -1 
-2 | 2 2 -1 
-2 | 2 -1 
-2 | -1 
8
-1 2 1 -2 -2 | -1 2 1 1 -2 -1 -1 
-1 2 1 -2 -2 | 2 2 1 -2 -1 -1 
-1 2 1 -2 -2 | 2 1 2 -1 -1 
1 -2 -2 -2 | 2 1 2 -1 -1 
1 -2 -2 -2 | 2 1 -2 -2 -1 
1 -2 -2 -2 | 2 2 -1 
-2 | 2 2 -1 
-2 | 2 -1 
-2 | -1 
7
-1 2 1 -2 -2 | -1 2 1 2 2 2 -1 
-1 2 1 -2 -2 | -1 2 1 2 -1 2 
-1 2 1 -2 -2 | 2 2 2 -1 2 
-1 2 1 -2 -2 | 2 -1 2 2 
-1 2 2 | 2 -1 2 2 
-1 2 2 | 2 
-1 2 | 2 
-1 | 2 
5
-1 2 1 -2 -2 | -1 2 1 2 2 -1 2 
-1 2 1 -2 -2 | -1 2 2 2 
-1 2 2 | -1 2 2 2 
-1 2 2 | 2 
-1 2 | 2 
-1 | 2 
3
-1 2 1 -2 -2 | -1 2 1 2 2 -1 -2 
-1 2 1 -2 -2 | -1 2 
-1 | -1 2 
-1 | 2 
7
-1 2 1 -2 -2 | -1 2 1 2 -1 2 2 
-1 2 1 -2 -2 | 2 2 2 -1 2 2 
-1 2 1 -2 -2 | 2 -1 2 2 2 
-1 2 2 2 | 2 -1 2 2 2 
-1 2 2 2 | 2 
-1 2 2 | 2 
-1 2 | 2 
-1 | 2 
5
-1 2 1 -2 -2 | -1 2 1 2 -1 -2 -2 
-1 2 1 -2 -2 | -1 2 1 -2 -1 -2 
-1 2 1 -2 -2 | 2 -1 -2 
-1 -2 | 2 -1 -2 
-1 -2 | 2 
-1 | 2 
5
-1 2 1 -2 -2 | -1 2 1 -2 -1 2 2 
-1 2 1 -2 -2 | 2 -1 2 2 
-1 2 2 | 2 -1 2 2 
-1 2 2 | 2 
-1 2 | 2 
-1 | 2 
5
-1 2 1 -2 -2 | -1 2 1 -2 -1 -2 -2 
-1 2 1 -2 -2 | 2 -1 -2 -2 
-1 -2 -2 | 2 -1 -2 -2 
-1 -2 -2 | 2 
-1 -2 | 2 
-1 | 2 
3
-1 2 1 -2 -2 | -1 2 1 -2 -2 -1 2 
-1 2 1 -2 -2 | -1 2 
-1 | -1 2 
-1 | 2 
4
-1 2 1 -2 -2 | -1 2 1 -2 -2 -1 -2 
-1 2 1 -2 -2 | -1 -2 
-1 -2 -2 | -1 -2 
-2 | -1 -2 
-2 | -1 
4
-1 2 1 -2 -2 | -1 2 1 -2 -2 -2 -1 
-1 2 1 -2 -2 | -2 -1 
-1 -2 -2 | -2 -1 
-2 | -2 -1 
-2 | -1 
5
-1 2 1 -2 -2 | -1 2 2 1 2 2 -1 
-1 2 1 -2 -2 | -1 2 2 2 
-1 2 2 | -1 2 2 2 
-1 2 2 | 2 
-1 2 | 2 
-1 | 2 
9
-1 2 1 -2 -2 | -1 2 2 1 2 -1 2 
-1 2 1 -2 -2 | -1 2 1 2 2 2 -1 2 
-1 2 1 -2 -2 | -1 2 1 2 -1 2 2 
-1 2 1 -2 -2 | 2 2 2 -1 2 2 
-1 2 1 -2 -2 | 2 -1 2 2 2 
-1 2 2 2 | 2 -1 2 2 2 
-1 2 2 2 | 2 
-1 2 2 | 2 
-1 2 | 2 
-1 | 2 
7
-1 2 1 -2 -2 | -1 2 2 1 2 -1 -2 
-1 2 1 -2 -2 | -1 2 2 1 -2 -1 
-1 2 1 -2 -2 | -1 2 1 2 -1 
-1 2 1 -2 -2 | 2 2 2 -1 
-1 2 2 | 2 2 2 -1 
-1 2 2 | 2 
-1 2 | 2 
-1 | 2 
7
-1 2 1 -2 -2 | -1 2 2 1 -2 -1 2 
-1 2 1 -2 -2 | -1 2 1 2 -1 2 
-1 2 1 -2 -2 | 2 2 2 -1 2 
-1 2 1 -2 -2 | 2 -1 2 2 
-1 2 2 | 2 -1 2 2 
-1 2 2 | 2 
-1 2 | 2 
-1 | 2 
5
-1 2 1 -2 -2 | -1 2 2 1 -2 -1 -2 
-1 2 1 -2 -2 | -1 2 1 2 -1 -2 
-1 2 1 -2 -2 | -1 2 1 -2 -1 
-1 2 1 -2 -2 | 2 -1 
-1 | 2 -1 
-1 | 2 
3
-1 2 1 -2 -2 | -1 2 2 1 -2 -2 -1 
-1 2 1 -2 -2 | -1 2 
-1 | -1 2 
-1 | 2 
11
-1 2 1 -2 -2 | -1 2 2 2 1 2 -1 
-1 2 1 -2 -2 | -1 2 2 1 2 2 2 -1 
-1 2 1 -2 -2 | -1 2 2 1 2 -1 2 
-1 2 1 -2 -2 | -1 2 1 2 2 2 -1 2 
-1 2 1 -2 -2 | -1 2 1 2 -1 2 2 
-1 2 1 -2 -2 | 2 2 2 -1 2 2 
-1 2 1 -2 -2 | 2 -1 2 2 2 
-1 2 2 2 | 2 -1 2 2 2 
-1 2 2 2 | 2 
-1 2 2 | 2 
-1 2 | 2 
-1 | 2 
9
-1 2 1 -2 -2 | -1 2 2 2 1 -2 -1 
-1 2 1 -2 -2 | -1 2 2 1 2 -1 
-1 2 1 -2 -2 | -1 2 1 2 2 2 -1 
-1 2 1 -2 -2 | -1 2 1 2 -1 2 
-1 2 1 -2 -2 | 2 2 2 -1 2 
-1 2 1 -2 -2 | 2 -1 2 2 
-1 2 2 | 2 -1 2 2 
-1 2 2 | 2 
-1 2 | 2 
-1 | 2 
8
-1 2 1 -2 -2 | -1 2 2 2 2 2 2 
-1 2 1 -2 -2 | -1 -1 2 1 2 2 2 2 
-1 2 1 -2 -2 | -1 -1 2 2 1 2 2 
-1 2 1 -2 -2 | -1 -1 2 2 2 1 
-1 2 2 | -1 -1 2 2 2 1 
-1 2 2 | -1 2 1 
-1 2 | -1 2 1 
-1 2 | 1 
2 | 1 
3
-1 2 1 -2 -2 | -1 2 2 -1 -2 1 2 
-1 2 1 -2 -2 | -1 2 
-1 | -1 2 
-1 | 2 
4
-1 2 1 -2 -2 | -1 2 2 -1 -2 1 -2 
-1 2 1 -2 -2 | -1 -2 
-1 -2 -2 | -1 -2 
-2 | -1 -2 
-2 | -1 
3
-1 2 1 -2 -2 | -1 2 -1 -2 1 2 2 
-1 2 1 -2 -2 | -1 2 
-1 | -1 2 
-1 | 2 
6
-1 2 1 -2 -2 | -1 2 -1 -2 1 -2 -2 
-1 2 1 -2 -2 | -1 -2 -2 -2 
-1 -2 -2 -2 -2 | -1 -2 -2 -2 
-2 | -1 -2 -2 -2 
-2 | -1 -2 -2 
-2 | -1 -2 
-2 | -1 
6
-1 2 1 -2 -2 | -1 2 -1 -2 -2 1 2 
-1 2 1 -2 -2 | -1 -2 -1 -2 1 2 
-1 2 1 -2 -2 | -1 -2 -2 
-1 -2 -2 -2 | -1 -2 -2 
-2 | -1 -2 -2 
-2 | -1 -2 
-2 | -1 
8
-1 2 1 -2 -2 | -1 2 -1 -2 -2 1 -2 
-1 2 1 -2 -2 | -1 -2 -1 -2 1 -2 
-2 -1 -2 -2 -2 | -1 -2 -1 -2 1 -2 
-2 -1 -2 -2 -2 | -1 2 2 1 -2 
-2 -2 -1 -2 | -1 2 2 1 -2 
-2 -2 -1 -2 | -1 -2 -2 
-2 | -1 -2 -2 
-2 | -1 -2 
-2 | -1 
8
-1 2 1 -2 -2 | -1 -1 -1 -2 1 1 2 
-1 2 1 -2 -2 | -1 -1 -2 -2 1 2 
-1 2 1 -2 -2 | -1 -1 -2 1 -2 
-2 -1 -2 -2 | -1 -1 -2 1 -2 
-2 -1 -2 -2 | -1 2 2 1 -2 
-2 -1 -2 -2 | -1 -2 -2 
-2 | -1 -2 -2 
-2 | -1 -2 
-2 | -1 
10
-1 2 1 -2 -2 | -1 -1 -1 -2 1 1 -2 
-1 2 1 -2 -2 | -1 -1 -2 -2 1 -2 
-1 2 1 -2 -2 | -1 -2 -2 -1 -2 1 -2 
-1 2 1 -2 -2 | -1 -2 -2 -2 -2 -2 
-1 2 1 -2 -2 | -1 -2 -2 -2 -1 -2 1 
-1 2 1 -2 -2 | -1 -2 -1 -2 -2 1 
-1 -2 -2 -2 -2 | -1 -2 -1 -2 -2 1 
-2 | -1 -2 -1 -2 -2 1 
-2 | -1 -2 -1 -2 1 
-2 | -1 -2 
-2 | -1 
3
-1 2 1 -2 -2 | -1 -1 -2 1 2 2 2 
-1 2 1 -2 -2 | -1 2 
-1 | -1 2 
-1 | 2 
8
-1 2 1 -2 -2 | -1 -1 -2 1 -2 -2 -2 
-1 2 1 -2 -2 | -1 -2 -2 -2 -2 -2 
-1 2 1 -2 -2 | -1 -2 -2 -2 -1 -2 1 
-1 2 1 -2 -2 | -1 -2 -1 -2 -2 1 
-1 -2 -2 -2 -2 | -1 -2 -1 -2 -2 1 
-2 | -1 -2 -1 -2 -2 1 
-2 | -1 -2 -1 -2 1 
-2 | -1 -2 
-2 | -1 
4
-1 2 1 -2 -2 | -1 -1 -2 -2 1 2 2 
-1 2 1 -2 -2 | -1 -1 -2 1 
-1 -2 -2 | -1 -1 -2 1 
-2 | -1 -1 -2 1 
-2 | -1 
6
-1 2 1 -2 -2 | -1 -1 -2 -2 1 -2 -2 
-1 2 1 -2 -2 | -1 -1 -2 -2 -2 1 
-1 -2 -2 -2 -2 | -1 -1 -2 -2 -2 1 
-2 | -1 -1 -2 -2 -2 1 
-2 | -1 -1 -2 -2 1 
-2 | -1 -1 -2 1 
-2 | -1 
10
-1 2 1 -2 -2 | -1 -1 -2 -2 -2 1 2 
-1 2 1 -2 -2 | -1 -1 -2 -2 1 -2 
-1 2 1 -2 -2 | -1 -2 -2 -1 -2 1 -2 
-1 2 1 -2 -2 | -1 -2 -2 -2 -2 -2 
-1 2 1 -2 -2 | -1 -2 -2 -2 -1 -2 1 
-1 2 1 -2 -2 | -1 -2 -1 -2 -2 1 
-1 -2 -2 -2 -2 | -1 -2 -1 -2 -2 1 
-2 | -1 -2 -1 -2 -2 1 
-2 | -1 -2 -1 -2 1 
-2 | -1 -2 
-2 | -1 
12
-1 2 1 -2 -2 | -1 -1 -2 -2 -2 1 -2 
-1 2 1 -2 -2 | -1 -2 -2 -1 -2 -2 1 -2 
-1 2 1 -2 -2 | -1 -2 -2 -2 -2 -1 -2 1 -2 
-1 2 1 -2 -2 | -1 -2 -2 -2 -2 -2 -2 -2 
-1 2 1 -2 -2 | -1 -2 -2 -2 -2 -2 -1 -2 1 
-1 2 1 -2 -2 | -1 -2 -2 -2 -1 -2 -2 1 
-1 2 1 -2 -2 | -1 -2 -1 -2 -2 -2 1 
-1 -2 -2 -2 -2 -2 | -1 -2 -1 -2 -2 -2 1 
-2 | -1 -2 -1 -2 -2 -2 1 
-2 | -1 -2 -1 -2 -2 1 
-2 | -1 -2 -1 -2 1 
-2 | -1 -2 
-2 | -1 
4
-1 2 1 -2 -2 | -1 -2 1 2 2 -1 -2 
-1 2 1 -2 -2 | -1 -2 
-1 -2 -2 | -1 -2 
-2 | -1 -2 
-2 | -1 
6
-1 2 1 -2 -2 | -1 -2 1 2 -1 -2 -2 
-1 2 1 -2 -2 | -2 -1 -2 -2 
-1 -2 -2 -2 -2 | -2 -1 -2 -2 
-2 | -2 -1 -2 -2 
-2 | -2 -1 -2 
-2 | -2 -1 
-2 | -1 
8
-1 2 1 -2 -2 | -1 -2 1 -2 -1 -2 -2 
-1 2 1 -2 -2 | -2 -2 -2 -1 -2 -2 
-1 2 1 -2 -2 | -2 -1 -2 -2 -2 
-1 -2 -2 -2 -2 -2 | -2 -1 -2 -2 -2 
-2 | -2 -1 -2 -2 -2 
-2 | -2 -1 -2 -2 
-2 | -2 -1 -2 
-2 | -2 -1 
-2 | -1 
6
-1 2 1 -2 -2 | -1 -2 1 -2 -2 -1 -2 
-1 2 1 -2 -2 | -1 -2 -2 -2 
-1 -2 -2 -2 -2 | -1 -2 -2 -2 
-2 | -1 -2 -2 -2 
-2 | -1 -2 -2 
-2 | -1 -2 
-2 | -1 
8
-1 2 1 -2 -2 | -1 -2 -1 -2 -2 1 2 
-1 2 1 -2 -2 | -1 -2 -1 -2 1 -2 
-2 -1 -2 -2 -2 | -1 -2 -1 -2 1 -2 
-2 -1 -2 -2 -2 | -1 2 2 1 -2 
-2 -2 -1 -2 | -1 2 2 1 -2 
-2 -2 -1 -2 | -1 -2 -2 
-2 | -1 -2 -2 
-2 | -1 -2 
-2 | -1 
10
-1 2 1 -2 -2 | -1 -2 -1 -2 -2 1 -2 
-1 2 1 -2 -2 | -1 -2 -2 -2 -1 -2 1 -2 
-1 2 1 -2 -2 | -1 -2 -2 -2 -2 -2 -2 
-1 2 1 -2 -2 | -1 -2 -2 -2 -2 -1 -2 1 
-1 2 1 -2 -2 | -1 -2 -2 -1 -2 -2 1 
-1 2 1 -2 -2 | -1 -1 -2 -2 -2 1 
-1 -2 -2 -2 -2 | -1 -1 -2 -2 -2 1 
-2 | -1 -1 -2 -2 -2 1 
-2 | -1 -1 -2 -2 1 
-2 | -1 -1 -2 1 
-2 | -1 
8
-1 2 1 -2 -2 | -1 -2 -2 -2 -2 -2 -2 
-1 2 1 -2 -2 | -1 -2 -2 -2 -2 -1 -2 1 
-1 2 1 -2 -2 | -1 -2 -2 -1 -2 -2 1 
-1 2 1 -2 -2 | -1 -1 -2 -2 -2 1 
-1 -2 -2 -2 -2 | -1 -1 -2 -2 -2 1 
-2 | -1 -1 -2 -2 -2 1 
-2 | -1 -1 -2 -2 1 
-2 | -1 -1 -2 1 
-2 | -1 
6
-1 2 1 -2 -2 | -1 2 1 1 2 2 -1 -1 
-1 2 1 -2 -2 | -1 2 1 2 -1 
-1 2 1 -2 -2 | 2 2 2 -1 
-1 2 2 | 2 2 2 -1 
-1 2 2 | 2 
-1 2 | 2 
-1 | 2 
13
-1 2 1 -2 -2 | -1 2 1 1 2 -1 2 -1 
-1 2 1 -2 -2 | 2 2 1 2 -1 2 -1 
-1 2 1 -2 -2 | 2 1 2 2 2 -1 2 -1 
-1 2 1 -2 -2 | 2 1 2 -1 2 2 -1 
-1 2 1 -2 -2 | 2 1 2 -1 -1 2 
-1 2 1 -2 -2 | 1 2 2 2 -1 -1 2 
-1 2 1 -2 -2 | 1 2 -1 2 -1 2 
-2 1 -2 -2 -2 | 1 2 -1 2 -1 2 
-2 1 -2 -2 -2 | 1 -2 -2 -1 2 
-2 -2 1 -2 | 1 -2 -2 -1 2 
-2 -2 1 -2 | 2 -1 2 
-2 | 2 -1 2 
-2 | -1 2 
-2 | -1 
13
-1 2 1 -2 -2 | -1 2 1 1 2 -1 -1 2 
-1 2 1 -2 -2 | 2 2 1 2 -1 -1 2 
-1 2 1 -2 -2 | 2 1 2 2 2 -1 -1 2 
-1 2 1 -2 -2 | 2 1 2 -1 2 -1 2 
-1 2 1 -2 -2 | 1 2 2 2 -1 2 -1 2 
-1 2 1 -2 -2 | 1 2 -1 2 2 -1 2 
-2 -2 1 -2 -2 -2 | 1 2 -1 2 2 -1 2 
-2 -2 1 -2 -2 -2 | 1 -2 -2 -1 2 
-2 -2 -2 1 -2 | 1 -2 -2 -1 2 
-2 -2 -2 1 -2 | 2 2 -1 2 
-2 | 2 2 -1 2 
-2 | 2 -1 2 
-2 | -1 2 
-2 | -1 
8
-1 2 1 -2 -2 | -1 2 1 1 2 -1 -1 -2 
-1 2 1 -2 -2 | 2 2 1 2 -1 -1 -2 
1 -2 -2 -2 | 2 2 1 2 -1 -1 -2 
1 -2 -2 -2 | 2 2 1 -2 -2 -1 -2 
1 -2 -2 -2 | 2 2 2 -1 -2 
1 -2 -2 -2 | -2 
1 -2 -2 | -2 
1 -2 | -2 
1 | -2 
9
-1 2 1 -2 -2 | -1 2 1 1 2 -1 -2 -1 
-1 2 1 -2 -2 | -1 2 1 1 -2 -1 -1 
-1 2 1 -2 -2 | 2 2 1 -2 -1 -1 
-1 2 1 -2 -2 | 2 1 2 -1 -1 
1 -2 -2 -2 | 2 1 2 -1 -1 
1 -2 -2 -2 | 2 1 -2 -2 -1 
1 -2 -2 -2 | 2 2 -1 
-2 | 2 2 -1 
-2 | 2 -1 
-2 | -1 
9
-1 2 1 -2 -2 | -1 2 1 1 -2 -1 2 -1 
-1 2 1 -2 -2 | 2 2 1 -2 -1 2 -1 
-1 2 1 -2 -2 | 2 1 2 -1 2 -1 
-2 1 -2 -2 -2 | 2 1 2 -1 2 -1 
-2 1 -2 -2 -2 | 2 1 -2 -2 -1 
-2 -2 1 -2 | 2 1 -2 -2 -1 
-2 -2 1 -2 | 2 2 -1 
-2 | 2 2 -1 
-2 | 2 -1 
-2 | -1 
11
-1 2 1 -2 -2 | -1 2 1 1 -2 -1 -1 2 
-1 2 1 -2 -2 | 2 2 1 -2 -1 -1 2 
-1 2 1 -2 -2 | 2 1 2 -1 -1 2 
-1 2 1 -2 -2 | 1 2 2 2 -1 -1 2 
-1 2 1 -2 -2 | 1 2 -1 2 -1 2 
-2 1 -2 -2 -2 | 1 2 -1 2 -1 2 
-2 1 -2 -2 -2 | 1 -2 -2 -1 2 
-2 -2 1 -2 | 1 -2 -2 -1 2 
-2 -2 1 -2 | 2 -1 2 
-2 | 2 -1 2 
-2 | -1 2 
-2 | -1 
6
-1 2 1 -2 -2 | -1 2 1 1 -2 -1 -1 -2 
-1 2 1 -2 -2 | 2 2 1 -2 -1 -1 -2 
1 -2 | 2 2 1 -2 -1 -1 -2 
1 -2 | 2 2 -1 -1 -2 
1 -2 | 2 -1 -2 
1 -2 | -2 
1 | -2 
7
-1 2 1 -2 -2 | -1 2 1 1 -2 -1 -2 -1 
-1 2 1 -2 -2 | 2 2 1 -2 -1 -2 -1 
-1 2 1 -2 -2 | 2 1 2 -1 -2 -1 
-1 2 1 -2 -2 | 2 1 -2 -1 -1 
1 -2 | 2 1 -2 -1 -1 
1 -2 | 2 -1 -1 
1 -2 | -1 
-2 | -1 
4
-1 2 1 -2 -2 | -1 2 1 1 -2 -2 -1 -1 
-1 2 1 -2 -2 | -1 2 1 -2 -1 
-1 2 1 -2 -2 | 2 -1 
-1 | 2 -1 
-1 | 2 
15
-1 2 1 -2 -2 | -1 2 1 2 1 2 -1 -1 
-1 2 1 -2 -2 | 2 2 2 1 2 -1 -1 
-1 2 1 -2 -2 | 2 2 1 2 2 2 -1 -1 
-1 2 1 -2 -2 | 2 2 1 2 -1 2 -1 
-1 2 1 -2 -2 | 2 1 2 2 2 -1 2 -1 
-1 2 1 -2 -2 | 2 1 2 -1 2 2 -1 
-1 2 1 -2 -2 | 2 1 2 -1 -1 2 
-1 2 1 -2 -2 | 1 2 2 2 -1 -1 2 
-1 2 1 -2 -2 | 1 2 -1 2 -1 2 
-2 1 -2 -2 -2 | 1 2 -1 2 -1 2 
-2 1 -2 -2 -2 | 1 -2 -2 -1 2 
-2 -2 1 -2 | 1 -2 -2 -1 2 
-2 -2 1 -2 | 2 -1 2 
-2 | 2 -1 2 
-2 | -1 2 
-2 | -1 
11
-1 2 1 -2 -2 | -1 2 1 2 1 -2 -1 -1 
-1 2 1 -2 -2 | -1 2 1 1 2 -1 -1 
-1 2 1 -2 -2 | 2 2 1 2 -1 -1 
-1 2 1 -2 -2 | 2 1 2 2 2 -1 -1 
-1 2 1 -2 -2 | 2 1 2 -1 2 -1 
-2 1 -2 -2 -2 | 2 1 2 -1 2 -1 
-2 1 -2 -2 -2 | 2 1 -2 -2 -1 
-2 -2 1 -2 | 2 1 -2 -2 -1 
-2 -2 1 -2 | 2 2 -1 
-2 | 2 2 -1 
-2 | 2 -1 
-2 | -1 
6
-1 2 1 -2 -2 | -1 2 1 2 2 2 2 -1 
-1 2 1 -2 -2 | -1 2 1 2 2 -1 2 
-1 2 1 -2 -2 | -1 2 2 2 
-1 2 2 | -1 2 2 2 
-1 2 2 | 2 
-1 2 | 2 
-1 | 2 
8
-1 2 1 -2 -2 | -1 2 1 2 2 2 -1 2 
-1 2 1 -2 -2 | -1 2 1 2 -1 2 2 
-1 2 1 -2 -2 | 2 2 2 -1 2 2 
-1 2 1 -2 -2 | 2 -1 2 2 2 
-1 2 2 2 | 2 -1 2 2 2 
-1 2 2 2 | 2 
-1 2 2 | 2 
-1 2 | 2 
-1 | 2 
6
-1 2 1 -2 -2 | -1 2 1 2 2 2 -1 -2 
-1 2 1 -2 -2 | -1 2 1 2 -1 
-1 2 1 -2 -2 | 2 2 2 -1 
-1 2 2 | 2 2 2 -1 
-1 2 2 | 2 
-1 2 | 2 
-1 | 2 
6
-1 2 1 -2 -2 | -1 2 1 2 2 -1 2 2 
-1 2 1 -2 -2 | -1 2 2 2 2 
-1 2 2 2 | -1 2 2 2 2 
-1 2 2 2 | 2 
-1 2 2 | 2 
-1 2 | 2 
-1 | 2 
3
-1 2 1 -2 -2 | -1 2 1 2 2 -1 -2 -2 
-1 2 1 -2 -2 | -1 
-1 -2 | -1 
-2 | -1 
8
-1 2 1 -2 -2 | -1 2 1 2 -1 2 2 2 
-1 2 1 -2 -2 | 2 2 2 -1 2 2 2 
-1 2 1 -2 -2 | 2 -1 2 2 2 2 
-1 2 2 2 2 | 2 -1 2 2 2 2 
-1 2 2 2 2 | 2 
-1 2 2 2 | 2 
-1 2 2 | 2 
-1 2 | 2 
-1 | 2 
6
-1 2 1 -2 -2 | -1 2 1 2 -1 -2 -2 -2 
-1 2 1 -2 -2 | -1 2 1 -2 -1 -2 -2 
-1 2 1 -2 -2 | 2 -1 -2 -2 
-1 -2 -2 | 2 -1 -2 -2 
-1 -2 -2 | 2 
-1 -2 | 2 
-1 | 2 
7
-1 2 1 -2 -2 | -1 2 1 -2 1 2 -1 -1 
-1 2 1 -2 -2 | 2 1 2 -1 -1 
1 -2 -2 -2 | 2 1 2 -1 -1 
1 -2 -2 -2 | 2 1 -2 -2 -1 
1 -2 -2 -2 | 2 2 -1 
-2 | 2 2 -1 
-2 | 2 -1 
-2 | -1 
5
-1 2 1 -2 -2 | -1 2 1 -2 1 -2 -1 -1 
-1 2 1 -2 -2 | 2 1 -2 -1 -1 
1 -2 | 2 1 -2 -1 -1 
1 -2 | 2 -1 -1 
1 -2 | -1 
-2 | -1 
6
-1 2 1 -2 -2 | -1 2 1 -2 -1 2 2 2 
-1 2 1 -2 -2 | 2 -1 2 2 2 
-1 2 2 2 | 2 -1 2 2 2 
-1 2 2 2 | 2 
-1 2 2 | 2 
-1 2 | 2 
-1 | 2 
6
-1 2 1 -2 -2 | -1 2 1 -2 -1 -2 -2 -2 
-1 2 1 -2 -2 | 2 -1 -2 -2 -2 
-1 -2 -2 -2 | 2 -1 -2 -2 -2 
-1 -2 -2 -2 | 2 
-1 -2 -2 | 2 
-1 -2 | 2 
-1 | 2 
4
-1 2 1 -2 -2 | -1 2 1 -2 -2 -1 2 2 
-1 2 1 -2 -2 | -1 2 2 
-1 2 | -1 2 2 
-1 2 | 2 
-1 | 2 
5
-1 2 1 -2 -2 | -1 2 1 -2 -2 -1 -2 -2 
-1 2 1 -2 -2 | -1 -2 -2 
-1 -2 -2 -2 | -1 -2 -2 
-2 | -1 -2 -2 
-2 | -1 -2 
-2 | -1 
4
-1 2 1 -2 -2 | -1 2 1 -2 -2 -2 -1 2 
-1 2 1 -2 -2 | -2 -1 2 
-1 -2 | -2 -1 2 
-1 -2 | 2 
-1 | 2 
5
-1 2 1 -2 -2 | -1 2 1 -2 -2 -2 -1 -2 
-1 2 1 -2 -2 | -2 -1 -2 
-1 -2 -2 -2 | -2 -1 -2 
-2 | -2 -1 -2 
-2 | -2 -1 
-2 | -1 
5
-1 2 1 -2 -2 | -1 2 1 -2 -2 -2 -2 -1 
-1 2 1 -2 -2 | -2 -2 -1 
-1 -2 -2 -2 | -2 -2 -1 
-2 | -2 -2 -1 
-2 | -2 -1 
-2 | -1 
19
-1 2 1 -2 -2 | -1 2 2 1 1 2 -1 -1 
-1 2 1 -2 -2 | -1 2 1 2 2 1 2 -1 -1 
-1 2 1 -2 -2 | 2 2 2 2 1 2 -1 -1 
-1 2 1 -2 -2 | 2 2 2 1 2 2 2 -1 -1 
-1 2 1 -2 -2 | 2 2 2 1 2 -1 2 -1 
-1 2 1 -2 -2 | 2 2 1 2 2 2 -1 2 -1 
-1 2 1 -2 -2 | 2 2 1 2 -1 2 2 -1 
-1 2 1 -2 -2 | 2 2 1 2 -1 -1 2 
-1 2 1 -2 -2 | 2 1 2 2 2 -1 -1 2 
-1 2 1 -2 -2 | 2 1 2 -1 2 -1 2 
-1 2 1 -2 -2 | 1 2 2 2 -1 2 -1 2 
-1 2 1 -2 -2 | 1 2 -1 2 2 -1 2 
-2 -2 1 -2 -2 -2 | 1 2 -1 2 2 -1 2 
-2 -2 1 -2 -2 -2 | 1 -2 -2 -1 2 
-2 -2 -2 1 -2 | 1 -2 -2 -1 2 
-2 -2 -2 1 -2 | 2 2 -1 2 
-2 | 2 2 -1 2 
-2 | 2 -1 2 
-2 | -1 2 
-2 | -1 
17
-1 2 1 -2 -2 | -1 2 2 1 1 -2 -1 -1 
-1 2 1 -2 -2 | -1 2 1 2 2 1 -2 -1 -1 
-1 2 1 -2 -2 | -1 2 1 2 1 2 -1 -1 
-1 2 1 -2 -2 | 2 2 2 1 2 -1 -1 
-1 2 1 -2 -2 | 2 2 1 2 2 2 -1 -1 
-1 2 1 -2 -2 | 2 2 1 2 -1 2 -1 
-1 2 1 -2 -2 | 2 1 2 2 2 -1 2 -1 
-1 2 1 -2 -2 | 2 1 2 -1 2 2 -1 
-1 2 1 -2 -2 | 2 1 2 -1 -1 2 
-1 2 1 -2 -2 | 1 2 2 2 -1 -1 2 
-1 2 1 -2 -2 | 1 2 -1 2 -1 2 
-2 1 -2 -2 -2 | 1 2 -1 2 -1 2 
-2 1 -2 -2 -2 | 1 -2 -2 -1 2 
-2 -2 1 -2 | 1 -2 -2 -1 2 
-2 -2 1 -2 | 2 -1 2 
-2 | 2 -1 2 
-2 | -1 2 
-2 | -1 
10
-1 2 1 -2 -2 | -1 2 2 1 2 2 2 -1 
-1 2 1 -2 -2 | -1 2 2 1 2 -1 2 
-1 2 1 -2 -2 | -1 2 1 2 2 2 -1 2 
-1 2 1 -2 -2 | -1 2 1 2 -1 2 2 
-1 2 1 -2 -2 | 2 2 2 -1 2 2 
-1 2 1 -2 -2 | 2 -1 2 2 2 
-1 2 2 2 | 2 -1 2 2 2 
-1 2 2 2 | 2 
-1 2 2 | 2 
-1 2 | 2 
-1 | 2 
6
-1 2 1 -2 -2 | -1 2 2 1 2 2 -1 2 
-1 2 1 -2 -2 | -1 2 2 2 2 
-1 2 2 2 | -1 2 2 2 2 
-1 2 2 2 | 2 
-1 2 2 | 2 
-1 2 | 2 
-1 | 2 
4
-1 2 1 -2 -2 | -1 2 2 1 2 2 -1 -2 
-1 2 1 -2 -2 | -1 2 2 
-1 2 | -1 2 2 
-1 2 | 2 
-1 | 2 
10
-1 2 1 -2 -2 | -1 2 2 1 2 -1 2 2 
-1 2 1 -2 -2 | -1 2 1 2 2 2 -1 2 2 
-1 2 1 -2 -2 | -1 2 1 2 -1 2 2 2 
-1 2 1 -2 -2 | 2 2 2 -1 2 2 2 
-1 2 1 -2 -2 | 2 -1 2 2 2 2 
-1 2 2 2 2 | 2 -1 2 2 2 2 
-1 2 2 2 2 | 2 
-1 2 2 2 | 2 
-1 2 2 | 2 
-1 2 | 2 
-1 | 2 
6
-1 2 1 -2 -2 | -1 2 2 1 2 -1 -2 -2 
-1 2 1 -2 -2 | -1 2 2 1 -2 -1 -2 
-1 2 1 -2 -2 | -1 2 1 2 -1 -2 
-1 2 1 -2 -2 | -1 2 1 -2 -1 
-1 2 1 -2 -2 | 2 -1 
-1 | 2 -1 
-1 | 2 
8
-1 2 1 -2 -2 | -1 2 2 1 -2 -1 2 2 
-1 2 1 -2 -2 | -1 2 1 2 -1 2 2 
-1 2 1 -2 -2 | 2 2 2 -1 2 2 
-1 2 1 -2 -2 | 2 -1 2 2 2 
-1 2 2 2 | 2 -1 2 2 2 
-1 2 2 2 | 2 
-1 2 2 | 2 
-1 2 | 2 
-1 | 2 
6
-1 2 1 -2 -2 | -1 2 2 1 -2 -1 -2 -2 
-1 2 1 -2 -2 | -1 2 1 2 -1 -2 -2 
-1 2 1 -2 -2 | -1 2 1 -2 -1 -2 
-1 2 1 -2 -2 | 2 -1 -2 
-1 -2 | 2 -1 -2 
-1 -2 | 2 
-1 | 2 
4
-1 2 1 -2 -2 | -1 2 2 1 -2 -2 -1 2 
-1 2 1 -2 -2 | -1 2 2 
-1 2 | -1 2 2 
-1 2 | 2 
-1 | 2 
3
-1 2 1 -2 -2 | -1 2 2 1 -2 -2 -1 -2 
-1 2 1 -2 -2 | -1 
-1 -2 | -1 
-2 | -1 
4
-1 2 1 -2 -2 | -1 2 2 1 -2 -2 -2 -1 
-1 2 1 -2 -2 | -1 2 1 -2 -1 
-1 2 1 -2 -2 | 2 -1 
-1 | 2 -1 
-1 | 2 
6
-1 2 1 -2 -2 | -1 2 2 2 1 2 2 -1 
-1 2 1 -2 -2 | -1 2 2 2 2 
-1 2 2 2 | -1 2 2 2 2 
-1 2 2 2 | 2 
-1 2 2 | 2 
-1 2 | 2 
-1 | 2 
12
-1 2 1 -2 -2 | -1 2 2 2 1 2 -1 2 
-1 2 1 -2 -2 | -1 2 2 1 2 2 2 -1 2 
-1 2 1 -2 -2 | -1 2 2 1 2 -1 2 2 
-1 2 1 -2 -2 | -1 2 1 2 2 2 -1 2 2 
-1 2 1 -2 -2 | -1 2 1 2 -1 2 2 2 
-1 2 1 -2 -2 | 2 2 2 -1 2 2 2 
-1 2 1 -2 -2 | 2 -1 2 2 2 2 
-1 2 2 2 2 | 2 -1 2 2 2 2 
-1 2 2 2 2 | 2 
-1 2 2 2 | 2 
-1 2 2 | 2 
-1 2 | 2 
-1 | 2 
10
-1 2 1 -2 -2 | -1 2 2 2 1 2 -1 -2 
-1 2 1 -2 -2 | -1 2 2 2 1 -2 -1 
-1 2 1 -2 -2 | -1 2 2 1 2 -1 
-1 2 1 -2 -2 | -1 2 1 2 2 2 -1 
-1 2 1 -2 -2 | -1 2 1 2 -1 2 
-1 2 1 -2 -2 | 2 2 2 -1 2 
-1 2 1 -2 -2 | 2 -1 2 2 
-1 2 2 | 2 -1 2 2 
-1 2 2 | 2 
-1 2 | 2 
-1 | 2 
10
-1 2 1 -2 -2 | -1 2 2 2 1 -2 -1 2 
-1 2 1 -2 -2 | -1 2 2 1 2 -1 2 
-1 2 1 -2 -2 | -1 2 1 2 2 2 -1 2 
-1 2 1 -2 -2 | -1 2 1 2 -1 2 2 
-1 2 1 -2 -2 | 2 2 2 -1 2 2 
-1 2 1 -2 -2 | 2 -1 2 2 2 
-1 2 2 2 | 2 -1 2 2 2 
-1 2 2 2 | 2 
-1 2 2 | 2 
-1 2 | 2 
-1 | 2 
8
-1 2 1 -2 -2 | -1 2 2 2 1 -2 -1 -2 
-1 2 1 -2 -2 | -1 2 2 1 2 -1 -2 
-1 2 1 -2 -2 | -1 2 2 1 -2 -1 
-1 2 1 -2 -2 | -1 2 1 2 -1 
-1 2 1 -2 -2 | 2 2 2 -1 
-1 2 2 | 2 2 2 -1 
-1 2 2 | 2 
-1 2 | 2 
-1 | 2 
4
-1 2 1 -2 -2 | -1 2 2 2 1 -2 -2 -1 
-1 2 1 -2 -2 | -1 2 2 
-1 2 | -1 2 2 
-1 2 | 2 
-1 | 2 
14
-1 2 1 -2 -2 | -1 2 2 2 2 1 2 -1 
-1 2 1 -2 -2 | -1 2 2 2 1 2 2 2 -1 
-1 2 1 -2 -2 | -1 2 2 2 1 2 -1 2 
-1 2 1 -2 -2 | -1 2 2 1 2 2 2 -1 2 
-1 2 1 -2 -2 | -1 2 2 1 2 -1 2 2 
-1 2 1 -2 -2 | -1 2 1 2 2 2 -1 2 2 
-1 2 1 -2 -2 | -1 2 1 2 -1 2 2 2 
-1 2 1 -2 -2 | 2 2 2 -1 2 2 2 
-1 2 1 -2 -2 | 2 -1 2 2 2 2 
-1 2 2 2 2 | 2 -1 2 2 2 2 
-1 2 2 2 2 | 2 
-1 2 2 2 | 2 
-1 2 2 | 2 
-1 2 | 2 
-1 | 2 
12
-1 2 1 -2 -2 | -1 2 2 2 2 1 -2 -1 
-1 2 1 -2 -2 | -1 2 2 2 1 2 -1 
-1 2 1 -2 -2 | -1 2 2 1 2 2 2 -1 
-1 2 1 -2 -2 | -1 2 2 1 2 -1 2 
-1 2 1 -2 -2 | -1 2 1 2 2 2 -1 2 
-1 2 1 -2 -2 | -1 2 1 2 -1 2 2 
-1 2 1 -2 -2 | 2 2 2 -1 2 2 
-1 2 1 -2 -2 | 2 -1 2 2 2 
-1 2 2 2 | 2 -1 2 2 2 
-1 2 2 2 | 2 
-1 2 2 | 2 
-1 2 | 2 
-1 | 2 
9
-1 2 1 -2 -2 | -1 2 2 2 2 2 2 2 
-1 2 1 -2 -2 | -1 2 -1 2 1 2 2 2 2 
-1 2 1 -2 -2 | -1 2 -1 2 2 1 2 2 
-1 2 1 -2 -2 | -1 2 -1 2 2 2 1 
-1 2 2 2 | -1 2 -1 2 2 2 1 
-1 2 2 2 | -1 2 1 
-1 2 2 | -1 2 1 
-1 2 | -1 2 1 
-1 2 | 1 
2 | 1 
4
-1 2 1 -2 -2 | -1 2 2 2 -1 -2 1 2 
-1 2 1 -2 -2 | -1 2 2 
-1 2 | -1 2 2 
-1 2 | 2 
-1 | 2 
3
-1 2 1 -2 -2 | -1 2 2 2 -1 -2 1 -2 
-1 2 1 -2 -2 | -1 
-1 -2 | -1 
-2 | -1 
4
-1 2 1 -2 -2 | -1 2 2 -1 -2 1 2 2 
-1 2 1 -2 -2 | -1 2 2 
-1 2 | -1 2 2 
-1 2 | 2 
-1 | 2 
5
-1 2 1 -2 -2 | -1 2 2 -1 -2 1 -2 -2 
-1 2 1 -2 -2 | -1 -2 -2 
-1 -2 -2 -2 | -1 -2 -2 
-2 | -1 -2 -2 
-2 | -1 -2 
-2 | -1 
5
-1 2 1 -2 -2 | -1 2 2 -1 -2 -2 1 2 
-1 2 1 -2 -2 | -1 -1 -2 1 2 
-1 2 1 -2 -2 | -1 -2 
-1 -2 -2 | -1 -2 
-2 | -1 -2 
-2 | -1 
7
-1 2 1 -2 -2 | -1 2 2 -1 -2 -2 1 -2 
-1 2 1 -2 -2 | -1 -1 -2 1 -2 
-2 -1 -2 -2 | -1 -1 -2 1 -2 
-2 -1 -2 -2 | -1 2 2 1 -2 
-2 -1 -2 -2 | -1 -2 -2 
-2 | -1 -2 -2 
-2 | -1 -2 
-2 | -1 
7
-1 2 1 -2 -2 | -1 2 -1 -1 -2 1 1 2 
-1 2 1 -2 -2 | -1 2 -1 -2 -2 1 2 
-1 2 1 -2 -2 | -1 -2 -1 -2 1 2 
-1 2 1 -2 -2 | -1 -2 -2 
-1 -2 -2 -2 | -1 -2 -2 
-2 | -1 -2 -2 
-2 | -1 -2 
-2 | -1 
9
-1 2 1 -2 -2 | -1 2 -1 -1 -2 1 1 -2 
-1 2 1 -2 -2 | -1 2 -1 -2 -2 1 -2 
-1 2 1 -2 -2 | -1 -2 -1 -2 1 -2 
-2 -1 -2 -2 -2 | -1 -2 -1 -2 1 -2 
-2 -1 -2 -2 -2 | -1 2 2 1 -2 
-2 -2 -1 -2 | -1 2 2 1 -2 
-2 -2 -1 -2 | -1 -2 -2 
-2 | -1 -2 -2 
-2 | -1 -2 
-2 | -1 
5
-1 2 1 -2 -2 | -1 2 -1 -2 1 1 2 -1 
-1 2 1 -2 -2 | -1 -2 1 2 -1 
-1 2 1 -2 -2 | -2 -1 
-1 -2 -2 | -2 -1 
-2 | -2 -1 
-2 | -1 
7
-1 2 1 -2 -2 | -1 2 -1 -2 1 1 -2 -1 
-1 2 1 -2 -2 | -1 -2 1 -2 -1 
-1 2 1 -2 -2 | -2 -2 -2 -1 
-1 2 1 -2 -2 | -2 -1 -2 
-1 -2 -2 -2 | -2 -1 -2 
-2 | -2 -1 -2 
-2 | -2 -1 
-2 | -1 
4
-1 2 1 -2 -2 | -1 2 -1 -2 1 2 2 2 
-1 2 1 -2 -2 | -1 2 2 
-1 2 | -1 2 2 
-1 2 | 2 
-1 | 2 
7
-1 2 1 -2 -2 | -1 2 -1 -2 1 -2 -2 -2 
-1 2 1 -2 -2 | -1 -2 -2 -2 -2 
-1 -2 -2 -2 -2 -2 | -1 -2 -2 -2 -2 
-2 | -1 -2 -2 -2 -2 
-2 | -1 -2 -2 -2 
-2 | -1 -2 -2 
-2 | -1 -2 
-2 | -1 
5
-1 2 1 -2 -2 | -1 2 -1 -2 -2 1 2 2 
-1 2 1 -2 -2 | -1 2 -1 -2 1 
-1 -2 | -1 2 -1 -2 1 
-1 -2 | -1 2 1 
-1 -2 | -1 
-2 | -1 
7
-1 2 1 -2 -2 | -1 2 -1 -2 -2 1 -2 -2 
-1 2 1 -2 -2 | -1 -2 -1 -2 1 -2 -2 
-1 2 1 -2 -2 | -1 -2 -1 -2 -2 1 
-1 -2 -2 -2 -2 | -1 -2 -1 -2 -2 1 
-2 | -1 -2 -1 -2 -2 1 
-2 | -1 -2 -1 -2 1 
-2 | -1 -2 
-2 | -1 
9
-1 2 1 -2 -2 | -1 2 -1 -2 -2 -2 1 2 
-1 2 1 -2 -2 | -1 -2 -1 -2 -2 1 2 
-1 2 1 -2 -2 | -1 -2 -1 -2 1 -2 
-2 -1 -2 -2 -2 | -1 -2 -1 -2 1 -2 
-2 -1 -2 -2 -2 | -1 2 2 1 -2 
-2 -2 -1 -2 | -1 2 2 1 -2 
-2 -2 -1 -2 | -1 -2 -2 
-2 | -1 -2 -2 
-2 | -1 -2 
-2 | -1 
11
-1 2 1 -2 -2 | -1 2 -1 -2 -2 -2 1 -2 
-1 2 1 -2 -2 | -1 -2 -1 -2 -2 1 -2 
-1 2 1 -2 -2 | -1 -2 -2 -2 -1 -2 1 -2 
-1 2 1 -2 -2 | -1 -2 -2 -2 -2 -2 -2 
-1 2 1 -2 -2 | -1 -2 -2 -2 -2 -1 -2 1 
-1 2 1 -2 -2 | -1 -2 -2 -1 -2 -2 1 
-1 2 1 -2 -2 | -1 -1 -2 -2 -2 1 
-1 -2 -2 -2 -2 | -1 -1 -2 -2 -2 1 
-2 | -1 -1 -2 -2 -2 1 
-2 | -1 -1 -2 -2 1 
-2 | -1 -1 -2 1 
-2 | -1 
5
-1 2 1 -2 -2 | -1 -1 -1 -2 1 1 2 2 
-1 2 1 -2 -2 | -1 -1 -2 -2 1 2 2 
-1 2 1 -2 -2 | -1 -1 -2 1 
-1 -2 -2 | -1 -1 -2 1 
-2 | -1 -1 -2 1 
-2 | -1 
7
-1 2 1 -2 -2 | -1 -1 -1 -2 1 1 -2 -2 
-1 2 1 -2 -2 | -1 -1 -2 -2 1 -2 -2 
-1 2 1 -2 -2 | -1 -1 -2 -2 -2 1 
-1 -2 -2 -2 -2 | -1 -1 -2 -2 -2 1 
-2 | -1 -1 -2 -2 -2 1 
-2 | -1 -1 -2 -2 1 
-2 | -1 -1 -2 1 
-2 | -1 
5
-1 2 1 -2 -2 | -1 -1 -1 -2 1 2 1 2 
-1 2 1 -2 -2 | -1 -1 -2 1 2 
-1 2 1 -2 -2 | -1 -2 
-1 -2 -2 | -1 -2 
-2 | -1 -2 
-2 | -1 
7
-1 2 1 -2 -2 | -1 -1 -1 -2 1 2 1 -2 
-1 2 1 -2 -2 | -1 -1 -2 1 -2 
-2 -1 -2 -2 | -1 -1 -2 1 -2 
-2 -1 -2 -2 | -1 2 2 1 -2 
-2 -1 -2 -2 | -1 -2 -2 
-2 | -1 -2 -2 
-2 | -1 -2 
-2 | -1 
11
-1 2 1 -2 -2 | -1 -1 -1 -2 1 -2 1 2 
-1 2 1 -2 -2 | -1 -1 -2 -2 -2 1 2 
-1 2 1 -2 -2 | -1 -1 -2 -2 1 -2 
-1 2 1 -2 -2 | -1 -2 -2 -1 -2 1 -2 
-1 2 1 -2 -2 | -1 -2 -2 -2 -2 -2 
-1 2 1 -2 -2 | -1 -2 -2 -2 -1 -2 1 
-1 2 1 -2 -2 | -1 -2 -1 -2 -2 1 
-1 -2 -2 -2 -2 | -1 -2 -1 -2 -2 1 
-2 | -1 -2 -1 -2 -2 1 
-2 | -1 -2 -1 -2 1 
-2 | -1 -2 
-2 | -1 
13
-1 2 1 -2 -2 | -1 -1 -1 -2 1 -2 1 -2 
-1 2 1 -2 -2 | -1 -1 -2 -2 -2 1 -2 
-1 2 1 -2 -2 | -1 -2 -2 -1 -2 -2 1 -2 
-1 2 1 -2 -2 | -1 -2 -2 -2 -2 -1 -2 1 -2 
-1 2 1 -2 -2 | -1 -2 -2 -2 -2 -2 -2 -2 
-1 2 1 -2 -2 | -1 -2 -2 -2 -2 -2 -1 -2 1 
-1 2 1 -2 -2 | -1 -2 -2 -2 -1 -2 -2 1 
-1 2 1 -2 -2 | -1 -2 -1 -2 -2 -2 1 
-1 -2 -2 -2 -2 -2 | -1 -2 -1 -2 -2 -2 1 
-2 | -1 -2 -1 -2 -2 -2 1 
-2 | -1 -2 -1 -2 -2 1 
-2 | -1 -2 -1 -2 1 
-2 | -1 -2 
-2 | -1 
15
-1 2 1 -2 -2 | -1 -1 -1 -2 -2 1 1 2 
-1 2 1 -2 -2 | -1 -1 -2 -2 -1 -2 1 1 2 
-1 2 1 -2 -2 | -1 -1 -2 -2 -2 -2 1 2 
-1 2 1 -2 -2 | -1 -1 -2 -2 -2 1 -2 
-1 2 1 -2 -2 | -1 -2 -2 -1 -2 -2 1 -2 
-1 2 1 -2 -2 | -1 -2 -2 -2 -2 -1 -2 1 -2 
-1 2 1 -2 -2 | -1 -2 -2 -2 -2 -2 -2 -2 
-1 2 1 -2 -2 | -1 -2 -2 -2 -2 -2 -1 -2 1 
-1 2 1 -2 -2 | -1 -2 -2 -2 -1 -2 -2 1 
-1 2 1 -2 -2 | -1 -2 -1 -2 -2 -2 1 
-1 -2 -2 -2 -2 -2 | -1 -2 -1 -2 -2 -2 1 
-2 | -1 -2 -1 -2 -2 -2 1 
-2 | -1 -2 -1 -2 -2 1 
-2 | -1 -2 -1 -2 1 
-2 | -1 -2 
-2 | -1 
17
-1 2 1 -2 -2 | -1 -1 -1 -2 -2 1 1 -2 
-1 2 1 -2 -2 | -1 -1 -2 -2 -1 -2 1 1 -2 
-1 2 1 -2 -2 | -1 -1 -2 -2 -2 -2 1 -2 
-1 2 1 -2 -2 | -1 -2 -2 -1 -2 -2 -2 1 -2 
-1 2 1 -2 -2 | -1 -2 -2 -2 -2 -1 -2 -2 1 -2 
-1 2 1 -2 -2 | -1 -2 -2 -2 -2 -2 -2 -1 -2 1 -2 
-1 2 1 -2 -2 | -1 -2 -2 -2 -2 -2 -2 -2 -2 -2 
-1 2 1 -2 -2 | -1 -2 -2 -2 -2 -2 -2 -2 -1 -2 1 
-1 2 1 -2 -2 | -1 -2 -2 -2 -2 -2 -1 -2 -2 1 
-1 2 1 -2 -2 | -1 -2 -2 -2 -1 -2 -2 -2 1 
-1 2 1 -2 -2 | -1 -2 -1 -2 -2 -2 -2 1 
-1 -2 -2 -2 -2 -2 -2 | -1 -2 -1 -2 -2 -2 -2 1 
-2 | -1 -2 -1 -2 -2 -2 -2 1 
-2 | -1 -2 -1 -2 -2 -2 1 
-2 | -1 -2 -1 -2 -2 1 
-2 | -1 -2 -1 -2 1 
-2 | -1 -2 
-2 | -1 
9
-1 2 1 -2 -2 | -1 -1 -2 1 1 2 -1 -2 
-1 2 1 -2 -2 | -1 -2 -2 1 2 -1 -2 
-1 2 1 -2 -2 | -1 -2 1 -2 -1 -2 
-1 2 1 -2 -2 | -2 -2 -2 -1 -2 
-1 2 1 -2 -2 | -2 -1 -2 -2 
-1 -2 -2 -2 -2 | -2 -1 -2 -2 
-2 | -2 -1 -2 -2 
-2 | -2 -1 -2 
-2 | -2 -1 
-2 | -1 
11
-1 2 1 -2 -2 | -1 -1 -2 1 1 -2 -1 -2 
-1 2 1 -2 -2 | -1 -2 -2 1 -2 -1 -2 
-1 2 1 -2 -2 | -2 -2 -1 -2 1 -2 -1 -2 
-1 2 1 -2 -2 | -2 -2 -2 -2 -2 -1 -2 
-1 2 1 -2 -2 | -2 -2 -2 -1 -2 -2 
-1 2 1 -2 -2 | -2 -1 -2 -2 -2 
-1 -2 -2 -2 -2 -2 | -2 -1 -2 -2 -2 
-2 | -2 -1 -2 -2 -2 
-2 | -2 -1 -2 -2 
-2 | -2 -1 -2 
-2 | -2 -1 
-2 | -1 
4
-1 2 1 -2 -2 | -1 -1 -2 1 2 2 2 2 
-1 2 1 -2 -2 | -1 2 2 
-1 2 | -1 2 2 
-1 2 | 2 
-1 | 2 
7
-1 2 1 -2 -2 | -1 -1 -2 1 -2 -2 -2 -2 
-1 2 1 -2 -2 | -1 -1 -2 -2 1 -2 -2 
-1 2 1 -2 -2 | -1 -1 -2 -2 -2 1 
-1 -2 -2 -2 -2 | -1 -1 -2 -2 -2 1 
-2 | -1 -1 -2 -2 -2 1 
-2 | -1 -1 -2 -2 1 
-2 | -1 -1 -2 1 
-2 | -1 
11
-1 2 1 -2 -2 | -1 -1 -2 -1 -2 1 1 2 
-1 2 1 -2 -2 | -1 -1 -2 -2 -2 1 2 
-1 2 1 -2 -2 | -1 -1 -2 -2 1 -2 
-1 2 1 -2 -2 | -1 -2 -2 -1 -2 1 -2 
-1 2 1 -2 -2 | -1 -2 -2 -2 -2 -2 
-1 2 1 -2 -2 | -1 -2 -2 -2 -1 -2 1 
-1 2 1 -2 -2 | -1 -2 -1 -2 -2 1 
-1 -2 -2 -2 -2 | -1 -2 -1 -2 -2 1 
-2 | -1 -2 -1 -2 -2 1 
-2 | -1 -2 -1 -2 1 
-2 | -1 -2 
-2 | -1 
13
-1 2 1 -2 -2 | -1 -1 -2 -1 -2 1 1 -2 
-1 2 1 -2 -2 | -1 -1 -2 -2 -2 1 -2 
-1 2 1 -2 -2 | -1 -2 -2 -1 -2 -2 1 -2 
-1 2 1 -2 -2 | -1 -2 -2 -2 -2 -1 -2 1 -2 
-1 2 1 -2 -2 | -1 -2 -2 -2 -2 -2 -2 -2 
-1 2 1 -2 -2 | -1 -2 -2 -2 -2 -2 -1 -2 1 
-1 2 1 -2 -2 | -1 -2 -2 -2 -1 -2 -2 1 
-1 2 1 -2 -2 | -1 -2 -1 -2 -2 -2 1 
-1 -2 -2 -2 -2 -2 | -1 -2 -1 -2 -2 -2 1 
-2 | -1 -2 -1 -2 -2 -2 1 
-2 | -1 -2 -1 -2 -2 1 
-2 | -1 -2 -1 -2 1 
-2 | -1 -2 
-2 | -1 
5
-1 2 1 -2 -2 | -1 -1 -2 -2 1 2 2 2 
-1 2 1 -2 -2 | -1 -1 -2 1 2 
-1 2 1 -2 -2 | -1 -2 
-1 -2 -2 | -1 -2 
-2 | -1 -2 
-2 | -1 
11
-1 2 1 -2 -2 | -1 -1 -2 -2 1 -2 -2 -2 
-1 2 1 -2 -2 | -1 -2 -2 -1 -2 1 -2 -2 -2 
-1 2 1 -2 -2 | -1 -2 -2 -2 -2 -2 -2 -2 
-1 2 1 -2 -2 | -1 -2 -2 -2 -2 -2 -1 -2 1 
-1 2 1 -2 -2 | -1 -2 -2 -2 -1 -2 -2 1 
-1 2 1 -2 -2 | -1 -2 -1 -2 -2 -2 1 
-1 -2 -2 -2 -2 -2 | -1 -2 -1 -2 -2 -2 1 
-2 | -1 -2 -1 -2 -2 -2 1 
-2 | -1 -2 -1 -2 -2 1 
-2 | -1 -2 -1 -2 1 
-2 | -1 -2 
-2 | -1 
5
-1 2 1 -2 -2 | -1 -1 -2 -2 -2 1 2 2 
-1 2 1 -2 -2 | -1 -1 -2 -2 1 
-1 -2 -2 -2 | -1 -1 -2 -2 1 
-2 | -1 -1 -2 -2 1 
-2 | -1 -1 -2 1 
-2 | -1 
7
-1 2 1 -2 -2 | -1 -1 -2 -2 -2 1 -2 -2 
-1 2 1 -2 -2 | -1 -1 -2 -2 -2 -2 1 
-1 -2 -2 -2 -2 -2 | -1 -1 -2 -2 -2 -2 1 
-2 | -1 -1 -2 -2 -2 -2 1 
-2 | -1 -1 -2 -2 -2 1 
-2 | -1 -1 -2 -2 1 
-2 | -1 -1 -2 1 
-2 | -1 
13
-1 2 1 -2 -2 | -1 -1 -2 -2 -2 -2 1 2 
-1 2 1 -2 -2 | -1 -1 -2 -2 -2 1 -2 
-1 2 1 -2 -2 | -1 -2 -2 -1 -2 -2 1 -2 
-1 2 1 -2 -2 | -1 -2 -2 -2 -2 -1 -2 1 -2 
-1 2 1 -2 -2 | -1 -2 -2 -2 -2 -2 -2 -2 
-1 2 1 -2 -2 | -1 -2 -2 -2 -2 -2 -1 -2 1 
-1 2 1 -2 -2 | -1 -2 -2 -2 -1 -2 -2 1 
-1 2 1 -2 -2 | -1 -2 -1 -2 -2 -2 1 
-1 -2 -2 -2 -2 -2 | -1 -2 -1 -2 -2 -2 1 
-2 | -1 -2 -1 -2 -2 -2 1 
-2 | -1 -2 -1 -2 -2 1 
-2 | -1 -2 -1 -2 1 
-2 | -1 -2 
-2 | -1 
15
-1 2 1 -2 -2 | -1 -1 -2 -2 -2 -2 1 -2 
-1 2 1 -2 -2 | -1 -2 -2 -1 -2 -2 -2 1 -2 
-1 2 1 -2 -2 | -1 -2 -2 -2 -2 -1 -2 -2 1 -2 
-1 2 1 -2 -2 | -1 -2 -2 -2 -2 -2 -2 -1 -2 1 -2 
-1 2 1 -2 -2 | -1 -2 -2 -2 -2 -2 -2 -2 -2 -2 
-1 2 1 -2 -2 | -1 -2 -2 -2 -2 -2 -2 -2 -1 -2 1 
-1 2 1 -2 -2 | -1 -2 -2 -2 -2 -2 -1 -2 -2 1 
-1 2 1 -2 -2 | -1 -2 -2 -2 -1 -2 -2 -2 1 
-1 2 1 -2 -2 | -1 -2 -1 -2 -2 -2 -2 1 
-1 -2 -2 -2 -2 -2 -2 | -1 -2 -1 -2 -2 -2 -2 1 
-2 | -1 -2 -1 -2 -2 -2 -2 1 
-2 | -1 -2 -1 -2 -2 -2 1 
-2 | -1 -2 -1 -2 -2 1 
-2 | -1 -2 -1 -2 1 
-2 | -1 -2 
-2 | -1 
4
-1 2 1 -2 -2 | -1 -2 1 2 2 2 -1 -2 
-1 2 1 -2 -2 | 2 -1 -2 
-1 -2 | 2 -1 -2 
-1 -2 | 2 
-1 | 2 
5
-1 2 1 -2 -2 | -1 -2 1 2 2 -1 -2 -2 
-1 2 1 -2 -2 | -1 -2 -2 
-1 -2 -2 -2 | -1 -2 -2 
-2 | -1 -2 -2 
-2 | -1 -2 
-2 | -1 
7
-1 2 1 -2 -2 | -1 -2 1 2 -1 -2 -2 -2 
-1 2 1 -2 -2 | -2 -1 -2 -2 -2 
-1 -2 -2 -2 -2 -2 | -2 -1 -2 -2 -2 
-2 | -2 -1 -2 -2 -2 
-2 | -2 -1 -2 -2 
-2 | -2 -1 -2 
-2 | -2 -1 
-2 | -1 
9
-1 2 1 -2 -2 | -1 -2 1 -2 -1 -2 -2 -2 
-1 2 1 -2 -2 | -2 -2 -2 -1 -2 -2 -2 
-1 2 1 -2 -2 | -2 -1 -2 -2 -2 -2 
-1 -2 -2 -2 -2 -2 -2 | -2 -1 -2 -2 -2 -2 
-2 | -2 -1 -2 -2 -2 -2 
-2 | -2 -1 -2 -2 -2 
-2 | -2 -1 -2 -2 
-2 | -2 -1 -2 
-2 | -2 -1 
-2 | -1 
7
-1 2 1 -2 -2 | -1 -2 1 -2 -2 -1 -2 -2 
-1 2 1 -2 -2 | -1 -2 -2 -2 -2 
-1 -2 -2 -2 -2 -2 | -1 -2 -2 -2 -2 
-2 | -1 -2 -2 -2 -2 
-2 | -1 -2 -2 -2 
-2 | -1 -2 -2 
-2 | -1 -2 
-2 | -1 
9
-1 2 1 -2 -2 | -1 -2 1 -2 -2 -2 -1 -2 
-1 2 1 -2 -2 | -2 -2 -2 -2 -2 -1 -2 
-1 2 1 -2 -2 | -2 -2 -2 -1 -2 -2 
-1 2 1 -2 -2 | -2 -1 -2 -2 -2 
-1 -2 -2 -2 -2 -2 | -2 -1 -2 -2 -2 
-2 | -2 -1 -2 -2 -2 
-2 | -2 -1 -2 -2 
-2 | -2 -1 -2 
-2 | -2 -1 
-2 | -1 
5
-1 2 1 -2 -2 | -1 -2 -1 -2 -2 1 2 2 
-1 2 1 -2 -2 | -1 -2 -1 -2 1 
-1 -2 -2 -2 | -1 -2 -1 -2 1 
-2 | -1 -2 -1 -2 1 
-2 | -1 -2 
-2 | -1 
7
-1 2 1 -2 -2 | -1 -2 -1 -2 -2 1 -2 -2 
-1 2 1 -2 -2 | -1 -2 -1 -2 -2 -2 1 
-1 -2 -2 -2 -2 -2 | -1 -2 -1 -2 -2 -2 1 
-2 | -1 -2 -1 -2 -2 -2 1 
-2 | -1 -2 -1 -2 -2 1 
-2 | -1 -2 -1 -2 1 
-2 | -1 -2 
-2 | -1 
11
-1 2 1 -2 -2 | -1 -2 -1 -2 -2 -2 1 2 
-1 2 1 -2 -2 | -1 -2 -1 -2 -2 1 -2 
-1 2 1 -2 -2 | -1 -2 -2 -2 -1 -2 1 -2 
-1 2 1 -2 -2 | -1 -2 -2 -2 -2 -2 -2 
-1 2 1 -2 -2 | -1 -2 -2 -2 -2 -1 -2 1 
-1 2 1 -2 -2 | -1 -2 -2 -1 -2 -2 1 
-1 2 1 -2 -2 | -1 -1 -2 -2 -2 1 
-1 -2 -2 -2 -2 | -1 -1 -2 -2 -2 1 
-2 | -1 -1 -2 -2 -2 1 
-2 | -1 -1 -2 -2 1 
-2 | -1 -1 -2 1 
-2 | -1 
13
-1 2 1 -2 -2 | -1 -2 -1 -2 -2 -2 1 -2 
-1 2 1 -2 -2 | -1 -2 -2 -2 -1 -2 -2 1 -2 
-1 2 1 -2 -2 | -1 -2 -2 -2 -2 -2 -1 -2 1 -2 
-1 2 1 -2 -2 | -1 -2 -2 -2 -2 -2 -2 -2 -2 
-1 2 1 -2 -2 | -1 -2 -2 -2 -2 -2 -2 -1 -2 1 
-1 2 1 -2 -2 | -1 -2 -2 -2 -2 -1 -2 -2 1 
-1 2 1 -2 -2 | -1 -2 -2 -1 -2 -2 -2 1 
-1 2 1 -2 -2 | -1 -1 -2 -2 -2 -2 1 
-1 -2 -2 -2 -2 -2 | -1 -1 -2 -2 -2 -2 1 
-2 | -1 -1 -2 -2 -2 -2 1 
-2 | -1 -1 -2 -2 -2 1 
-2 | -1 -1 -2 -2 1 
-2 | -1 -1 -2 1 
-2 | -1 
9
-1 2 1 -2 -2 | -1 -2 -2 1 2 -1 -2 -2 
-1 2 1 -2 -2 | -1 -2 1 -2 -1 -2 -2 
-1 2 1 -2 -2 | -2 -2 -2 -1 -2 -2 
-1 2 1 -2 -2 | -2 -1 -2 -2 -2 
-1 -2 -2 -2 -2 -2 | -2 -1 -2 -2 -2 
-2 | -2 -1 -2 -2 -2 
-2 | -2 -1 -2 -2 
-2 | -2 -1 -2 
-2 | -2 -1 
-2 | -1 
11
-1 2 1 -2 -2 | -1 -2 -2 1 -2 -1 -2 -2 
-1 2 1 -2 -2 | -2 -2 -1 -2 1 -2 -1 -2 -2 
-1 2 1 -2 -2 | -2 -2 -2 -2 -2 -1 -2 -2 
-1 2 1 -2 -2 | -2 -2 -2 -1 -2 -2 -2 
-1 2 1 -2 -2 | -2 -1 -2 -2 -2 -2 
-1 -2 -2 -2 -2 -2 -2 | -2 -1 -2 -2 -2 -2 
-2 | -2 -1 -2 -2 -2 -2 
-2 | -2 -1 -2 -2 -2 
-2 | -2 -1 -2 -2 
-2 | -2 -1 -2 
-2 | -2 -1 
-2 | -1 
9
-1 2 1 -2 -2 | -1 -2 -2 -2 -2 -2 -2 -2 
-1 2 1 -2 -2 | -1 -2 -2 -2 -2 -2 -1 -2 1 
-1 2 1 -2 -2 | -1 -2 -2 -2 -1 -2 -2 1 
-1 2 1 -2 -2 | -1 -2 -1 -2 -2 -2 1 
-1 -2 -2 -2 -2 -2 | -1 -2 -1 -2 -2 -2 1 
-2 | -1 -2 -1 -2 -2 -2 1 
-2 | -1 -2 -1 -2 -2 1 
-2 | -1 -2 -1 -2 1 
-2 | -1 -2 
-2 | -1 
2
-1 2 2 1 -2 -2 -2 | -1 2 
-1 | -1 2 
-1 | 2 
3
-1 2 2 1 -2 -2 -2 | -1 -2 
-1 -2 -2 | -1 -2 
-2 | -1 -2 
-2 | -1 
3
-1 2 2 1 -2 -2 -2 | -1 2 2 
-1 2 | -1 2 2 
-1 2 | 2 
-1 | 2 
4
-1 2 2 1 -2 -2 -2 | -1 -2 -2 
-1 -2 -2 -2 | -1 -2 -2 
-2 | -1 -2 -2 
-2 | -1 -2 
-2 | -1 
4
-1 2 2 1 -2 -2 -2 | -1 2 2 2 
-1 2 2 | -1 2 2 2 
-1 2 2 | 2 
-1 2 | 2 
-1 | 2 
5
-1 2 2 1 -2 -2 -2 | -1 -2 -2 -2 
-1 -2 -2 -2 -2 | -1 -2 -2 -2 
-2 | -1 -2 -2 -2 
-2 | -1 -2 -2 
-2 | -1 -2 
-2 | -1 
11
-1 2 2 1 -2 -2 -2 | -1 2 1 2 -1 
-1 2 2 1 -2 -2 -2 | -1 -2 1 2 2 2 2 -1 
-1 2 2 1 -2 -2 -2 | -1 -2 1 2 -1 2 2 
-1 2 1 2 -1 -2 | -1 -2 1 2 -1 2 2 
-1 2 1 2 -1 -2 | 2 -1 -1 2 2 
1 -2 -2 1 2 -1 -2 | 2 -1 -1 2 2 
1 -2 -2 1 2 -1 -2 | 2 -1 2 -1 -2 1 
1 -2 1 -2 -2 | 2 -1 2 -1 -2 1 
1 -2 1 -2 -2 | -2 -2 1 
1 -2 | -2 -2 1 
1 -2 | -2 
1 | -2 
8
-1 2 2 1 -2 -2 -2 | -1 2 1 -2 -1 
-1 2 1 1 -2 -2 | -1 2 1 -2 -1 
1 2 1 -2 -2 | -1 2 1 -2 -1 
1 1 1 -2 | -1 2 1 -2 -1 
1 1 1 -2 | -1 2 -1 -1 -1 
1 1 1 -2 | -1 
1 1 -2 | -1 
1 -2 | -1 
-2 | -1 
5
-1 2 2 1 -2 -2 -2 | -1 2 2 2 2 
-1 2 2 2 | -1 2 2 2 2 
-1 2 2 2 | 2 
-1 2 2 | 2 
-1 2 | 2 
-1 | 2 
8
-1 2 2 1 -2 -2 -2 | -1 -1 -2 1 2 
-1 2 1 2 -1 -2 -2 -2 | -1 -1 -2 1 2 
2 -1 2 -1 -2 -2 -2 | -1 -1 -2 1 2 
2 -1 2 -1 -2 -2 -2 | -1 -1 -1 -2 
2 -1 2 1 1 -2 -2 | -1 -1 -1 -2 
2 -1 -1 -2 -2 | -1 -1 -1 -2 
2 -1 -1 -2 -2 | -1 
2 -1 -2 -2 | -1 
-2 | -1 
14
-1 2 2 1 -2 -2 -2 | -1 -1 -2 1 -2 
-2 -1 -1 2 1 -2 -2 -2 | -1 -1 -2 1 -2 
-2 -1 -2 -1 -2 -2 -2 | -1 -1 -2 1 -2 
-2 1 2 -1 -1 -2 -2 -2 | -1 -1 -2 1 -2 
-2 1 2 -1 -1 -2 -2 -2 | -2 -1 2 2 2 1 -2 
-2 1 2 -1 -2 -2 -1 | -2 -1 2 2 2 1 -2 
-2 1 2 -1 -2 -2 -1 | -2 -1 2 -1 -2 1 
-1 -2 -2 -2 -1 | -2 -1 2 -1 -2 1 
-1 -2 -2 -2 -1 | -2 -1 2 1 2 2 1 
-2 -1 2 1 -2 -1 | -2 -1 2 1 2 2 1 
-2 -1 -2 -1 -2 | -2 -1 2 1 2 2 1 
-2 -1 -2 -1 -2 | -2 -1 
-2 -1 -2 | -2 -1 
-2 | -2 -1 
-2 | -1 
6
-1 2 2 1 -2 -2 -2 | -1 -2 -2 -2 -2 
-1 -2 -2 -2 -2 -2 | -1 -2 -2 -2 -2 
-2 | -1 -2 -2 -2 -2 
-2 | -1 -2 -2 -2 
-2 | -1 -2 -2 
-2 | -1 -2 
-2 | -1 
20
-1 2 2 1 -2 -2 -2 | -1 2 1 2 2 -1 
-1 2 2 1 -2 -2 -2 | -1 2 1 -2 -1 2 2 
-1 2 2 1 -2 -2 -2 | -1 -2 1 2 2 -1 2 2 
-1 2 1 2 2 -1 -2 | -1 -2 1 2 2 -1 2 2 
-1 2 1 2 2 -1 -2 | -1 -2 -2 1 2 2 2 
-1 2 1 -2 -1 2 | -1 -2 -2 1 2 2 2 
-1 -2 1 2 2 -1 2 | -1 -2 -2 1 2 2 2 
-1 -2 1 2 2 -1 2 | -1 -2 1 -2 1 2 
-1 -2 1 2 1 2 -1 | -1 -2 1 -2 1 2 
-1 -2 1 2 1 2 -1 | 1 -2 -1 -2 -2 1 2 
-1 2 1 2 2 -1 | 1 -2 -1 -2 -2 1 2 
-1 2 1 2 2 -1 | 1 2 -1 -1 -2 1 2 
-1 2 1 2 2 -1 | 1 2 -1 2 2 -1 2 
-2 -2 1 2 -1 | 1 2 -1 2 2 -1 2 
-2 -2 1 2 -1 | 2 2 2 2 -1 2 
2 2 2 2 -1 | 2 2 2 2 -1 2 
2 2 2 2 -1 | 2 
2 2 2 -1 | 2 
2 2 -1 | 2 
2 -1 | 2 
-1 | 2 
13
-1 2 2 1 -2 -2 -2 | -1 2 1 2 -1 2 
-1 2 2 1 -2 -2 -2 | -1 -2 1 2 2 2 2 -1 2 
-1 2 2 1 -2 -2 -2 | -1 -2 1 2 -1 2 2 2 
-1 2 1 2 -1 | -1 -2 1 2 -1 2 2 2 
-1 2 1 2 -1 | 2 -1 2 -1 2 2 2 
-2 1 -2 -2 -2 1 2 -1 | 2 -1 2 -1 2 2 2 
-2 1 -2 -2 -2 1 2 -1 | 2 -1 2 2 -1 -2 1 
-2 1 -2 -2 1 -2 -2 | 2 -1 2 2 -1 -2 1 
-2 -2 1 -2 | 2 -1 2 2 -1 -2 1 
-2 -2 1 -2 | -1 -2 1 
-2 -2 1 | -1 -2 1 
-2 -2 1 | -1 2 
-2 | -1 2 
-2 | -1 
10
-1 2 2 1 -2 -2 -2 | -1 2 1 2 -1 -2 
-1 2 -1 2 1 -2 -2 | -1 2 1 2 -1 -2 
-1 2 -1 -1 2 1 -2 | -1 2 1 2 -1 -2 
-1 2 -1 -1 2 1 -2 | -1 2 2 -1 -1 
-1 2 1 -2 1 -2 | -1 2 2 -1 -1 
-1 2 1 -2 1 -2 | -1 2 1 -2 -1 2 -1 
-1 2 1 -2 1 -2 | 2 -1 -1 2 -1 
-1 2 -1 | 2 -1 -1 2 -1 
-1 2 -1 | 2 -1 
-1 | 2 -1 
-1 | 2 
10
-1 2 2 1 -2 -2 -2 | -1 2 1 -2 -1 2 
-1 2 1 -2 1 -2 -2 | -1 2 1 -2 -1 2 
-2 1 1 -2 -2 | -1 2 1 -2 -1 2 
-2 1 -2 1 -2 1 -2 | -1 2 1 -2 -1 2 
1 -2 -2 1 -2 | -1 2 1 -2 -1 2 
1 -2 1 -2 -1 | -1 2 1 -2 -1 2 
1 -2 1 -2 -1 | -2 1 -2 -1 2 
1 -2 | -2 1 -2 -1 2 
1 -2 | -2 -1 2 
1 -2 | -2 
1 | -2 
13
-1 2 2 1 -2 -2 -2 | -1 2 1 -2 -1 -2 
-1 2 1 2 1 -2 -2 | -1 2 1 -2 -1 -2 
2 1 2 2 1 -2 -2 | -1 2 1 -2 -1 -2 
2 1 2 2 1 -2 -2 | -1 -2 -1 -1 -2 
-1 -1 2 1 -2 -2 | -1 -2 -1 -1 -2 
-1 -1 2 1 -2 -2 | -1 2 -1 -2 -2 
-1 -1 -2 -1 -2 | -1 2 -1 -2 -2 
-1 -2 1 2 -1 -2 | -1 2 -1 -2 -2 
-1 -2 1 1 2 | -1 2 -1 -2 -2 
-1 -2 1 1 2 | -1 -1 -1 -2 
-1 -2 -1 | -1 -1 -1 -2 
-1 -2 -1 | -1 
-2 -1 | -1 
-2 | -1 
8
-1 2 2 1 -2 -2 -2 | -1 2 1 -2 -2 -1 
-1 2 1 1 -2 | -1 2 1 -2 -2 -1 
-1 2 1 1 -2 | 2 -1 -2 -2 -1 
-1 2 1 1 -2 | 2 -1 -2 -1 -1 -2 
-1 -1 -2 | 2 -1 -2 -1 -1 -2 
-1 -1 -2 | 2 -1 -2 
-1 -2 | 2 -1 -2 
-1 -2 | 2 
-1 | 2 
7
-1 2 2 1 -2 -2 -2 | -1 2 2 1 2 -1 
1 -2 -2 -2 -2 | -1 2 2 1 2 -1 
1 -2 -2 -2 -2 | -2 -2 1 2 -1 
1 -2 -2 -2 -2 | 2 2 2 -1 
-2 | 2 2 2 -1 
-2 | 2 2 -1 
-2 | 2 -1 
-2 | -1 
5
-1 2 2 1 -2 -2 -2 | -1 2 2 1 -2 -1 
1 -2 -2 | -1 2 2 1 -2 -1 
1 -2 -2 | 1 -2 -1 
1 -2 | 1 -2 -1 
1 -2 | -1 
-2 | -1 
6
-1 2 2 1 -2 -2 -2 | -1 2 2 2 2 2 
-1 2 2 2 2 | -1 2 2 2 2 2 
-1 2 2 2 2 | 2 
-1 2 2 2 | 2 
-1 2 2 | 2 
-1 2 | 2 
-1 | 2 
9
-1 2 2 1 -2 -2 -2 | -1 2 -1 -2 1 2 
-1 2 1 2 -1 -2 -2 | -1 2 -1 -2 1 2 
-1 2 1 2 -1 -2 -2 | -1 2 2 -1 -2 
-1 2 1 -2 1 -2 | -1 2 2 -1 -2 
-1 -1 2 1 -2 | -1 2 2 -1 -2 
-1 -1 2 1 -2 | -1 2 -1 -1 
1 1 -2 | -1 2 -1 -1 
1 1 -2 | -1 
1 -2 | -1 
-2 | -1 
11
-1 2 2 1 -2 -2 -2 | -1 2 -1 -2 1 -2 
-1 2 1 -2 -1 -2 -2 | -1 2 -1 -2 1 -2 
-2 -1 -1 -2 -2 | -1 2 -1 -2 1 -2 
-2 -1 -1 -2 -2 | -1 2 1 2 2 1 -2 
-2 -1 -1 -2 -2 | -1 2 1 -2 -1 -2 
-2 -1 -2 -1 -2 -1 -2 | -1 2 1 -2 -1 -2 
-1 -2 -2 -1 -2 | -1 2 1 -2 -1 -2 
-1 -2 -2 -1 -2 | -1 2 1 2 1 
-1 -2 | -1 2 1 2 1 
-1 -2 | -1 2 1 
-1 -2 | -1 
-2 | -1 
8
-1 2 2 1 -2 -2 -2 | -1 -1 -2 1 2 2 
-1 2 2 1 -2 -2 -2 | -1 -1 2 1 -2 
-1 2 1 1 -2 -2 | -1 -1 2 1 -2 
1 2 1 -2 -2 | -1 -1 2 1 -2 
1 1 1 -2 | -1 -1 2 1 -2 
1 1 1 -2 | 1 1 -2 
1 | 1 1 -2 
1 | 1 -2 
1 | -2 
46
-1 2 2 1 -2 -2 -2 | -1 -1 -2 1 -2 -2 
-1 -1 -1 -2 1 1 -2 -2 -2 | -1 -1 -2 1 -2 -2 
-1 -1 -1 -2 1 1 -2 -2 -2 | 1 2 2 2 -1 -2 -2 
-1 -1 -1 -2 1 -2 -2 1 | 1 2 2 2 -1 -2 -2 
-1 -1 -1 -2 -2 -2 1 2 1 | 1 2 2 2 -1 -2 -2 
-1 -1 -1 -2 -2 -2 1 2 1 | 1 1 2 -1 -1 -1 -2 -2 
-2 -1 -1 -2 1 2 1 | 1 1 2 -1 -1 -1 -2 -2 
-2 -1 -1 -2 1 2 1 | -2 1 2 -1 -1 -2 -2 
-2 -1 -1 2 2 1 1 1 | -2 1 2 -1 -1 -2 -2 
-2 -1 -1 2 2 1 1 1 | -2 -1 2 2 1 -2 -2 
-2 -1 2 2 2 1 1 | -2 -1 2 2 1 -2 -2 
2 2 -1 2 1 1 | -2 -1 2 2 1 -2 -2 
-1 2 2 1 -2 -1 2 1 1 | -2 -1 2 2 1 -2 -2 
-1 2 2 1 -2 -1 2 1 1 | -2 -1 -1 -2 1 -2 
-1 2 2 1 -2 -2 -2 | -2 -1 -1 -2 1 -2 
-1 2 2 2 1 1 -2 | -2 -1 -1 -2 1 -2 
-1 2 2 2 1 1 -2 | -2 -2 -1 2 2 1 -2 
-1 2 2 2 1 1 -2 | -2 -2 -1 -2 1 2 -1 -2 
-1 -1 -2 1 2 1 -2 | -2 -2 -1 -2 1 2 -1 -2 
-1 -1 -2 1 2 1 -2 | -2 -2 1 2 -1 -1 -2 
-1 -1 -2 1 2 1 -2 | -2 -2 1 2 2 -1 -2 -1 
-1 -1 -2 -2 -2 1 2 | -2 -2 1 2 2 -1 -2 -1 
-1 -1 -2 -2 -2 1 2 | 2 1 1 2 -1 -2 -1 
-1 -1 -2 -2 1 1 2 -1 | 2 1 1 2 -1 -2 -1 
-1 -1 -2 -2 1 1 2 -1 | 2 2 2 1 1 -2 -1 
-2 -1 2 1 1 2 -1 | 2 2 2 1 1 -2 -1 
-2 -1 2 1 1 2 -1 | 2 2 2 1 -2 -1 2 1 
-2 -1 2 1 1 2 -1 | 2 2 -1 2 1 2 1 
-2 -1 2 1 1 2 -1 | 2 2 -1 2 2 1 1 2 
-2 -1 -2 1 -2 -2 -1 | 2 2 -1 2 2 1 1 2 
-2 -1 -2 1 -2 -2 -1 | -1 -2 -1 2 1 1 2 
-2 -1 -2 1 -2 -2 -1 | -1 -2 -2 -2 -1 -2 1 2 
-2 -1 -2 1 -2 -2 -1 | -1 -2 -2 1 2 2 2 
-2 -1 -2 1 2 -1 -2 -2 | -1 -2 -2 1 2 2 2 
-2 -1 -2 1 2 -1 -2 -2 | -1 -2 -2 -2 1 2 -1 
-2 -1 2 2 1 -2 -2 | -1 -2 -2 -2 1 2 -1 
-2 -1 2 2 1 -2 -2 | -1 -2 1 -2 -2 -1 
-2 -1 2 2 1 -2 -2 | -1 -2 1 2 -1 -2 -2 
-1 -2 -2 -1 2 1 -2 -2 | -1 -2 1 2 -1 -2 -2 
-1 -2 -1 -2 -2 -2 -2 | -1 -2 1 2 -1 -2 -2 
-1 2 1 -2 -1 -2 -2 -2 | -1 -2 1 2 -1 -2 -2 
-1 2 1 -2 -1 -2 -2 -2 | -2 -1 -2 -2 -1 -2 -2 
-1 2 1 2 1 | -2 -1 -2 -2 -1 -2 -2 
-1 2 1 2 1 | -2 -1 -2 -2 
-1 2 1 2 1 | -2 
2 1 | -2 
1 | -2 
5
-1 2 2 1 -2 -2 -2 | -1 -1 -2 -2 1 2 
-1 2 2 1 -2 -2 -2 | -1 -2 -2 
-1 -2 -2 -2 | -1 -2 -2 
-2 | -1 -2 -2 
-2 | -1 -2 
-2 | -1 
7
-1 2 2 1 -2 -2 -2 | -1 -1 -2 -2 1 -2 
-2 -1 -2 -2 -2 | -1 -1 -2 -2 1 -2 
-2 -1 -2 -2 -2 | -1 2 2 1 -2 
-2 -2 -1 -2 | -1 2 2 1 -2 
-2 -2 -1 -2 | -1 -2 -2 
-2 | -1 -2 -2 
-2 | -1 -2 
-2 | -1 
15
-1 2 2 1 -2 -2 -2 | -1 -2 1 2 -1 -2 
-1 2 2 1 -2 -2 -2 | -1 2 1 -2 -2 -1 -2 
-1 2 1 2 1 -2 | -1 2 1 -2 -2 -1 -2 
-1 2 1 2 1 -2 | -1 2 1 -2 1 -2 -1 
1 2 -1 2 2 1 -2 | -1 2 1 -2 1 -2 -1 
1 2 -1 2 2 1 -2 | -1 -2 1 -2 -2 -1 
1 -2 -1 -1 2 1 -2 | -1 -2 1 -2 -2 -1 
1 -2 -1 -2 -2 -1 -2 | -1 -2 1 -2 -2 -1 
1 -2 -1 -2 -2 -1 -2 | 2 2 1 -2 -1 
-2 -2 -2 -2 -1 -2 | 2 2 1 -2 -1 
-2 -2 -2 -2 -1 -2 | -2 -2 -2 -2 -1 
-2 | -2 -2 -2 -2 -1 
-2 | -2 -2 -2 -1 
-2 | -2 -2 -1 
-2 | -2 -1 
-2 | -1 
16
-1 2 2 1 -2 -2 -2 | -1 -2 1 -2 -1 -2 
-1 2 2 1 -2 -2 -2 | -1 2 1 -2 -2 -2 -2 -1 -2 
-1 2 1 2 1 2 | -1 2 1 -2 -2 -2 -2 -1 -2 
-1 2 1 2 1 2 | -2 -1 -2 -2 -2 -2 -2 -1 -2 
-1 2 1 2 1 2 | -2 -1 -2 -2 -2 -2 1 2 -1 
-1 -2 -2 -2 1 2 2 | -2 -1 -2 -2 -2 -2 1 2 -1 
-1 -2 -2 -2 1 2 2 | -2 -2 -2 -1 -2 1 2 -1 
-2 -1 2 1 1 2 2 | -2 -2 -2 -1 -2 1 2 -1 
-2 -1 2 1 1 2 2 | -2 -2 -2 -1 -2 -1 -2 
-2 -1 2 1 -2 -1 -2 -2 | -2 -2 -2 -1 -2 -1 -2 
-2 -1 2 1 -2 -1 -2 -2 | 1 2 -1 -2 -2 -1 -2 
-1 -2 -2 -2 -1 -2 -2 | 1 2 -1 -2 -2 -1 -2 
-1 -2 -2 -2 -1 -2 -2 | 1 2 2 2 
-1 -2 -2 | 1 2 2 2 
-1 -2 -2 | 2 
-1 -2 | 2 
-1 | 2 
7
-1 2 2 1 -2 -2 -2 | -1 -2 -2 -2 -2 -2 
-1 -2 -2 -2 -2 -2 -2 | -1 -2 -2 -2 -2 -2 
-2 | -1 -2 -2 -2 -2 -2 
-2 | -1 -2 -2 -2 -2 
-2 | -1 -2 -2 -2 
-2 | -1 -2 -2 
-2 | -1 -2 
-2 | -1 
5
-1 2 2 1 -2 -2 -2 | -1 2 1 2 2 2 -1 
-1 2 2 1 -2 -2 -2 | -1 2 2 2 
-1 2 2 | -1 2 2 2 
-1 2 2 | 2 
-1 2 | 2 
-1 | 2 
23
-1 2 2 1 -2 -2 -2 | -1 2 1 2 2 -1 2 
-1 2 2 1 -2 -2 -2 | -1 2 1 -2 -1 2 2 2 
-1 2 2 2 1 -2 -1 | -1 2 1 -2 -1 2 2 2 
2 -1 -2 1 1 -2 -1 | -1 2 1 -2 -1 2 2 2 
2 -1 -2 1 1 -2 -1 | -1 2 -1 2 1 2 2 
2 -1 -2 1 1 -2 -1 | 2 -1 -1 2 2 1 2 2 
2 -1 2 1 2 2 -1 | 2 -1 -1 2 2 1 2 2 
2 -1 2 1 2 2 -1 | 2 -1 -1 2 1 -2 1 
2 -1 2 1 2 2 -1 | 2 -1 -2 1 -2 -2 -2 1 
2 -1 2 1 2 2 -1 | 2 2 2 -1 -2 -2 1 
2 -1 2 1 -2 -1 2 2 | 2 2 2 -1 -2 -2 1 
2 -1 2 1 -2 -1 2 2 | 1 2 -1 -2 -2 -2 1 
2 -1 -2 -2 1 2 2 | 1 2 -1 -2 -2 -2 1 
2 -1 -2 -2 1 2 2 | 1 -2 -2 -1 -2 1 
2 -1 -2 -2 1 2 2 | -2 -2 1 2 -1 -2 1 
-1 2 2 -1 -2 1 2 2 | -2 -2 1 2 -1 -2 1 
-1 2 -1 2 2 2 2 | -2 -2 1 2 -1 -2 1 
-1 -2 1 2 -1 2 2 2 | -2 -2 1 2 -1 -2 1 
-1 -2 1 2 -1 2 2 2 | -2 -2 1 -2 -2 1 -2 
-1 -2 1 -2 1 | -2 -2 1 -2 -2 1 -2 
-1 -2 1 -2 1 | -2 -2 1 -2 
-1 -2 1 -2 1 | -2 
-2 1 | -2 
1 | -2 
11
-1 2 2 1 -2 -2 -2 | -1 2 1 2 2 -1 -2 
-1 2 2 1 -2 -2 -2 | -1 2 1 -2 -1 2 
-1 2 1 -2 1 -2 -2 | -1 2 1 -2 -1 2 
-2 1 1 -2 -2 | -1 2 1 -2 -1 2 
-2 1 -2 1 -2 1 -2 | -1 2 1 -2 -1 2 
1 -2 -2 1 -2 | -1 2 1 -2 -1 2 
1 -2 1 -2 -1 | -1 2 1 -2 -1 2 
1 -2 1 -2 -1 | -2 1 -2 -1 2 
1 -2 | -2 1 -2 -1 2 
1 -2 | -2 -1 2 
1 -2 | -2 
1 | -2 
22
-1 2 2 1 -2 -2 -2 | -1 2 1 2 -1 2 2 
-1 2 2 2 1 2 -1 -2 | -1 2 1 2 -1 2 2 
-1 2 2 2 1 2 -1 -2 | -1 -2 -2 1 2 2 2 
-1 2 1 2 2 2 2 -1 -2 | -1 -2 -2 1 2 2 2 
-1 2 1 2 -1 2 | -1 -2 -2 1 2 2 2 
-1 2 1 2 -1 2 | 2 -1 2 -1 -2 1 2 2 2 
-1 2 1 2 -1 2 | 1 -2 -1 -1 -2 1 2 2 2 
-1 2 1 2 -1 2 | 1 -2 -1 2 -1 2 2 2 2 
-1 2 1 2 -1 2 | 1 -2 -2 -1 2 2 2 
-1 2 2 2 2 1 -2 -1 2 | 1 -2 -2 -1 2 2 2 
2 2 -1 2 1 -2 -1 2 | 1 -2 -2 -1 2 2 2 
2 2 -1 2 1 -2 -1 2 | 1 -2 -1 -2 1 
2 2 -1 2 1 -2 -1 2 | -2 1 -2 -2 -2 -2 1 
2 2 -1 2 1 -2 -1 2 | -2 1 -2 -1 2 1 -2 
2 2 -1 2 2 2 -1 | -2 1 -2 -1 2 1 -2 
2 -1 2 1 2 -1 | -2 1 -2 -1 2 1 -2 
2 -1 2 1 2 -1 | -1 2 2 1 -2 
2 -1 2 2 2 | -1 2 2 1 -2 
2 -1 2 2 2 | -2 -2 1 -2 
2 | -2 -2 1 -2 
2 | -2 -2 1 
2 | -2 1 
2 | 1 
9
-1 2 2 1 -2 -2 -2 | -1 2 1 2 -1 -2 -2 
-1 2 2 1 -2 -2 -2 | -1 2 1 -2 -2 -1 
-1 2 1 1 -2 | -1 2 1 -2 -2 -1 
-1 2 1 1 -2 | 2 -1 -2 -2 -1 
-1 2 1 1 -2 | 2 -1 -2 -1 -1 -2 
-1 -1 -2 | 2 -1 -2 -1 -1 -2 
-1 -1 -2 | 2 -1 -2 
-1 -2 | 2 -1 -2 
-1 -2 | 2 
-1 | 2 
19
-1 2 2 1 -2 -2 -2 | -1 2 1 -2 -1 2 2 
-1 2 2 1 -2 -2 -2 | -1 -2 1 2 2 -1 2 2 
-1 2 1 2 2 -1 -2 | -1 -2 1 2 2 -1 2 2 
-1 2 1 2 2 -1 -2 | -1 -2 -2 1 2 2 2 
-1 2 1 -2 -1 2 | -1 -2 -2 1 2 2 2 
-1 -2 1 2 2 -1 2 | -1 -2 -2 1 2 2 2 
-1 -2 1 2 2 -1 2 | -1 -2 1 -2 1 2 
-1 -2 1 2 1 2 -1 | -1 -2 1 -2 1 2 
-1 -2 1 2 1 2 -1 | 1 -2 -1 -2 -2 1 2 
-1 2 1 2 2 -1 | 1 -2 -1 -2 -2 1 2 
-1 2 1 2 2 -1 | 1 2 -1 -1 -2 1 2 
-1 2 1 2 2 -1 | 1 2 -1 2 2 -1 2 
-2 -2 1 2 -1 | 1 2 -1 2 2 -1 2 
-2 -2 1 2 -1 | 2 2 2 2 -1 2 
2 2 2 2 -1 | 2 2 2 2 -1 2 
2 2 2 2 -1 | 2 
2 2 2 -1 | 2 
2 2 -1 | 2 
2 -1 | 2 
-1 | 2 
13
-1 2 2 1 -2 -2 -2 | -1 2 1 -2 -1 -2 -2 
-1 2 2 1 -2 -2 -2 | -1 -2 1 2 2 -1 -2 -2 
-1 2 2 1 -2 -2 -2 | -1 -2 1 -2 -1 
-2 -1 -1 2 1 -2 -2 -2 | -1 -2 1 -2 -1 
-2 -1 -2 -1 -2 -2 -2 | -1 -2 1 -2 -1 
-2 -1 -2 -1 -2 -2 -2 | 2 1 2 2 2 1 -2 -1 
-2 -1 -2 -2 -1 2 1 | 2 1 2 2 2 1 -2 -1 
-2 -1 -2 -2 -1 2 1 | 2 1 2 2 1 2 2 
-2 -1 -2 -2 -1 2 1 | 2 2 1 2 
-1 2 1 | 2 2 1 2 
-1 2 1 | 2 1 2 
-1 -2 | 2 1 2 
-1 -2 | 2 
-1 | 2 
8
-1 2 2 1 -2 -2 -2 | -1 2 1 -2 -2 -1 2 
-1 2 1 -2 1 -2 | -1 2 1 -2 -2 -1 2 
-1 2 1 -2 1 -2 | 2 -1 -2 -1 2 
-1 -1 2 1 -2 | 2 -1 -2 -1 2 
-1 -1 2 1 -2 | -1 -1 -1 2 
1 1 -2 | -1 -1 -1 2 
1 1 -2 | -1 
1 -2 | -1 
-2 | -1 
14
-1 2 2 1 -2 -2 -2 | -1 2 1 -2 -2 -1 -2 
-1 2 1 2 1 -2 | -1 2 1 -2 -2 -1 -2 
-1 2 1 2 1 -2 | -1 2 1 -2 1 -2 -1 
1 2 -1 2 2 1 -2 | -1 2 1 -2 1 -2 -1 
1 2 -1 2 2 1 -2 | -1 -2 1 -2 -2 -1 
1 -2 -1 -1 2 1 -2 | -1 -2 1 -2 -2 -1 
1 -2 -1 -2 -2 -1 -2 | -1 -2 1 -2 -2 -1 
1 -2 -1 -2 -2 -1 -2 | 2 2 1 -2 -1 
-2 -2 -2 -2 -1 -2 | 2 2 1 -2 -1 
-2 -2 -2 -2 -1 -2 | -2 -2 -2 -2 -1 
-2 | -2 -2 -2 -2 -1 
-2 | -2 -2 -2 -1 
-2 | -2 -2 -1 
-2 | -2 -1 
-2 | -1 
4
-1 2 2 1 -2 -2 -2 | -1 2 1 -2 -2 -2 -1 
-1 2 2 1 -2 -2 -2 | -1 -2 
-1 -2 -2 | -1 -2 
-2 | -1 -2 
-2 | -1 
7
-1 2 2 1 -2 -2 -2 | -1 2 2 1 2 2 -1 
-1 2 2 1 -2 -2 -2 | 2 2 2 2 2 -1 
-1 2 2 2 2 | 2 2 2 2 2 -1 
-1 2 2 2 2 | 2 
-1 2 2 2 | 2 
-1 2 2 | 2 
-1 2 | 2 
-1 | 2 
7
-1 2 2 1 -2 -2 -2 | -1 2 2 1 2 -1 2 
-1 2 2 1 -2 -2 -2 | 2 2 2 2 -1 2 
-1 2 2 2 2 | 2 2 2 2 -1 2 
-1 2 2 2 2 | 2 
-1 2 2 2 | 2 
-1 2 2 | 2 
-1 2 | 2 
-1 | 2 
5
-1 2 2 1 -2 -2 -2 | -1 2 2 1 2 -1 -2 
-1 2 2 1 -2 -2 -2 | 2 2 2 2 -1 -2 
-1 2 2 | 2 2 2 2 -1 -2 
-1 2 2 | 2 
-1 2 | 2 
-1 | 2 
6
-1 2 2 1 -2 -2 -2 | -1 2 2 1 -2 -1 2 
-2 1 -2 -2 | -1 2 2 1 -2 -1 2 
-2 1 -2 -2 | -2 1 -2 -1 2 
-2 1 -2 -2 | 2 -1 2 
-2 | 2 -1 2 
-2 | -1 2 
-2 | -1 
3
-1 2 2 1 -2 -2 -2 | -1 2 2 1 -2 -1 -2 
-1 2 2 1 -2 -2 -2 | 2 2 -1 -2 
-1 | 2 2 -1 -2 
-1 | 2 
3
-1 2 2 1 -2 -2 -2 | -1 2 2 1 -2 -2 -1 
-1 2 2 1 -2 -2 -2 | 2 -1 
-1 | 2 -1 
-1 | 2 
24
-1 2 2 1 -2 -2 -2 | -1 2 2 2 1 2 -1 
-1 2 2 1 -2 -2 -2 | -1 2 1 2 2 2 2 -1 
-1 2 2 1 -2 -2 -2 | -1 2 1 2 -1 2 2 
-1 2 2 2 1 2 -1 -2 | -1 2 1 2 -1 2 2 
-1 2 2 2 1 2 -1 -2 | -1 -2 -2 1 2 2 2 
-1 2 1 2 2 2 2 -1 -2 | -1 -2 -2 1 2 2 2 
-1 2 1 2 -1 2 | -1 -2 -2 1 2 2 2 
-1 2 1 2 -1 2 | 2 -1 2 -1 -2 1 2 2 2 
-1 2 1 2 -1 2 | 1 -2 -1 -1 -2 1 2 2 2 
-1 2 1 2 -1 2 | 1 -2 -1 2 -1 2 2 2 2 
-1 2 1 2 -1 2 | 1 -2 -2 -1 2 2 2 
-1 2 2 2 2 1 -2 -1 2 | 1 -2 -2 -1 2 2 2 
2 2 -1 2 1 -2 -1 2 | 1 -2 -2 -1 2 2 2 
2 2 -1 2 1 -2 -1 2 | 1 -2 -1 -2 1 
2 2 -1 2 1 -2 -1 2 | -2 1 -2 -2 -2 -2 1 
2 2 -1 2 1 -2 -1 2 | -2 1 -2 -1 2 1 -2 
2 2 -1 2 2 2 -1 | -2 1 -2 -1 2 1 -2 
2 -1 2 1 2 -1 | -2 1 -2 -1 2 1 -2 
2 -1 2 1 2 -1 | -1 2 2 1 -2 
2 -1 2 2 2 | -1 2 2 1 -2 
2 -1 2 2 2 | -2 -2 1 -2 
2 | -2 -2 1 -2 
2 | -2 -2 1 
2 | -2 1 
2 | 1 
21
-1 2 2 1 -2 -2 -2 | -1 2 2 2 1 -2 -1 
-1 2 2 1 -2 -2 -2 | -1 2 1 2 2 -1 
-1 2 2 1 -2 -2 -2 | -1 2 1 -2 -1 2 2 
-1 2 2 1 -2 -2 -2 | -1 -2 1 2 2 -1 2 2 
-1 2 1 2 2 -1 -2 | -1 -2 1 2 2 -1 2 2 
-1 2 1 2 2 -1 -2 | -1 -2 -2 1 2 2 2 
-1 2 1 -2 -1 2 | -1 -2 -2 1 2 2 2 
-1 -2 1 2 2 -1 2 | -1 -2 -2 1 2 2 2 
-1 -2 1 2 2 -1 2 | -1 -2 1 -2 1 2 
-1 -2 1 2 1 2 -1 | -1 -2 1 -2 1 2 
-1 -2 1 2 1 2 -1 | 1 -2 -1 -2 -2 1 2 
-1 2 1 2 2 -1 | 1 -2 -1 -2 -2 1 2 
-1 2 1 2 2 -1 | 1 2 -1 -1 -2 1 2 
-1 2 1 2 2 -1 | 1 2 -1 2 2 -1 2 
-2 -2 1 2 -1 | 1 2 -1 2 2 -1 2 
-2 -2 1 2 -1 | 2 2 2 2 -1 2 
2 2 2 2 -1 | 2 2 2 2 -1 2 
2 2 2 2 -1 | 2 
2 2 2 -1 | 2 
2 2 -1 | 2 
2 -1 | 2 
-1 | 2 
7
-1 2 2 1 -2 -2 -2 | -1 2 2 2 2 2 2 
-1 2 2 2 2 2 | -1 2 2 2 2 2 2 
-1 2 2 2 2 2 | 2 
-1 2 2 2 2 | 2 
-1 2 2 2 | 2 
-1 2 2 | 2 
-1 2 | 2 
-1 | 2 
10
-1 2 2 1 -2 -2 -2 | -1 2 2 -1 -2 1 2 
-1 2 1 2 -1 -2 | -1 2 2 -1 -2 1 2 
-1 2 1 2 -1 -2 | -1 2 2 2 -1 
-1 2 1 -2 -2 1 -2 | -1 2 2 2 -1 
-1 2 1 -2 -2 1 -2 | -1 2 1 -2 -1 2 
-2 1 -2 1 -2 | -1 2 1 -2 -1 2 
1 -2 -2 | -1 2 1 -2 -1 2 
1 -2 -2 | -2 1 -2 -1 2 
1 -2 -2 | -1 2 
-2 | -1 2 
-2 | -1 
7
-1 2 2 1 -2 -2 -2 | -1 2 2 -1 -2 1 -2 
-1 2 1 -2 -1 -2 | -1 2 2 -1 -2 1 -2 
-1 2 1 -2 -1 -2 | -1 2 -1 -2 -2 
-1 2 1 -2 -1 -2 | -1 -1 -2 -1 -2 
-1 2 1 1 1 | -1 -1 -2 -1 -2 
-1 2 1 1 1 | -1 -2 
1 | -1 -2 
1 | -2 
9
-1 2 2 1 -2 -2 -2 | -1 2 -1 -2 1 2 2 
-1 2 2 1 -2 -2 -2 | -1 2 -1 2 1 -2 
-1 2 1 -2 1 -2 -2 | -1 2 -1 2 1 -2 
-2 1 1 -2 -2 | -1 2 -1 2 1 -2 
-2 1 -2 1 -2 1 -2 | -1 2 -1 2 1 -2 
1 -2 -2 1 -2 | -1 2 -1 2 1 -2 
1 -2 -2 1 -2 | -2 1 -2 
1 -2 | -2 1 -2 
1 -2 | -2 
1 | -2 
17
-1 2 2 1 -2 -2 -2 | -1 2 -1 -2 1 -2 -2 
-1 2 1 -2 -2 -1 -2 -2 | -1 2 -1 -2 1 -2 -2 
-1 2 1 -2 -2 -1 -2 -2 | -1 -2 -1 -2 -2 -2 -2 
-1 2 1 2 2 1 -2 | -1 -2 -1 -2 -2 -2 -2 
-1 -1 -2 -2 1 -2 | -1 -2 -1 -2 -2 -2 -2 
-1 -1 -2 -2 1 -2 | -1 -2 1 2 -1 -2 -2 
-1 -1 -2 -2 1 -2 | -1 -2 1 2 1 2 -1 
-2 -1 -2 -1 -2 1 -2 | -1 -2 1 2 1 2 -1 
-2 -1 -2 -1 -2 1 -2 | 2 1 2 2 2 1 2 -1 
-2 -1 2 2 1 | 2 1 2 2 2 1 2 -1 
-2 -1 2 2 1 | 2 1 2 2 2 2 2 
-2 -1 -2 -2 -2 -2 | 2 1 2 2 2 2 2 
-2 -1 -2 -2 -2 -2 | 2 
-2 -1 -2 -2 -2 | 2 
-2 -1 -2 -2 | 2 
-2 -1 -2 | 2 
-2 -1 | 2 
-1 | 2 
4
-1 2 2 1 -2 -2 -2 | -1 2 -1 -2 -2 1 2 
-1 2 2 1 -2 -2 -2 | -1 -2 
-1 -2 -2 | -1 -2 
-2 | -1 -2 
-2 | -1 
6
-1 2 2 1 -2 -2 -2 | -1 2 -1 -2 -2 1 -2 
-2 -1 -2 -2 | -1 2 -1 -2 -2 1 -2 
-2 -1 -2 -2 | -1 2 2 1 -2 
-2 -1 -2 -2 | -1 -2 -2 
-2 | -1 -2 -2 
-2 | -1 -2 
-2 | -1 
5
-1 2 2 1 -2 -2 -2 | -1 -1 -2 1 2 2 2 
-1 2 2 1 -2 -2 -2 | -1 -1 2 1 
-1 | -1 -1 2 1 
-1 | -1 -1 2 
-1 | -1 2 
-1 | 2 
6
-1 2 2 1 -2 -2 -2 | -1 -1 -2 1 -2 -2 -2 
-1 2 2 1 -2 -2 -2 | -1 -1 -2 -2 -2 1 
-1 -2 -2 -2 -2 | -1 -1 -2 -2 -2 1 
-2 | -1 -1 -2 -2 -2 1 
-2 | -1 -1 -2 -2 1 
-2 | -1 -1 -2 1 
-2 | -1 
4
-1 2 2 1 -2 -2 -2 | -1 -1 -2 -2 1 2 2 
-1 2 2 1 -2 -2 -2 | -1 -2 
-1 -2 -2 | -1 -2 
-2 | -1 -2 
-2 | -1 
8
-1 2 2 1 -2 -2 -2 | -1 -1 -2 -2 1 -2 -2 
-2 -2 -1 -2 -2 -2 | -1 -1 -2 -2 1 -2 -2 
-2 -2 -1 -2 -2 -2 | -1 2 2 2 1 -2 -2 
-2 -2 -1 -2 -2 -2 | -1 -2 -2 -2 -2 
-2 | -1 -2 -2 -2 -2 
-2 | -1 -2 -2 -2 
-2 | -1 -2 -2 
-2 | -1 -2 
-2 | -1 
29
-1 2 2 1 -2 -2 -2 | -1 -1 -2 -2 -2 1 2 
-1 2 2 1 1 1 -2 -1 | -1 -1 -2 -2 -2 1 2 
-1 2 2 1 1 1 -2 -1 | 1 -2 -1 -1 -2 1 2 
-1 2 1 2 1 -2 1 -2 -1 | 1 -2 -1 -1 -2 1 2 
2 1 -2 -1 2 1 -2 1 -2 -1 | 1 -2 -1 -1 -2 1 2 
2 1 1 -2 -1 -2 1 -2 -1 | 1 -2 -1 -1 -2 1 2 
2 1 1 -2 -1 -2 1 -2 -1 | 1 -2 -2 -1 -2 1 
2 1 1 2 -1 -2 -1 | 1 -2 -2 -1 -2 1 
2 2 1 2 2 2 -1 -2 -1 | 1 -2 -2 -1 -2 1 
2 2 1 2 2 2 -1 -2 -1 | 1 2 -1 -2 -1 2 1 
2 2 1 2 2 -1 -1 -2 | 1 2 -1 -2 -1 2 1 
2 2 1 2 2 -1 -1 -2 | 1 2 -1 -2 1 -2 -2 
2 2 1 2 2 -1 -1 -2 | 1 2 2 2 -1 -2 -2 
1 2 2 2 2 2 -1 -1 -2 | 1 2 2 2 -1 -2 -2 
1 2 2 -1 2 2 -1 -2 | 1 2 2 2 -1 -2 -2 
1 2 2 -1 -2 -1 2 | 1 2 2 2 -1 -2 -2 
1 -2 -1 2 -1 2 | 1 2 2 2 -1 -2 -2 
1 -2 -1 2 -1 2 | 1 2 2 -1 2 -1 -2 
1 -2 -1 2 -1 2 | 1 2 2 -1 -1 2 -1 
-1 2 2 -1 2 -1 2 | 1 2 2 -1 -1 2 -1 
-1 -2 1 2 -1 2 | 1 2 2 -1 -1 2 -1 
-1 -2 1 2 -1 2 | 1 2 2 -1 -2 -1 2 
2 2 -1 -1 2 | 1 2 2 -1 -2 -1 2 
2 2 -1 -1 2 | 1 -2 1 -2 -1 2 
2 -1 2 1 -2 -1 2 | 1 -2 1 -2 -1 2 
2 -1 2 2 -1 | 1 -2 1 -2 -1 2 
2 -1 2 2 -1 | 2 -1 2 
2 -1 | 2 -1 2 
2 -1 | 2 
-1 | 2 
62
-1 2 2 1 -2 -2 -2 | -1 -1 -2 -2 -2 1 -2 
-1 2 2 1 -2 -2 -2 | -1 -2 -2 -2 -1 -2 1 -2 
-1 -2 -1 -2 1 -2 -2 -2 -2 | -1 -2 -2 -2 -1 -2 1 -2 
-1 -2 -1 -2 1 -2 -2 -2 -2 | -1 -2 -2 1 2 2 2 
-1 -2 -1 -2 1 -2 -1 -2 -2 1 | -1 -2 -2 1 2 2 2 
-1 -2 -1 -2 1 -2 -1 -2 -2 1 | -1 -2 -2 -2 1 -2 -1 
-1 -2 -1 2 2 1 -2 -2 1 | -1 -2 -2 -2 1 -2 -1 
-1 -2 -1 2 2 1 -2 -2 1 | -1 -2 1 -2 -2 -2 -2 -1 
-1 -2 -1 2 2 1 -2 -2 1 | -1 -2 1 -2 -1 -2 -2 
-1 -2 -1 -1 -2 1 -2 -2 -2 1 | -1 -2 1 -2 -1 -2 -2 
-1 -2 -1 -1 -2 1 -2 -2 -2 1 | 1 2 2 2 -1 -2 -2 
-1 -2 -1 -1 -2 1 -2 -2 -2 1 | 1 -2 -1 -1 -2 -2 -2 
-1 -2 -1 -1 -2 1 1 1 2 | 1 -2 -1 -1 -2 -2 -2 
-1 -1 2 2 1 1 1 2 | 1 -2 -1 -1 -2 -2 -2 
-1 -1 2 2 1 1 1 2 | -1 2 2 1 -2 -2 -2 
-1 2 2 2 1 1 2 | -1 2 2 1 -2 -2 -2 
-1 2 2 2 1 1 2 | -2 -1 -1 -2 1 -2 -2 -2 
-1 -1 -1 -2 1 -2 1 1 2 | -2 -1 -1 -2 1 -2 -2 -2 
-1 -1 -1 -2 1 -2 1 1 2 | -2 1 -2 -1 -1 -2 -2 
-1 -1 -1 -2 1 -2 -2 -2 -2 1 | -2 1 -2 -1 -1 -2 -2 
-1 -1 -1 -2 1 -2 -2 -2 -2 1 | -2 1 2 2 2 -1 -2 
-1 -1 -1 -2 -2 -2 1 -2 1 | -2 1 2 2 2 -1 -2 
-1 -1 -1 -2 -2 -2 1 -2 1 | -2 1 1 -2 -1 -1 -1 -2 
2 -1 -1 -2 1 -2 1 | -2 1 1 -2 -1 -1 -1 -2 
2 -1 -1 -2 1 -2 1 | -2 -2 1 -2 -1 -1 -2 
2 2 -1 2 2 1 -2 1 | -2 -2 1 -2 -1 -1 -2 
2 2 -1 2 2 1 -2 1 | 1 -2 1 2 -1 -1 -2 
2 1 2 -1 -1 2 1 -2 1 | 1 -2 1 2 -1 -1 -2 
2 1 2 -1 -1 2 1 -2 1 | 1 -2 -2 -1 2 -1 -2 -2 
2 1 2 -1 -1 -2 1 -2 -2 | 1 -2 -2 -1 2 -1 -2 -2 
2 1 2 -1 -1 -2 1 -2 -2 | 1 -2 -1 -1 -2 -2 -2 
2 1 2 -1 -1 -2 1 -2 -2 | -1 -2 1 -2 -1 -2 -2 -2 
-2 -2 -1 -2 -1 -2 1 -2 -2 | -1 -2 1 -2 -1 -2 -2 -2 
-2 -2 -1 2 2 1 -2 | -1 -2 1 -2 -1 -2 -2 -2 
-2 -2 -1 2 2 1 -2 | -1 -2 1 -2 -1 -1 -2 -2 1 
-2 -2 -2 -1 -1 -2 1 -2 | -1 -2 1 -2 -1 -1 -2 -2 1 
-2 -2 -2 -1 -1 -2 1 -2 | -1 -2 1 2 2 2 -1 -2 1 
-1 -2 -2 -1 -2 1 -2 | -1 -2 1 2 2 2 -1 -2 1 
-1 -2 -2 -1 -2 1 -2 | 2 2 1 2 2 2 2 -1 -2 1 
-1 -2 -2 -1 -2 1 -2 | 2 1 -2 -1 2 2 -1 -2 1 
-1 -2 -2 -1 -2 1 -2 | 2 1 -2 -1 2 2 2 2 1 2 
-2 -1 2 2 2 1 -2 | 2 1 -2 -1 2 2 2 2 1 2 
-2 -1 2 2 2 1 -2 | 2 1 -2 -1 2 1 2 2 2 
-2 -1 -2 -1 -2 1 | 2 1 -2 -1 2 1 2 2 2 
-2 -1 -2 -1 -2 1 | 2 2 1 2 2 1 2 2 2 
-2 -1 -2 -1 -2 1 | 2 -1 -2 1 2 1 2 2 2 
2 2 2 -1 -2 -2 1 | 2 -1 -2 1 2 1 2 2 2 
2 2 2 -1 -2 -2 1 | 2 -1 -2 1 2 2 2 1 
2 2 2 -1 -2 -2 1 | 2 -1 2 1 1 
2 2 2 -1 -2 1 1 2 | 2 -1 2 1 1 
2 2 2 1 2 1 2 | 2 -1 2 1 1 
2 2 2 1 1 -2 -1 2 | 2 -1 2 1 1 
2 2 2 1 1 -2 -1 2 | 2 -1 -2 -2 -2 1 2 
1 2 2 1 -2 -1 2 | 2 -1 -2 -2 -2 1 2 
1 2 2 1 -2 -1 2 | -1 2 1 -2 1 2 
1 2 2 2 1 | -1 2 1 -2 1 2 
1 2 2 2 1 | -1 -2 -2 -1 -2 1 2 
1 2 -1 -2 1 2 | -1 -2 -2 -1 -2 1 2 
2 1 2 1 2 | -1 -2 -2 -1 -2 1 2 
2 1 2 1 2 | 1 2 
2 1 2 | 1 2 
2 | 1 2 
2 | 1 
14
-1 2 2 1 -2 -2 -2 | -1 -2 1 2 2 -1 -2 
-1 2 2 1 -2 -2 -2 | -1 2 1 -2 -1 -2 
-1 2 1 2 1 -2 -2 | -1 2 1 -2 -1 -2 
2 1 2 2 1 -2 -2 | -1 2 1 -2 -1 -2 
2 1 2 2 1 -2 -2 | -1 -2 -1 -1 -2 
-1 -1 2 1 -2 -2 | -1 -2 -1 -1 -2 
-1 -1 2 1 -2 -2 | -1 2 -1 -2 -2 
-1 -1 -2 -1 -2 | -1 2 -1 -2 -2 
-1 -2 1 2 -1 -2 | -1 2 -1 -2 -2 
-1 -2 1 1 2 | -1 2 -1 -2 -2 
-1 -2 1 1 2 | -1 -1 -1 -2 
-1 -2 -1 | -1 -1 -1 -2 
-1 -2 -1 | -1 
-2 -1 | -1 
-2 | -1 
20
-1 2 2 1 -2 -2 -2 | -1 -2 1 2 -1 -2 -2 
-1 -1 -2 1 -2 -2 | -1 -2 1 2 -1 -2 -2 
-1 -1 -2 1 -2 -2 | 1 2 2 2 -1 -2 -2 
-1 -1 -2 -2 -2 1 2 | 1 2 2 2 -1 -2 -2 
-1 -2 -2 -2 -1 -2 1 2 | 1 2 2 2 -1 -2 -2 
-1 -2 -2 -2 -1 -2 1 2 | 1 2 2 -1 2 1 2 
-1 -2 -2 1 2 2 2 | 1 2 2 -1 2 1 2 
-1 -2 -2 1 2 2 2 | 2 2 1 -2 -1 2 1 2 
-1 -2 -2 -2 1 2 -1 | 2 2 1 -2 -1 2 1 2 
-1 -2 -2 -2 1 2 -1 | 2 2 -1 -2 -2 1 2 
-1 -2 1 -2 -2 -1 | 2 2 -1 -2 -2 1 2 
-1 -2 1 2 -1 -2 -2 | 2 2 -1 -2 -2 1 2 
-1 -2 1 2 -1 -2 -2 | 2 2 -1 -2 1 2 2 1 
-1 -2 1 2 -1 -2 -2 | 2 2 2 2 1 2 1 
-1 -2 1 2 -1 -2 -2 | 2 2 2 1 2 -1 -2 1 
-2 -1 -2 -2 -1 -2 -2 | 2 2 2 1 2 -1 -2 1 
-2 -1 -2 -2 -1 -2 -2 | -1 -2 -1 -2 1 
-2 -1 -2 -2 | -1 -2 -1 -2 1 
-2 | -1 -2 -1 -2 1 
-2 | -1 -2 
-2 | -1 
34
-1 2 2 1 -2 -2 -2 | -1 -2 1 -2 -1 -2 -2 
-1 2 2 1 -2 -2 -2 | -1 2 1 -2 -2 -2 -2 -1 -2 -2 
-1 2 1 2 2 1 2 | -1 2 1 -2 -2 -2 -2 -1 -2 -2 
-1 2 1 2 2 1 2 | -1 2 1 -2 -2 1 2 -1 -2 
-1 2 1 2 2 1 2 | -2 -1 -2 -2 -2 -2 1 2 -1 -2 
-1 -2 -2 -2 1 2 2 | -2 -1 -2 -2 -2 -2 1 2 -1 -2 
-1 -2 -2 -2 1 2 2 | -2 -1 -2 1 -2 -1 -2 
-1 -2 -2 -2 -2 1 -2 -1 | -2 -1 -2 1 -2 -1 -2 
-1 -2 -2 -2 -2 1 -2 -1 | -2 -1 2 2 2 1 -2 
-2 -2 -1 -2 1 -2 -1 | -2 -1 2 2 2 1 -2 
-2 -2 -1 -2 1 -2 -1 | -2 -1 2 -1 -2 1 -2 -2 
-2 -2 -2 1 2 2 -1 | -2 -1 2 -1 -2 1 -2 -2 
-2 -2 -2 1 2 2 -1 | -2 -1 -2 -1 2 2 1 -2 -2 
-2 -2 -2 1 2 2 -1 | -2 -1 -2 -1 -2 1 
-2 -2 -2 -2 -1 -2 1 2 -1 | -2 -1 -2 -1 -2 1 
-2 -2 -2 -2 -1 -2 -2 -1 -2 | -2 -1 -2 -1 -2 1 
-2 -2 -2 -2 -1 -2 -1 2 1 | -2 -1 -2 -1 -2 1 
-2 -2 -2 -2 -1 -2 -1 2 1 | 2 2 2 -1 -2 -2 1 
-2 -1 -2 -2 -2 -1 2 1 | 2 2 2 -1 -2 -2 1 
-2 -1 -1 -2 1 | 2 2 2 -1 -2 -2 1 
-2 -1 -1 -2 1 | 2 2 2 -1 -2 1 1 2 
-2 -1 -1 -2 1 | 2 2 2 1 2 1 2 
-2 -1 -1 -2 1 | 2 2 2 1 1 -2 -1 2 
-2 -2 -1 2 2 2 1 | 2 2 2 1 1 -2 -1 2 
-2 -2 -1 2 2 2 1 | 1 2 2 1 -2 -1 2 
-2 -2 -1 2 2 2 1 | 1 -2 1 2 -1 2 
-2 -1 2 1 2 2 1 | 1 -2 1 2 -1 2 
-2 -1 2 1 2 2 1 | 1 1 2 2 2 
-2 -1 2 1 -2 -1 | 1 1 2 2 2 
-2 -1 2 1 -2 -1 | 1 -2 -1 2 1 2 2 
-2 -1 -2 -1 -2 | 1 -2 -1 2 1 2 2 
-2 -1 -2 -1 -2 | 1 -2 -1 -1 
-2 -1 -2 | 1 -2 -1 -1 
-2 | 1 -2 -1 -1 
-2 | -1 
49
-1 2 2 1 -2 -2 -2 | -1 -2 1 -2 -2 -1 -2 
-1 2 2 1 -2 -1 2 1 2 1 | -1 -2 1 -2 -2 -1 -2 
-1 2 2 1 -2 -1 2 1 2 1 | -1 -2 1 2 1 -2 -1 
-1 2 2 1 -2 -1 2 1 2 1 | 2 2 2 1 1 -2 -1 
-1 2 2 -1 -2 -2 1 2 1 | 2 2 2 1 1 -2 -1 
-1 2 2 -1 2 1 1 1 | 2 2 2 1 1 -2 -1 
-1 2 2 -1 2 1 1 1 | 2 2 1 -2 -2 -2 -1 
-1 -2 -1 2 2 2 1 1 1 | 2 2 1 -2 -2 -2 -1 
-1 -2 -1 2 2 2 1 1 1 | -2 1 2 -1 -2 -2 -2 -1 
-1 -2 -1 2 2 2 1 1 1 | -2 1 2 1 -2 -1 -1 
-2 -1 -1 2 2 1 1 1 | -2 1 2 1 -2 -1 -1 
-2 -1 -1 2 2 1 1 1 | -2 1 2 -1 -1 -2 -2 
-2 -1 -1 2 2 1 1 1 | -2 -1 2 2 1 -2 -2 
-2 -1 2 2 2 1 1 | -2 -1 2 2 1 -2 -2 
2 2 -1 2 1 1 | -2 -1 2 2 1 -2 -2 
-1 2 2 1 -2 -1 2 1 1 | -2 -1 2 2 1 -2 -2 
-1 2 2 1 -2 -1 2 1 1 | -2 -1 -1 -2 1 -2 
-1 2 2 1 -2 -2 -2 | -2 -1 -1 -2 1 -2 
-1 2 2 2 1 1 -2 | -2 -1 -1 -2 1 -2 
-1 2 2 2 1 1 -2 | -2 -2 -1 2 2 1 -2 
-1 2 2 2 1 1 -2 | -2 -2 -1 -2 1 2 -1 -2 
-1 -1 -2 1 2 1 -2 | -2 -2 -1 -2 1 2 -1 -2 
-1 -1 -2 1 2 1 -2 | -2 -2 1 2 -1 -1 -2 
-1 -1 -2 1 2 1 -2 | -2 -2 1 2 2 -1 -2 -1 
-1 -1 -2 -2 -2 1 2 | -2 -2 1 2 2 -1 -2 -1 
-1 -1 -2 -2 -2 1 2 | 2 1 1 2 -1 -2 -1 
-1 -1 -2 -2 1 1 2 -1 | 2 1 1 2 -1 -2 -1 
-1 -1 -2 -2 1 1 2 -1 | 2 2 2 1 1 -2 -1 
-2 -1 2 1 1 2 -1 | 2 2 2 1 1 -2 -1 
-2 -1 2 1 1 2 -1 | 2 2 2 1 -2 -1 2 1 
-2 -1 2 1 1 2 -1 | 2 2 -1 2 1 2 1 
-2 -1 2 1 1 2 -1 | 2 2 -1 2 2 1 1 2 
-2 -1 -2 1 -2 -2 -1 | 2 2 -1 2 2 1 1 2 
-2 -1 -2 1 -2 -2 -1 | -1 -2 -1 2 1 1 2 
-2 -1 -2 1 -2 -2 -1 | -1 -2 -2 -2 -1 -2 1 2 
-2 -1 -2 1 -2 -2 -1 | -1 -2 -2 1 2 2 2 
-2 -1 -2 1 2 -1 -2 -2 | -1 -2 -2 1 2 2 2 
-2 -1 -2 1 2 -1 -2 -2 | -1 -2 -2 -2 1 2 -1 
-2 -1 2 2 1 -2 -2 | -1 -2 -2 -2 1 2 -1 
-2 -1 2 2 1 -2 -2 | -1 -2 1 -2 -2 -1 
-2 -1 2 2 1 -2 -2 | -1 -2 1 2 -1 -2 -2 
-1 -2 -2 -1 2 1 -2 -2 | -1 -2 1 2 -1 -2 -2 
-1 -2 -1 -2 -2 -2 -2 | -1 -2 1 2 -1 -2 -2 
-1 2 1 -2 -1 -2 -2 -2 | -1 -2 1 2 -1 -2 -2 
-1 2 1 -2 -1 -2 -2 -2 | -2 -1 -2 -2 -1 -2 -2 
-1 2 1 2 1 | -2 -1 -2 -2 -1 -2 -2 
-1 2 1 2 1 | -2 -1 -2 -2 
-1 2 1 2 1 | -2 
2 1 | -2 
1 | -2 
6
-1 2 2 1 -2 -2 -2 | -1 -2 -1 -2 -2 1 2 
-1 2 2 1 -2 -2 -2 | -1 -2 -2 -2 
-1 -2 -2 -2 -2 | -1 -2 -2 -2 
-2 | -1 -2 -2 -2 
-2 | -1 -2 -2 
-2 | -1 -2 
-2 | -1 
8
-1 2 2 1 -2 -2 -2 | -1 -2 -1 -2 -2 1 -2 
-2 -1 -2 -2 -2 -2 | -1 -2 -1 -2 -2 1 -2 
-2 -1 -2 -2 -2 -2 | -1 2 2 1 -2 
-2 -2 -1 -2 -2 | -1 2 2 1 -2 
-2 -2 -2 -1 | -1 2 2 1 -2 
-2 -2 -2 -1 | -1 -2 -2 
-2 | -1 -2 -2 
-2 | -1 -2 
-2 | -1 
8
-1 2 2 1 -2 -2 -2 | -1 -2 -2 -2 -2 -2 -2 
-1 -2 -2 -2 -2 -2 -2 -2 | -1 -2 -2 -2 -2 -2 -2 
-2 | -1 -2 -2 -2 -2 -2 -2 
-2 | -1 -2 -2 -2 -2 -2 
-2 | -1 -2 -2 -2 -2 
-2 | -1 -2 -2 -2 
-2 | -1 -2 -2 
-2 | -1 -2 
-2 | -1 
23
-1 2 2 1 -2 -2 -2 | -1 2 1 2 2 2 2 -1 
-1 2 2 1 -2 -2 -2 | -1 2 1 2 -1 2 2 
-1 2 2 2 1 2 -1 -2 | -1 2 1 2 -1 2 2 
-1 2 2 2 1 2 -1 -2 | -1 -2 -2 1 2 2 2 
-1 2 1 2 2 2 2 -1 -2 | -1 -2 -2 1 2 2 2 
-1 2 1 2 -1 2 | -1 -2 -2 1 2 2 2 
-1 2 1 2 -1 2 | 2 -1 2 -1 -2 1 2 2 2 
-1 2 1 2 -1 2 | 1 -2 -1 -1 -2 1 2 2 2 
-1 2 1 2 -1 2 | 1 -2 -1 2 -1 2 2 2 2 
-1 2 1 2 -1 2 | 1 -2 -2 -1 2 2 2 
-1 2 2 2 2 1 -2 -1 2 | 1 -2 -2 -1 2 2 2 
2 2 -1 2 1 -2 -1 2 | 1 -2 -2 -1 2 2 2 
2 2 -1 2 1 -2 -1 2 | 1 -2 -1 -2 1 
2 2 -1 2 1 -2 -1 2 | -2 1 -2 -2 -2 -2 1 
2 2 -1 2 1 -2 -1 2 | -2 1 -2 -1 2 1 -2 
2 2 -1 2 2 2 -1 | -2 1 -2 -1 2 1 -2 
2 -1 2 1 2 -1 | -2 1 -2 -1 2 1 -2 
2 -1 2 1 2 -1 | -1 2 2 1 -2 
2 -1 2 2 2 | -1 2 2 1 -2 
2 -1 2 2 2 | -2 -2 1 -2 
2 | -2 -2 1 -2 
2 | -2 -2 1 
2 | -2 1 
2 | 1 
6
-1 2 2 1 -2 -2 -2 | -1 2 1 2 2 2 -1 2 
-1 2 2 1 -2 -2 -2 | -1 2 2 2 2 
-1 2 2 2 | -1 2 2 2 2 
-1 2 2 2 | 2 
-1 2 2 | 2 
-1 2 | 2 
-1 | 2 
4
-1 2 2 1 -2 -2 -2 | -1 2 1 2 2 2 -1 -2 
-1 2 2 1 -2 -2 -2 | -1 2 2 
-1 2 | -1 2 2 
-1 2 | 2 
-1 | 2 
51
-1 2 2 1 -2 -2 -2 | -1 2 1 2 2 -1 2 2 
-1 2 2 1 -2 -2 -2 | -1 2 1 -2 -1 2 2 2 2 
-1 2 2 1 -2 -2 -2 | -1 2 1 -2 -1 2 -1 2 2 1 
-1 -2 1 -2 1 -2 -2 | -1 2 1 -2 -1 2 -1 2 2 1 
-1 -2 1 -2 1 -2 -2 | -1 2 1 -2 -2 -2 -1 2 1 
-1 -2 1 -2 1 -2 -2 | -1 2 2 -1 2 1 -2 -1 2 1 
-1 -2 1 -2 1 -2 -2 | -1 -1 -2 1 1 -2 -1 2 1 
-2 1 2 -1 -2 1 -2 -2 | -1 -1 -2 1 1 -2 -1 2 1 
-2 1 2 -1 -2 1 -2 -2 | -1 -1 -2 1 -2 1 -2 -2 1 
-2 1 2 2 2 -1 -2 | -1 -1 -2 1 -2 1 -2 -2 1 
-2 1 2 2 2 -1 -2 | -1 -1 -2 1 -2 1 1 -2 -2 -2 
-2 -1 -2 1 -2 1 -2 | -1 -1 -2 1 -2 1 1 -2 -2 -2 
-2 -1 -2 1 -2 1 -2 | -1 2 2 1 -2 -2 -2 
-2 -1 -2 1 -2 1 -2 | -1 2 2 2 -1 2 1 -2 
-2 -2 -1 2 2 1 -2 | -1 2 2 2 -1 2 1 -2 
-2 -2 -1 2 2 1 -2 | -1 -1 2 2 2 1 -2 
-2 -2 -1 2 2 1 -2 | -1 -1 2 1 2 2 
-2 -2 -1 2 2 1 -2 | -1 -1 2 1 -2 -1 2 2 1 
-2 -1 -2 1 1 -2 | -1 -1 2 1 -2 -1 2 2 1 
-2 -1 -2 1 1 -2 | -2 -2 -2 -1 2 2 1 
-2 -1 -2 1 1 -2 | -2 -1 -1 2 2 2 1 
-2 -1 2 2 1 -2 -2 | -2 -1 -1 2 2 2 1 
-2 -1 2 2 1 -2 -2 | -2 -1 -1 -1 2 2 1 1 
-2 1 1 2 -1 -2 -2 | -2 -1 -1 -1 2 2 1 1 
-2 1 1 2 -1 -2 -2 | -2 -1 2 -1 -2 1 1 
1 -2 1 2 2 -1 -2 -2 | -2 -1 2 -1 -2 1 1 
1 -2 1 2 2 -1 -2 -2 | 2 -1 -2 -2 -2 1 1 
1 -2 1 2 -1 -1 2 | 2 -1 -2 -2 -2 1 1 
1 -2 1 2 -1 -1 2 | 1 2 -1 -1 -2 -2 1 1 
1 -2 -1 -1 2 2 2 | 1 2 -1 -1 -2 -2 1 1 
1 -2 -1 -1 2 2 2 | 1 2 -1 -1 2 1 -2 
-1 2 1 -2 -1 2 2 2 | 1 2 -1 -1 2 1 -2 
-1 2 -1 2 1 2 2 | 1 2 -1 -1 2 1 -2 
2 -1 -1 2 2 1 2 2 | 1 2 -1 -1 2 1 -2 
2 -1 -1 2 2 1 2 2 | 1 -2 -2 -1 -2 1 -2 
2 -1 -1 2 1 -2 1 | 1 -2 -2 -1 -2 1 -2 
2 -1 -2 1 -2 -2 -2 1 | 1 -2 -2 -1 -2 1 -2 
2 2 2 -1 -2 -2 1 | 1 -2 -2 -1 -2 1 -2 
2 2 2 -1 -2 -2 1 | -2 -2 1 2 -1 -2 1 -2 
1 2 -1 -2 -2 -2 1 | -2 -2 1 2 -1 -2 1 -2 
1 2 -1 -2 -2 -2 1 | -2 -2 -1 2 2 1 -2 
1 -2 -2 -1 -2 1 | -2 -2 -1 2 2 1 -2 
-2 -2 1 2 -1 -2 1 | -2 -2 -1 2 2 1 -2 
-2 -2 1 2 -1 -2 1 | -2 -2 -1 2 1 -2 -2 1 
-2 -2 1 2 -1 -2 1 | -2 -2 -2 -2 1 -2 1 
-2 -2 1 2 -1 -2 1 | -2 -2 -2 1 -2 -1 2 1 
-2 -2 1 -2 -2 1 -2 | -2 -2 -2 1 -2 -1 2 1 
-2 -2 1 -2 -2 1 -2 | -1 2 -1 2 1 
-2 -2 1 -2 | -1 2 -1 2 1 
-2 | -1 2 -1 2 1 
-2 | -1 2 
-2 | -1 
9
-1 2 2 1 -2 -2 -2 | -1 2 1 2 2 -1 -2 -2 
-1 2 2 1 -2 -2 -2 | -1 2 1 -2 -1 
-1 2 1 1 -2 -2 | -1 2 1 -2 -1 
1 2 1 -2 -2 | -1 2 1 -2 -1 
1 1 1 -2 | -1 2 1 -2 -1 
1 1 1 -2 | -1 2 -1 -1 -1 
1 1 1 -2 | -1 
1 1 -2 | -1 
1 -2 | -1 
-2 | -1 
37
-1 2 2 1 -2 -2 -2 | -1 2 1 2 -1 2 2 2 
-1 2 2 1 -2 -2 -2 | -1 2 1 2 -1 -1 2 2 1 
-1 -2 1 1 -2 -2 -2 -2 | -1 2 1 2 -1 -1 2 2 1 
-1 -2 1 1 -2 -2 -2 -2 | -1 2 1 -2 -2 -2 -1 2 1 
-1 -2 1 -2 -2 1 -2 | -1 2 1 -2 -2 -2 -1 2 1 
-1 -2 1 -2 -2 1 -2 | -2 -2 1 -2 -2 -2 -2 -1 2 1 
-1 -2 1 -2 -2 1 -2 | -2 1 2 -1 -2 -2 -1 2 1 
-1 -2 1 -2 -2 1 -2 | -2 1 2 -1 -2 -2 -2 -2 1 -2 
-1 2 2 2 1 -2 -2 | -2 1 2 -1 -2 -2 -2 -2 1 -2 
-1 2 2 2 1 -2 -2 | -2 1 -2 -1 -2 1 -2 
-1 2 2 2 2 1 2 -1 | -2 1 -2 -1 -2 1 -2 
-1 2 2 2 2 1 2 -1 | -2 -1 2 2 2 1 -2 
2 2 -1 2 1 2 -1 | -2 -1 2 2 2 1 -2 
2 2 -1 2 1 2 -1 | -2 -2 -1 -2 1 2 1 -2 
2 2 2 1 -2 -2 -1 | -2 -2 -1 -2 1 2 1 -2 
2 2 2 1 -2 -2 -1 | -2 -2 -1 2 2 1 -2 1 -2 
2 2 2 1 -2 -2 -1 | -1 -2 1 -2 1 -2 
2 2 2 1 -2 -1 2 -1 2 | -1 -2 1 -2 1 -2 
2 2 2 1 -2 -1 -1 -2 1 | -1 -2 1 -2 1 -2 
2 2 2 2 -1 2 -1 -2 1 | -1 -2 1 -2 1 -2 
2 2 2 2 -1 2 -1 -2 1 | -1 -2 -2 1 2 2 2 
2 -1 2 2 2 -1 -2 1 | -1 -2 -2 1 2 2 2 
2 -1 -1 2 1 | -1 -2 -2 1 2 2 2 
2 -1 -1 2 1 | -1 -2 1 2 -1 2 2 2 
2 -1 -1 2 1 | 2 -1 2 -1 2 2 2 
2 -1 -1 2 1 | 2 1 -2 -1 -1 2 2 2 
2 2 -1 -2 -2 -2 1 | 2 1 -2 -1 -1 2 2 2 
2 2 -1 -2 -2 -2 1 | 2 1 -2 -1 2 2 -1 
2 2 -1 -2 -2 -2 1 | 2 1 2 -1 -2 -1 
2 -1 -2 1 -2 -2 1 | 2 1 2 -1 -2 -1 
2 -1 -2 1 -2 -2 1 | 2 2 2 -1 -1 
2 -1 -2 1 2 -1 | 2 2 2 -1 -1 
2 -1 -2 1 2 -1 | 2 2 -1 2 1 -2 -1 
2 -1 2 -1 2 | 2 2 -1 2 1 -2 -1 
2 -1 2 -1 2 | 1 1 -2 -1 
2 -1 2 | 1 1 -2 -1 
2 | 1 1 -2 -1 
2 | 1 
15
-1 2 2 1 -2 -2 -2 | -1 2 1 2 -1 -2 -2 -2 
-1 2 2 1 -2 -2 -2 | -1 2 1 -2 -2 -1 -2 
-1 2 1 2 1 -2 | -1 2 1 -2 -2 -1 -2 
-1 2 1 2 1 -2 | -1 2 1 -2 1 -2 -1 
1 2 -1 2 2 1 -2 | -1 2 1 -2 1 -2 -1 
1 2 -1 2 2 1 -2 | -1 -2 1 -2 -2 -1 
1 -2 -1 -1 2 1 -2 | -1 -2 1 -2 -2 -1 
1 -2 -1 -2 -2 -1 -2 | -1 -2 1 -2 -2 -1 
1 -2 -1 -2 -2 -1 -2 | 2 2 1 -2 -1 
-2 -2 -2 -2 -1 -2 | 2 2 1 -2 -1 
-2 -2 -2 -2 -1 -2 | -2 -2 -2 -2 -1 
-2 | -2 -2 -2 -2 -1 
-2 | -2 -2 -2 -1 
-2 | -2 -2 -1 
-2 | -2 -1 
-2 | -1 
22
-1 2 2 1 -2 -2 -2 | -1 2 1 -2 -1 2 2 2 
-1 2 2 2 1 -2 -1 | -1 2 1 -2 -1 2 2 2 
2 -1 -2 1 1 -2 -1 | -1 2 1 -2 -1 2 2 2 
2 -1 -2 1 1 -2 -1 | -1 2 -1 2 1 2 2 
2 -1 -2 1 1 -2 -1 | 2 -1 -1 2 2 1 2 2 
2 -1 2 1 2 2 -1 | 2 -1 -1 2 2 1 2 2 
2 -1 2 1 2 2 -1 | 2 -1 -1 2 1 -2 1 
2 -1 2 1 2 2 -1 | 2 -1 -2 1 -2 -2 -2 1 
2 -1 2 1 2 2 -1 | 2 2 2 -1 -2 -2 1 
2 -1 2 1 -2 -1 2 2 | 2 2 2 -1 -2 -2 1 
2 -1 2 1 -2 -1 2 2 | 1 2 -1 -2 -2 -2 1 
2 -1 -2 -2 1 2 2 | 1 2 -1 -2 -2 -2 1 
2 -1 -2 -2 1 2 2 | 1 -2 -2 -1 -2 1 
2 -1 -2 -2 1 2 2 | -2 -2 1 2 -1 -2 1 
-1 2 2 -1 -2 1 2 2 | -2 -2 1 2 -1 -2 1 
-1 2 -1 2 2 2 2 | -2 -2 1 2 -1 -2 1 
-1 -2 1 2 -1 2 2 2 | -2 -2 1 2 -1 -2 1 
-1 -2 1 2 -1 2 2 2 | -2 -2 1 -2 -2 1 -2 
-1 -2 1 -2 1 | -2 -2 1 -2 -2 1 -2 
-1 -2 1 -2 1 | -2 -2 1 -2 
-1 -2 1 -2 1 | -2 
-2 1 | -2 
1 | -2 
16
-1 2 2 1 -2 -2 -2 | -1 2 1 -2 -1 -2 -2 -2 
-1 2 2 1 -2 -2 -2 | -1 2 1 -2 -2 -2 -2 -1 -2 
-1 2 1 2 1 2 | -1 2 1 -2 -2 -2 -2 -1 -2 
-1 2 1 2 1 2 | -2 -1 -2 -2 -2 -2 -2 -1 -2 
-1 2 1 2 1 2 | -2 -1 -2 -2 -2 -2 1 2 -1 
-1 -2 -2 -2 1 2 2 | -2 -1 -2 -2 -2 -2 1 2 -1 
-1 -2 -2 -2 1 2 2 | -2 -2 -2 -1 -2 1 2 -1 
-2 -1 2 1 1 2 2 | -2 -2 -2 -1 -2 1 2 -1 
-2 -1 2 1 1 2 2 | -2 -2 -2 -1 -2 -1 -2 
-2 -1 2 1 -2 -1 -2 -2 | -2 -2 -2 -1 -2 -1 -2 
-2 -1 2 1 -2 -1 -2 -2 | 1 2 -1 -2 -2 -1 -2 
-1 -2 -2 -2 -1 -2 -2 | 1 2 -1 -2 -2 -1 -2 
-1 -2 -2 -2 -1 -2 -2 | 1 2 2 2 
-1 -2 -2 | 1 2 2 2 
-1 -2 -2 | 2 
-1 -2 | 2 
-1 | 2 
10
-1 2 2 1 -2 -2 -2 | -1 2 1 -2 -2 -1 2 2 
-1 2 2 1 -2 -2 -2 | -1 -2 1 2 -1 2 2 
-1 2 1 2 -1 -2 | -1 -2 1 2 -1 2 2 
-1 2 1 2 -1 -2 | 2 -1 -1 2 2 
1 -2 -2 1 2 -1 -2 | 2 -1 -1 2 2 
1 -2 -2 1 2 -1 -2 | 2 -1 2 -1 -2 1 
1 -2 1 -2 -2 | 2 -1 2 -1 -2 1 
1 -2 1 -2 -2 | -2 -2 1 
1 -2 | -2 -2 1 
1 -2 | -2 
1 | -2 
21
-1 2 2 1 -2 -2 -2 | -1 2 1 -2 -2 -1 -2 -2 
-1 2 2 1 -2 -2 -2 | -1 -2 1 2 -1 -2 -2 
-1 -1 -2 1 -2 -2 | -1 -2 1 2 -1 -2 -2 
-1 -1 -2 1 -2 -2 | 1 2 2 2 -1 -2 -2 
-1 -1 -2 -2 -2 1 2 | 1 2 2 2 -1 -2 -2 
-1 -2 -2 -2 -1 -2 1 2 | 1 2 2 2 -1 -2 -2 
-1 -2 -2 -2 -1 -2 1 2 | 1 2 2 -1 2 1 2 
-1 -2 -2 1 2 2 2 | 1 2 2 -1 2 1 2 
-1 -2 -2 1 2 2 2 | 2 2 1 -2 -1 2 1 2 
-1 -2 -2 -2 1 2 -1 | 2 2 1 -2 -1 2 1 2 
-1 -2 -2 -2 1 2 -1 | 2 2 -1 -2 -2 1 2 
-1 -2 1 -2 -2 -1 | 2 2 -1 -2 -2 1 2 
-1 -2 1 2 -1 -2 -2 | 2 2 -1 -2 -2 1 2 
-1 -2 1 2 -1 -2 -2 | 2 2 -1 -2 1 2 2 1 
-1 -2 1 2 -1 -2 -2 | 2 2 2 2 1 2 1 
-1 -2 1 2 -1 -2 -2 | 2 2 2 1 2 -1 -2 1 
-2 -1 -2 -2 -1 -2 -2 | 2 2 2 1 2 -1 -2 1 
-2 -1 -2 -2 -1 -2 -2 | -1 -2 -1 -2 1 
-2 -1 -2 -2 | -1 -2 -1 -2 1 
-2 | -1 -2 -1 -2 1 
-2 | -1 -2 
-2 | -1 
3
-1 2 2 1 -2 -2 -2 | -1 2 1 -2 -2 -2 -1 2 
-1 2 2 1 -2 -2 -2 | -1 
-1 -2 | -1 
-2 | -1 
5
-1 2 2 1 -2 -2 -2 | -1 2 1 -2 -2 -2 -1 -2 
-1 2 2 1 -2 -2 -2 | -1 -2 -2 
-1 -2 -2 -2 | -1 -2 -2 
-2 | -1 -2 -2 
-2 | -1 -2 
-2 | -1 
12
-1 2 2 1 -2 -2 -2 | -1 2 1 -2 -2 -2 -2 -1 
-1 2 2 1 -2 -2 -2 | -1 -2 1 -2 -1 
-2 -1 -1 2 1 -2 -2 -2 | -1 -2 1 -2 -1 
-2 -1 -2 -1 -2 -2 -2 | -1 -2 1 -2 -1 
-2 -1 -2 -1 -2 -2 -2 | 2 1 2 2 2 1 -2 -1 
-2 -1 -2 -2 -1 2 1 | 2 1 2 2 2 1 -2 -1 
-2 -1 -2 -2 -1 2 1 | 2 1 2 2 1 2 2 
-2 -1 -2 -2 -1 2 1 | 2 2 1 2 
-1 2 1 | 2 2 1 2 
-1 2 1 | 2 1 2 
-1 -2 | 2 1 2 
-1 -2 | 2 
-1 | 2 
21
-1 2 2 1 -2 -2 -2 | -1 2 2 1 1 2 -1 -1 
-1 2 2 1 -2 -2 -2 | 2 2 2 1 2 -1 -1 
-1 2 2 1 -2 -2 -2 | 2 1 2 2 2 2 -1 -1 
-1 2 2 1 -2 -2 -2 | 2 1 2 -1 2 2 -1 
-1 2 2 1 -2 -2 -2 | 2 1 2 -1 -2 -1 2 2 
-1 2 2 1 -2 -2 -2 | 2 1 -2 -2 -1 2 -1 2 2 
-1 -2 1 -2 1 -2 | 2 1 -2 -2 -1 2 -1 2 2 
-1 -2 1 -2 1 -2 | 2 1 -2 -2 -2 -1 2 
-1 -2 -2 -2 1 2 2 1 -2 | 2 1 -2 -2 -2 -1 2 
-1 -2 -2 -2 1 1 2 2 | 2 1 -2 -2 -2 -1 2 
-1 -2 -2 -2 1 1 2 2 | -2 -2 1 1 -2 -1 2 
-1 -2 -2 1 2 2 2 | -2 -2 1 1 -2 -1 2 
-1 -2 1 2 -1 2 2 2 | -2 -2 1 1 -2 -1 2 
2 -1 2 -1 2 2 2 | -2 -2 1 1 -2 -1 2 
2 -1 2 -1 2 2 2 | 2 2 -1 2 1 -2 -1 2 
2 -1 2 2 -1 -2 1 | 2 2 -1 2 1 -2 -1 2 
2 -1 2 2 -1 -2 1 | 2 2 -1 2 2 2 -1 
-2 -2 -2 1 | 2 2 -1 2 2 2 -1 
-2 -2 -2 1 | 2 2 -1 
-2 | 2 2 -1 
-2 | 2 -1 
-2 | -1 
19
-1 2 2 1 -2 -2 -2 | -1 2 2 1 1 -2 -1 -1 
-1 2 2 1 -2 -2 -2 | 2 2 2 1 -2 -1 -1 
-1 2 2 1 -2 -2 -2 | 2 1 2 2 -1 -1 
-1 2 2 1 -2 -2 -2 | 2 1 -2 -1 2 2 -1 
-1 2 2 1 -2 -2 -2 | 2 1 -2 -1 -2 -1 2 2 
-1 -2 1 2 1 -2 -2 | 2 1 -2 -1 -2 -1 2 2 
-1 -2 1 2 1 -2 -2 | 2 1 -2 -2 -2 -1 2 
-1 -2 1 2 1 -2 -2 | -1 2 1 -2 -1 2 
-2 -1 2 2 1 -2 -2 | -1 2 1 -2 -1 2 
-2 -1 2 1 -2 1 -2 | -1 2 1 -2 -1 2 
-2 -2 1 1 -2 | -1 2 1 -2 -1 2 
-2 -2 1 -2 1 -2 1 | -1 2 1 -2 -1 2 
-2 1 -2 -2 1 | -1 2 1 -2 -1 2 
1 -2 -1 -2 1 | -1 2 1 -2 -1 2 
1 -2 -1 -2 1 | 1 -2 -2 -1 2 
1 -2 -2 -2 | 1 -2 -2 -1 2 
1 -2 -2 -2 | 2 -1 2 
-2 | 2 -1 2 
-2 | -1 2 
-2 | -1 
6
-1 2 2 1 -2 -2 -2 | -1 2 2 1 2 2 2 -1 
-1 2 2 1 -2 -2 -2 | -1 2 2 2 2 
-1 2 2 2 | -1 2 2 2 2 
-1 2 2 2 | 2 
-1 2 2 | 2 
-1 2 | 2 
-1 | 2 
8
-1 2 2 1 -2 -2 -2 | -1 2 2 1 2 2 -1 2 
-1 2 2 1 -2 -2 -2 | 2 2 2 2 2 -1 2 
-1 2 2 1 -2 -2 -2 | 2 2 -1 2 2 2 
-1 2 2 2 2 | 2 2 -1 2 2 2 
-1 2 2 2 2 | 2 
-1 2 2 2 | 2 
-1 2 2 | 2 
-1 2 | 2 
-1 | 2 
7
-1 2 2 1 -2 -2 -2 | -1 2 2 1 2 2 -1 -2 
-1 2 2 1 -2 -2 -2 | -1 2 2 1 -2 -1 2 
-2 1 -2 -2 | -1 2 2 1 -2 -1 2 
-2 1 -2 -2 | -2 1 -2 -1 2 
-2 1 -2 -2 | 2 -1 2 
-2 | 2 -1 2 
-2 | -1 2 
-2 | -1 
8
-1 2 2 1 -2 -2 -2 | -1 2 2 1 2 -1 2 2 
-1 2 2 1 -2 -2 -2 | 2 2 2 2 -1 2 2 
-1 2 2 1 -2 -2 -2 | 2 -1 2 2 2 2 
-1 2 2 2 2 | 2 -1 2 2 2 2 
-1 2 2 2 2 | 2 
-1 2 2 2 | 2 
-1 2 2 | 2 
-1 2 | 2 
-1 | 2 
4
-1 2 2 1 -2 -2 -2 | -1 2 2 1 2 -1 -2 -2 
-1 2 2 1 -2 -2 -2 | -1 2 2 1 -2 -2 -1 
-1 2 2 1 -2 -2 -2 | 2 -1 
-1 | 2 -1 
-1 | 2 
6
-1 2 2 1 -2 -2 -2 | -1 2 2 1 -2 -1 2 2 
-1 2 2 1 -2 -2 -2 | 2 2 -1 2 2 
-1 2 2 2 | 2 2 -1 2 2 
-1 2 2 2 | 2 
-1 2 2 | 2 
-1 2 | 2 
-1 | 2 
4
-1 2 2 1 -2 -2 -2 | -1 2 2 1 -2 -1 -2 -2 
-1 2 2 1 -2 -2 -2 | 2 2 -1 -2 -2 
-1 -2 | 2 2 -1 -2 -2 
-1 -2 | 2 
-1 | 2 
4
-1 2 2 1 -2 -2 -2 | -1 2 2 1 -2 -2 -1 2 
-1 2 2 1 -2 -2 -2 | 2 -1 2 
-1 2 | 2 -1 2 
-1 2 | 2 
-1 | 2 
4
-1 2 2 1 -2 -2 -2 | -1 2 2 1 -2 -2 -1 -2 
-1 2 2 1 -2 -2 -2 | 2 -1 -2 
-1 -2 | 2 -1 -2 
-1 -2 | 2 
-1 | 2 
3
-1 2 2 1 -2 -2 -2 | -1 2 2 1 -2 -2 -2 -1 
-1 2 2 1 -2 -2 -2 | -1 
-1 -2 | -1 
-2 | -1 
53
-1 2 2 1 -2 -2 -2 | -1 2 2 2 1 2 2 -1 
-1 2 2 1 -2 -2 -2 | -1 2 1 2 2 2 2 2 -1 
-1 2 2 1 -2 -2 -2 | -1 2 1 2 2 -1 2 2 
-1 2 2 1 -2 -2 -2 | -1 2 1 -2 -1 2 2 2 2 
-1 2 2 1 -2 -2 -2 | -1 2 1 -2 -1 2 -1 2 2 1 
-1 -2 1 -2 1 -2 -2 | -1 2 1 -2 -1 2 -1 2 2 1 
-1 -2 1 -2 1 -2 -2 | -1 2 1 -2 -2 -2 -1 2 1 
-1 -2 1 -2 1 -2 -2 | -1 2 2 -1 2 1 -2 -1 2 1 
-1 -2 1 -2 1 -2 -2 | -1 -1 -2 1 1 -2 -1 2 1 
-2 1 2 -1 -2 1 -2 -2 | -1 -1 -2 1 1 -2 -1 2 1 
-2 1 2 -1 -2 1 -2 -2 | -1 -1 -2 1 -2 1 -2 -2 1 
-2 1 2 2 2 -1 -2 | -1 -1 -2 1 -2 1 -2 -2 1 
-2 1 2 2 2 -1 -2 | -1 -1 -2 1 -2 1 1 -2 -2 -2 
-2 -1 -2 1 -2 1 -2 | -1 -1 -2 1 -2 1 1 -2 -2 -2 
-2 -1 -2 1 -2 1 -2 | -1 2 2 1 -2 -2 -2 
-2 -1 -2 1 -2 1 -2 | -1 2 2 2 -1 2 1 -2 
-2 -2 -1 2 2 1 -2 | -1 2 2 2 -1 2 1 -2 
-2 -2 -1 2 2 1 -2 | -1 -1 2 2 2 1 -2 
-2 -2 -1 2 2 1 -2 | -1 -1 2 1 2 2 
-2 -2 -1 2 2 1 -2 | -1 -1 2 1 -2 -1 2 2 1 
-2 -1 -2 1 1 -2 | -1 -1 2 1 -2 -1 2 2 1 
-2 -1 -2 1 1 -2 | -2 -2 -2 -1 2 2 1 
-2 -1 -2 1 1 -2 | -2 -1 -1 2 2 2 1 
-2 -1 2 2 1 -2 -2 | -2 -1 -1 2 2 2 1 
-2 -1 2 2 1 -2 -2 | -2 -1 -1 -1 2 2 1 1 
-2 1 1 2 -1 -2 -2 | -2 -1 -1 -1 2 2 1 1 
-2 1 1 2 -1 -2 -2 | -2 -1 2 -1 -2 1 1 
1 -2 1 2 2 -1 -2 -2 | -2 -1 2 -1 -2 1 1 
1 -2 1 2 2 -1 -2 -2 | 2 -1 -2 -2 -2 1 1 
1 -2 1 2 -1 -1 2 | 2 -1 -2 -2 -2 1 1 
1 -2 1 2 -1 -1 2 | 1 2 -1 -1 -2 -2 1 1 
1 -2 -1 -1 2 2 2 | 1 2 -1 -1 -2 -2 1 1 
1 -2 -1 -1 2 2 2 | 1 2 -1 -1 2 1 -2 
-1 2 1 -2 -1 2 2 2 | 1 2 -1 -1 2 1 -2 
-1 2 -1 2 1 2 2 | 1 2 -1 -1 2 1 -2 
2 -1 -1 2 2 1 2 2 | 1 2 -1 -1 2 1 -2 
2 -1 -1 2 2 1 2 2 | 1 -2 -2 -1 -2 1 -2 
2 -1 -1 2 1 -2 1 | 1 -2 -2 -1 -2 1 -2 
2 -1 -2 1 -2 -2 -2 1 | 1 -2 -2 -1 -2 1 -2 
2 2 2 -1 -2 -2 1 | 1 -2 -2 -1 -2 1 -2 
2 2 2 -1 -2 -2 1 | -2 -2 1 2 -1 -2 1 -2 
1 2 -1 -2 -2 -2 1 | -2 -2 1 2 -1 -2 1 -2 
1 2 -1 -2 -2 -2 1 | -2 -2 -1 2 2 1 -2 
1 -2 -2 -1 -2 1 | -2 -2 -1 2 2 1 -2 
-2 -2 1 2 -1 -2 1 | -2 -2 -1 2 2 1 -2 
-2 -2 1 2 -1 -2 1 | -2 -2 -1 2 1 -2 -2 1 
-2 -2 1 2 -1 -2 1 | -2 -2 -2 -2 1 -2 1 
-2 -2 1 2 -1 -2 1 | -2 -2 -2 1 -2 -1 2 1 
-2 -2 1 -2 -2 1 -2 | -2 -2 -2 1 -2 -1 2 1 
-2 -2 1 -2 -2 1 -2 | -1 2 -1 2 1 
-2 -2 1 -2 | -1 2 -1 2 1 
-2 | -1 2 -1 2 1 
-2 | -1 2 
-2 | -1 
39
-1 2 2 1 -2 -2 -2 | -1 2 2 2 1 2 -1 2 
-1 2 2 1 -2 -2 -2 | -1 2 1 2 2 2 2 -1 2 
-1 2 2 1 -2 -2 -2 | -1 2 1 2 -1 2 2 2 
-1 2 2 1 -2 -2 -2 | -1 2 1 2 -1 -1 2 2 1 
-1 -2 1 1 -2 -2 -2 -2 | -1 2 1 2 -1 -1 2 2 1 
-1 -2 1 1 -2 -2 -2 -2 | -1 2 1 -2 -2 -2 -1 2 1 
-1 -2 1 -2 -2 1 -2 | -1 2 1 -2 -2 -2 -1 2 1 
-1 -2 1 -2 -2 1 -2 | -2 -2 1 -2 -2 -2 -2 -1 2 1 
-1 -2 1 -2 -2 1 -2 | -2 1 2 -1 -2 -2 -1 2 1 
-1 -2 1 -2 -2 1 -2 | -2 1 2 -1 -2 -2 -2 -2 1 -2 
-1 2 2 2 1 -2 -2 | -2 1 2 -1 -2 -2 -2 -2 1 -2 
-1 2 2 2 1 -2 -2 | -2 1 -2 -1 -2 1 -2 
-1 2 2 2 2 1 2 -1 | -2 1 -2 -1 -2 1 -2 
-1 2 2 2 2 1 2 -1 | -2 -1 2 2 2 1 -2 
2 2 -1 2 1 2 -1 | -2 -1 2 2 2 1 -2 
2 2 -1 2 1 2 -1 | -2 -2 -1 -2 1 2 1 -2 
2 2 2 1 -2 -2 -1 | -2 -2 -1 -2 1 2 1 -2 
2 2 2 1 -2 -2 -1 | -2 -2 -1 2 2 1 -2 1 -2 
2 2 2 1 -2 -2 -1 | -1 -2 1 -2 1 -2 
2 2 2 1 -2 -1 2 -1 2 | -1 -2 1 -2 1 -2 
2 2 2 1 -2 -1 -1 -2 1 | -1 -2 1 -2 1 -2 
2 2 2 2 -1 2 -1 -2 1 | -1 -2 1 -2 1 -2 
2 2 2 2 -1 2 -1 -2 1 | -1 -2 -2 1 2 2 2 
2 -1 2 2 2 -1 -2 1 | -1 -2 -2 1 2 2 2 
2 -1 -1 2 1 | -1 -2 -2 1 2 2 2 
2 -1 -1 2 1 | -1 -2 1 2 -1 2 2 2 
2 -1 -1 2 1 | 2 -1 2 -1 2 2 2 
2 -1 -1 2 1 | 2 1 -2 -1 -1 2 2 2 
2 2 -1 -2 -2 -2 1 | 2 1 -2 -1 -1 2 2 2 
2 2 -1 -2 -2 -2 1 | 2 1 -2 -1 2 2 -1 
2 2 -1 -2 -2 -2 1 | 2 1 2 -1 -2 -1 
2 -1 -2 1 -2 -2 1 | 2 1 2 -1 -2 -1 
2 -1 -2 1 -2 -2 1 | 2 2 2 -1 -1 
2 -1 -2 1 2 -1 | 2 2 2 -1 -1 
2 -1 -2 1 2 -1 | 2 2 -1 2 1 -2 -1 
2 -1 2 -1 2 | 2 2 -1 2 1 -2 -1 
2 -1 2 -1 2 | 1 1 -2 -1 
2 -1 2 | 1 1 -2 -1 
2 | 1 1 -2 -1 
2 | 1 
15
-1 2 2 1 -2 -2 -2 | -1 2 2 2 1 2 -1 -2 
-1 2 2 1 -2 -2 -2 | -1 2 1 2 2 2 2 -1 -2 
-1 2 2 1 -2 -2 -2 | -1 2 1 2 -1 2 
-1 2 2 1 -2 -2 -2 | -1 -2 1 2 2 2 2 -1 2 
-1 2 2 1 -2 -2 -2 | -1 -2 1 2 -1 2 2 2 
-1 2 1 2 -1 | -1 -2 1 2 -1 2 2 2 
-1 2 1 2 -1 | 2 -1 2 -1 2 2 2 
-2 1 -2 -2 -2 1 2 -1 | 2 -1 2 -1 2 2 2 
-2 1 -2 -2 -2 1 2 -1 | 2 -1 2 2 -1 -2 1 
-2 1 -2 -2 1 -2 -2 | 2 -1 2 2 -1 -2 1 
-2 -2 1 -2 | 2 -1 2 2 -1 -2 1 
-2 -2 1 -2 | -1 -2 1 
-2 -2 1 | -1 -2 1 
-2 -2 1 | -1 2 
-2 | -1 2 
-2 | -1 
24
-1 2 2 1 -2 -2 -2 | -1 2 2 2 1 -2 -1 2 
-1 2 2 1 -2 -2 -2 | -1 2 1 2 2 -1 2 
-1 2 2 1 -2 -2 -2 | -1 2 1 -2 -1 2 2 2 
-1 2 2 2 1 -2 -1 | -1 2 1 -2 -1 2 2 2 
2 -1 -2 1 1 -2 -1 | -1 2 1 -2 -1 2 2 2 
2 -1 -2 1 1 -2 -1 | -1 2 -1 2 1 2 2 
2 -1 -2 1 1 -2 -1 | 2 -1 -1 2 2 1 2 2 
2 -1 2 1 2 2 -1 | 2 -1 -1 2 2 1 2 2 
2 -1 2 1 2 2 -1 | 2 -1 -1 2 1 -2 1 
2 -1 2 1 2 2 -1 | 2 -1 -2 1 -2 -2 -2 1 
2 -1 2 1 2 2 -1 | 2 2 2 -1 -2 -2 1 
2 -1 2 1 -2 -1 2 2 | 2 2 2 -1 -2 -2 1 
2 -1 2 1 -2 -1 2 2 | 1 2 -1 -2 -2 -2 1 
2 -1 -2 -2 1 2 2 | 1 2 -1 -2 -2 -2 1 
2 -1 -2 -2 1 2 2 | 1 -2 -2 -1 -2 1 
2 -1 -2 -2 1 2 2 | -2 -2 1 2 -1 -2 1 
-1 2 2 -1 -2 1 2 2 | -2 -2 1 2 -1 -2 1 
-1 2 -1 2 2 2 2 | -2 -2 1 2 -1 -2 1 
-1 -2 1 2 -1 2 2 2 | -2 -2 1 2 -1 -2 1 
-1 -2 1 2 -1 2 2 2 | -2 -2 1 -2 -2 1 -2 
-1 -2 1 -2 1 | -2 -2 1 -2 -2 1 -2 
-1 -2 1 -2 1 | -2 -2 1 -2 
-1 -2 1 -2 1 | -2 
-2 1 | -2 
1 | -2 
12
-1 2 2 1 -2 -2 -2 | -1 2 2 2 1 -2 -1 -2 
-1 2 2 1 -2 -2 -2 | -1 2 1 2 2 -1 -2 
-1 2 2 1 -2 -2 -2 | -1 2 1 -2 -1 2 
-1 2 1 -2 1 -2 -2 | -1 2 1 -2 -1 2 
-2 1 1 -2 -2 | -1 2 1 -2 -1 2 
-2 1 -2 1 -2 1 -2 | -1 2 1 -2 -1 2 
1 -2 -2 1 -2 | -1 2 1 -2 -1 2 
1 -2 1 -2 -1 | -1 2 1 -2 -1 2 
1 -2 1 -2 -1 | -2 1 -2 -1 2 
1 -2 | -2 1 -2 -1 2 
1 -2 | -2 -1 2 
1 -2 | -2 
1 | -2 
12
-1 2 2 1 -2 -2 -2 | -1 2 2 2 1 -2 -2 -1 
-1 2 2 1 -2 -2 -2 | -1 2 1 2 -1 
-1 2 2 1 -2 -2 -2 | -1 -2 1 2 2 2 2 -1 
-1 2 2 1 -2 -2 -2 | -1 -2 1 2 -1 2 2 
-1 2 1 2 -1 -2 | -1 -2 1 2 -1 2 2 
-1 2 1 2 -1 -2 | 2 -1 -1 2 2 
1 -2 -2 1 2 -1 -2 | 2 -1 -1 2 2 
1 -2 -2 1 2 -1 -2 | 2 -1 2 -1 -2 1 
1 -2 1 -2 -2 | 2 -1 2 -1 -2 1 
1 -2 1 -2 -2 | -2 -2 1 
1 -2 | -2 -2 1 
1 -2 | -2 
1 | -2 
10
-1 2 2 1 -2 -2 -2 | -1 2 2 2 2 1 2 -1 
-1 2 2 1 -2 -2 -2 | -1 2 2 1 2 2 2 2 -1 
-1 2 2 1 -2 -2 -2 | -1 2 2 1 2 -1 2 2 
-1 2 2 1 -2 -2 -2 | 2 2 2 2 -1 2 2 
-1 2 2 1 -2 -2 -2 | 2 -1 2 2 2 2 
-1 2 2 2 2 | 2 -1 2 2 2 2 
-1 2 2 2 2 | 2 
-1 2 2 2 | 2 
-1 2 2 | 2 
-1 2 | 2 
-1 | 2 
8
-1 2 2 1 -2 -2 -2 | -1 2 2 2 2 1 -2 -1 
-1 2 2 1 -2 -2 -2 | -1 2 2 1 2 2 -1 
-1 2 2 1 -2 -2 -2 | 2 2 2 2 2 -1 
-1 2 2 2 2 | 2 2 2 2 2 -1 
-1 2 2 2 2 | 2 
-1 2 2 2 | 2 
-1 2 2 | 2 
-1 2 | 2 
-1 | 2 
8
-1 2 2 1 -2 -2 -2 | -1 2 2 2 2 2 2 2 
-1 2 2 2 2 2 2 | -1 2 2 2 2 2 2 2 
-1 2 2 2 2 2 2 | 2 
-1 2 2 2 2 2 | 2 
-1 2 2 2 2 | 2 
-1 2 2 2 | 2 
-1 2 2 | 2 
-1 2 | 2 
-1 | 2 
14
-1 2 2 1 -2 -2 -2 | -1 2 2 2 -1 -2 1 2 
-1 2 2 1 -2 -2 -2 | -1 -1 2 1 2 
-1 2 2 1 -2 -2 -2 | -1 -1 -2 1 2 2 2 2 
-1 2 2 -1 -2 1 2 | -1 -1 -2 1 2 2 2 2 
-1 2 2 -1 -2 1 2 | -1 -2 -2 1 2 2 2 
-1 -2 -1 2 1 2 | -1 -2 -2 1 2 2 2 
-1 -2 -1 2 1 2 | -1 -2 1 2 -1 2 2 
-1 -2 -1 2 1 2 | 2 -1 -1 2 2 
-1 -2 1 -2 -2 1 2 | 2 -1 -1 2 2 
-1 -2 1 -2 -2 1 2 | 2 -1 2 -1 -2 1 
-1 -2 1 -2 1 -2 1 | 2 -1 2 -1 -2 1 
-1 -2 1 -2 1 -2 1 | -2 -2 1 
-2 1 | -2 -2 1 
-2 1 | -2 
1 | -2 
8
-1 2 2 1 -2 -2 -2 | -1 2 2 2 -1 -2 1 -2 
-1 2 2 1 -2 -2 -2 | -1 -1 2 1 -2 
-1 2 1 1 -2 -2 | -1 -1 2 1 -2 
1 2 1 -2 -2 | -1 -1 2 1 -2 
1 1 1 -2 | -1 -1 2 1 -2 
1 1 1 -2 | 1 1 -2 
1 | 1 1 -2 
1 | 1 -2 
1 | -2 
13
-1 2 2 1 -2 -2 -2 | -1 2 2 -1 -2 1 2 2 
-1 2 2 1 -2 -2 -2 | -1 -2 -1 2 1 2 2 
-1 2 -1 2 1 -2 | -1 -2 -1 2 1 2 2 
-1 2 -1 -1 2 1 2 | -1 -2 -1 2 1 2 2 
-1 2 -1 -1 2 1 2 | -1 -2 1 -2 1 2 
-1 2 -1 -2 1 2 2 | -1 -2 1 -2 1 2 
-1 -1 2 2 2 | -1 -2 1 -2 1 2 
-1 -2 1 2 -1 2 2 | -1 -2 1 -2 1 2 
-2 -1 2 2 -1 2 2 | -1 -2 1 -2 1 2 
-2 -1 2 2 -1 2 2 | -1 2 2 
-2 -1 2 2 | -1 2 2 
-2 | -1 2 2 
-2 | -1 2 
-2 | -1 
10
-1 2 2 1 -2 -2 -2 | -1 2 2 -1 -2 1 -2 -2 
-1 2 2 1 -2 -2 -2 | -1 -2 -1 2 1 -2 -2 
-1 2 1 2 1 -2 | -1 -2 -1 2 1 -2 -2 
-1 2 1 2 1 -2 | -1 -1 -2 -2 -2 
-1 2 1 2 1 -2 | -1 2 1 -2 -1 -2 -2 
-1 2 1 2 1 -2 | 2 -1 -2 -2 -1 -2 -2 
-1 -2 -2 | 2 -1 -2 -2 -1 -2 -2 
-1 -2 -2 | 2 -1 -2 -2 
-1 -2 -2 | 2 
-1 -2 | 2 
-1 | 2 
3
-1 2 2 1 -2 -2 -2 | -1 2 2 -1 -2 -2 1 2 
-1 2 2 1 -2 -2 -2 | -1 
-1 -2 | -1 
-2 | -1 
5
-1 2 2 1 -2 -2 -2 | -1 2 2 -1 -2 -2 1 -2 
-1 2 2 1 -2 -2 -2 | -1 -2 -2 
-1 -2 -2 -2 | -1 -2 -2 
-2 | -1 -2 -2 
-2 | -1 -2 
-2 | -1 
5
-1 2 2 1 -2 -2 -2 | -1 2 -1 -2 1 2 2 2 
-1 2 2 1 -2 -2 -2 | -1 2 -1 2 1 
-1 2 | -1 2 -1 2 1 
-1 2 | -1 2 1 
-1 2 | 1 
2 | 1 
7
-1 2 2 1 -2 -2 -2 | -1 2 -1 -2 1 -2 -2 -2 
-1 2 2 1 -2 -2 -2 | -1 2 -1 -2 -2 -2 1 
-1 -2 -2 -2 | -1 2 -1 -2 -2 -2 1 
-1 -2 -2 -2 | -1 2 1 
-1 -2 -2 | -1 2 1 
-1 -2 | -1 2 1 
-1 -2 | -1 
-2 | -1 
3
-1 2 2 1 -2 -2 -2 | -1 2 -1 -2 -2 1 2 2 
-1 2 2 1 -2 -2 -2 | -1 
-1 -2 | -1 
-2 | -1 
7
-1 2 2 1 -2 -2 -2 | -1 2 -1 -2 -2 1 -2 -2 
-1 2 2 1 -2 -2 -2 | -1 -2 -2 -2 -2 
-1 -2 -2 -2 -2 -2 | -1 -2 -2 -2 -2 
-2 | -1 -2 -2 -2 -2 
-2 | -1 -2 -2 -2 
-2 | -1 -2 -2 
-2 | -1 -2 
-2 | -1 
18
-1 2 2 1 -2 -2 -2 | -1 2 -1 -2 -2 -2 1 2 
-1 2 2 1 -2 -2 -2 | -1 2 -1 -2 1 -2 -2 
-1 2 1 -2 -2 -1 -2 -2 | -1 2 -1 -2 1 -2 -2 
-1 2 1 -2 -2 -1 -2 -2 | -1 -2 -1 -2 -2 -2 -2 
-1 2 1 2 2 1 -2 | -1 -2 -1 -2 -2 -2 -2 
-1 -1 -2 -2 1 -2 | -1 -2 -1 -2 -2 -2 -2 
-1 -1 -2 -2 1 -2 | -1 -2 1 2 -1 -2 -2 
-1 -1 -2 -2 1 -2 | -1 -2 1 2 1 2 -1 
-2 -1 -2 -1 -2 1 -2 | -1 -2 1 2 1 2 -1 
-2 -1 -2 -1 -2 1 -2 | 2 1 2 2 2 1 2 -1 
-2 -1 2 2 1 | 2 1 2 2 2 1 2 -1 
-2 -1 2 2 1 | 2 1 2 2 2 2 2 
-2 -1 -2 -2 -2 -2 | 2 1 2 2 2 2 2 
-2 -1 -2 -2 -2 -2 | 2 
-2 -1 -2 -2 -2 | 2 
-2 -1 -2 -2 | 2 
-2 -1 -2 | 2 
-2 -1 | 2 
-1 | 2 
50
-1 2 2 1 -2 -2 -2 | -1 2 -1 -2 -2 -2 1 -2 
-1 2 2 1 -2 -2 -2 | -1 -2 -2 -1 -2 1 -2 
-1 2 2 1 -2 -2 -2 | -2 -2 -2 -1 -1 -2 1 -2 
-1 2 2 2 1 1 2 | -2 -2 -2 -1 -1 -2 1 -2 
-1 2 2 2 1 1 2 | -2 -2 -1 2 2 1 -2 
-1 2 2 2 1 1 2 | -2 -2 -1 -2 1 -2 -1 -2 
-1 -1 -2 1 -2 1 2 | -2 -2 -1 -2 1 -2 -1 -2 
-1 -1 -2 1 -2 1 2 | -2 -2 1 -2 -1 -1 -2 
-1 -1 -2 1 -2 1 2 | -2 -2 1 -2 -2 -1 2 -1 
-1 -1 -2 -2 -2 1 -2 | -2 -2 1 -2 -2 -1 2 -1 
-1 -1 -2 -2 -2 1 -2 | 2 1 1 -2 -1 2 -1 
-1 -1 -2 -2 1 1 -2 -1 | 2 1 1 -2 -1 2 -1 
-1 -1 -2 -2 1 1 -2 -1 | 2 2 2 1 1 2 -1 
-1 -1 -2 -2 1 1 -2 -1 | 2 2 2 -1 -2 -2 1 
-1 -2 -2 -2 1 -2 -1 | 2 2 2 -1 -2 -2 1 
-1 -2 1 -2 -2 -2 -2 -1 | 2 2 2 -1 -2 -2 1 
-1 -2 1 -2 -1 -2 -2 | 2 2 2 -1 -2 -2 1 
-1 2 1 -2 -2 -2 -2 -1 -2 -2 | 2 2 2 -1 -2 -2 1 
-1 2 1 -2 -2 -2 -2 -1 -2 -2 | -2 -1 -2 -2 -1 -2 1 
-1 2 1 -2 -2 1 2 -1 -2 | -2 -1 -2 -2 -1 -2 1 
-2 -1 -2 -2 -2 -2 1 2 -1 -2 | -2 -1 -2 -2 -1 -2 1 
-2 -1 -2 -2 -2 -2 1 2 -1 -2 | -2 -2 -1 2 2 2 1 
-2 -1 -2 1 -2 -1 -2 | -2 -2 -1 2 2 2 1 
-2 -1 -2 1 -2 -1 -2 | 1 2 -1 2 2 2 2 1 
-2 -1 2 2 2 1 -2 | 1 2 -1 2 2 2 2 1 
-2 -1 2 2 2 1 -2 | 1 2 -1 2 1 2 2 
-2 -1 2 -1 -2 1 -2 -2 | 1 2 -1 2 1 2 2 
-2 -1 2 -1 -2 1 -2 -2 | 1 -2 -2 -1 2 2 2 
-2 -1 -2 -1 2 2 1 -2 -2 | 1 -2 -2 -1 2 2 2 
-2 -1 -2 -1 -2 1 | 1 -2 -2 -1 2 2 2 
-2 -1 -2 -1 -2 1 | 2 1 2 1 -2 -1 2 2 2 
-2 -1 -2 -1 -2 1 | -1 -2 1 1 -2 -1 2 2 2 
-2 -1 -2 -1 -2 1 | -1 -2 1 2 1 2 2 2 2 
2 2 2 -1 -2 -2 1 | -1 -2 1 2 1 2 2 2 2 
2 2 2 -1 -2 -2 1 | -1 -2 1 2 2 2 1 2 
2 2 2 -1 -2 -2 1 | -1 2 1 1 2 
2 2 2 -1 -2 1 1 2 | -1 2 1 1 2 
2 2 2 1 2 1 2 | -1 2 1 1 2 
2 2 2 1 1 -2 -1 2 | -1 2 1 1 2 
2 2 2 1 1 -2 -1 2 | -1 -2 -2 -2 1 2 2 
1 2 2 1 -2 -1 2 | -1 -2 -2 -2 1 2 2 
1 -2 1 2 -1 2 | -1 -2 -2 -2 1 2 2 
1 -2 1 2 -1 2 | -1 -2 -2 -1 -2 1 2 
1 1 2 2 2 | -1 -2 -2 -1 -2 1 2 
1 1 2 2 2 | 1 2 -1 -2 1 2 
1 -2 -1 2 1 2 2 | 1 2 -1 -2 1 2 
1 -2 -1 2 1 2 2 | 2 1 2 1 2 
1 -2 -1 -1 | 2 1 2 1 2 
1 -2 -1 -1 | 2 1 2 
1 -2 -1 -1 | 2 
-1 | 2 
28
-1 2 2 1 -2 -2 -2 | -1 -1 -1 -2 -2 1 1 2 
1 2 -1 -1 -2 -2 -2 | -1 -1 -1 -2 -2 1 1 2 
1 2 1 -2 -1 -1 -2 | -1 -1 -1 -2 -2 1 1 2 
1 2 1 -2 -1 -1 -2 | -1 2 -1 -2 -1 -2 1 1 2 
1 2 1 -2 -1 -1 -2 | -1 2 -1 -2 1 2 -1 -2 1 2 
1 2 1 -2 -1 -1 -2 | -1 2 -1 -2 1 2 1 2 -1 
1 2 1 -2 -1 -1 -2 | -1 2 1 2 2 -1 
1 2 1 -2 -2 -2 -1 -2 -2 | -1 2 1 2 2 -1 
1 2 1 -2 -2 -2 -1 -2 -2 | -1 -2 1 2 1 -2 -1 
2 1 1 -2 -2 -1 -2 -2 | -1 -2 1 2 1 -2 -1 
2 1 1 -2 -2 -1 -2 -2 | 2 2 -1 2 1 -2 -1 
2 1 1 -2 -2 -1 -2 -2 | 2 2 1 -2 -2 -2 -1 
2 1 -2 -2 1 2 -1 -2 -2 | 2 2 1 -2 -2 -2 -1 
-2 1 2 1 2 -1 -2 -2 | 2 2 1 -2 -2 -2 -1 
-2 1 2 1 -2 -2 -1 | 2 2 1 -2 -2 -2 -1 
-2 1 -2 1 2 -1 | 2 2 1 -2 -2 -2 -1 
-2 1 -2 1 2 -1 | 2 1 -2 1 -2 -2 -1 
-2 1 -2 1 2 -1 | 1 -2 1 1 -2 -2 -1 
-2 1 -2 1 -2 -2 1 | 1 -2 1 1 -2 -2 -1 
-2 1 -2 -1 2 1 | 1 -2 1 1 -2 -2 -1 
-2 1 -2 -1 2 1 | -2 1 2 1 -2 -2 -1 
-2 1 1 -2 -2 | -2 1 2 1 -2 -2 -1 
-2 1 1 -2 -2 | -2 1 2 -1 2 -1 
-2 1 2 -1 -2 1 -2 | -2 1 2 -1 2 -1 
1 -2 -2 1 -2 | -2 1 2 -1 2 -1 
1 -2 -2 1 -2 | -2 1 -2 
1 -2 | -2 1 -2 
1 -2 | -2 
1 | -2 
63
-1 2 2 1 -2 -2 -2 | -1 -1 -1 -2 -2 1 1 -2 
-1 2 2 1 -2 -2 -2 | -1 -1 -2 -2 -2 1 -2 
-1 2 2 1 -2 -2 -2 | -1 -2 -2 -2 -1 -2 1 -2 
-1 -2 -1 -2 1 -2 -2 -2 -2 | -1 -2 -2 -2 -1 -2 1 -2 
-1 -2 -1 -2 1 -2 -2 -2 -2 | -1 -2 -2 1 2 2 2 
-1 -2 -1 -2 1 -2 -1 -2 -2 1 | -1 -2 -2 1 2 2 2 
-1 -2 -1 -2 1 -2 -1 -2 -2 1 | -1 -2 -2 -2 1 -2 -1 
-1 -2 -1 2 2 1 -2 -2 1 | -1 -2 -2 -2 1 -2 -1 
-1 -2 -1 2 2 1 -2 -2 1 | -1 -2 1 -2 -2 -2 -2 -1 
-1 -2 -1 2 2 1 -2 -2 1 | -1 -2 1 -2 -1 -2 -2 
-1 -2 -1 -1 -2 1 -2 -2 -2 1 | -1 -2 1 -2 -1 -2 -2 
-1 -2 -1 -1 -2 1 -2 -2 -2 1 | 1 2 2 2 -1 -2 -2 
-1 -2 -1 -1 -2 1 -2 -2 -2 1 | 1 -2 -1 -1 -2 -2 -2 
-1 -2 -1 -1 -2 1 1 1 2 | 1 -2 -1 -1 -2 -2 -2 
-1 -1 2 2 1 1 1 2 | 1 -2 -1 -1 -2 -2 -2 
-1 -1 2 2 1 1 1 2 | -1 2 2 1 -2 -2 -2 
-1 2 2 2 1 1 2 | -1 2 2 1 -2 -2 -2 
-1 2 2 2 1 1 2 | -2 -1 -1 -2 1 -2 -2 -2 
-1 -1 -1 -2 1 -2 1 1 2 | -2 -1 -1 -2 1 -2 -2 -2 
-1 -1 -1 -2 1 -2 1 1 2 | -2 1 -2 -1 -1 -2 -2 
-1 -1 -1 -2 1 -2 -2 -2 -2 1 | -2 1 -2 -1 -1 -2 -2 
-1 -1 -1 -2 1 -2 -2 -2 -2 1 | -2 1 2 2 2 -1 -2 
-1 -1 -1 -2 -2 -2 1 -2 1 | -2 1 2 2 2 -1 -2 
-1 -1 -1 -2 -2 -2 1 -2 1 | -2 1 1 -2 -1 -1 -1 -2 
2 -1 -1 -2 1 -2 1 | -2 1 1 -2 -1 -1 -1 -2 
2 -1 -1 -2 1 -2 1 | -2 -2 1 -2 -1 -1 -2 
2 2 -1 2 2 1 -2 1 | -2 -2 1 -2 -1 -1 -2 
2 2 -1 2 2 1 -2 1 | 1 -2 1 2 -1 -1 -2 
2 1 2 -1 -1 2 1 -2 1 | 1 -2 1 2 -1 -1 -2 
2 1 2 -1 -1 2 1 -2 1 | 1 -2 -2 -1 2 -1 -2 -2 
2 1 2 -1 -1 -2 1 -2 -2 | 1 -2 -2 -1 2 -1 -2 -2 
2 1 2 -1 -1 -2 1 -2 -2 | 1 -2 -1 -1 -2 -2 -2 
2 1 2 -1 -1 -2 1 -2 -2 | -1 -2 1 -2 -1 -2 -2 -2 
-2 -2 -1 -2 -1 -2 1 -2 -2 | -1 -2 1 -2 -1 -2 -2 -2 
-2 -2 -1 2 2 1 -2 | -1 -2 1 -2 -1 -2 -2 -2 
-2 -2 -1 2 2 1 -2 | -1 -2 1 -2 -1 -1 -2 -2 1 
-2 -2 -2 -1 -1 -2 1 -2 | -1 -2 1 -2 -1 -1 -2 -2 1 
-2 -2 -2 -1 -1 -2 1 -2 | -1 -2 1 2 2 2 -1 -2 1 
-1 -2 -2 -1 -2 1 -2 | -1 -2 1 2 2 2 -1 -2 1 
-1 -2 -2 -1 -2 1 -2 | 2 2 1 2 2 2 2 -1 -2 1 
-1 -2 -2 -1 -2 1 -2 | 2 1 -2 -1 2 2 -1 -2 1 
-1 -2 -2 -1 -2 1 -2 | 2 1 -2 -1 2 2 2 2 1 2 
-2 -1 2 2 2 1 -2 | 2 1 -2 -1 2 2 2 2 1 2 
-2 -1 2 2 2 1 -2 | 2 1 -2 -1 2 1 2 2 2 
-2 -1 -2 -1 -2 1 | 2 1 -2 -1 2 1 2 2 2 
-2 -1 -2 -1 -2 1 | 2 2 1 2 2 1 2 2 2 
-2 -1 -2 -1 -2 1 | 2 -1 -2 1 2 1 2 2 2 
2 2 2 -1 -2 -2 1 | 2 -1 -2 1 2 1 2 2 2 
2 2 2 -1 -2 -2 1 | 2 -1 -2 1 2 2 2 1 
2 2 2 -1 -2 -2 1 | 2 -1 2 1 1 
2 2 2 -1 -2 1 1 2 | 2 -1 2 1 1 
2 2 2 1 2 1 2 | 2 -1 2 1 1 
2 2 2 1 1 -2 -1 2 | 2 -1 2 1 1 
2 2 2 1 1 -2 -1 2 | 2 -1 -2 -2 -2 1 2 
1 2 2 1 -2 -1 2 | 2 -1 -2 -2 -2 1 2 
1 2 2 1 -2 -1 2 | -1 2 1 -2 1 2 
1 2 2 2 1 | -1 2 1 -2 1 2 
1 2 2 2 1 | -1 -2 -2 -1 -2 1 2 
1 2 -1 -2 1 2 | -1 -2 -2 -1 -2 1 2 
2 1 2 1 2 | -1 -2 -2 -1 -2 1 2 
2 1 2 1 2 | 1 2 
2 1 2 | 1 2 
2 | 1 2 
2 | 1 
12
-1 2 2 1 -2 -2 -2 | -1 -1 -2 1 2 2 2 2 
-1 2 2 -1 -2 1 2 | -1 -1 -2 1 2 2 2 2 
-1 2 2 -1 -2 1 2 | -1 -2 -2 1 2 2 2 
-1 -2 -1 2 1 2 | -1 -2 -2 1 2 2 2 
-1 -2 -1 2 1 2 | -1 -2 1 2 -1 2 2 
-1 -2 -1 2 1 2 | 2 -1 -1 2 2 
-1 -2 1 -2 -2 1 2 | 2 -1 -1 2 2 
-1 -2 1 -2 -2 1 2 | 2 -1 2 -1 -2 1 
-1 -2 1 -2 1 -2 1 | 2 -1 2 -1 -2 1 
-1 -2 1 -2 1 -2 1 | -2 -2 1 
-2 1 | -2 -2 1 
-2 1 | -2 
1 | -2 
63
-1 2 2 1 -2 -2 -2 | -1 -1 -2 1 -2 -2 -2 -2 
-1 2 2 1 -2 -2 -2 | -1 -1 -2 -2 -2 1 -2 
-1 2 2 1 -2 -2 -2 | -1 -2 -2 -2 -1 -2 1 -2 
-1 -2 -1 -2 1 -2 -2 -2 -2 | -1 -2 -2 -2 -1 -2 1 -2 
-1 -2 -1 -2 1 -2 -2 -2 -2 | -1 -2 -2 1 2 2 2 
-1 -2 -1 -2 1 -2 -1 -2 -2 1 | -1 -2 -2 1 2 2 2 
-1 -2 -1 -2 1 -2 -1 -2 -2 1 | -1 -2 -2 -2 1 -2 -1 
-1 -2 -1 2 2 1 -2 -2 1 | -1 -2 -2 -2 1 -2 -1 
-1 -2 -1 2 2 1 -2 -2 1 | -1 -2 1 -2 -2 -2 -2 -1 
-1 -2 -1 2 2 1 -2 -2 1 | -1 -2 1 -2 -1 -2 -2 
-1 -2 -1 -1 -2 1 -2 -2 -2 1 | -1 -2 1 -2 -1 -2 -2 
-1 -2 -1 -1 -2 1 -2 -2 -2 1 | 1 2 2 2 -1 -2 -2 
-1 -2 -1 -1 -2 1 -2 -2 -2 1 | 1 -2 -1 -1 -2 -2 -2 
-1 -2 -1 -1 -2 1 1 1 2 | 1 -2 -1 -1 -2 -2 -2 
-1 -1 2 2 1 1 1 2 | 1 -2 -1 -1 -2 -2 -2 
-1 -1 2 2 1 1 1 2 | -1 2 2 1 -2 -2 -2 
-1 2 2 2 1 1 2 | -1 2 2 1 -2 -2 -2 
-1 2 2 2 1 1 2 | -2 -1 -1 -2 1 -2 -2 -2 
-1 -1 -1 -2 1 -2 1 1 2 | -2 -1 -1 -2 1 -2 -2 -2 
-1 -1 -1 -2 1 -2 1 1 2 | -2 1 -2 -1 -1 -2 -2 
-1 -1 -1 -2 1 -2 -2 -2 -2 1 | -2 1 -2 -1 -1 -2 -2 
-1 -1 -1 -2 1 -2 -2 -2 -2 1 | -2 1 2 2 2 -1 -2 
-1 -1 -1 -2 -2 -2 1 -2 1 | -2 1 2 2 2 -1 -2 
-1 -1 -1 -2 -2 -2 1 -2 1 | -2 1 1 -2 -1 -1 -1 -2 
2 -1 -1 -2 1 -2 1 | -2 1 1 -2 -1 -1 -1 -2 
2 -1 -1 -2 1 -2 1 | -2 -2 1 -2 -1 -1 -2 
2 2 -1 2 2 1 -2 1 | -2 -2 1 -2 -1 -1 -2 
2 2 -1 2 2 1 -2 1 | 1 -2 1 2 -1 -1 -2 
2 1 2 -1 -1 2 1 -2 1 | 1 -2 1 2 -1 -1 -2 
2 1 2 -1 -1 2 1 -2 1 | 1 -2 -2 -1 2 -1 -2 -2 
2 1 2 -1 -1 -2 1 -2 -2 | 1 -2 -2 -1 2 -1 -2 -2 
2 1 2 -1 -1 -2 1 -2 -2 | 1 -2 -1 -1 -2 -2 -2 
2 1 2 -1 -1 -2 1 -2 -2 | -1 -2 1 -2 -1 -2 -2 -2 
-2 -2 -1 -2 -1 -2 1 -2 -2 | -1 -2 1 -2 -1 -2 -2 -2 
-2 -2 -1 2 2 1 -2 | -1 -2 1 -2 -1 -2 -2 -2 
-2 -2 -1 2 2 1 -2 | -1 -2 1 -2 -1 -1 -2 -2 1 
-2 -2 -2 -1 -1 -2 1 -2 | -1 -2 1 -2 -1 -1 -2 -2 1 
-2 -2 -2 -1 -1 -2 1 -2 | -1 -2 1 2 2 2 -1 -2 1 
-1 -2 -2 -1 -2 1 -2 | -1 -2 1 2 2 2 -1 -2 1 
-1 -2 -2 -1 -2 1 -2 | 2 2 1 2 2 2 2 -1 -2 1 
-1 -2 -2 -1 -2 1 -2 | 2 1 -2 -1 2 2 -1 -2 1 
-1 -2 -2 -1 -2 1 -2 | 2 1 -2 -1 2 2 2 2 1 2 
-2 -1 2 2 2 1 -2 | 2 1 -2 -1 2 2 2 2 1 2 
-2 -1 2 2 2 1 -2 | 2 1 -2 -1 2 1 2 2 2 
-2 -1 -2 -1 -2 1 | 2 1 -2 -1 2 1 2 2 2 
-2 -1 -2 -1 -2 1 | 2 2 1 2 2 1 2 2 2 
-2 -1 -2 -1 -2 1 | 2 -1 -2 1 2 1 2 2 2 
2 2 2 -1 -2 -2 1 | 2 -1 -2 1 2 1 2 2 2 
2 2 2 -1 -2 -2 1 | 2 -1 -2 1 2 2 2 1 
2 2 2 -1 -2 -2 1 | 2 -1 2 1 1 
2 2 2 -1 -2 1 1 2 | 2 -1 2 1 1 
2 2 2 1 2 1 2 | 2 -1 2 1 1 
2 2 2 1 1 -2 -1 2 | 2 -1 2 1 1 
2 2 2 1 1 -2 -1 2 | 2 -1 -2 -2 -2 1 2 
1 2 2 1 -2 -1 2 | 2 -1 -2 -2 -2 1 2 
1 2 2 1 -2 -1 2 | -1 2 1 -2 1 2 
1 2 2 2 1 | -1 2 1 -2 1 2 
1 2 2 2 1 | -1 -2 -2 -1 -2 1 2 
1 2 -1 -2 1 2 | -1 -2 -2 -1 -2 1 2 
2 1 2 1 2 | -1 -2 -2 -1 -2 1 2 
2 1 2 1 2 | 1 2 
2 1 2 | 1 2 
2 | 1 2 
2 | 1 
3
-1 2 2 1 -2 -2 -2 | -1 -1 -2 -2 1 2 2 2 
-1 2 2 1 -2 -2 -2 | -1 
-1 -2 | -1 
-2 | -1 
7
-1 2 2 1 -2 -2 -2 | -1 -1 -2 -2 1 -2 -2 -2 
-1 2 2 1 -2 -2 -2 | -1 -1 -2 -2 -2 -2 1 
-1 -2 -2 -2 -2 -2 | -1 -1 -2 -2 -2 -2 1 
-2 | -1 -1 -2 -2 -2 -2 1 
-2 | -1 -1 -2 -2 -2 1 
-2 | -1 -1 -2 -2 1 
-2 | -1 -1 -2 1 
-2 | -1 
15
-1 2 2 1 -2 -2 -2 | -1 -1 -2 -2 -2 1 2 2 
-1 2 2 1 -2 -2 -2 | -1 -1 -2 1 -2 
-2 -1 -1 2 1 -2 -2 -2 | -1 -1 -2 1 -2 
-2 -1 -2 -1 -2 -2 -2 | -1 -1 -2 1 -2 
-2 1 2 -1 -1 -2 -2 -2 | -1 -1 -2 1 -2 
-2 1 2 -1 -1 -2 -2 -2 | -2 -1 2 2 2 1 -2 
-2 1 2 -1 -2 -2 -1 | -2 -1 2 2 2 1 -2 
-2 1 2 -1 -2 -2 -1 | -2 -1 2 -1 -2 1 
-1 -2 -2 -2 -1 | -2 -1 2 -1 -2 1 
-1 -2 -2 -2 -1 | -2 -1 2 1 2 2 1 
-2 -1 2 1 -2 -1 | -2 -1 2 1 2 2 1 
-2 -1 -2 -1 -2 | -2 -1 2 1 2 2 1 
-2 -1 -2 -1 -2 | -2 -1 
-2 -1 -2 | -2 -1 
-2 | -2 -1 
-2 | -1 
49
-1 2 2 1 -2 -2 -2 | -1 -1 -2 -2 -2 1 -2 -2 
-1 -2 1 -2 -2 -1 -2 -2 -2 | -1 -1 -2 -2 -2 1 -2 -2 
-1 -2 1 -2 -2 1 2 2 -1 | -1 -1 -2 -2 -2 1 -2 -2 
-1 -2 1 -2 -2 1 2 2 -1 | -1 -1 -2 -2 1 1 -2 -2 -1 
-1 -2 1 -2 -2 -1 -1 -2 -2 1 | -1 -1 -2 -2 1 1 -2 -2 -1 
-1 -2 -1 2 2 1 -2 -2 1 | -1 -1 -2 -2 1 1 -2 -2 -1 
-1 -2 -1 2 2 1 -2 -2 1 | -1 -2 -2 -2 1 -2 -2 -1 
-1 -2 -1 2 2 1 -2 -2 1 | -1 -2 -2 -2 1 2 -1 -2 -2 
-1 -2 -1 2 2 1 -2 -2 1 | -1 -2 1 -2 -2 -1 -2 -2 
-1 -2 -1 2 2 1 -2 -2 1 | -1 -2 1 2 -1 -2 -2 -2 -2 
-1 -2 -1 2 2 1 -2 -2 1 | -1 -2 1 2 -1 -2 -1 -2 -2 1 
-1 -1 -2 -1 -2 1 -2 -2 1 | -1 -2 1 2 -1 -2 -1 -2 -2 1 
-1 -1 -2 -1 -2 1 -2 -2 1 | -1 -2 1 2 2 2 -1 -2 1 
-1 -1 -2 -1 -2 1 -2 -2 1 | -1 -2 -2 -1 -2 1 2 -1 -2 1 
-1 -1 -2 -1 -2 1 -2 -2 1 | -1 -1 2 1 1 2 -1 -2 1 
-1 -2 -1 -1 -2 -2 1 -2 -2 1 | -1 -1 2 1 1 2 -1 -2 1 
-1 -2 -1 -1 -2 -2 1 -2 -2 1 | -1 -1 -2 1 -2 -2 -1 -2 1 
-1 -2 -1 -1 -2 1 2 1 1 | -1 -1 -2 1 -2 -2 -1 -2 1 
-1 -2 -1 -1 -2 1 2 1 1 | 2 -1 -2 -2 -2 -1 -2 1 
-1 -2 -1 2 2 2 1 1 1 | 2 -1 -2 -2 -2 -1 -2 1 
-1 -2 -1 2 2 2 1 1 1 | 2 1 -2 -1 -1 -2 1 
-2 -1 -1 2 2 1 1 1 | 2 1 -2 -1 -1 -2 1 
-2 -1 -1 2 1 2 1 -2 1 | 2 1 -2 -1 -1 -2 1 
-2 -1 2 1 -2 -1 2 1 -2 1 | 2 1 -2 -1 -1 -2 1 
-2 -1 2 1 1 -2 -1 -2 1 | 2 1 -2 -1 -1 -2 1 
1 -2 -2 -1 -2 1 | 2 1 -2 -1 -1 -2 1 
1 -2 -2 -1 -2 1 | 2 1 -2 -1 2 2 -1 
1 -2 -2 -2 -1 2 2 | 2 1 -2 -1 2 2 -1 
1 -2 -2 -2 -1 2 2 | 2 1 2 2 -1 -1 
1 -2 -2 -2 -1 2 2 | 2 2 2 1 -2 -1 -1 
1 1 -2 -1 -1 -1 2 2 | 2 2 2 1 -2 -1 -1 
1 1 -2 -1 -1 -1 2 2 | 2 2 2 -1 -2 -2 1 
1 1 -2 -1 -1 2 2 2 -1 | 2 2 2 -1 -2 -2 1 
1 1 -2 -1 -1 2 2 2 -1 | 2 2 -1 -1 2 1 
1 1 -2 -2 -2 -1 2 2 -1 | 2 2 -1 -1 2 1 
2 1 -2 -1 2 2 -1 | 2 2 -1 -1 2 1 
2 1 -2 -1 2 2 -1 | 2 2 -1 -2 -2 1 2 
2 1 -2 -1 2 2 -1 | 2 -1 2 2 -1 -2 1 2 
2 1 -2 -2 -2 -1 2 | 2 -1 2 2 -1 -2 1 2 
2 1 -2 -2 -2 -1 2 | 2 -1 -2 -1 2 1 2 
-1 2 1 -2 -1 2 | 2 -1 -2 -1 2 1 2 
-1 2 1 -2 -1 2 | -1 2 -1 -1 2 1 2 
-1 2 1 -2 -1 2 | -1 2 -1 -2 1 2 2 
-1 2 1 -2 -1 2 | -1 -1 2 2 2 
-1 2 1 -2 -1 2 | -1 -2 1 2 -1 2 2 
2 -1 2 -1 2 | -1 -2 1 2 -1 2 2 
2 -1 2 -1 2 | -1 -2 1 1 
2 -1 2 | -1 -2 1 1 
2 | -1 -2 1 1 
2 | 1 
9
-1 2 2 1 -2 -2 -2 | -1 -1 -2 -2 -2 -2 1 2 
-1 2 2 1 -2 -2 -2 | -1 -1 -2 -2 1 -2 -2 
-2 -2 -1 -2 -2 -2 | -1 -1 -2 -2 1 -2 -2 
-2 -2 -1 -2 -2 -2 | -1 2 2 2 1 -2 -2 
-2 -2 -1 -2 -2 -2 | -1 -2 -2 -2 -2 
-2 | -1 -2 -2 -2 -2 
-2 | -1 -2 -2 -2 
-2 | -1 -2 -2 
-2 | -1 -2 
-2 | -1 
11
-1 2 2 1 -2 -2 -2 | -1 -1 -2 -2 -2 -2 1 -2 
-1 2 2 1 -2 -2 -2 | -1 -2 -2 -2 -1 -2 -2 1 -2 
-1 2 2 1 -2 -2 -2 | -1 -2 -2 -2 -2 -2 -2 -2 
-1 2 2 1 -2 -2 -2 | -1 -2 -2 -2 -2 -1 -2 -2 1 
-1 2 2 1 -2 -2 -2 | -1 -2 -1 -2 -2 -2 -2 1 
-1 -2 -2 -2 -2 -2 -2 | -1 -2 -1 -2 -2 -2 -2 1 
-2 | -1 -2 -1 -2 -2 -2 -2 1 
-2 | -1 -2 -1 -2 -2 -2 1 
-2 | -1 -2 -1 -2 -2 1 
-2 | -1 -2 -1 -2 1 
-2 | -1 -2 
-2 | -1 
3
-1 2 2 1 -2 -2 -2 | -1 -2 1 2 2 2 -1 -2 
-1 2 2 1 -2 -2 -2 | -1 
-1 -2 | -1 
-2 | -1 
12
-1 2 2 1 -2 -2 -2 | -1 -2 1 2 2 -1 -2 -2 
-1 2 2 1 -2 -2 -2 | -1 -2 1 -2 -1 
-2 -1 -1 2 1 -2 -2 -2 | -1 -2 1 -2 -1 
-2 -1 -2 -1 -2 -2 -2 | -1 -2 1 -2 -1 
-2 -1 -2 -1 -2 -2 -2 | 2 1 2 2 2 1 -2 -1 
-2 -1 -2 -2 -1 2 1 | 2 1 2 2 2 1 -2 -1 
-2 -1 -2 -2 -1 2 1 | 2 1 2 2 1 2 2 
-2 -1 -2 -2 -1 2 1 | 2 2 1 2 
-1 2 1 | 2 2 1 2 
-1 2 1 | 2 1 2 
-1 -2 | 2 1 2 
-1 -2 | 2 
-1 | 2 
49
-1 2 2 1 -2 -2 -2 | -1 -2 1 2 -1 -2 -2 -2 
-1 2 2 1 -2 -2 -2 | -1 -2 1 2 -1 -1 -2 -2 1 
-1 2 2 1 1 1 -2 -1 | -1 -2 1 2 -1 -1 -2 -2 1 
-1 2 2 1 1 1 -2 -1 | -1 -2 -1 2 2 1 -2 -2 1 
2 2 2 1 1 -2 -1 | -1 -2 -1 2 2 1 -2 -2 1 
2 2 2 1 1 -2 -1 | -1 -1 -1 -2 1 -2 -2 1 
2 2 1 -2 -2 -2 -1 | -1 -1 -1 -2 1 -2 -2 1 
2 2 1 -2 -2 -2 -1 | -1 -1 -1 -2 -2 -2 1 2 1 
-2 1 2 -1 -2 -2 -2 -1 | -1 -1 -1 -2 -2 -2 1 2 1 
-2 1 2 1 -2 -1 -1 | -1 -1 -1 -2 -2 -2 1 2 1 
-2 1 2 1 -2 -1 -1 | -1 -1 -1 -2 -2 1 1 2 
-2 1 2 -1 -1 -2 -2 | -1 -1 -1 -2 -2 1 1 2 
-2 -1 2 2 1 -2 -2 | -1 -1 -1 -2 -2 1 1 2 
-2 -1 2 2 1 -2 -2 | -1 -1 -2 -2 -2 1 2 
-2 -1 2 2 1 -2 -2 | -1 -1 -2 1 -2 -2 
-2 -1 2 2 1 -2 -2 | -1 -1 -2 1 2 -1 -2 -2 1 
-2 -1 -1 -2 1 -2 | -1 -1 -2 1 2 -1 -2 -2 1 
-2 -1 -1 -2 1 -2 | 2 2 2 -1 -2 -2 1 
-2 -1 -1 -2 1 -2 | 2 -1 -1 -2 -2 -2 1 
-2 -2 -1 2 2 1 -2 | 2 -1 -1 -2 -2 -2 1 
-2 -2 -1 -2 1 2 -1 -2 | 2 -1 -1 -2 -2 -2 1 
-2 -2 -1 -2 1 2 -1 -2 | 2 -1 -2 -1 2 1 1 
-2 -2 1 2 -1 -1 -2 | 2 -1 -2 -1 2 1 1 
-2 -2 1 2 2 -1 -2 -1 | 2 -1 -2 -1 2 1 1 
-2 -2 1 2 2 -1 -2 -1 | -2 -1 2 2 2 1 1 
2 1 1 2 -1 -2 -1 | -2 -1 2 2 2 1 1 
2 1 1 2 -1 -2 -1 | 1 -2 -1 -1 2 2 1 1 
2 2 2 1 1 -2 -1 | 1 -2 -1 -1 2 2 1 1 
2 2 2 1 1 -2 -1 | 1 -2 -1 -1 -2 1 2 
2 2 2 1 -2 -1 2 1 | 1 -2 -1 -1 -2 1 2 
2 2 -1 2 1 2 1 | 1 -2 -1 -1 -2 1 2 
2 2 -1 2 2 1 1 2 | 1 -2 -1 -1 -2 1 2 
2 2 -1 2 2 1 1 2 | 1 2 2 -1 2 1 2 
-1 -2 -1 2 1 1 2 | 1 2 2 -1 2 1 2 
-1 -2 -2 -2 -1 -2 1 2 | 1 2 2 -1 2 1 2 
-1 -2 -2 1 2 2 2 | 1 2 2 -1 2 1 2 
-1 -2 -2 1 2 2 2 | 2 2 1 -2 -1 2 1 2 
-1 -2 -2 -2 1 2 -1 | 2 2 1 -2 -1 2 1 2 
-1 -2 -2 -2 1 2 -1 | 2 2 -1 -2 -2 1 2 
-1 -2 1 -2 -2 -1 | 2 2 -1 -2 -2 1 2 
-1 -2 1 2 -1 -2 -2 | 2 2 -1 -2 -2 1 2 
-1 -2 1 2 -1 -2 -2 | 2 2 -1 -2 1 2 2 1 
-1 -2 1 2 -1 -2 -2 | 2 2 2 2 1 2 1 
-1 -2 1 2 -1 -2 -2 | 2 2 2 1 2 -1 -2 1 
-2 -1 -2 -2 -1 -2 -2 | 2 2 2 1 2 -1 -2 1 
-2 -1 -2 -2 -1 -2 -2 | -1 -2 -1 -2 1 
-2 -1 -2 -2 | -1 -2 -1 -2 1 
-2 | -1 -2 -1 -2 1 
-2 | -1 -2 
-2 | -1 
49
-1 2 2 1 -2 -2 -2 | -1 -2 1 -2 -1 -2 -2 -2 
-1 2 2 1 -2 -2 -2 | -1 -2 1 -2 -1 -1 -2 -2 1 
-1 2 2 1 1 1 2 -1 | -1 -2 1 -2 -1 -1 -2 -2 1 
-1 2 2 1 1 1 2 -1 | -1 -2 -1 2 2 1 -2 -2 1 
2 2 2 1 1 2 -1 | -1 -2 -1 2 2 1 -2 -2 1 
2 2 2 1 1 2 -1 | -1 -2 -1 2 2 1 2 1 1 2 
2 2 -1 -2 -2 1 2 | -1 -2 -1 2 2 1 2 1 1 2 
2 2 -1 -2 -2 1 2 | -1 2 2 2 1 1 2 
2 2 -1 -2 -2 1 2 | -1 -1 2 2 1 1 1 2 
2 2 1 1 2 -1 2 | -1 -1 2 2 1 1 1 2 
2 2 1 1 2 -1 2 | -1 -1 -2 1 -2 1 2 
2 1 -2 1 2 2 -1 2 | -1 -1 -2 1 -2 1 2 
2 1 -2 1 2 2 -1 2 | -1 -1 -2 -2 -2 1 -2 
2 1 -2 1 2 -1 -1 -2 -2 | -1 -1 -2 -2 -2 1 -2 
2 1 -2 1 2 -1 -1 -2 -2 | -1 -1 -2 -2 1 1 -2 -1 
2 1 -2 -1 -1 -2 -2 -2 -2 | -1 -1 -2 -2 1 1 -2 -1 
2 -1 2 2 1 -2 -2 -2 -2 | -1 -1 -2 -2 1 1 -2 -1 
2 -1 2 2 1 -2 -2 -2 -2 | -1 -2 -2 -2 1 -2 -1 
2 -1 2 2 1 -2 -2 -2 -2 | -1 -2 1 -2 -2 -2 -2 -1 
2 -1 2 2 2 1 1 | -1 -2 1 -2 -2 -2 -2 -1 
2 -1 2 2 2 1 1 | -1 2 2 1 1 -2 -2 -2 -1 
2 -1 2 1 1 2 2 2 | -1 2 2 1 1 -2 -2 -2 -1 
2 -1 2 1 1 2 2 2 | -1 2 2 1 1 2 -1 2 1 
2 -1 2 1 1 2 2 2 | -1 2 1 -2 -2 -2 -1 2 1 
2 -1 2 1 2 2 1 | -1 2 1 -2 -2 -2 -1 2 1 
2 -1 2 1 2 2 1 | -1 2 1 -2 -2 -2 -2 -1 -2 -2 
2 -1 2 1 2 2 1 | -1 2 1 -2 -2 1 2 -1 -2 
2 -1 2 1 2 2 1 | -2 -1 -2 -2 -2 -2 1 2 -1 -2 
2 -1 -2 -2 -2 1 2 | -2 -1 -2 -2 -2 -2 1 2 -1 -2 
2 -1 -2 -2 -2 1 2 | -2 -2 -2 -1 -2 1 2 -1 -2 
-1 2 1 2 1 2 | -2 -2 -2 -1 -2 1 2 -1 -2 
-1 2 1 2 1 2 | -2 -2 -2 -1 -2 -2 -1 -2 -2 
-1 2 1 2 1 2 | -2 -2 -2 -1 -2 -1 2 1 -2 
-1 2 2 1 -2 -2 -2 | -2 -2 -2 -1 -2 -1 2 1 -2 
-1 2 2 1 -2 -2 -2 | -1 -2 -2 -2 -1 2 1 -2 
-1 2 2 1 -2 -2 -2 | -1 -1 -2 1 -2 
-2 -1 -1 2 1 -2 -2 -2 | -1 -1 -2 1 -2 
-2 -1 -2 -1 -2 -2 -2 | -1 -1 -2 1 -2 
-2 1 2 -1 -1 -2 -2 -2 | -1 -1 -2 1 -2 
-2 1 2 -1 -1 -2 -2 -2 | -2 -1 2 2 2 1 -2 
-2 1 2 -1 -2 -2 -1 | -2 -1 2 2 2 1 -2 
-2 1 2 -1 -2 -2 -1 | -2 -1 2 -1 -2 1 
-1 -2 -2 -2 -1 | -2 -1 2 -1 -2 1 
-1 -2 -2 -2 -1 | -2 -1 2 1 2 2 1 
-2 -1 2 1 -2 -1 | -2 -1 2 1 2 2 1 
-2 -1 -2 -1 -2 | -2 -1 2 1 2 2 1 
-2 -1 -2 -1 -2 | -2 -1 
-2 -1 -2 | -2 -1 
-2 | -2 -1 
-2 | -1 
51
-1 2 2 1 -2 -2 -2 | -1 -2 1 -2 -2 -1 -2 -2 
-1 -1 -2 1 -2 -2 -2 -2 -2 | -1 -2 1 -2 -2 -1 -2 -2 
-1 -1 -2 1 -2 -2 -2 -2 -2 | 1 2 2 2 -1 -2 -2 
-1 -1 -2 -2 -2 1 -2 -2 | 1 2 2 2 -1 -2 -2 
-1 -2 -2 -2 -1 -2 1 -2 -2 | 1 2 2 2 -1 -2 -2 
-1 -2 -2 -2 -1 -2 1 -2 -2 | -2 1 -2 -2 -1 -1 -2 -2 
-1 -2 -2 -2 -1 2 2 1 1 | -2 1 -2 -2 -1 -1 -2 -2 
1 2 2 -1 -1 2 2 1 1 | -2 1 -2 -2 -1 -1 -2 -2 
1 2 2 -1 -1 2 2 1 1 | -2 -1 2 2 1 -2 -2 
1 2 2 -1 2 2 2 1 | -2 -1 2 2 1 -2 -2 
1 2 2 2 2 2 -1 2 1 | -2 -1 2 2 1 -2 -2 
2 2 1 2 2 -1 2 1 | -2 -1 2 2 1 -2 -2 
2 2 2 2 1 -2 -1 2 1 | -2 -1 2 2 1 -2 -2 
-1 2 2 1 2 1 -2 -1 2 1 | -2 -1 2 2 1 -2 -2 
-1 2 2 1 2 1 -2 -1 2 1 | -1 -2 -1 -2 1 -2 -2 
-1 2 1 -2 -2 -2 -1 2 1 | -1 -2 -1 -2 1 -2 -2 
-1 2 1 -2 -1 2 1 2 2 1 | -1 -2 -1 -2 1 -2 -2 
-1 2 1 -2 -1 -1 -2 1 1 | -1 -2 -1 -2 1 -2 -2 
-1 2 1 -2 -1 -1 -2 1 1 | -2 -1 -1 -2 -2 1 -2 -2 
-1 2 1 2 2 -1 2 1 1 | -2 -1 -1 -2 -2 1 -2 -2 
-1 2 1 2 2 -1 2 1 1 | -2 -1 -1 -2 1 2 1 
-1 2 1 2 2 2 1 -2 | -2 -1 -1 -2 1 2 1 
-1 2 1 2 2 2 1 -2 | -2 -1 2 2 2 1 1 
-1 2 1 1 2 -1 -2 | -2 -1 2 2 2 1 1 
-1 2 1 1 2 -1 -2 | -2 -1 2 2 1 2 1 -2 
-1 2 1 1 2 -1 -2 | 1 -2 -1 -1 2 1 2 1 -2 
-1 2 1 1 2 -1 -2 | 1 -2 -1 2 1 -2 -1 2 1 -2 
-1 2 1 1 2 -1 -2 | 1 -2 -1 2 1 1 -2 -1 -2 
-1 2 1 1 2 -1 -2 | 1 1 -2 -2 -1 -2 
-1 2 1 1 2 -1 -2 | 1 1 -2 1 -2 -1 -1 -2 -2 
-1 -2 1 1 -2 -2 | 1 1 -2 1 -2 -1 -1 -2 -2 
-1 -2 1 1 -2 -2 | 2 1 2 1 -2 -1 -1 -2 -2 
1 2 -1 -2 1 -2 -2 | 2 1 2 1 -2 -1 -1 -2 -2 
1 2 -1 -2 1 -2 -2 | 2 1 1 -2 -2 -1 -2 -2 
1 2 2 2 -1 -2 -2 | 2 1 1 -2 -2 -1 -2 -2 
1 2 2 2 -1 -2 -2 | 2 1 -2 -2 1 2 -1 -2 -2 
1 2 2 2 -1 -2 -2 | -2 1 2 1 2 -1 -2 -2 
1 2 2 2 -1 -2 -2 | -2 1 2 1 -2 -2 -1 
1 2 2 2 -1 -2 -2 | -2 1 -2 1 2 -1 
1 2 2 -1 2 -1 -2 | -2 1 -2 1 2 -1 
1 2 2 -1 -1 2 -1 | -2 1 -2 1 2 -1 
1 2 2 -1 -1 2 -1 | -2 1 -2 1 -2 -2 1 
1 2 2 -1 -1 2 -1 | -2 1 -2 -1 2 1 
1 2 2 -1 -2 -1 2 | -2 1 -2 -1 2 1 
1 2 2 -1 -2 -1 2 | -2 1 1 -2 -2 
1 -2 1 -2 -1 2 | -2 1 1 -2 -2 
1 -2 1 -2 -1 2 | -2 1 2 -1 -2 1 -2 
1 -2 1 -2 -1 2 | 1 -2 -2 1 -2 
2 -1 2 | 1 -2 -2 1 -2 
2 -1 2 | 1 -2 
2 | 1 -2 
2 | 1 
7
-1 2 2 1 -2 -2 -2 | -1 -2 1 -2 -2 -2 -1 -2 
-1 2 2 1 -2 -2 -2 | -1 -2 -2 -2 -2 
-1 -2 -2 -2 -2 -2 | -1 -2 -2 -2 -2 
-2 | -1 -2 -2 -2 -2 
-2 | -1 -2 -2 -2 
-2 | -1 -2 -2 
-2 | -1 -2 
-2 | -1 
5
-1 2 2 1 -2 -2 -2 | -1 -2 -1 -2 -2 1 2 2 
-1 2 2 1 -2 -2 -2 | -1 -2 -2 
-1 -2 -2 -2 | -1 -2 -2 
-2 | -1 -2 -2 
-2 | -1 -2 
-2 | -1 
9
-1 2 2 1 -2 -2 -2 | -1 -2 -1 -2 -2 1 -2 -2 
-2 -2 -1 -2 -2 -2 -2 | -1 -2 -1 -2 -2 1 -2 -2 
-2 -2 -1 -2 -2 -2 -2 | -1 2 2 2 1 -2 -2 
-2 -2 -2 -2 -1 -2 | -1 2 2 2 1 -2 -2 
-2 -2 -2 -2 -1 -2 | -1 -2 -2 -2 -2 
-2 | -1 -2 -2 -2 -2 
-2 | -1 -2 -2 -2 
-2 | -1 -2 -2 
-2 | -1 -2 
-2 | -1 
45
-1 2 2 1 -2 -2 -2 | -1 -2 -1 -2 -2 -2 1 2 
-1 2 -1 -2 -2 -2 1 -2 -2 | -1 -2 -1 -2 -2 -2 1 2 
-1 2 -1 -2 -2 -2 1 -2 -2 | -1 -2 -2 1 2 2 2 
-1 -2 -2 -1 -2 1 -2 -2 | -1 -2 -2 1 2 2 2 
-1 -2 -2 -1 -2 1 -2 -2 | -1 -2 -2 -2 1 -2 -2 -1 2 
-1 -2 -2 -1 2 2 1 -2 1 | -1 -2 -2 -2 1 -2 -2 -1 2 
-1 -2 -2 -1 2 2 1 -2 1 | -1 -2 -2 -2 1 2 -1 -2 
-1 -2 -2 -1 2 2 1 -2 1 | -1 -2 1 -2 -2 -1 -2 
-1 -2 -2 -1 2 2 1 -2 1 | -1 -2 1 2 -1 -2 -2 -2 
-1 -2 -2 -1 -2 -1 -2 1 1 | -1 -2 1 2 -1 -2 -2 -2 
-1 2 1 -2 -1 -1 -2 1 1 | -1 -2 1 2 -1 -2 -2 -2 
-1 2 1 -2 -1 -1 -2 1 1 | -1 -2 -1 -2 1 -2 -2 
-1 2 1 -2 -1 -1 -2 1 1 | -2 -1 -1 -2 -2 1 -2 -2 
-1 2 1 2 2 -1 2 1 1 | -2 -1 -1 -2 -2 1 -2 -2 
-1 2 1 2 2 -1 2 1 1 | -2 -1 -1 -2 1 2 1 
-1 2 1 2 2 2 1 -2 | -2 -1 -1 -2 1 2 1 
-1 2 1 2 2 2 1 -2 | -2 -1 2 2 2 1 1 
-1 2 1 1 2 -1 -2 | -2 -1 2 2 2 1 1 
-1 2 1 1 2 -1 -2 | -2 -1 2 2 1 2 1 -2 
-1 2 1 1 2 -1 -2 | 1 -2 -1 -1 2 1 2 1 -2 
-1 2 1 1 2 -1 -2 | 1 -2 -1 2 1 -2 -1 2 1 -2 
-1 2 1 1 2 -1 -2 | 1 -2 -1 2 1 1 -2 -1 -2 
-1 2 1 1 2 -1 -2 | 1 1 -2 -2 -1 -2 
-1 2 1 1 2 -1 -2 | 1 1 -2 1 -2 -1 -1 -2 -2 
-1 -2 1 1 -2 -2 | 1 1 -2 1 -2 -1 -1 -2 -2 
-1 -2 1 1 -2 -2 | 2 1 2 1 -2 -1 -1 -2 -2 
1 2 -1 -2 1 -2 -2 | 2 1 2 1 -2 -1 -1 -2 -2 
1 2 -1 -2 1 -2 -2 | 2 1 1 -2 -2 -1 -2 -2 
1 2 2 2 -1 -2 -2 | 2 1 1 -2 -2 -1 -2 -2 
1 2 2 2 -1 -2 -2 | 2 1 -2 -2 1 2 -1 -2 -2 
1 2 2 2 -1 -2 -2 | -2 1 2 1 2 -1 -2 -2 
1 2 2 2 -1 -2 -2 | -2 1 2 1 -2 -2 -1 
1 2 2 2 -1 -2 -2 | -2 1 -2 1 2 -1 
1 2 2 -1 2 -1 -2 | -2 1 -2 1 2 -1 
1 2 2 -1 -1 2 -1 | -2 1 -2 1 2 -1 
1 2 2 -1 -1 2 -1 | -2 1 -2 1 -2 -2 1 
1 2 2 -1 -1 2 -1 | -2 1 -2 -1 2 1 
1 2 2 -1 -2 -1 2 | -2 1 -2 -1 2 1 
1 2 2 -1 -2 -1 2 | -2 1 1 -2 -2 
1 -2 1 -2 -1 2 | -2 1 1 -2 -2 
1 -2 1 -2 -1 2 | -2 1 2 -1 -2 1 -2 
1 -2 1 -2 -1 2 | 1 -2 -2 1 -2 
2 -1 2 | 1 -2 -2 1 -2 
2 -1 2 | 1 -2 
2 | 1 -2 
2 | 1 
92
-1 2 2 1 -2 -2 -2 | -1 -2 -1 -2 -2 -2 1 -2 
-1 -2 1 -2 -1 -2 -2 -2 -2 | -1 -2 -1 -2 -2 -2 1 -2 
-1 -2 1 1 2 -1 -2 | -1 -2 -1 -2 -2 -2 1 -2 
-1 -2 1 1 2 -1 -2 | -2 -1 -1 -2 -2 1 -2 
-1 -2 -2 -2 1 -2 -1 -2 | -2 -1 -1 -2 -2 1 -2 
-1 -2 -2 -2 1 -2 -1 -2 | -2 -1 -1 2 1 2 1 
-1 -2 -2 -2 1 -2 -1 -2 | -2 -1 -1 -1 -2 -2 -2 1 1 
1 1 2 -1 -2 -1 -2 | -2 -1 -1 -1 -2 -2 -2 1 1 
1 1 2 -1 -2 -1 -2 | -1 -2 -1 -2 -1 -2 -2 -2 1 1 
1 1 2 -1 -2 -1 -2 | -1 -2 -2 -1 -1 -2 -2 1 1 
1 1 2 -1 -2 -1 -2 | -1 -2 -2 -1 -1 -2 1 2 1 -2 
1 -2 -2 -1 -1 -2 -2 | -1 -2 -2 -1 -1 -2 1 2 1 -2 
1 -2 -2 -1 -1 -2 -2 | -1 -1 2 1 2 1 -2 
-2 -1 -2 1 1 -2 -1 -1 -2 -2 | -1 -1 2 1 2 1 -2 
-2 -1 -2 1 1 -2 -1 -1 -2 -2 | -2 -1 -1 -2 -2 1 -2 
-2 -1 -2 1 1 2 -1 | -2 -1 -1 -2 -2 1 -2 
-2 -1 -2 -2 -2 1 -2 -1 | -2 -1 -1 -2 -2 1 -2 
-2 -1 -2 -2 -2 1 -2 -1 | -2 -1 -1 2 1 2 1 
-2 -1 -2 -2 -2 1 -2 -1 | -2 -1 -1 -1 -2 -2 -2 1 1 
-2 1 1 2 -1 -2 -1 | -2 -1 -1 -1 -2 -2 -2 1 1 
-2 1 1 2 -1 -2 -1 | -1 -2 -1 -2 -1 -2 -2 -2 1 1 
-2 1 1 2 -1 -2 -1 | -1 -2 -2 -1 -1 -2 -2 1 1 
-2 1 1 2 -1 -2 -1 | -1 -2 -2 -1 -1 -2 1 2 1 -2 
-2 1 -2 -2 -1 -1 -2 | -1 -2 -2 -1 -1 -2 1 2 1 -2 
-2 1 -2 -2 -1 -1 -2 | -1 -1 2 1 2 1 -2 
-2 1 -2 -2 -1 -1 -2 | -1 -1 2 1 -2 1 -2 -2 -1 -2 
-1 -2 1 1 2 -1 -2 | -1 -1 2 1 -2 1 -2 -2 -1 -2 
-1 -2 1 1 2 -1 -2 | 2 -1 -2 -2 1 -2 -2 -1 -2 
-1 -2 -2 -2 1 -2 -1 -2 | 2 -1 -2 -2 1 -2 -2 -1 -2 
-1 -2 -2 -2 1 -2 -1 -2 | 2 -1 2 1 2 1 -2 -1 -2 
-1 -2 -2 -2 1 -2 -1 -2 | 2 -1 2 1 2 2 2 2 1 
-1 -2 -2 1 2 2 2 | 2 -1 2 1 2 2 2 2 1 
-1 -2 -2 1 2 2 2 | 2 -1 2 2 2 1 2 1 
-1 -2 -2 1 2 2 2 | 2 2 2 2 -1 2 1 2 1 
-1 -2 -2 1 2 2 2 | -1 2 2 1 2 -1 2 1 2 1 
-1 -2 -2 -2 1 -2 -1 | -1 2 2 1 2 -1 2 1 2 1 
-1 -2 -2 -2 1 -2 -1 | -1 2 2 -1 -2 -2 1 2 1 
-1 -2 1 -2 -2 -2 -2 -1 | -1 2 2 -1 -2 -2 1 2 1 
-1 -2 1 -2 -1 -2 -2 | -1 2 2 -1 -2 -2 1 2 1 
-1 -2 1 -2 -1 -2 -2 | -1 2 2 2 -1 2 1 1 2 1 
1 2 2 2 -1 -2 -2 | -1 2 2 2 -1 2 1 1 2 1 
1 -2 -1 -1 -2 -2 -2 | -1 2 2 2 -1 2 1 1 2 1 
1 -2 -1 -1 -2 -2 -2 | -2 -1 -1 -1 2 1 1 2 1 
1 -2 -1 -1 -2 -2 -2 | -2 -1 -1 -1 -2 -2 1 1 
-1 2 2 1 -2 -2 -2 | -2 -1 -1 -1 -2 -2 1 1 
-1 2 2 1 -2 -2 -2 | -2 -1 -1 -2 -2 -2 1 
-2 -1 -1 -2 1 -2 -2 -2 | -2 -1 -1 -2 -2 -2 1 
-2 -1 -1 -2 1 -2 -2 -2 | -2 -1 -1 2 -1 2 1 1 1 
-2 1 -2 -1 -1 -2 -2 | -2 -1 -1 2 -1 2 1 1 1 
-2 1 -2 -1 -1 -2 -2 | -1 2 2 2 2 -1 2 1 1 1 
-2 1 2 2 2 -1 -2 | -1 2 2 2 2 -1 2 1 1 1 
-2 1 2 2 2 -1 -2 | -1 2 -1 2 2 2 1 1 1 
-2 1 1 -2 -1 -1 -1 -2 | -1 2 -1 2 2 2 1 1 1 
-2 1 1 -2 -1 -1 -1 -2 | -1 2 -1 2 1 1 -2 
-2 -2 1 -2 -1 -1 -2 | -1 2 -1 2 1 1 -2 
-2 -2 1 -2 -2 -1 2 -1 | -1 2 -1 2 1 1 -2 
-2 -2 1 -2 -2 -1 2 -1 | 2 2 -1 2 2 2 1 1 -2 
2 1 1 -2 -1 2 -1 | 2 2 -1 2 2 2 1 1 -2 
2 1 1 -2 -1 2 -1 | 2 1 2 -1 -1 2 2 1 1 -2 
2 2 2 1 1 2 -1 | 2 1 2 -1 -1 2 2 1 1 -2 
2 2 2 1 1 2 -1 | 2 1 2 -1 -1 -2 1 -2 -2 
2 2 2 1 2 -1 2 1 | 2 1 2 -1 -1 -2 1 -2 -2 
2 2 2 1 2 -1 2 1 | -2 -2 -1 -2 -1 -2 1 -2 -2 
2 2 2 1 2 -1 2 1 | -2 -2 -1 2 2 1 -2 
-1 2 2 1 1 2 -1 2 1 | -2 -2 -1 2 2 1 -2 
-1 2 2 1 1 2 -1 2 1 | -2 -2 -2 -1 -1 -2 1 -2 
-1 2 1 -2 -2 -2 -1 2 1 | -2 -2 -2 -1 -1 -2 1 -2 
-1 2 1 -2 -2 -2 -1 2 1 | -1 -2 -2 -1 -2 1 -2 
-1 2 1 -2 -2 -2 -2 -1 -2 -2 | -1 -2 -2 -1 -2 1 -2 
-1 2 1 -2 -2 1 2 -1 -2 | -1 -2 -2 -1 -2 1 -2 
-2 -1 -2 -2 -2 -2 1 2 -1 -2 | -1 -2 -2 -1 -2 1 -2 
-2 -1 -2 -2 -2 -2 1 2 -1 -2 | -2 -1 2 2 2 1 -2 
-2 -2 -2 -1 -2 1 2 -1 -2 | -2 -1 2 2 2 1 -2 
-2 -2 -2 -1 -2 1 2 -1 -2 | -2 -1 -2 -1 -2 1 
-2 -2 -2 -1 -2 -2 -1 -2 -2 | -2 -1 -2 -1 -2 1 
-2 -2 -2 -1 -2 -1 2 1 -2 | -2 -1 -2 -1 -2 1 
-2 -2 -2 -1 -2 -1 2 1 -2 | 2 2 2 -1 -2 -2 1 
-1 -2 -2 -2 -1 2 1 -2 | 2 2 2 -1 -2 -2 1 
-1 -1 -2 1 -2 | 2 2 2 -1 -2 -2 1 
-1 -1 -2 1 -2 | 2 2 2 -1 -2 1 1 2 
-1 -1 -2 1 -2 | 2 2 2 1 2 1 2 
-1 -1 -2 1 -2 | 2 2 2 1 1 -2 -1 2 
-2 -1 2 2 2 1 -2 | 2 2 2 1 1 -2 -1 2 
-2 -1 2 2 2 1 -2 | 1 2 2 1 -2 -1 2 
-2 -1 2 -1 -2 1 | 1 2 2 1 -2 -1 2 
-2 -1 2 -1 -2 1 | 1 2 2 2 1 
-2 -1 2 1 2 2 1 | 1 2 2 2 1 
-2 -1 2 1 2 2 1 | 1 2 -1 -2 1 2 
-2 -1 2 1 2 2 1 | 2 1 2 1 2 
-2 -1 | 2 1 2 1 2 
-2 -1 | 2 1 2 
-2 -1 | 2 
-1 | 2 
7
-1 2 2 1 -2 -2 -2 | -1 -2 -2 1 2 -1 -2 -2 
-1 2 2 1 -2 -2 -2 | -2 -2 -1 -2 -2 
-1 -2 -2 -2 -2 -2 | -2 -2 -1 -2 -2 
-2 | -2 -2 -1 -2 -2 
-2 | -2 -2 -1 -2 
-2 | -2 -2 -1 
-2 | -2 -1 
-2 | -1 
9
-1 2 2 1 -2 -2 -2 | -1 -2 -2 1 -2 -1 -2 -2 
-1 2 2 1 -2 -2 -2 | -2 -2 -2 -2 -1 -2 -2 
-1 2 2 1 -2 -2 -2 | -2 -1 -2 -2 -2 -2 
-1 -2 -2 -2 -2 -2 -2 | -2 -1 -2 -2 -2 -2 
-2 | -2 -1 -2 -2 -2 -2 
-2 | -2 -1 -2 -2 -2 
-2 | -2 -1 -2 -2 
-2 | -2 -1 -2 
-2 | -2 -1 
-2 | -1 
9
-1 2 2 1 -2 -2 -2 | -1 -2 -2 -2 -2 -2 -2 -2 
-1 2 2 1 -2 -2 -2 | -1 -2 -2 -2 -2 -1 -2 -2 1 
-1 2 2 1 -2 -2 -2 | -1 -2 -1 -2 -2 -2 -2 1 
-1 -2 -2 -2 -2 -2 -2 | -1 -2 -1 -2 -2 -2 -2 1 
-2 | -1 -2 -1 -2 -2 -2 -2 1 
-2 | -1 -2 -1 -2 -2 -2 1 
-2 | -1 -2 -1 -2 -2 1 
-2 | -1 -2 -1 -2 1 
-2 | -1 -2 
-2 | -1 
2
-1 2 2 2 1 -2 -2 -2 -2 | -1 2 
-1 | -1 2 
-1 | 2 
3
-1 2 2 2 1 -2 -2 -2 -2 | -1 -2 
-1 -2 -2 | -1 -2 
-2 | -1 -2 
-2 | -1 
3
-1 2 2 2 1 -2 -2 -2 -2 | -1 2 2 
-1 2 | -1 2 2 
-1 2 | 2 
-1 | 2 
4
-1 2 2 2 1 -2 -2 -2 -2 | -1 -2 -2 
-1 -2 -2 -2 | -1 -2 -2 
-2 | -1 -2 -2 
-2 | -1 -2 
-2 | -1 
4
-1 2 2 2 1 -2 -2 -2 -2 | -1 2 2 2 
-1 2 2 | -1 2 2 2 
-1 2 2 | 2 
-1 2 | 2 
-1 | 2 
5
-1 2 2 2 1 -2 -2 -2 -2 | -1 -2 -2 -2 
-1 -2 -2 -2 -2 | -1 -2 -2 -2 
-2 | -1 -2 -2 -2 
-2 | -1 -2 -2 
-2 | -1 -2 
-2 | -1 
16
-1 2 2 2 1 -2 -2 -2 -2 | -1 2 1 -2 -1 
-1 2 2 1 1 -2 -2 -2 | -1 2 1 -2 -1 
-1 2 1 1 2 1 -2 -2 -2 | -1 2 1 -2 -1 
-1 2 1 1 1 1 -2 -2 | -1 2 1 -2 -1 
1 2 1 1 1 -2 -2 | -1 2 1 -2 -1 
1 1 1 2 1 1 -2 -2 | -1 2 1 -2 -1 
1 1 1 1 1 2 1 -2 -2 | -1 2 1 -2 -1 
1 1 1 1 1 1 1 -2 | -1 2 1 -2 -1 
1 1 1 1 2 1 -2 1 -2 | -1 2 1 -2 -1 
1 1 2 1 1 -2 1 -2 | -1 2 1 -2 -1 
2 1 1 1 -2 1 -2 | -1 2 1 -2 -1 
2 1 1 1 -2 1 -2 | -1 2 -1 -1 -1 -1 
2 1 1 1 -2 1 -2 | -1 
2 1 1 -2 1 -2 | -1 
2 1 -2 1 -2 | -1 
1 -2 | -1 
-2 | -1 
5
-1 2 2 2 1 -2 -2 -2 -2 | -1 2 2 2 2 
-1 2 2 2 | -1 2 2 2 2 
-1 2 2 2 | 2 
-1 2 2 | 2 
-1 2 | 2 
-1 | 2 
18
-1 2 2 2 1 -2 -2 -2 -2 | -1 -1 -2 1 2 
-1 2 2 1 2 -1 -2 -2 -2 -2 | -1 -1 -2 1 2 
-1 2 1 2 -1 2 -1 -2 -2 -2 -2 | -1 -1 -2 1 2 
2 -1 2 -1 2 -1 -2 -2 -2 -2 | -1 -1 -2 1 2 
2 -1 2 -1 2 1 -2 -1 -2 -2 -2 | -1 -1 -2 1 2 
2 -1 2 2 -1 -2 -1 -2 -2 -2 | -1 -1 -2 1 2 
2 -1 2 2 -1 -2 1 -2 -1 -2 -2 | -1 -1 -2 1 2 
2 -1 2 2 1 -2 -2 -1 -2 -2 | -1 -1 -2 1 2 
2 -1 2 1 2 -1 -2 -2 -1 -2 -2 | -1 -1 -2 1 2 
2 2 -1 2 -1 -2 -2 -1 -2 -2 | -1 -1 -2 1 2 
2 2 -1 2 1 -2 -1 -2 -1 -2 -2 | -1 -1 -2 1 2 
2 2 2 -1 -2 -1 -2 -1 -2 -2 | -1 -1 -2 1 2 
2 2 2 -1 -2 -1 -2 -1 -2 -2 | -1 -1 -1 -2 -1 
2 2 2 1 1 -2 -1 -2 -2 | -1 -1 -1 -2 -1 
2 2 -1 -1 -2 -1 -2 -2 | -1 -1 -1 -2 -1 
2 2 -1 -1 -2 -1 -2 -2 | -1 
2 2 -1 -2 -1 -2 -2 | -1 
2 -1 -2 -2 | -1 
-2 | -1 
6
-1 2 2 2 1 -2 -2 -2 -2 | -1 -2 -2 -2 -2 
-1 -2 -2 -2 -2 -2 | -1 -2 -2 -2 -2 
-2 | -1 -2 -2 -2 -2 
-2 | -1 -2 -2 -2 
-2 | -1 -2 -2 
-2 | -1 -2 
-2 | -1 
12
-1 2 2 2 1 -2 -2 -2 -2 | -1 2 1 2 2 -1 
-1 2 2 2 -1 2 1 -2 -2 | -1 2 1 2 2 -1 
-1 2 2 2 -1 2 1 -2 -2 | -1 2 2 2 2 -1 2 
-2 1 -2 -1 2 1 -2 -2 | -1 2 2 2 2 -1 2 
-2 1 -2 -1 2 1 -2 -2 | -1 2 1 -2 -1 2 2 
-2 1 -2 -2 -2 1 -2 | -1 2 1 -2 -1 2 2 
1 -2 -1 -2 1 -2 | -1 2 1 -2 -1 2 2 
1 -2 -2 -1 2 | -1 2 1 -2 -1 2 2 
1 -2 -2 -1 2 | 2 -1 2 2 
2 -1 2 | 2 -1 2 2 
2 -1 2 | 2 
-1 2 | 2 
-1 | 2 
18
-1 2 2 2 1 -2 -2 -2 -2 | -1 2 1 -2 -1 2 
-1 2 2 1 -2 1 -2 -2 -2 | -1 2 1 -2 -1 2 
-1 2 1 -2 1 1 -2 -2 -2 | -1 2 1 -2 -1 2 
-2 1 1 1 -2 -2 -2 | -1 2 1 -2 -1 2 
1 -2 -1 2 1 1 -2 -2 -2 | -1 2 1 -2 -1 2 
1 -2 -2 1 2 1 -2 -2 -2 | -1 2 1 -2 -1 2 
1 -2 -2 1 1 -2 1 -2 -2 | -1 2 1 -2 -1 2 
1 -2 -2 1 -2 1 -2 1 1 -2 -2 | -1 2 1 -2 -1 2 
1 -2 1 -2 -2 1 1 -2 -2 | -1 2 1 -2 -1 2 
1 1 -2 -1 -2 1 1 -2 -2 | -1 2 1 -2 -1 2 
1 1 -2 -2 -1 2 1 -2 -2 | -1 2 1 -2 -1 2 
1 1 -2 -2 -2 1 -2 | -1 2 1 -2 -1 2 
1 1 -2 -2 1 -2 -1 | -1 2 1 -2 -1 2 
1 1 -2 1 -2 -1 -1 | -1 2 1 -2 -1 2 
1 1 -2 1 -2 -1 -1 | -2 1 -2 -1 2 
1 1 -2 -1 | -2 1 -2 -1 2 
1 | -2 1 -2 -1 2 
1 | -2 1 
1 | -2 
36
-1 2 2 2 1 -2 -2 -2 -2 | -1 2 1 -2 -1 -2 
-1 2 2 1 2 1 -2 -2 -2 | -1 2 1 -2 -1 -2 
-1 2 2 1 1 2 1 -2 -2 | -1 2 1 -2 -1 -2 
-1 2 2 1 1 1 2 1 -2 | -1 2 1 -2 -1 -2 
-1 2 2 1 1 1 2 1 -2 | -1 -1 -1 -1 -2 -2 -2 
-1 -2 -1 2 1 -2 | -1 -1 -1 -1 -2 -2 -2 
-1 -2 -1 -2 -2 -1 -1 -1 -2 | -1 -1 -1 -1 -2 -2 -2 
-1 -2 -1 -2 -2 1 2 2 | -1 -1 -1 -1 -2 -2 -2 
-1 -2 1 1 1 2 1 2 2 | -1 -1 -1 -1 -2 -2 -2 
-1 -2 -2 -2 -2 -1 2 1 2 2 | -1 -1 -1 -1 -2 -2 -2 
1 1 1 -2 -1 2 1 2 2 | -1 -1 -1 -1 -2 -2 -2 
1 1 1 -2 -1 2 1 2 2 | -1 -2 -1 2 1 -2 
1 1 1 1 2 2 2 | -1 -2 -1 2 1 -2 
1 1 1 1 2 2 2 | 1 1 1 2 2 -1 2 1 -2 
1 2 -1 -2 1 2 | 1 1 1 2 2 -1 2 1 -2 
1 2 -1 -2 1 2 | 1 1 1 2 2 2 1 
1 2 -1 -2 1 2 | 1 1 2 1 -2 -1 2 2 1 
1 2 -1 -2 1 2 | 1 1 2 1 1 2 -1 2 1 
1 2 -1 -2 1 2 | 1 1 2 1 1 2 2 1 2 
1 2 -1 -2 1 2 | 1 2 1 -2 1 2 2 1 2 
1 2 -1 -2 1 2 | 1 2 1 1 -2 -1 2 1 2 
1 2 -1 -2 1 2 | 1 2 1 1 1 2 2 
1 2 -1 -2 1 2 | 1 2 1 1 2 1 -2 -1 2 
1 2 -1 -2 1 2 | 1 2 1 2 1 -2 -2 -1 2 
1 2 -1 -2 1 2 | 2 1 1 -2 -2 -1 2 
1 2 -1 2 1 1 -2 | 2 1 1 -2 -2 -1 2 
1 2 -1 2 1 1 -2 | 1 -2 -1 -2 -1 2 
1 2 -1 2 1 1 -2 | 1 -2 -1 -1 2 1 1 
1 2 1 2 -1 -2 | 1 -2 -1 -1 2 1 1 
1 2 1 2 -1 -2 | 1 -2 -1 2 1 2 1 
1 2 1 2 -1 -2 | 1 1 2 2 1 
1 2 1 2 -1 -2 | 1 1 2 1 2 1 2 
1 2 1 2 -1 -2 | 1 2 1 1 2 
-1 -1 -2 | 1 2 1 1 2 
-1 -1 -2 | 1 2 
-1 | 1 2 
-1 | 2 
11
-1 2 2 2 1 -2 -2 -2 -2 | -1 2 1 -2 -2 -1 
-1 2 2 1 1 -2 -2 | -1 2 1 -2 -2 -1 
-1 2 2 1 1 -2 -2 | -1 2 -1 -2 -2 
-1 -1 2 1 -2 -2 | -1 2 -1 -2 -2 
-1 -1 -2 -1 -2 | -1 2 -1 -2 -2 
-1 -2 1 2 -1 -2 | -1 2 -1 -2 -2 
-1 -2 1 1 2 | -1 2 -1 -2 -2 
-1 -2 1 1 2 | -1 -1 -1 -2 
-1 -2 -1 | -1 -1 -1 -2 
-1 -2 -1 | -1 
-2 -1 | -1 
-2 | -1 
35
-1 2 2 2 1 -2 -2 -2 -2 | -1 2 2 1 2 -1 
-1 2 2 2 1 -2 -2 -2 -2 | -1 -2 1 2 2 2 2 2 -1 
-1 2 2 2 1 -2 -2 -2 -2 | -1 -2 1 2 -1 2 2 2 
-1 2 2 1 2 -1 -2 | -1 -2 1 2 -1 2 2 2 
-1 2 2 1 -2 -2 1 -2 -1 | -1 -2 1 2 -1 2 2 2 
-1 2 1 2 -1 2 1 -2 -1 | -1 -2 1 2 -1 2 2 2 
-1 2 1 2 2 -1 2 2 -1 | -1 -2 1 2 -1 2 2 2 
-1 2 1 -2 1 -2 -1 2 2 2 -1 | -1 -2 1 2 -1 2 2 2 
-1 2 1 -2 1 -2 -2 -1 2 | -1 -2 1 2 -1 2 2 2 
2 -1 2 2 1 -2 -2 -1 2 | -1 -2 1 2 -1 2 2 2 
2 -1 2 1 2 -1 2 -1 2 | -1 -2 1 2 -1 2 2 2 
2 -1 2 1 2 -1 2 -1 2 | -1 -2 1 1 -2 -1 -2 1 2 
2 2 -1 -2 1 2 -1 2 | -1 -2 1 1 -2 -1 -2 1 2 
2 2 2 -1 -1 2 2 | -1 -2 1 1 -2 -1 -2 1 2 
2 2 2 -1 -1 2 2 | -1 2 2 2 -1 -2 1 2 
2 2 2 -1 -1 2 2 | -1 -2 -2 1 -2 1 2 
2 2 2 -1 -1 2 2 | -1 -2 -2 1 2 2 2 2 -1 2 
2 2 2 -1 -1 2 2 | -1 -2 -2 1 1 1 -2 -1 2 
2 2 2 -1 -1 2 2 | -1 2 2 2 1 -2 -1 2 
2 2 2 -1 -1 2 2 | 1 -2 -2 1 -2 -1 2 
2 2 2 -1 -1 2 2 | 1 2 2 -1 -1 2 1 -2 -1 2 
2 -1 -2 1 2 -1 2 | 1 2 2 -1 -1 2 1 -2 -1 2 
2 -1 -2 1 2 -1 2 | 1 2 2 -1 2 -1 2 -1 2 
2 -1 -2 1 2 -1 2 | 1 2 -1 2 1 -2 -1 2 -1 2 
2 -1 -2 1 2 -1 2 | 1 2 -1 2 2 2 -1 -1 2 
2 -1 -2 1 2 -1 2 | 2 1 2 -1 -1 2 
2 -1 -2 1 2 -1 2 | 2 2 1 -2 -2 -1 2 
2 -1 -2 1 2 -1 2 | 2 2 1 -2 -1 2 2 -1 
2 -1 -2 1 2 -1 2 | 2 2 2 2 -1 2 -1 
2 -1 -2 1 2 -1 2 | 2 2 2 -1 2 1 -2 -1 
2 -1 2 2 -1 2 2 | 2 2 2 -1 2 1 -2 -1 
2 -1 2 2 -1 2 2 | 1 -2 1 -2 -1 
2 -1 2 2 | 1 -2 1 -2 -1 
2 | 1 -2 1 -2 -1 
2 | 1 -2 
2 | 1 
6
-1 2 2 2 1 -2 -2 -2 -2 | -1 2 2 2 2 2 
-1 2 2 2 2 | -1 2 2 2 2 2 
-1 2 2 2 2 | 2 
-1 2 2 2 | 2 
-1 2 2 | 2 
-1 2 | 2 
-1 | 2 
18
-1 2 2 2 1 -2 -2 -2 -2 | -1 2 -1 -2 1 2 
-1 2 2 1 2 -1 -2 -2 -2 | -1 2 -1 -2 1 2 
-1 2 2 1 1 -2 -1 -2 -2 | -1 2 -1 -2 1 2 
-1 2 1 2 -1 2 1 -2 -1 -2 -2 | -1 2 -1 -2 1 2 
-1 2 1 2 2 -1 -1 -2 -2 | -1 2 -1 -2 1 2 
-1 2 1 2 2 -1 -1 -2 -2 | -1 2 2 2 -1 -1 -2 
-1 2 1 -2 1 -2 | -1 2 2 2 -1 -1 -2 
-1 2 1 -2 1 -2 | -1 2 2 1 -2 -1 2 -1 -2 
-1 2 1 -2 1 -2 | -1 2 2 1 -2 -2 -1 
-1 2 1 -2 1 -2 | -1 2 1 2 -1 -2 -1 
-1 2 1 -2 1 -2 | -1 2 1 1 -2 -1 -1 
-1 2 1 -2 1 -2 | 2 -1 2 1 -2 -1 -1 
-1 2 1 -2 1 -2 | 2 2 -1 -1 -1 
-1 2 1 -2 1 -2 | 2 1 -2 -1 2 -1 -1 
1 -2 1 1 -2 | 2 1 -2 -1 2 -1 -1 
1 -2 1 1 -2 | 2 1 -2 -2 
1 -2 1 | 2 1 -2 -2 
1 | 2 1 -2 -2 
1 | -2 
11
-1 2 2 2 1 -2 -2 -2 -2 | -1 -1 -2 1 2 2 
-1 2 2 2 -1 -2 1 -2 -2 | -1 -1 -2 1 2 2 
-1 2 -1 2 1 -2 1 -2 -2 | -1 -1 -2 1 2 2 
-1 2 -1 2 1 -2 -1 -2 1 | -1 -1 -2 1 2 2 
-1 2 -1 2 1 -2 -1 -2 1 | -1 -2 -1 2 2 
-1 2 -1 -1 2 -1 -2 1 | -1 -2 -1 2 2 
-1 2 -1 -1 -2 1 1 | -1 -2 -1 2 2 
-1 2 -1 -1 -2 1 1 | -1 -1 -1 2 
-2 1 1 | -1 -1 -1 2 
-2 1 1 | -1 
-2 1 | -1 
-2 | -1 
17
-1 2 2 2 1 -2 -2 -2 -2 | -1 -1 -2 1 -2 -2 
-1 2 2 2 2 1 1 -2 -2 | -1 -1 -2 1 -2 -2 
-1 2 2 2 2 1 2 1 1 | -1 -1 -2 1 -2 -2 
-1 2 2 2 2 1 2 1 1 | -1 -1 -2 1 2 1 2 1 2 
-1 2 2 2 2 1 2 1 1 | -1 -1 -2 -2 -2 -2 1 2 
2 -1 2 1 1 | -1 -1 -2 -2 -2 -2 1 2 
2 -1 -2 -2 -2 1 2 | -1 -1 -2 -2 -2 -2 1 2 
2 -1 -2 -2 -2 1 2 | -1 -2 -2 -1 -2 1 2 
-1 2 1 -2 1 2 | -1 -2 -2 -1 -2 1 2 
-1 2 1 1 2 2 1 | -1 -2 -2 -1 -2 1 2 
-1 2 1 1 2 2 1 | 1 2 -1 -2 1 2 
2 1 2 1 2 2 1 | 1 2 -1 -2 1 2 
2 2 1 2 1 | 1 2 -1 -2 1 2 
2 2 2 1 -2 | 1 2 -1 -2 1 2 
2 2 2 1 -2 | -2 -1 -2 1 2 
2 2 2 1 -2 | 1 2 
2 | 1 2 
2 | 1 
165
-1 2 2 2 1 -2 -2 -2 -2 | -1 -1 -2 -2 1 -2 
-1 2 2 2 1 -2 -2 -2 -2 | -1 -2 -2 -2 -2 -1 2 1 -2 
-1 2 2 2 1 -2 -2 -2 -2 | -2 -2 -2 -2 -1 -2 -1 2 1 -2 
-1 2 2 1 2 1 2 | -2 -2 -2 -2 -1 -2 -1 2 1 -2 
-1 2 2 1 2 1 2 | -2 -2 -2 -1 2 2 2 1 -2 
-1 2 2 1 2 1 2 | -2 -2 -2 -1 2 1 -2 -1 -2 -2 
-1 2 2 1 2 1 2 | -2 -2 -2 -1 2 1 1 2 -1 
-1 -2 -1 2 1 1 2 2 1 2 | -2 -2 -2 -1 2 1 1 2 -1 
-1 -2 -1 2 1 1 2 2 1 2 | -2 -2 1 -2 -1 -2 -1 
-1 -2 -1 2 1 1 1 -2 -1 | -2 -2 1 -2 -1 -2 -1 
-1 -2 -1 2 1 1 1 -2 -1 | -2 -2 1 -2 1 2 -1 -1 -1 -2 
-1 -2 -1 -2 -2 1 -2 | -2 -2 1 -2 1 2 -1 -1 -1 -2 
-1 -2 -1 -2 -2 1 -2 | 1 2 1 1 2 -1 -1 -1 -2 
-1 -2 -1 -2 -2 1 -2 | 1 2 1 -2 -1 -2 -2 -1 -1 -2 
-1 -2 -1 -2 -2 1 -2 | 1 2 2 2 1 -2 -1 -1 -2 
-1 -2 -1 -2 -2 1 -2 | 1 2 2 2 2 2 1 2 -1 -2 
-1 -2 -1 -2 -2 1 -2 | 1 2 2 2 2 -1 -2 -2 -2 
-1 -2 -2 -2 -2 -2 -1 2 1 -2 | 1 2 2 2 2 -1 -2 -2 -2 
-1 -2 -2 -2 -2 -2 -1 2 1 -2 | 2 1 -2 -1 -2 -1 -2 -2 -2 
-1 -2 -2 -2 -2 -2 -1 2 1 -2 | 2 1 -2 -1 -1 -2 1 2 2 
-1 -2 -2 1 -2 -1 -2 | 2 1 -2 -1 -1 -2 1 2 2 
-1 -2 -2 1 -2 -1 -2 | 2 2 2 1 2 -1 -2 1 2 2 
-1 -2 -2 1 -2 -1 -2 | 2 2 -1 -2 -2 -2 1 2 2 
-1 2 1 -2 -2 -2 -2 -2 -1 -2 | 2 2 -1 -2 -2 -2 1 2 2 
-1 2 1 -2 -1 -2 -2 -2 -2 | 2 2 -1 -2 -2 -2 1 2 2 
-1 2 1 -2 -1 -2 -2 -2 -2 | 2 2 -1 -2 -2 1 -2 -1 -2 -2 
-1 2 2 2 1 -2 -2 -2 -2 | 2 2 -1 -2 -2 1 -2 -1 -2 -2 
-1 2 2 2 1 -2 -2 -2 -2 | -2 -2 -1 2 1 -2 -1 -2 -2 
-1 -2 -1 2 1 -2 -2 -2 -2 -2 | -2 -2 -1 2 1 -2 -1 -2 -2 
-1 -2 -1 2 1 -2 -2 -2 -2 -2 | -2 1 2 2 2 2 -1 -2 -2 
-1 -2 -1 -2 -2 1 -2 | -2 1 2 2 2 2 -1 -2 -2 
-1 -2 -1 -2 -2 1 -2 | -2 1 2 2 2 2 2 1 2 -1 
-1 -1 -2 1 2 2 2 1 -2 | -2 1 2 2 2 2 2 1 2 -1 
-1 -1 -2 1 2 2 2 1 -2 | 1 1 2 -1 2 2 1 2 -1 
-1 -1 -2 1 2 1 -2 -1 -2 -2 | 1 1 2 -1 2 2 1 2 -1 
-1 -1 -2 1 2 1 -2 -1 -2 -2 | 1 1 2 -1 -1 -1 -2 1 2 
1 -2 -1 -2 -1 -2 -2 | 1 1 2 -1 -1 -1 -2 1 2 
1 -2 -1 -2 -1 -2 -2 | 1 -2 -1 -2 -2 -1 -1 -2 1 2 
1 -2 -1 -2 -1 -2 -2 | 2 2 1 -2 -1 -1 -2 1 2 
1 -2 -1 -2 -1 -2 -2 | 2 2 2 2 1 2 -1 -2 1 2 
1 -2 -1 -2 -1 -2 -2 | 2 2 2 -1 -2 -2 -2 1 2 
1 -2 -1 -2 -1 -2 -2 | 2 2 2 -1 -2 1 2 1 2 2 
1 2 2 2 2 -1 -2 -2 -2 | 2 2 2 -1 -2 1 2 1 2 2 
-2 -1 2 1 -2 -1 -2 -2 -2 | 2 2 2 -1 -2 1 2 1 2 2 
-2 -1 2 1 -2 -1 -2 -2 -2 | 2 2 -1 -2 -2 -2 1 2 2 
-2 -1 2 1 -2 -1 -2 -2 -2 | 2 2 -1 -2 -2 1 -2 -1 -2 -2 
-2 -1 2 2 2 1 -2 -2 -2 | 2 2 -1 -2 -2 1 -2 -1 -2 -2 
-2 -1 2 2 2 1 -2 -2 -2 | -2 -2 -1 2 1 -2 -1 -2 -2 
-2 -1 -2 -1 2 1 -2 -2 -2 -2 | -2 -2 -1 2 1 -2 -1 -2 -2 
-2 -1 -2 -1 2 1 -2 -2 -2 -2 | -2 1 2 2 2 2 -1 -2 -2 
-2 -1 -2 -1 -2 -2 1 | -2 1 2 2 2 2 -1 -2 -2 
-2 -1 -2 -2 -2 -2 -2 -1 2 1 | -2 1 2 2 2 2 -1 -2 -2 
-2 -1 -2 -2 -2 -2 -2 -1 2 1 | 1 -2 -1 -2 -1 -2 -2 
-2 -1 -2 -2 -2 -2 -2 -1 2 1 | 1 -2 -1 -1 -2 1 2 2 2 
-2 -1 -2 -2 1 -2 -1 | 1 -2 -1 -1 -2 1 2 2 2 
-2 -1 -2 -2 1 -2 -1 | 2 2 1 2 -1 -2 1 2 2 2 
-2 -1 -2 -2 1 -2 -1 | 2 -1 -2 -2 -2 1 2 2 2 
-2 -1 2 1 -2 -2 -2 -2 -2 -1 | 2 -1 -2 -2 -2 1 2 2 2 
-2 -1 2 1 -2 -1 -2 -2 -2 | 2 -1 -2 -2 -2 1 2 2 2 
-2 -1 2 1 -2 -1 -2 -2 -2 | 2 -1 -2 -2 1 -2 -1 -2 
-2 -1 2 1 -2 1 2 -1 -2 | 2 -1 -2 -2 1 -2 -1 -2 
-2 -1 2 1 -2 1 2 -1 -2 | -1 2 -1 -2 1 1 -2 -1 -2 
-2 1 -2 -1 -1 -2 | -1 2 -1 -2 1 1 -2 -1 -2 
-2 1 -2 -1 -1 -2 | -1 2 -1 -2 1 2 2 1 -2 
-2 -2 -2 -1 2 1 -2 -1 -2 | -1 2 -1 -2 1 2 2 1 -2 
-2 -2 -2 -1 2 1 -2 -1 -2 | -1 -1 -2 -2 1 -2 
-2 -2 -2 -1 2 2 2 1 -2 | -1 -1 -2 -2 1 -2 
-2 -2 -2 -1 2 2 2 1 -2 | -1 -1 2 1 -2 -2 -2 -2 -2 
-2 -2 -2 -1 2 2 2 1 -2 | -1 -1 2 1 -2 -1 -2 -2 -2 1 
-2 -2 -2 -1 -1 2 1 -2 -2 | -1 -1 2 1 -2 -1 -2 -2 -2 1 
-2 -2 -2 -1 -1 2 1 -2 -2 | 2 2 2 2 -1 -2 -2 -2 1 
-2 -2 -2 -1 -1 2 1 -2 -2 | -2 -1 -1 -2 -2 1 
-2 -2 -1 2 2 2 1 -2 -2 | -2 -1 -1 -2 -2 1 
-2 -2 -1 2 1 -2 -1 -2 -2 | -2 -1 -1 -2 -2 1 
-2 -2 -1 2 1 -2 -1 -2 -2 | -2 -1 2 -1 -2 1 2 2 1 
1 -2 -1 -1 -2 -2 | -2 -1 2 -1 -2 1 2 2 1 
1 -2 -1 -1 -2 -2 | -2 -1 2 -1 -2 1 1 -2 -1 
-1 2 1 -2 1 2 -1 -2 -2 | -2 -1 2 -1 -2 1 1 -2 -1 
-1 2 1 -2 1 2 -1 -2 -2 | -1 -2 -2 1 -2 -1 
-1 2 1 -2 -1 -2 -2 -2 -2 | -1 -2 -2 1 -2 -1 
-1 2 2 2 1 -2 -2 -2 -2 | -1 -2 -2 1 -2 -1 
-1 2 2 2 1 -2 -2 -2 -2 | -1 2 1 -2 -2 -2 -2 -2 -1 
-1 2 2 2 1 -2 -2 -2 -2 | -1 2 1 -2 -1 -2 -2 -2 
-1 -1 2 1 -2 -2 -2 -2 -2 | -1 2 1 -2 -1 -2 -2 -2 
-1 -1 2 1 -2 -2 -2 -2 -2 | 1 2 2 2 2 -1 -2 -2 -2 
-1 -1 -2 -2 1 -2 | 1 2 2 2 2 -1 -2 -2 -2 
-1 -2 -2 -2 -2 -1 2 1 -2 | 1 2 2 2 2 -1 -2 -2 -2 
-1 -2 -2 -2 -2 -1 2 1 -2 | 2 1 -2 -1 -1 -2 -2 -2 
-1 -2 -2 -2 -2 -1 2 1 -2 | 2 1 -2 -1 2 -1 -2 1 2 
-1 -2 -2 1 -2 -1 | 2 1 -2 -1 2 -1 -2 1 2 
-2 -1 2 -1 -2 1 1 -2 -1 | 2 1 -2 -1 2 -1 -2 1 2 
-2 -1 2 -1 -2 1 1 -2 -1 | 2 1 1 2 -1 2 
-2 -1 2 -1 -2 1 2 2 1 | 2 1 1 2 -1 2 
-2 -1 2 -1 -2 1 2 2 1 | 2 1 2 -1 -2 1 2 2 2 
-2 -1 -1 -2 -2 1 | 2 1 2 -1 -2 1 2 2 2 
-2 -1 -1 -2 -2 1 | 2 -1 -2 -2 -2 1 2 2 2 
-2 -1 -1 -2 -2 1 | 2 -1 -2 1 1 2 2 2 2 
2 2 2 2 -1 -2 -2 -2 1 | 2 -1 -2 1 1 2 2 2 2 
-1 -1 2 1 -2 -1 -2 -2 -2 1 | 2 -1 -2 1 1 2 2 2 2 
-1 -1 2 1 -2 -1 -2 -2 -2 1 | 2 -1 -2 1 2 1 -2 -1 2 
-1 -1 2 1 -2 -1 -2 -2 -2 1 | -1 -2 -2 1 -2 -1 2 
-1 -1 2 1 -2 -1 -2 -2 -2 1 | -1 -2 -2 1 2 2 1 2 -1 
-1 -1 2 -1 -2 -2 1 -2 1 | -1 -2 -2 1 2 2 1 2 -1 
-1 -1 2 -1 -2 -2 1 -2 1 | -2 1 2 2 2 1 2 -1 
-1 -1 2 -1 -2 -2 1 -2 1 | -2 1 2 2 2 2 -1 -2 -2 
-1 -1 -2 -2 -2 -1 2 1 -2 1 | -2 1 2 2 2 2 -1 -2 -2 
-1 -1 -2 -2 -2 -1 2 1 -2 1 | 1 -2 -1 2 -1 -2 -2 
-1 -1 -2 -2 -2 -1 2 1 -2 1 | 1 -2 -1 2 2 -1 -2 1 2 
-1 -1 -2 -2 1 -2 -1 2 1 | 1 -2 -1 2 2 -1 -2 1 2 
-1 -1 -2 -2 1 -2 -1 2 1 | 2 2 1 2 -1 -2 1 2 
-1 -1 -2 -2 1 -2 -1 2 1 | 2 2 1 2 -1 -1 -2 -2 1 
-2 -1 -2 -2 -2 -1 2 1 | 2 2 1 2 -1 -1 -2 -2 1 
-2 -1 -2 -2 -2 -1 2 1 | -2 -1 2 -1 -2 -2 1 
-2 -2 1 2 -1 -2 -1 2 1 | -2 -1 2 -1 -2 -2 1 
-2 -2 1 2 -1 -2 -1 2 1 | -2 -1 2 -1 -1 -2 1 2 1 -2 
-2 -2 1 -2 -1 2 -1 | -2 -1 2 -1 -1 -2 1 2 1 -2 
-2 -2 1 -2 -1 2 -1 | -1 2 2 -1 -2 1 2 1 -2 
-2 -2 -2 -1 2 1 -2 -1 | -1 2 2 -1 -2 1 2 1 -2 
-2 -2 -2 -1 2 1 -2 -1 | -1 2 -1 -2 -2 1 -2 
-2 -2 -2 -1 2 2 2 1 -2 | -1 2 -1 -2 -2 1 -2 
-2 -2 -2 -1 2 2 2 1 -2 | -1 -2 -2 -2 -1 2 1 -2 
1 2 -1 2 2 1 -2 | -1 -2 -2 -2 -1 2 1 -2 
1 2 -1 2 1 2 2 2 1 | -1 -2 -2 -2 -1 2 1 -2 
1 2 2 2 2 1 2 2 2 2 1 | -1 -2 -2 -2 -1 2 1 -2 
2 1 -2 -1 2 1 2 2 2 2 1 | -1 -2 -2 -2 -1 2 1 -2 
2 1 2 2 1 2 2 2 2 2 1 | -1 -2 -2 -2 -1 2 1 -2 
2 1 2 2 2 1 -2 -1 2 2 1 | -1 -2 -2 -2 -1 2 1 -2 
2 2 1 -2 -2 -1 2 2 1 | -1 -2 -2 -2 -1 2 1 -2 
2 2 1 2 1 2 -1 2 1 | -1 -2 -2 -2 -1 2 1 -2 
-2 -1 2 1 1 2 -1 2 1 | -1 -2 -2 -2 -1 2 1 -2 
-2 -1 2 1 1 2 -1 2 1 | -1 -2 -2 -2 -2 -1 -1 -2 1 
-2 -1 -2 -2 -2 -1 2 1 | -1 -2 -2 -2 -2 -1 -1 -2 1 
-2 1 2 2 -1 2 1 | -1 -2 -2 -2 -2 -1 -1 -2 1 
-2 1 2 2 -1 2 1 | -1 -2 -2 -2 -2 -1 -2 1 2 2 
1 2 2 2 2 2 1 | -1 -2 -2 -2 -2 -1 -2 1 2 2 
1 2 2 2 2 2 1 | 1 2 -1 -2 1 2 2 
1 2 2 2 2 2 1 | 1 2 1 2 2 2 2 1 2 2 
-2 -1 -2 -2 -1 2 1 | 1 2 1 2 2 2 2 1 2 2 
-2 -1 -2 -2 -1 2 1 | 1 2 1 2 2 -1 2 1 2 
-2 -1 -2 -2 -1 2 1 | 1 -2 -1 2 1 2 -1 2 1 2 
-2 -1 -2 -2 -1 2 1 | 1 -2 -1 -2 -1 2 2 1 2 
-2 -1 -2 -2 -1 2 1 | -2 1 2 -1 2 2 1 2 
-2 -1 -2 -2 -1 2 1 | -2 1 2 -1 -1 2 1 
-2 -1 -2 -2 -1 2 1 | -2 -2 -2 -1 2 -1 2 1 
-2 -1 2 -1 -2 1 1 | -2 -2 -2 -1 2 -1 2 1 
-2 -1 2 -1 -2 1 1 | -2 -2 -2 -1 2 1 -2 -1 2 
-2 -1 2 -1 -2 1 1 | -2 -2 -2 1 -2 -1 -1 2 
-2 -1 2 -1 -2 1 1 | -2 -2 -2 1 -2 -2 -1 2 -1 
2 -1 2 2 1 1 | -2 -2 -2 1 -2 -2 -1 2 -1 
2 -1 2 2 1 1 | -2 1 1 -2 -1 2 -1 
2 -1 2 2 1 1 | -2 1 2 2 1 2 -1 
2 -1 2 2 1 1 | -2 1 2 2 -1 -2 -2 
2 -1 -2 1 2 2 1 | -2 1 2 2 -1 -2 -2 
2 -1 -2 1 2 2 1 | -2 1 2 -1 -2 -2 -1 -2 
2 -1 -2 -2 -2 1 2 | -2 1 2 -1 -2 -2 -1 -2 
2 -1 -2 -2 -2 1 2 | -2 1 -2 -1 2 -1 -2 
1 2 -1 -2 1 2 | -2 1 -2 -1 2 -1 -2 
1 2 -1 -2 1 2 | -2 -2 1 2 2 -1 -2 
1 2 -1 -2 1 2 | -2 -2 1 2 -1 -2 -1 
1 2 -1 -2 1 2 | -2 -2 -2 -1 -1 
1 2 -1 -2 1 2 | -2 -2 -1 -2 1 2 -1 
2 1 2 1 2 | -2 -2 -1 -2 1 2 -1 
2 1 2 1 2 | 1 1 2 -1 
2 1 2 | 1 1 2 -1 
2 | 1 1 2 -1 
2 | 1 
44
-1 2 2 2 1 -2 -2 -2 -2 | -1 -2 1 2 -1 -2 
-1 2 2 2 1 -2 -2 -2 -2 | -1 2 2 1 -2 -2 -2 -1 -2 
-1 2 1 2 1 -2 | -1 2 2 1 -2 -2 -2 -1 -2 
-1 -1 2 2 1 -2 -2 1 -2 | -1 2 2 1 -2 -2 -2 -1 -2 
-1 -1 2 2 1 -2 -2 1 -2 | 1 2 -1 -2 -1 -2 
-1 -1 2 1 2 -1 -2 -2 -2 1 -2 | 1 2 -1 -2 -1 -2 
-1 2 -1 -1 -2 -2 -2 1 -2 | 1 2 -1 -2 -1 -2 
-1 2 -1 -1 -2 -2 1 2 1 -2 -2 | 1 2 -1 -2 -1 -2 
-1 2 -1 -1 -2 1 2 1 1 -2 -2 | 1 2 -1 -2 -1 -2 
-1 2 -1 2 1 1 1 -2 -2 | 1 2 -1 -2 -1 -2 
-1 2 2 -1 -2 1 1 -2 -2 | 1 2 -1 -2 -1 -2 
-1 2 2 2 1 -2 1 -2 -2 | 1 2 -1 -2 -1 -2 
-1 2 2 1 2 -1 -2 -2 1 -2 -2 | 1 2 -1 -2 -1 -2 
-1 2 1 2 -1 -1 -2 -2 1 -2 -2 | 1 2 -1 -2 -1 -2 
2 -1 -1 -1 -2 -2 1 -2 -2 | 1 2 -1 -2 -1 -2 
2 -1 -1 -1 -2 -2 1 -2 -2 | -1 -1 -2 -2 -2 -1 -2 
2 -1 2 1 2 1 -2 -2 | -1 -1 -2 -2 -2 -1 -2 
2 -1 2 -1 -2 -2 -2 -2 -2 | -1 -1 -2 -2 -2 -1 -2 
2 -1 2 -1 -2 -2 -2 -2 -2 | -1 -2 1 2 -1 -2 
2 -1 -1 2 1 -2 -2 -2 -2 | -1 -2 1 2 -1 -2 
2 -1 -1 2 1 -2 -2 -2 -2 | -2 -2 -2 -1 2 -1 -2 
2 -1 -1 2 1 1 -2 1 | -2 -2 -2 -1 2 -1 -2 
2 -1 -1 2 1 1 -2 1 | -2 -2 -1 -1 2 1 -2 
2 2 2 2 1 -2 1 | -2 -2 -1 -1 2 1 -2 
2 2 2 2 1 -2 1 | -2 -2 -1 -1 -2 -2 -2 -1 
2 2 2 2 1 -2 1 | -2 -2 -1 -2 1 2 -1 
2 2 -1 -2 1 1 | -2 -2 -1 -2 1 2 -1 
2 2 -1 -2 1 1 | -2 -2 -2 -2 -1 2 -1 
2 1 2 2 2 1 1 | -2 -2 -2 -2 -1 2 -1 
2 1 -2 -1 2 1 | -2 -2 -2 -2 -1 2 -1 
-2 -2 -2 -1 -1 2 1 | -2 -2 -2 -2 -1 2 -1 
-2 -2 -2 -1 -1 2 1 | -2 -1 -2 1 2 -1 
-2 -2 -2 -1 2 -1 -2 | -2 -1 -2 1 2 -1 
-2 -2 -1 -2 -1 -1 -2 | -2 -1 -2 1 2 -1 
-2 -2 -1 -2 -1 2 1 -2 -1 | -2 -1 -2 1 2 -1 
-2 -2 -1 -1 -2 -2 -1 | -2 -1 -2 1 2 -1 
-2 -2 -1 2 1 -2 -1 -2 -1 | -2 -1 -2 1 2 -1 
-2 -1 -2 -2 -1 -2 -1 | -2 -1 -2 1 2 -1 
-2 -1 -2 1 -2 -1 -1 | -2 -1 -2 1 2 -1 
1 -2 -2 -1 -1 | -2 -1 -2 1 2 -1 
1 -2 -2 -1 -1 | 1 2 -1 
1 -2 -2 -1 -1 | -2 -1 
1 -2 -1 | -2 -1 
1 | -2 -1 
1 | -2 
7
-1 2 2 2 1 -2 -2 -2 -2 | -1 -2 -2 -2 -2 -2 
-1 -2 -2 -2 -2 -2 -2 | -1 -2 -2 -2 -2 -2 
-2 | -1 -2 -2 -2 -2 -2 
-2 | -1 -2 -2 -2 -2 
-2 | -1 -2 -2 -2 
-2 | -1 -2 -2 
-2 | -1 -2 
-2 | -1 
80
-1 2 2 2 1 -2 -2 -2 -2 | -1 2 1 2 2 2 -1 
-1 2 2 2 1 -2 -2 -2 -2 | -1 2 1 -2 -1 2 2 2 
2 -1 -2 1 1 -2 -2 -2 -2 | -1 2 1 -2 -1 2 2 2 
2 -1 -2 1 2 1 -2 -1 -2 | -1 2 1 -2 -1 2 2 2 
2 -1 -2 1 2 1 -2 -1 -2 | -1 -1 2 1 2 2 2 
2 -1 -2 1 2 1 2 2 -1 -1 | -1 -1 2 1 2 2 2 
2 -1 -2 1 1 1 -2 -1 -1 | -1 -1 2 1 2 2 2 
2 2 2 2 1 -2 -1 -1 | -1 -1 2 1 2 2 2 
2 2 2 2 1 -2 -1 -1 | -1 -1 2 1 1 1 2 -1 -2 
2 2 2 -1 -1 2 1 | -1 -1 2 1 1 1 2 -1 -2 
2 2 2 -1 -1 2 1 | -2 -2 -2 1 1 2 -1 -2 
2 2 2 -1 -1 2 1 | -2 -2 1 2 2 2 2 -1 -2 
2 2 2 -1 -1 2 1 | -2 -2 1 2 -1 -2 1 -2 
1 2 -1 -2 -1 2 1 | -2 -2 1 2 -1 -2 1 -2 
1 2 -1 -2 -1 2 1 | -2 -2 -1 -2 1 1 -2 
1 2 -1 -2 -1 2 1 | -2 -2 -1 -2 -2 1 2 1 -2 -2 
1 -2 -2 -2 -1 -2 1 | -2 -2 -1 -2 -2 1 2 1 -2 -2 
1 -2 -2 -2 -1 -2 1 | 2 -1 -1 -2 1 2 1 -2 -2 
1 -2 -2 -2 -1 -2 1 | 2 -1 -1 -2 1 2 -1 2 1 2 
1 -2 -1 -1 -2 1 2 | 2 -1 -1 -2 1 2 -1 2 1 2 
1 -2 -1 -1 -2 1 2 | 2 2 -1 -1 2 1 2 
1 -2 -1 -1 -2 1 2 | 2 2 -1 2 1 -2 -1 2 
1 -2 -1 -1 2 2 -1 2 1 | 2 2 -1 2 1 -2 -1 2 
1 -2 -1 -1 2 2 -1 2 1 | 1 1 2 -1 -2 -1 2 
-2 -1 2 2 2 -1 2 1 | 1 1 2 -1 -2 -1 2 
-2 -1 2 2 2 2 1 -2 -1 | 1 1 2 -1 -2 -1 2 
-2 -1 2 2 2 2 1 -2 -1 | 1 -2 -1 2 2 2 -1 2 
-1 -2 1 2 1 -2 -1 | 1 -2 -1 2 2 2 -1 2 
-1 -2 1 1 -2 -2 -2 | 1 -2 -1 2 2 2 -1 2 
-1 -2 1 1 -2 -2 -2 | 1 -2 -1 -1 -2 1 2 
1 2 -1 -2 1 -2 -2 -2 | 1 -2 -1 -1 -2 1 2 
1 2 -1 -2 1 -2 -2 -2 | 1 -2 -1 -1 2 2 -1 2 1 
1 2 1 -2 -1 -1 -2 | 1 -2 -1 -1 2 2 -1 2 1 
1 2 1 -2 -1 -1 -2 | -2 -1 2 2 2 -1 2 1 
1 1 -2 -2 -2 -1 -2 | -2 -1 2 2 2 -1 2 1 
1 1 -2 -2 -2 -1 -2 | -2 -1 2 2 2 1 -2 -2 -2 
1 -2 -2 -2 1 2 -1 -2 | -2 -1 2 2 2 1 -2 -2 -2 
-2 -2 -2 1 2 1 2 -1 -2 | -2 -1 2 2 2 1 -2 -2 -2 
-2 -2 -2 1 2 1 2 -1 -2 | -2 -1 -2 1 2 1 -2 -2 
-2 -2 1 2 2 2 2 -1 -2 | -2 -1 -2 1 2 1 -2 -2 
-2 -2 1 2 -1 -2 1 | -2 -1 -2 1 2 1 -2 -2 
-2 -2 1 2 -1 -2 1 | -2 -2 -1 2 2 2 1 -2 -2 
-2 -2 1 2 -1 -2 1 | -2 -2 -1 2 2 1 -2 -2 1 -2 
-2 -2 1 2 -1 -2 1 | -2 -2 -1 2 1 -2 -2 1 -2 1 -2 
-2 -2 1 2 -1 -2 1 | -2 -2 -2 -2 1 -2 1 -2 1 -2 
-2 -2 1 2 -1 -2 1 | -2 -2 -2 1 -2 -1 2 1 -2 1 -2 
-2 -2 1 2 -1 -2 1 | -2 -2 -2 1 -2 -2 -2 1 1 -2 
-2 -2 1 2 -1 -2 1 | -2 -2 1 -2 -1 -2 1 1 -2 
-2 -2 1 2 -1 -2 1 | -2 -2 1 -2 -2 -1 2 2 1 -2 
-2 -2 1 2 -1 -2 1 | -2 1 -2 -1 -1 2 2 1 -2 
-2 -2 1 2 -1 -2 1 | -2 1 -2 -1 -1 2 1 -2 -2 1 
-2 -2 1 2 -1 -2 1 | -2 1 -2 -1 -2 -2 1 -2 1 
-2 -2 1 2 -1 -2 1 | -2 1 -2 -1 -2 1 -2 -1 2 1 
-2 -2 1 2 -1 -2 1 | -2 1 -2 -2 -1 2 -1 2 1 
-2 -2 1 2 -1 -2 1 | -2 1 -2 -2 -1 -2 1 2 
-2 -2 1 2 -1 -2 1 | 1 -2 -1 -1 -2 1 2 
-2 -2 -1 -2 1 1 | 1 -2 -1 -1 -2 1 2 
-2 -2 -1 -2 1 1 | 1 -2 -1 2 2 -1 2 
-2 -2 -2 -1 2 2 1 | 1 -2 -1 2 2 -1 2 
-2 -2 -2 -1 2 2 1 | 1 2 2 -1 -1 2 
-2 -1 -1 2 2 2 1 | 1 2 2 -1 -1 2 
-2 -1 -1 2 2 2 1 | 1 2 2 2 -1 -2 -2 
-2 -1 2 2 2 -1 2 1 | 1 2 2 2 -1 -2 -2 
2 2 -1 2 -1 2 1 | 1 2 2 2 -1 -2 -2 
2 2 -1 2 -1 2 1 | 1 2 -1 -2 1 -2 -2 -2 
2 2 -1 -2 -2 1 2 | 1 2 -1 -2 1 -2 -2 -2 
2 2 -1 -2 -2 1 2 | 1 2 -1 -2 -2 -2 1 
2 2 -1 -2 -2 1 2 | 1 -2 -2 -1 -2 1 
2 2 -1 -2 -2 1 2 | -2 -2 1 2 -1 -2 1 
2 -1 2 2 -1 -2 1 2 | -2 -2 1 2 -1 -2 1 
2 -1 2 -1 2 2 2 | -2 -2 1 2 -1 -2 1 
2 -1 -2 1 2 -1 2 2 | -2 -2 1 2 -1 -2 1 
-1 2 2 2 -1 2 2 | -2 -2 1 2 -1 -2 1 
-1 2 1 2 -1 2 | -2 -2 1 2 -1 -2 1 
-1 2 1 2 -1 2 | -2 -2 1 2 2 -1 2 
2 2 2 -1 2 | -2 -2 1 2 2 -1 2 
2 2 2 -1 2 | -2 -2 1 -2 
2 | -2 -2 1 -2 
2 | -2 -2 1 
2 | -2 1 
2 | 1 
16
-1 2 2 2 1 -2 -2 -2 -2 | -1 2 1 2 2 -1 2 
-1 2 2 2 2 -1 2 1 -2 -2 | -1 2 1 2 2 -1 2 
-1 2 2 -1 -2 1 1 -2 -2 | -1 2 1 2 2 -1 2 
-1 2 2 -1 -2 1 1 -2 -2 | -1 2 2 2 -1 -2 1 2 
-1 -2 1 -2 1 -2 -2 | -1 2 2 2 -1 -2 1 2 
-2 -2 -2 1 -2 -2 1 -2 -2 | -1 2 2 2 -1 -2 1 2 
-2 -2 -2 1 2 -1 -2 1 -2 | -1 2 2 2 -1 -2 1 2 
-2 -2 1 -2 -2 -2 -2 1 -2 | -1 2 2 2 -1 -2 1 2 
-2 -2 1 -2 -1 -2 1 | -1 2 2 2 -1 -2 1 2 
2 -1 -2 -2 1 | -1 2 2 2 -1 -2 1 2 
2 -1 -2 -2 1 | -1 2 2 2 -1 2 1 
2 -1 2 2 | -1 2 2 2 -1 2 1 
2 -1 2 2 | -1 2 1 
-1 2 2 | -1 2 1 
-1 2 | -1 2 1 
-1 2 | 1 
2 | 1 
9
-1 2 2 2 1 -2 -2 -2 -2 | -1 2 1 2 2 -1 -2 
-1 2 2 -1 2 1 -2 -2 | -1 2 1 2 2 -1 -2 
-1 2 2 -1 2 1 -2 -2 | -1 2 2 2 -1 
-1 2 2 -1 2 -1 2 | -1 2 2 2 -1 
-1 2 2 -1 2 -1 2 | -2 1 -2 1 2 -1 
-1 2 2 -1 2 -1 2 | 2 -1 2 2 -1 
-1 2 | 2 -1 2 2 -1 
-1 2 | 2 -1 2 
-1 2 | 2 
-1 | 2 
56
-1 2 2 2 1 -2 -2 -2 -2 | -1 2 1 -2 -1 2 2 
-1 2 2 2 1 -2 -2 -2 -2 | -1 2 1 2 2 2 -1 -2 
-1 2 2 -1 2 1 -2 | -1 2 1 2 2 2 -1 -2 
-1 2 2 -1 -1 2 1 2 2 | -1 2 1 2 2 2 -1 -2 
-1 2 2 -1 -1 2 1 2 2 | 1 -2 -2 1 2 -1 -2 
-1 2 2 -1 -2 -2 1 2 2 2 | 1 -2 -2 1 2 -1 -2 
-1 2 -1 2 2 -1 -2 1 2 2 2 | 1 -2 -2 1 2 -1 -2 
-1 2 -1 2 -1 2 2 2 2 2 | 1 -2 -2 1 2 -1 -2 
-1 2 -1 -2 1 2 -1 2 2 2 2 | 1 -2 -2 1 2 -1 -2 
-1 -1 2 2 2 -1 2 2 2 2 | 1 -2 -2 1 2 -1 -2 
-1 -1 2 1 2 -1 2 2 2 | 1 -2 -2 1 2 -1 -2 
-1 -2 -2 1 2 2 -1 2 2 2 | 1 -2 -2 1 2 -1 -2 
-1 -2 -2 1 1 2 -1 2 2 | 1 -2 -2 1 2 -1 -2 
-1 -2 -2 1 1 2 -1 2 2 | -2 -2 1 1 2 2 -1 -2 
-1 2 1 -2 -1 2 2 | -2 -2 1 1 2 2 -1 -2 
-1 2 1 -2 -1 2 2 | -2 -2 1 1 2 -1 2 2 -1 
-1 2 1 -2 -1 2 2 | -2 -2 1 2 2 -1 2 2 2 -1 
-1 2 1 -2 -1 2 2 | -1 2 1 2 -1 2 2 2 -1 
-1 2 1 -2 -1 2 2 | -1 2 1 2 2 -1 -2 1 2 -1 
-1 2 1 -2 -1 2 2 | -1 2 1 2 2 -1 2 -1 2 
-1 2 1 -2 -1 2 2 | -1 2 1 1 2 -1 -1 2 
-2 1 1 -2 -1 -2 -1 2 2 | -1 2 1 1 2 -1 -1 2 
-2 1 1 -2 -1 -2 -1 2 2 | 2 1 2 2 -1 -1 2 
-2 1 1 -2 -1 -2 1 -2 -2 -1 | 2 1 2 2 -1 -1 2 
-2 1 1 -2 -1 -2 1 -2 -2 -1 | 1 1 -2 -1 -2 -1 2 
-2 -2 1 1 -2 -2 -1 | 1 1 -2 -1 -2 -1 2 
-2 -2 -2 1 2 1 -2 -1 | 1 1 -2 -1 -2 -1 2 
-2 -2 -2 1 2 1 -2 -1 | 1 -2 -1 2 2 -1 2 
-2 -2 -2 1 1 -2 -2 | 1 -2 -1 2 2 -1 2 
-2 -2 -2 1 1 -2 -2 | 1 -2 -1 -2 -2 1 1 -2 -1 2 
-2 1 2 -1 -2 1 -2 | 1 -2 -1 -2 -2 1 1 -2 -1 2 
-2 1 2 -1 -2 1 -2 | 1 -2 -1 -2 -2 1 -2 1 -2 
-2 1 2 -1 -2 1 -2 | 1 -2 -1 -2 1 -2 -1 2 1 -2 
-2 1 2 -1 -2 1 -2 | 1 -2 -2 -1 2 -1 2 1 -2 
-2 1 2 -1 -2 1 -2 | 1 -2 -2 -1 -2 1 
-2 1 2 -1 -2 1 -2 | 2 1 -2 -1 -1 -2 1 
-2 -1 -2 1 1 -2 | 2 1 -2 -1 -1 -2 1 
-2 -1 -2 1 1 -2 | 2 1 -2 -1 2 2 -1 
-2 -2 -1 2 2 1 -2 | 2 1 -2 -1 2 2 -1 
-2 -2 -1 2 2 1 -2 | 2 1 -2 -1 -2 -1 2 2 
-2 -2 -1 -2 1 2 1 | 2 1 -2 -1 -2 -1 2 2 
-2 -2 -1 -2 1 2 1 | 2 1 -2 -2 -2 -1 2 
-2 -2 -1 -2 1 2 1 | -1 2 1 -2 -1 2 
-2 -2 -1 -2 1 2 1 | -1 -1 2 1 2 -1 2 
-2 -1 2 -1 2 1 | -1 -1 2 1 2 -1 2 
-2 -1 2 -1 2 1 | -1 -1 2 1 1 2 -1 
-2 -1 2 1 1 -2 -1 | -1 -1 2 1 1 2 -1 
-2 1 1 -2 -2 -1 | -1 -1 2 1 1 2 -1 
-2 1 1 -2 -2 -1 | -2 -2 1 2 -1 
-2 1 -2 -2 1 -2 -1 | -2 -2 1 2 -1 
-2 1 -2 -2 -2 -2 | -2 -2 1 2 -1 
-2 1 -2 -2 -2 -2 | 2 2 2 2 -1 
-2 | 2 2 2 2 -1 
-2 | 2 2 2 -1 
-2 | 2 2 -1 
-2 | 2 -1 
-2 | -1 
35
-1 2 2 2 1 -2 -2 -2 -2 | -1 2 1 -2 -1 -2 -2 
-1 2 2 2 1 -2 -2 -2 -2 | -1 -2 -2 1 2 2 2 -1 -2 -2 
-1 2 2 2 1 -2 -2 -2 -2 | -1 -2 -2 1 -2 -1 2 
-1 2 1 -2 -1 -2 -2 -2 | -1 -2 -2 1 -2 -1 2 
-1 2 1 -2 -1 -2 -2 -2 | -1 -2 -2 1 2 2 1 2 -1 
-1 2 1 -2 -1 -2 -2 -2 | -1 -2 1 -2 -1 -2 1 2 -1 
-1 2 1 -2 -1 -2 -2 -2 | -1 -2 1 -2 -2 -1 -2 -2 -1 
-1 2 1 -2 -1 -2 -2 -2 | -1 -2 1 -2 -2 -1 2 1 2 -1 -2 
-1 2 1 -2 -1 -2 -2 -2 | -1 -2 1 2 1 2 2 -1 -2 
-1 2 1 -2 -1 -2 -2 -2 | -2 -1 -2 -2 1 2 2 -1 -2 
-1 2 1 -2 -1 -2 -2 -2 | -2 -1 -2 1 -2 -1 -2 -1 -2 
-1 2 1 1 2 -1 2 1 -2 | -2 -1 -2 1 -2 -1 -2 -1 -2 
-1 2 1 1 2 -1 2 1 -2 | -2 -2 -1 2 1 -2 -1 -2 
-1 2 1 1 2 -1 2 1 -2 | -2 -2 -2 -1 -1 -2 -2 
-1 -2 -2 -2 -1 2 1 -2 | -2 -2 -2 -1 -1 -2 -2 
-1 2 2 1 2 1 -2 | -2 -2 -2 -1 -1 -2 -2 
-1 2 2 1 -2 -2 -2 -2 -1 -2 | -2 -2 -2 -1 -1 -2 -2 
-1 2 2 1 1 1 2 -1 -2 | -2 -2 -2 -1 -1 -2 -2 
-1 -2 -2 -2 1 2 -1 -2 | -2 -2 -2 -1 -1 -2 -2 
1 2 2 1 2 -1 -2 | -2 -2 -2 -1 -1 -2 -2 
1 -2 -2 -1 -1 -2 1 2 -1 -2 | -2 -2 -2 -1 -1 -2 -2 
1 -2 -2 -1 -1 -2 1 2 -1 -2 | -2 -1 2 1 -2 -1 -2 
1 -2 -2 -1 -2 -1 -2 -1 -2 | -2 -1 2 1 -2 -1 -2 
1 -2 -1 -2 1 2 -1 -2 -1 -2 | -2 -1 2 1 -2 -1 -2 
-2 1 2 1 2 -1 -2 -1 -2 | -2 -1 2 1 -2 -1 -2 
-2 1 -2 -1 -1 -2 | -2 -1 2 1 -2 -1 -2 
-2 -2 1 2 2 -1 -2 | -2 -1 2 1 -2 -1 -2 
-2 -2 1 2 -1 -2 -2 -1 | -2 -1 2 1 -2 -1 -2 
-2 -2 -2 -2 -1 -2 -1 | -2 -1 2 1 -2 -1 -2 
-2 -2 -2 -1 -2 1 2 -1 | -2 -1 2 1 -2 -1 -2 
-2 -2 -2 -1 -2 1 2 -1 | -2 -1 -2 -2 -1 -2 -2 
1 2 1 2 -1 | -2 -1 -2 -2 -1 -2 -2 
1 2 1 2 -1 | -2 -1 -2 -2 
1 2 1 2 -1 | -2 
1 2 | -2 
1 | -2 
9
-1 2 2 2 1 -2 -2 -2 -2 | -1 2 1 -2 -2 -1 2 
-1 2 2 1 -2 1 -2 -2 | -1 2 1 -2 -2 -1 2 
-1 2 2 1 -2 1 -2 -2 | -1 2 2 -1 -2 
-1 2 -1 2 1 -2 -2 | -1 2 2 -1 -2 
-1 2 -1 -1 | -1 2 2 -1 -2 
-1 2 -1 -1 | -1 2 1 1 -2 
-1 2 -1 -1 | -1 2 -1 
-1 | -1 2 -1 
-1 | -1 2 
-1 | 2 
11
-1 2 2 2 1 -2 -2 -2 -2 | -1 2 1 -2 -2 -1 -2 
-1 2 2 1 2 1 -2 -2 | -1 2 1 -2 -2 -1 -2 
-1 2 2 1 2 1 -2 -2 | -1 -1 -2 -2 -2 
-1 -2 -1 2 1 -2 -2 | -1 -1 -2 -2 -2 
-1 -2 -1 -2 -2 -1 -2 -2 | -1 -1 -2 -2 -2 
-1 -2 1 2 -1 -2 -2 | -1 -1 -2 -2 -2 
-1 -2 1 2 -1 -2 -2 | -1 -2 -1 2 1 -2 
-1 -2 -2 -1 -2 | -1 -2 -1 2 1 -2 
-1 -2 -2 -1 -2 | 2 2 2 1 -2 
-1 -2 | 2 2 2 1 -2 
-1 -2 | 2 
-1 | 2 
21
-1 2 2 2 1 -2 -2 -2 -2 | -1 2 2 1 2 2 -1 
-1 2 2 2 1 -2 -2 -2 -2 | -1 -2 1 2 2 2 2 2 2 -1 
-1 2 2 2 1 -2 -2 -2 -2 | -1 -2 1 2 2 -1 2 2 2 
-1 2 2 1 2 2 -1 -2 | -1 -2 1 2 2 -1 2 2 2 
-1 2 2 1 -2 1 -2 -2 -1 | -1 -2 1 2 2 -1 2 2 2 
-1 2 2 1 -2 1 -2 -2 -1 | -1 -2 -1 2 2 1 2 2 
-1 2 2 1 -2 -2 -1 2 2 | -1 -2 -1 2 2 1 2 2 
-1 2 -1 2 2 2 2 | -1 -2 -1 2 2 1 2 2 
-1 2 -1 2 2 2 2 | -1 -2 -2 1 -2 -2 1 2 2 
-1 2 -1 2 2 2 2 | -1 -2 -2 1 2 2 -1 2 2 2 
-1 2 -1 2 2 2 2 | -1 -2 -2 1 2 1 -2 
-1 2 2 1 -2 -1 2 2 | -1 -2 -2 1 2 1 -2 
2 1 -2 -2 -1 2 2 | -1 -2 -2 1 2 1 -2 
2 1 -2 -2 -1 2 2 | -1 2 1 -2 1 -2 
2 1 -2 -1 2 -1 2 | -1 2 1 -2 1 -2 
2 2 -1 -1 2 | -1 2 1 -2 1 -2 
2 -1 2 1 -2 -1 2 | -1 2 1 -2 1 -2 
2 -1 2 2 -1 | -1 2 1 -2 1 -2 
2 -1 2 2 -1 | -1 2 2 
2 -1 | -1 2 2 
2 -1 | 2 
-1 | 2 
89
-1 2 2 2 1 -2 -2 -2 -2 | -1 2 2 1 2 -1 2 
-1 2 2 2 1 -2 -2 -2 -2 | -1 -2 1 2 2 2 2 2 -1 2 
-1 2 2 2 1 -2 -2 -2 -2 | -1 -2 1 2 -1 2 2 2 2 
-1 2 2 1 2 -1 | -1 -2 1 2 -1 2 2 2 2 
-1 2 2 1 2 -1 | -1 -2 -2 -2 1 2 2 2 2 
-1 -2 1 2 2 2 2 2 -1 | -1 -2 -2 -2 1 2 2 2 2 
-1 -2 1 2 -1 2 2 2 | -1 -2 -2 -2 1 2 2 2 2 
-1 -2 1 2 -1 2 2 2 | -1 -1 -2 1 2 2 2 2 2 
1 -2 -2 -2 -2 -1 2 2 2 | -1 -1 -2 1 2 2 2 2 2 
1 -2 -2 -2 -2 -1 2 2 2 | -1 -1 2 2 1 2 
1 -2 -2 -2 -2 -1 2 2 2 | -1 2 2 2 2 -1 -2 1 2 
-2 1 2 -1 -1 2 2 2 | -1 2 2 2 2 -1 -2 1 2 
-2 1 2 -1 -2 -1 2 1 -2 | -1 2 2 2 2 -1 -2 1 2 
-2 1 2 -1 -2 -1 2 1 -2 | -1 2 2 1 2 -1 
-2 1 2 -1 -2 -1 2 1 -2 | 2 -1 -2 -1 2 1 1 2 -1 
-2 1 1 -2 -1 -2 | 2 -1 -2 -1 2 1 1 2 -1 
-2 1 1 -2 -1 -2 | 2 -1 -2 -1 2 1 -2 -2 1 
-2 1 -2 -1 2 1 -2 -2 -2 | 2 -1 -2 -1 2 1 -2 -2 1 
-2 1 -2 -1 2 1 -2 -2 -2 | 2 -1 -1 2 2 1 
-2 -1 2 2 2 1 -2 -2 -2 | 2 -1 -1 2 2 1 
-2 -1 2 1 1 -2 -2 -2 -2 | 2 -1 -1 2 2 1 
-2 -1 2 1 1 -2 -2 -2 -2 | -2 -2 -2 -2 -1 2 2 2 1 
-2 -1 2 1 1 -2 -2 -2 -2 | -1 -1 -2 1 2 -1 2 2 2 1 
-2 -1 2 1 -2 1 2 -1 -2 | -1 -1 -2 1 2 -1 2 2 2 1 
-1 2 2 1 2 -1 -2 | -1 -1 -2 1 2 -1 2 2 2 1 
-1 2 2 1 -2 -2 1 -2 -1 | -1 -1 -2 1 2 -1 2 2 2 1 
-1 2 2 1 -2 -2 1 -2 -1 | -1 -1 -2 -1 2 2 1 2 1 
2 1 -2 -2 -2 1 -2 -1 | -1 -1 -2 -1 2 2 1 2 1 
2 1 -2 -2 -2 -2 -1 2 2 | -1 -1 -2 -1 2 2 1 2 1 
2 1 -2 -2 -2 -2 -1 2 2 | -1 -1 2 2 2 -1 -2 1 2 1 
1 2 -1 -2 -1 2 2 | -1 -1 2 2 2 -1 -2 1 2 1 
1 2 -1 -2 -2 -1 2 1 -2 | -1 -1 2 2 2 -1 -2 1 2 1 
1 2 -1 -2 -2 -1 2 1 -2 | -1 -1 2 2 1 2 -1 -2 1 
-2 -2 1 -2 -1 2 1 -2 | -1 -1 2 2 1 2 -1 -2 1 
-2 -2 1 -2 -1 2 1 -2 | -1 -1 2 2 1 -2 -2 1 -2 
-1 -2 -2 1 2 1 -2 | -1 -1 2 2 1 -2 -2 1 -2 
-1 -2 -2 1 2 1 -2 | -1 2 1 -2 -2 -2 1 -2 
-1 -2 -2 1 2 1 -2 | -1 2 1 -2 1 2 -1 -2 -2 
-2 -1 2 -1 -2 1 1 2 1 -2 | -1 2 1 -2 1 2 -1 -2 -2 
-2 -1 2 -1 -2 1 1 2 1 -2 | 1 2 1 -2 -1 -2 -2 
-2 -1 2 -1 -2 1 2 2 1 | 1 2 1 -2 -1 -2 -2 
-2 -1 2 -1 -2 1 2 2 1 | 1 -2 -1 2 1 -2 -2 -2 
-2 -1 -2 -2 1 2 1 | 1 -2 -1 2 1 -2 -2 -2 
-2 -1 -2 -2 1 2 1 | -2 -1 2 2 2 1 -2 -2 -2 
-2 -1 2 1 -2 -2 -2 1 | -2 -1 2 2 2 1 -2 -2 -2 
-2 -1 2 1 -2 -2 -2 1 | -2 -1 2 2 1 2 -1 
-2 -1 2 1 -2 -2 -2 1 | -2 -1 2 1 2 -1 2 2 2 2 -1 
-2 -1 2 1 -2 -2 -2 1 | -2 -1 2 1 2 -1 2 1 -2 -1 2 
-2 -1 2 1 -2 -2 -2 1 | -2 -1 2 1 2 2 -1 2 2 -1 2 
-2 -1 2 1 -2 -2 -2 1 | -1 2 2 2 2 2 -1 2 2 -1 2 
-2 -1 2 1 -2 -2 -2 1 | -1 2 2 1 -2 -1 2 2 2 -1 2 
-2 -1 2 1 -2 -2 -2 1 | -1 2 2 1 -2 -2 -1 2 2 
-2 -1 2 1 -2 -2 -2 1 | -1 2 1 2 -1 2 -1 2 2 
-2 -1 2 1 -2 -2 -2 1 | -1 2 1 2 -1 -1 2 1 -2 
-1 -2 1 1 -2 -2 -2 -2 1 | -1 2 1 2 -1 -1 2 1 -2 
-1 -2 1 1 -2 -2 -2 -2 1 | -1 2 1 -2 -2 -2 1 -2 
-1 -2 1 1 -2 -2 -2 -2 1 | -1 2 1 2 2 -1 -2 
2 2 -1 -2 1 -2 -2 -2 -2 1 | -1 2 1 2 2 -1 -2 
2 2 -1 -2 1 -2 -2 -2 -2 1 | -1 2 2 2 2 2 -1 
2 2 -1 -2 1 2 -1 | -1 2 2 2 2 2 -1 
2 2 -1 2 2 2 2 -1 2 -1 | -1 2 2 2 2 2 -1 
2 2 -1 2 2 2 2 -1 2 -1 | -1 2 1 -2 -2 1 -2 
2 -1 2 1 2 2 -1 2 -1 | -1 2 1 -2 -2 1 -2 
2 -1 2 1 2 -1 2 1 -2 -1 | -1 2 1 -2 -2 1 -2 
2 -1 2 2 1 -2 1 -2 -1 | -1 2 1 -2 -2 1 -2 
-1 2 1 1 -2 1 -2 -1 | -1 2 1 -2 -2 1 -2 
-1 2 1 1 2 -1 -2 | -1 2 1 -2 -2 1 -2 
-1 2 1 2 1 -2 -2 -2 | -1 2 1 -2 -2 1 -2 
-1 2 1 2 1 -2 -2 -2 | -1 -1 -2 1 2 1 -2 
2 1 -2 -1 2 1 -2 -2 -2 | -1 -1 -2 1 2 1 -2 
2 1 1 -2 -1 -2 -2 -2 | -1 -1 -2 1 2 1 -2 
1 2 1 -2 -2 -1 -2 -2 -2 | -1 -1 -2 1 2 1 -2 
1 2 1 -2 -2 -1 -2 -2 -2 | -1 -1 2 2 1 2 
1 2 1 -2 -1 -1 -2 | -1 -1 2 2 1 2 
1 2 -1 2 2 -1 -2 | -1 -1 2 2 1 2 
-2 -2 1 2 2 -1 -2 | -1 -1 2 2 1 2 
-2 -2 1 2 2 -1 -2 | -1 2 2 -1 -2 1 2 
-2 1 -2 -2 1 2 -1 -2 | -1 2 2 -1 -2 1 2 
-2 1 -2 -2 1 2 -1 -2 | 2 -1 -2 -2 -2 1 2 
-2 1 2 1 -2 -1 -2 | 2 -1 -2 -2 -2 1 2 
-2 1 2 1 -2 -1 -2 | 2 -1 -2 1 2 -1 
-2 1 2 2 -1 -2 -2 | 2 -1 -2 1 2 -1 
1 -2 1 2 -1 -2 -2 | 2 -1 -2 1 2 -1 
1 1 -2 -2 -2 | 2 -1 -2 1 2 -1 
1 2 -1 -2 1 -2 -2 | 2 -1 -2 1 2 -1 
1 2 -1 -2 1 -2 -2 | 2 -1 2 -1 2 
1 2 -1 -1 | 2 -1 2 -1 2 
1 2 -1 -1 | 2 -1 2 
1 2 -1 -1 | 2 
-1 | 2 
34
-1 2 2 2 1 -2 -2 -2 -2 | -1 2 2 1 2 -1 -2 
-1 2 2 2 1 -2 -2 -2 -2 | -1 -2 1 2 2 2 2 2 -1 -2 
-1 2 2 2 1 -2 -2 -2 -2 | -1 -2 1 2 -1 2 2 
-1 2 2 1 2 -1 -2 -2 | -1 -2 1 2 -1 2 2 
-1 2 2 1 2 -1 -2 -2 | -1 2 1 2 -1 -2 -1 2 2 
-1 2 1 -2 -2 1 -2 | -1 2 1 2 -1 -2 -1 2 2 
-1 2 1 -2 -2 1 -2 | -1 2 1 -2 1 -2 -1 -1 2 2 
-1 2 1 -2 -2 1 -2 | 2 -1 2 1 -2 -1 -1 2 2 
-1 2 1 -2 -2 1 -2 | 2 2 -1 2 -1 -1 2 2 
-1 2 1 -2 -2 1 -2 | 1 -2 -1 2 2 -1 -1 2 2 
-1 2 1 -2 -2 1 -2 | 1 -2 -2 -1 2 -1 2 2 
-1 -2 1 -2 1 1 -2 | 1 -2 -2 -1 2 -1 2 2 
-1 -2 1 -2 1 1 -2 | 1 -2 -2 1 -2 -1 2 
-2 -2 1 -2 -2 1 1 -2 | 1 -2 -2 1 -2 -1 2 
-2 -2 -2 1 2 1 -2 | 1 -2 -2 1 -2 -1 2 
-2 -2 -2 1 2 1 -2 | -2 -1 2 2 1 -2 -1 2 
-2 1 -2 -1 2 1 -2 | -2 -1 2 2 1 -2 -1 2 
-2 1 -2 -1 2 1 -2 | -2 -1 2 2 2 2 -1 
-2 1 1 -2 -2 -2 1 -2 | -2 -1 2 2 2 2 -1 
-2 1 1 2 -1 -2 -2 | -2 -1 2 2 2 2 -1 
-2 1 1 2 -1 -2 -2 | -2 1 2 -1 2 -1 
-2 1 2 1 -2 -2 -2 | -2 1 2 -1 2 -1 
1 -2 1 1 -2 -2 -2 | -2 1 2 -1 2 -1 
1 -2 1 2 -1 -2 1 -2 -2 | -2 1 2 -1 2 -1 
1 1 -2 -2 1 -2 -2 | -2 1 2 -1 2 -1 
1 1 -2 -1 -2 1 -2 | -2 1 2 -1 2 -1 
1 2 -1 -2 -2 1 -2 | -2 1 2 -1 2 -1 
1 2 -1 -2 -2 1 -2 | -1 2 2 2 -1 
1 2 -1 2 -1 -2 | -1 2 2 2 -1 
1 2 -1 2 -1 -2 | 2 -1 2 -1 2 2 -1 
1 -2 1 -2 -2 | 2 -1 2 -1 2 2 -1 
1 -2 1 -2 -2 | 2 -1 
1 -2 -2 | 2 -1 
-2 | 2 -1 
-2 | -1 
9
-1 2 2 2 1 -2 -2 -2 -2 | -1 2 2 1 -2 -2 -1 
-1 2 1 1 -2 -2 | -1 2 2 1 -2 -2 -1 
-1 2 1 1 -2 -2 | -1 2 2 -1 -2 
-1 2 1 -2 -1 | -1 2 2 -1 -2 
-1 -1 2 -1 | -1 2 2 -1 -2 
-1 -1 2 -1 | -1 2 1 1 -2 
-1 -1 2 -1 | -1 2 -1 
-1 | -1 2 -1 
-1 | -1 2 
-1 | 2 
8
-1 2 2 2 1 -2 -2 -2 -2 | -1 2 2 2 1 2 -1 
1 -2 -2 -2 -2 -2 | -1 2 2 2 1 2 -1 
1 -2 -2 -2 -2 -2 | -2 -2 1 2 -1 
1 -2 -2 -2 -2 -2 | 2 2 2 2 -1 
-2 | 2 2 2 2 -1 
-2 | 2 2 2 -1 
-2 | 2 2 -1 
-2 | 2 -1 
-2 | -1 
6
-1 2 2 2 1 -2 -2 -2 -2 | -1 2 2 2 1 -2 -1 
1 -2 -2 -2 | -1 2 2 2 1 -2 -1 
1 -2 -2 -2 | 1 -2 -1 
1 -2 -2 | 1 -2 -1 
1 -2 | 1 -2 -1 
1 -2 | -1 
-2 | -1 
7
-1 2 2 2 1 -2 -2 -2 -2 | -1 2 2 2 2 2 2 
-1 2 2 2 2 2 | -1 2 2 2 2 2 2 
-1 2 2 2 2 2 | 2 
-1 2 2 2 2 | 2 
-1 2 2 2 | 2 
-1 2 2 | 2 
-1 2 | 2 
-1 | 2 
30
-1 2 2 2 1 -2 -2 -2 -2 | -1 2 2 -1 -2 1 2 
-1 2 2 1 2 -1 -2 -2 | -1 2 2 -1 -2 1 2 
-1 2 2 1 2 -1 -2 -2 | -1 2 2 -1 2 1 2 -1 -2 
-1 2 1 -2 -2 1 -2 | -1 2 2 -1 2 1 2 -1 -2 
-1 2 1 -2 -2 1 -2 | -1 2 2 -1 2 1 -2 1 -2 -1 
-1 2 1 -2 -2 1 -2 | -1 2 2 2 -1 2 1 -2 -1 
-1 2 1 -2 -2 1 -2 | -1 2 2 2 2 -1 2 -1 
-1 2 1 -2 -2 1 -2 | -1 2 2 1 -2 -1 2 2 -1 
-1 2 1 -2 -2 1 -2 | -1 2 2 1 -2 -2 -1 2 
-1 2 1 -2 -2 1 -2 | -1 2 1 2 -1 -1 2 
-1 2 1 -2 -2 1 -2 | 2 -1 2 2 2 -1 -1 2 
-1 2 2 2 2 -1 -2 | 2 -1 2 2 2 -1 -1 2 
-1 2 2 2 2 -1 -2 | 2 2 1 -2 -1 -1 2 
1 2 -1 2 -1 -2 | 2 2 1 -2 -1 -1 2 
1 2 -1 2 -1 -2 | 2 2 2 -1 -2 -1 2 
1 2 -1 2 -1 -2 | 2 2 2 -1 -1 2 -1 
1 2 -1 2 -1 -2 | 2 2 -1 2 1 -2 -1 2 -1 
1 2 -1 2 -1 -2 | 2 2 -1 2 2 -1 -1 
1 2 -1 2 -1 -2 | 2 -1 2 1 2 -1 -1 
1 2 -1 2 -1 -2 | -1 2 1 1 2 -1 -1 
-1 -2 1 1 2 -1 -2 | -1 2 1 1 2 -1 -1 
-1 -2 -2 1 1 -2 | -1 2 1 1 2 -1 -1 
-1 -2 -2 1 1 -2 | -1 2 1 -2 -2 
-2 -2 -1 -2 1 1 -2 | -1 2 1 -2 -2 
-2 -2 -2 -2 1 -2 | -1 2 1 -2 -2 
-2 -2 -2 -2 1 -2 | -1 2 2 2 2 
-2 | -1 2 2 2 2 
-2 | -1 2 2 2 
-2 | -1 2 2 
-2 | -1 2 
-2 | -1 
11
-1 2 2 2 1 -2 -2 -2 -2 | -1 2 -1 -2 1 2 2 
-1 2 2 2 1 -2 -2 -2 -2 | -1 2 -1 2 2 1 -2 -2 
-1 2 1 -2 1 -2 -2 | -1 2 -1 2 2 1 -2 -2 
-1 2 1 -2 1 -2 -2 | -1 2 -1 2 2 2 -1 -2 1 
-1 2 1 -2 -1 2 | -1 2 -1 2 2 2 -1 -2 1 
-1 2 1 -2 -1 2 | -1 2 -1 2 2 -1 2 
-1 2 1 -2 -1 2 | 2 -1 2 -1 2 
-1 2 1 -2 -1 2 | 2 2 -1 
-2 1 -2 -1 2 | 2 2 -1 
-1 2 | 2 2 -1 
-1 2 | 2 
-1 | 2 
17
-1 2 2 2 1 -2 -2 -2 -2 | -1 2 -1 -2 1 -2 -2 
-1 2 2 2 2 1 -2 1 -2 -2 | -1 2 -1 -2 1 -2 -2 
-1 2 2 2 2 1 1 -2 1 | -1 2 -1 -2 1 -2 -2 
-1 2 2 2 2 1 1 -2 1 | -1 2 1 2 2 1 -2 -2 
-1 2 2 2 2 1 1 -2 1 | -1 2 1 -2 -1 -2 -2 
-1 2 2 2 2 1 1 -2 1 | -1 2 1 -2 1 2 
-1 2 2 2 2 1 -2 1 -2 | -1 2 1 -2 1 2 
-1 2 2 2 1 -2 -2 | -1 2 1 -2 1 2 
-1 2 2 1 -2 -1 -2 | -1 2 1 -2 1 2 
-1 2 1 -2 -1 -1 -2 | -1 2 1 -2 1 2 
-1 2 1 -2 -1 -1 -2 | 2 1 1 1 2 
-1 2 1 -2 -1 -1 -2 | 2 1 -2 -1 2 1 
-1 -1 -2 -1 -2 | 2 1 -2 -1 2 1 
-1 -2 -1 | 2 1 -2 -1 2 1 
-1 -2 -1 | -1 -2 -1 2 1 
-1 -2 -1 | 2 1 
-1 | 2 1 
-1 | 2 
67
-1 2 2 2 1 -2 -2 -2 -2 | -1 2 -1 -2 -2 1 -2 
-1 2 2 2 1 -2 -2 -2 -2 | -1 -2 -2 -2 -1 2 1 -2 
-1 -1 2 1 -2 -2 -2 -2 -2 | -1 -2 -2 -2 -1 2 1 -2 
-1 -1 2 1 -2 -2 1 2 -1 -2 1 | -1 -2 -2 -2 -1 2 1 -2 
-1 -1 2 1 -2 -2 1 2 -1 -2 1 | -1 -2 -2 1 -2 -1 2 
-1 -1 2 1 -2 -1 -2 -2 -2 1 | -1 -2 -2 1 -2 -1 2 
-1 -1 2 1 -2 -1 -2 -2 -2 1 | -1 -2 -2 1 2 2 1 2 -1 
-1 -1 2 -1 -2 -2 1 -2 1 | -1 -2 -2 1 2 2 1 2 -1 
-1 -1 2 -1 -2 -2 1 -2 1 | -2 1 2 2 2 1 2 -1 
-1 -1 2 -1 -2 -2 1 -2 1 | -2 1 2 2 2 2 -1 -2 -2 
-1 -1 -2 -2 -2 -1 2 1 -2 1 | -2 1 2 2 2 2 -1 -2 -2 
-1 -1 -2 -2 -2 -1 2 1 -2 1 | 1 -2 -1 2 -1 -2 -2 
-1 -1 -2 -2 -2 -1 2 1 -2 1 | 1 -2 -1 2 2 -1 -2 1 2 
-1 -1 -2 -2 1 -2 -1 2 1 | 1 -2 -1 2 2 -1 -2 1 2 
-1 -1 -2 -2 1 -2 -1 2 1 | 2 2 1 2 -1 -2 1 2 
-1 -1 -2 -2 1 -2 -1 2 1 | 2 2 1 2 -1 -1 -2 -2 1 
-2 -1 -2 -2 -2 -1 2 1 | 2 2 1 2 -1 -1 -2 -2 1 
-2 -1 -2 -2 -2 -1 2 1 | -2 -1 2 -1 -2 -2 1 
-2 -2 1 2 -1 -2 -1 2 1 | -2 -1 2 -1 -2 -2 1 
-2 -2 1 2 -1 -2 -1 2 1 | -2 -1 2 -1 -1 -2 1 2 1 -2 
-2 -2 1 -2 -1 2 -1 | -2 -1 2 -1 -1 -2 1 2 1 -2 
-2 -2 1 -2 -1 2 -1 | -1 2 2 -1 -2 1 2 1 -2 
-2 -2 1 -2 -1 2 -1 | -1 2 2 -1 -2 1 -2 1 -2 -1 
-2 -1 2 1 -2 -2 1 2 -1 | -1 2 2 -1 -2 1 -2 1 -2 -1 
-2 -1 2 1 -2 -2 1 2 -1 | 2 -1 -2 -2 1 -2 -1 
-2 -1 2 1 -2 -1 -2 -2 | 2 -1 -2 -2 1 -2 -1 
-2 -1 2 1 -2 -1 -2 -2 | -1 -2 -2 -2 -1 -2 1 -2 -1 
-2 -1 2 1 -2 -1 -2 -2 | -1 -2 -2 -2 -2 -1 -2 -2 -2 -2 -1 
-2 -1 2 1 -2 -1 -2 -2 | -1 -2 -2 -2 -2 -1 -2 1 2 -1 -2 
-2 -1 2 1 -2 -1 -2 -2 | -1 -2 -2 -2 -2 -2 -1 -2 -2 -1 -2 
-2 -1 2 1 -2 -1 -2 -2 | -1 -2 -2 1 2 -1 -2 -2 -2 -1 -2 
-2 -1 2 1 -2 -1 -2 -2 | -1 -2 -2 1 2 2 -1 -2 -2 
-2 -1 2 1 -2 -1 -2 -2 | -1 -2 1 -2 -1 -2 -1 -2 -2 
-2 -1 2 1 -2 -1 -2 -2 | -1 -2 1 -2 -1 -1 -2 1 2 
-2 -2 -1 -1 -2 -2 -2 | -1 -2 1 -2 -1 -1 -2 1 2 
-2 -2 -1 -1 -2 -2 -2 | -1 -2 1 2 2 2 1 2 
-2 -2 -1 -1 -2 -2 -2 | -1 -2 -1 -2 -2 1 2 
-2 -2 -1 -1 -2 -2 -2 | 1 2 2 2 2 -1 -2 -2 1 2 
-2 -2 -1 -1 -2 -2 -2 | 1 -2 -1 -1 -1 -2 -2 1 2 
-2 -2 -1 -1 -2 -2 -2 | 1 -2 -1 2 2 2 1 2 
-2 -2 -1 -1 -2 -2 -2 | 1 -2 -1 -2 -2 -1 2 
-2 -2 -1 -2 -1 -2 -2 -1 -2 -2 | 1 -2 -1 -2 -2 -1 2 
-2 -2 -1 -2 -1 -2 -1 -2 1 | 1 -2 -1 -2 -2 -1 2 
-2 -1 -2 1 2 -1 -2 -1 -2 1 | 1 -2 -1 -2 -2 -1 2 
-2 -1 -2 -2 -2 -1 -1 -2 1 | 1 -2 -1 -2 -2 -1 2 
-2 -1 -2 -2 -2 -1 -1 -2 1 | 2 1 1 2 -1 2 
-2 -1 -2 -2 -1 2 1 | 2 1 1 2 -1 2 
-2 -1 -2 -2 -1 2 1 | 2 1 -2 -2 -1 2 2 
-2 -1 -2 -2 -1 2 1 | 1 2 2 1 -2 -1 2 2 
-2 -1 -2 -2 -1 2 1 | 1 2 1 2 2 2 2 
2 2 2 1 -2 -1 2 1 | 1 2 1 2 2 2 2 
2 2 2 1 -2 -1 2 1 | 1 1 2 -1 2 
2 2 2 1 -2 -2 -1 | 1 1 2 -1 2 
2 2 2 1 -2 -2 -1 | 1 1 -2 -1 2 2 2 2 
-2 1 2 -1 -2 -2 -1 | 1 1 -2 -1 2 2 2 2 
-2 1 2 -1 -2 -2 -1 | 1 -2 -2 -1 2 2 2 
-2 1 -2 -1 2 -1 | 1 -2 -2 -1 2 2 2 
-2 1 -2 -1 2 -1 | 1 -2 -1 2 1 2 2 
-2 1 -2 -1 2 -1 | 2 1 1 2 2 
-2 1 2 2 1 2 -1 | 2 1 1 2 2 
-2 -1 -2 1 2 -1 | 2 1 1 2 2 
-2 -1 -2 1 2 -1 | 1 2 -1 -2 1 2 2 
-2 -1 -2 1 2 -1 | 1 2 2 1 2 
1 2 1 2 -1 | 1 2 2 1 2 
-2 -1 | 1 2 2 1 2 
-2 -1 | 1 2 2 
-2 -1 | 2 
-1 | 2 
60
-1 2 2 2 1 -2 -2 -2 -2 | -1 -1 -2 1 -2 -2 -2 
-1 2 2 2 1 -2 -2 -2 -2 | -1 -1 -2 -2 -2 -2 1 2 
-1 -2 1 2 -1 -2 -2 -2 -2 | -1 -1 -2 -2 -2 -2 1 2 
-1 -2 1 2 1 -2 -1 | -1 -1 -2 -2 -2 -2 1 2 
-1 -2 1 2 1 -2 -1 | -1 -1 -2 -2 -2 1 1 2 -1 
-1 -2 1 2 1 -2 -1 | -1 -1 -2 -2 -2 1 2 1 1 2 -1 -1 
-1 -2 1 2 1 -2 -1 | -1 -1 -2 -2 1 1 2 1 2 -1 -1 
-1 -2 1 2 1 -2 -1 | -1 -1 -2 -2 1 2 1 1 2 2 -1 -1 
-1 -2 1 2 1 -2 -1 | -1 -1 -2 1 1 2 1 2 2 -1 -1 
-1 -2 1 2 1 -2 -1 | 2 -1 -2 1 2 1 2 2 -1 -1 
-1 -2 1 2 1 -2 -1 | 2 1 2 2 2 -1 -1 
2 2 2 -1 2 1 -2 -1 | 2 1 2 2 2 -1 -1 
2 2 2 1 -2 -2 -2 -2 -1 | 2 1 2 2 2 -1 -1 
2 2 2 1 -2 -2 -2 -2 -1 | 2 1 -2 -1 2 2 2 -1 
2 2 2 1 -2 -2 -2 -2 -1 | 2 1 -2 -1 -2 -1 2 2 2 
-2 1 2 1 -2 -2 -2 -1 | 2 1 -2 -1 -2 -1 2 2 2 
-2 1 2 1 -2 -2 -2 -1 | 2 1 -2 -2 -2 -2 -1 2 2 
-2 1 2 1 -2 -2 -2 -1 | -1 2 1 -2 -1 2 2 
-2 1 1 -2 -2 1 -2 -2 -1 | -1 2 1 -2 -1 2 2 
-2 1 1 -2 1 -2 -1 -1 | -1 2 1 -2 -1 2 2 
-2 1 1 1 -2 -1 2 -1 -1 | -1 2 1 -2 -1 2 2 
-2 1 1 1 -2 -1 2 -1 -1 | -1 2 -1 -1 2 1 1 2 
-2 1 1 1 -2 -2 -1 -1 -2 | -1 2 -1 -1 2 1 1 2 
-2 1 1 1 -2 -2 -1 -1 -2 | -1 2 -1 -1 -2 1 1 1 -2 
1 1 -2 1 -2 -1 -1 -2 | -1 2 -1 -1 -2 1 1 1 -2 
1 1 -2 1 -2 -1 -1 -2 | -1 2 2 -1 2 1 -2 
1 1 -2 1 -2 -1 -1 -2 | -1 2 2 1 -2 1 -2 -1 -2 
1 -2 -2 1 2 -1 -2 | -1 2 2 1 -2 1 -2 -1 -2 
1 -2 -2 1 2 -1 -2 | -1 2 1 -2 -2 1 1 -2 -1 -2 
1 -2 -2 1 2 -1 -2 | -2 -2 1 -2 1 1 -2 -1 -2 
1 -2 -2 1 2 -1 -2 | -2 1 -2 -1 2 1 1 -2 -1 -2 
1 -2 -2 1 2 -1 -2 | -2 1 -2 -2 -2 1 2 1 -2 -1 -2 
1 -2 -2 1 2 -1 -2 | -2 1 -2 -2 -2 1 1 -2 -2 -2 
1 -2 -2 1 2 -1 -2 | 1 -2 -1 -2 1 1 -2 -2 -2 
1 -2 -2 1 2 -1 -2 | 1 -2 -2 -1 2 2 1 -2 -2 -2 
1 -2 -2 1 2 -1 -2 | 1 -2 -2 -1 2 1 -2 -2 1 -2 -2 
1 -2 -2 1 2 -1 -2 | 1 -2 -2 -2 -2 1 -2 1 -2 -2 
1 -2 -2 1 2 -1 -2 | 1 -2 -2 -2 1 -2 -1 2 1 -2 -2 
1 -2 -2 1 2 -1 -2 | 1 -2 -2 -2 1 -2 -2 -2 1 -2 
1 -2 -2 1 2 -1 -2 | 1 -2 -2 1 -2 -1 -2 1 -2 
1 -2 -2 1 2 -1 -2 | 1 -2 -2 1 -2 -2 -1 2 
-2 1 2 2 2 -1 -2 | 1 -2 -2 1 -2 -2 -1 2 
-2 1 2 1 -2 -2 -1 | 1 -2 -2 1 -2 -2 -1 2 
-2 1 2 1 -2 -2 -1 | 1 -2 -2 -2 -1 2 2 
-2 1 -2 1 2 -1 | 1 -2 -2 -2 -1 2 2 
-2 1 -2 1 2 -1 | 1 -2 -2 -1 -2 1 2 
-2 1 -2 1 2 -1 | 1 -2 -2 -1 -1 2 1 
-2 1 -2 1 2 -1 | 1 -2 -2 -1 2 -1 -2 1 1 
-2 1 -2 1 2 -1 | 1 -2 -1 -2 -2 1 1 
-2 1 -2 1 2 -1 | -2 1 -2 -2 -2 1 1 
-2 1 -2 1 2 -1 | -2 -2 1 -2 1 -2 -2 1 1 
-2 1 -2 1 2 -1 | -2 -2 1 1 -2 -1 -2 1 1 
-2 1 -2 1 2 -1 | -2 -2 1 1 -2 -2 -1 2 1 
-2 1 -2 1 2 -1 | -2 -2 1 1 -2 -2 -2 1 2 
2 2 -1 2 -1 | -2 -2 1 1 -2 -2 -2 1 2 
2 2 -1 2 -1 | -2 -2 1 1 -2 -1 2 2 
2 2 -1 | -2 -2 1 1 -2 -1 2 2 
2 2 -1 | -2 -2 1 1 -2 
2 2 -1 | 1 -2 
2 | 1 -2 
2 | 1 
9
-1 2 2 2 1 -2 -2 -2 -2 | -1 -1 -2 -2 1 2 2 
-1 2 2 2 1 -2 -2 -2 -2 | -1 -1 2 1 -2 -2 
-1 2 2 1 1 -2 -2 | -1 -1 2 1 -2 -2 
-1 2 2 1 -2 1 1 | -1 -1 2 1 -2 -2 
-1 2 2 1 -2 1 1 | -1 -1 -2 -1 -2 
-1 2 -1 -2 -1 -2 1 1 | -1 -1 -2 -1 -2 
-1 2 1 1 1 | -1 -1 -2 -1 -2 
-1 2 1 1 1 | -1 -2 
1 | -1 -2 
1 | -2 
30
-1 2 2 2 1 -2 -2 -2 -2 | -1 -1 -2 -2 1 -2 -2 
-1 2 2 2 1 -2 -2 -2 -2 | -1 -1 2 1 -2 -2 -2 -2 -2 -2 
-1 2 2 2 1 -2 -2 -2 -2 | -1 -1 2 1 -2 -2 -1 -2 -2 -2 1 
-1 2 2 1 2 2 2 1 -2 -2 | -1 -1 2 1 -2 -2 -1 -2 -2 -2 1 
-1 -2 -1 2 1 2 1 -2 -2 | -1 -1 2 1 -2 -2 -1 -2 -2 -2 1 
-1 -2 -1 2 1 2 1 -2 -2 | -1 -1 -1 -2 1 -2 -2 1 
-1 -2 -2 -2 -1 2 1 -2 -2 | -1 -1 -1 -2 1 -2 -2 1 
-1 -2 -2 -2 -1 2 2 1 1 | -1 -1 -1 -2 1 -2 -2 1 
-1 -2 -2 -2 -1 2 2 1 1 | -1 -1 -1 -2 -2 -2 1 2 1 
1 -2 -1 -1 2 2 1 1 | -1 -1 -1 -2 -2 -2 1 2 1 
1 -2 -1 -1 2 2 1 1 | -2 -1 -1 -2 1 2 1 
1 -2 -1 -1 2 1 2 1 -2 | -2 -1 -1 -2 1 2 1 
1 -2 -1 2 1 -2 -1 2 1 -2 | -2 -1 -1 -2 1 2 1 
1 -2 -1 2 1 1 -2 -1 -2 | -2 -1 -1 -2 1 2 1 
1 1 -2 -2 -1 -2 | -2 -1 -1 -2 1 2 1 
1 1 -2 -2 -1 -2 | -2 -1 2 2 -1 2 1 
1 1 -2 -2 -1 -2 | -2 -1 2 2 1 -2 -2 
1 -2 -2 1 2 -1 -2 | -2 -1 2 2 1 -2 -2 
-2 -2 1 2 1 2 -1 -2 | -2 -1 2 2 1 -2 -2 
-2 -2 1 2 1 2 -1 -2 | -2 -1 -2 1 2 1 -2 
-2 1 2 2 2 -1 -2 | -2 -1 -2 1 2 1 -2 
-2 1 2 -1 -2 1 | -2 -1 -2 1 2 1 -2 
-2 1 2 -1 -2 1 | -2 -2 -1 2 2 1 -2 
-2 1 2 -1 -2 1 | -2 -2 -1 2 1 -2 1 
-2 1 2 -1 -2 1 | -2 -2 -2 1 1 
-2 1 2 -1 -2 1 | -2 -2 1 -2 -1 2 1 
-2 1 -2 1 -2 | -2 -2 1 -2 -1 2 1 
-2 1 -2 1 -2 | -1 -1 2 1 
-2 1 -2 | -1 -1 2 1 
-2 | -1 -1 2 1 
-2 | -1 
6
-1 2 2 2 1 -2 -2 -2 -2 | -1 -1 -2 -2 -2 1 2 
-1 2 2 2 1 -2 -2 -2 -2 | -1 -2 -2 -2 
-1 -2 -2 -2 -2 | -1 -2 -2 -2 
-2 | -1 -2 -2 -2 
-2 | -1 -2 -2 
-2 | -1 -2 
-2 | -1 
8
-1 2 2 2 1 -2 -2 -2 -2 | -1 -1 -2 -2 -2 1 -2 
-2 -1 -2 -2 -2 -2 | -1 -1 -2 -2 -2 1 -2 
-2 -1 -2 -2 -2 -2 | -1 2 2 1 -2 
-2 -2 -1 -2 -2 | -1 2 2 1 -2 
-2 -2 -2 -1 | -1 2 2 1 -2 
-2 -2 -2 -1 | -1 -2 -2 
-2 | -1 -2 -2 
-2 | -1 -2 
-2 | -1 
9
-1 2 2 2 1 -2 -2 -2 -2 | -1 -2 1 2 2 -1 -2 
-1 2 2 -1 -2 1 -2 -2 | -1 -2 1 2 2 -1 -2 
-1 2 2 -1 -2 1 -2 -2 | -1 2 -1 -2 -2 
-1 2 1 2 1 -2 -2 | -1 2 -1 -2 -2 
-1 2 1 -2 -1 -2 | -1 2 -1 -2 -2 
-1 2 1 -2 -1 -2 | -1 -1 -2 -1 -2 
-1 2 1 1 1 | -1 -1 -2 -1 -2 
-1 2 1 1 1 | -1 -2 
1 | -1 -2 
1 | -2 
81
-1 2 2 2 1 -2 -2 -2 -2 | -1 -2 1 2 -1 -2 -2 
-1 2 2 2 1 -2 -2 -2 -2 | -1 -2 1 -2 -2 -2 -1 2 
-1 2 2 2 1 -2 -2 -2 -2 | -1 -2 -2 -2 -2 1 2 -1 2 
-1 -2 1 2 -1 -2 -2 -2 | -1 -2 -2 -2 -2 1 2 -1 2 
-1 -2 1 2 -1 -2 -2 -2 | -2 -1 2 1 -2 1 2 -1 2 
-1 -1 -2 1 -2 -2 -2 | -2 -1 2 1 -2 1 2 -1 2 
-1 -1 -2 1 -2 -2 -2 | -2 -1 2 1 -2 1 -2 -2 -1 -1 
-1 -1 -2 1 -2 -2 -2 | -2 -1 2 1 1 1 2 -1 -1 
-1 -1 -2 1 -2 -2 -2 | -2 -2 -2 -2 1 2 -1 -1 
-1 -1 -2 1 -2 -2 -2 | -1 2 1 1 -2 1 2 -1 -1 
-2 1 2 -1 -1 -2 -2 -2 | -1 2 1 1 -2 1 2 -1 -1 
-2 1 2 -1 -1 -2 -2 -2 | -1 2 1 1 2 2 2 
-2 1 2 2 2 2 -1 -2 -2 | -1 2 1 1 2 2 2 
-2 -1 -2 1 2 -1 -2 -2 | -1 2 1 1 2 2 2 
-2 -1 -2 1 2 -1 -2 -2 | -1 2 1 -2 1 2 -1 
-2 -1 -1 -2 1 -2 -2 | -1 2 1 -2 1 2 -1 
-2 -2 -1 2 -1 -2 -2 1 -2 -2 | -1 2 1 -2 1 2 -1 
-2 -2 -1 2 -1 -2 -2 1 -2 -2 | -1 -2 1 -2 -2 -2 -1 
-2 -2 -1 2 -1 -2 1 1 2 | -1 -2 1 -2 -2 -2 -1 
2 -1 2 1 2 -1 -2 1 1 2 | -1 -2 1 -2 -2 -2 -1 
2 -1 2 1 2 -1 -2 1 1 2 | 2 -1 -2 1 1 -2 -1 
2 -1 2 1 1 2 2 | 2 -1 -2 1 1 -2 -1 
2 1 -2 -1 2 1 2 2 | 2 -1 -2 1 1 -2 -1 
2 1 -2 -1 2 1 2 2 | -1 2 1 2 2 1 1 -2 -1 
2 1 -2 1 2 -1 -1 | -1 2 1 2 2 1 1 -2 -1 
2 1 -2 1 2 -1 -1 | -1 2 1 2 2 2 1 -2 
2 1 -2 1 2 -1 -1 | 1 -2 -1 2 2 2 2 1 -2 
2 1 2 2 2 1 -2 -1 | 1 -2 -1 2 2 2 2 1 -2 
2 1 2 2 2 1 -2 -1 | 1 -2 -1 2 -1 -2 1 
2 1 2 2 2 1 -2 -1 | -2 -2 -2 -1 -1 -2 1 
2 -1 -2 1 1 -2 -1 | -2 -2 -2 -1 -1 -2 1 
2 -1 -2 1 1 -2 -1 | -2 -2 -2 -1 -2 1 2 -1 
-1 2 1 2 2 1 1 -2 -1 | -2 -2 -2 -1 -2 1 2 -1 
-1 2 1 2 2 1 1 -2 -1 | -2 1 1 -2 -1 2 -1 
-1 2 1 2 2 2 1 -2 | -2 1 1 -2 -1 2 -1 
-1 2 1 2 2 2 1 -2 | -2 1 -2 -2 -2 -1 -1 
-2 -2 -2 -1 2 2 2 1 -2 | -2 1 -2 -2 -2 -1 -1 
-2 -2 -2 -1 2 2 2 1 -2 | -2 1 2 -1 -2 -2 -2 -1 
-2 -2 -2 -1 2 2 2 1 -2 | -2 1 2 -1 2 -1 -2 -2 -2 
-2 -2 -1 2 -1 -2 1 -2 | -2 1 2 -1 2 -1 -2 -2 -2 
-2 -2 -1 2 -1 -2 1 -2 | -2 1 2 2 2 2 -1 -2 -2 
-2 -2 -1 2 -1 -2 1 -2 | -1 -2 1 2 -1 -2 -2 
-2 -2 -1 2 2 2 1 -2 -2 | -1 -2 1 2 -1 -2 -2 
-2 -1 -2 -2 -1 2 2 1 -2 -2 | -1 -2 1 2 -1 -2 -2 
-2 -1 -2 -1 -2 -2 -1 2 1 -2 -2 | -1 -2 1 2 -1 -2 -2 
-2 -1 -2 -1 -2 -1 -2 -2 -2 -2 | -1 -2 1 2 -1 -2 -2 
-2 -1 -2 -1 2 1 -2 -1 -2 -2 -2 | -1 -2 1 2 -1 -2 -2 
-2 -1 -1 -2 -2 -2 -1 -2 -2 -2 | -1 -2 1 2 -1 -2 -2 
-2 -1 -1 -2 1 -2 -1 -2 -2 | -1 -2 1 2 -1 -2 -2 
-2 -1 -1 -2 1 2 1 -2 -1 -2 | -1 -2 1 2 -1 -2 -2 
-2 -1 2 2 1 1 -2 -1 -2 | -1 -2 1 2 -1 -2 -2 
-1 -2 -2 -1 2 1 1 -2 -1 -2 | -1 -2 1 2 -1 -2 -2 
-1 -2 -1 -2 -2 1 -2 -1 -2 | -1 -2 1 2 -1 -2 -2 
-1 2 1 -2 -1 -2 1 -2 -1 -2 | -1 -2 1 2 -1 -2 -2 
-1 2 1 2 1 -2 -2 -1 -2 | -1 -2 1 2 -1 -2 -2 
-1 2 1 2 1 1 -2 -1 | -1 -2 1 2 -1 -2 -2 
2 -1 -2 1 1 -2 -1 | -1 -2 1 2 -1 -2 -2 
2 -1 -2 1 1 -2 -1 | -1 -1 -2 1 -2 -2 
2 1 2 2 1 -2 -1 | -1 -1 -2 1 -2 -2 
2 1 2 2 1 -2 -1 | -1 2 2 1 -2 -2 -2 
2 1 1 2 2 -1 | -1 2 2 1 -2 -2 -2 
2 1 1 2 2 -1 | -1 2 2 2 1 1 -2 
-2 -2 1 2 2 2 -1 | -1 2 2 2 1 1 -2 
-2 -2 1 2 2 2 -1 | -1 2 1 2 2 2 1 -2 
-2 -2 1 2 2 2 -1 | -1 2 1 2 1 2 2 
-2 -2 -2 -1 -2 1 2 -1 | -1 2 1 2 1 2 2 
-2 -2 -2 -1 -2 1 2 -1 | 2 -1 -2 -2 1 2 2 
-1 -2 -2 -2 1 2 -1 | 2 -1 -2 -2 1 2 2 
-1 -2 1 -2 -2 -1 | 2 -1 -2 -2 1 2 2 
-1 -2 1 2 -1 -2 -2 | 2 -1 -2 -2 1 2 2 
-1 -2 1 2 -1 -2 -2 | 2 -1 -2 1 2 2 1 2 
-1 -2 1 2 -1 -2 -2 | 2 2 2 1 2 1 2 
-1 -2 1 2 -1 -2 -2 | 2 2 1 2 -1 -2 1 2 
-1 -2 1 2 -1 -2 -2 | 2 2 1 2 2 2 1 
-1 -2 1 2 -1 -2 -2 | 2 1 2 -1 2 1 
2 1 2 2 -1 -2 -2 | 2 1 2 -1 2 1 
2 1 2 2 -1 -2 -2 | 2 1 2 2 2 
-2 -1 -2 -2 | 2 1 2 2 2 
-2 -1 -2 -2 | 2 
-2 -1 -2 | 2 
-2 -1 | 2 
-1 | 2 
22
-1 2 2 2 1 -2 -2 -2 -2 | -1 -2 1 -2 -2 -1 -2 
-1 2 2 2 1 -2 -2 -2 -2 | -1 -2 1 2 2 -1 -2 -2 -2 -2 
-1 -2 -1 -2 1 -2 -2 | -1 -2 1 2 2 -1 -2 -2 -2 -2 
-1 -2 -1 -2 1 -2 -2 | -1 -2 -2 -1 -2 -2 -2 -2 -2 
-1 2 1 2 2 2 2 1 -2 -2 | -1 -2 -2 -1 -2 -2 -2 -2 -2 
-1 2 1 -2 -1 -2 -2 -2 -2 | -1 -2 -2 -1 -2 -2 -2 -2 -2 
-1 2 1 -2 -1 -2 -2 -2 -2 | -1 -2 -1 -2 1 -2 
-2 -1 -2 -2 -1 -2 -2 -2 -2 | -1 -2 -1 -2 1 -2 
1 2 -1 -2 -1 -2 -2 -2 -2 | -1 -2 -1 -2 1 -2 
1 2 -1 -2 -1 -2 -2 -2 -2 | -2 -1 2 2 2 1 -2 
1 2 -1 -2 -2 -2 -1 -2 | -2 -1 2 2 2 1 -2 
1 -2 -1 -1 -2 | -2 -1 2 2 2 1 -2 
1 -2 -1 -1 -2 | -1 2 1 2 2 2 1 -2 
-2 -2 -2 -1 -2 -1 -2 | -1 2 1 2 2 2 1 -2 
-2 -2 -2 -1 -2 -1 -2 | -1 2 1 -2 -1 -2 -2 
-2 -2 -1 -2 1 2 -1 -2 | -1 2 1 -2 -1 -2 -2 
-2 -2 -1 -2 -2 -2 -1 | -1 2 1 -2 -1 -2 -2 
-2 -2 -1 -2 -2 -2 -1 | -1 2 1 2 2 1 
-2 -2 -1 | -1 2 1 2 2 1 
-2 -2 -1 | -1 2 1 
-2 -2 -1 | -1 -2 
-2 | -1 -2 
-2 | -1 
196
-1 2 2 2 1 -2 -2 -2 -2 | -1 -2 -1 -2 -2 1 -2 
-1 2 2 2 1 -2 -2 -2 -2 | -1 -2 -2 -2 -2 -2 -1 2 1 -2 
-1 -2 -2 -1 2 1 -2 -2 -2 -2 -2 | -1 -2 -2 -2 -2 -2 -1 2 1 -2 
-1 -2 -2 -1 2 1 1 2 -1 -2 1 | -1 -2 -2 -2 -2 -2 -1 2 1 -2 
-1 -2 -2 -1 2 1 1 2 -1 -2 1 | -1 -2 -2 1 -2 -1 -2 
-1 -2 -2 -1 2 1 -2 -1 -2 -2 -2 1 | -1 -2 -2 1 -2 -1 -2 
-1 -2 -2 -1 2 2 2 1 -2 -2 1 | -1 -2 -2 1 -2 -1 -2 
-1 -2 -2 -1 2 2 2 1 -2 -2 1 | -1 2 1 -2 -2 -2 -2 -2 -1 -2 
-1 -2 -2 -1 2 2 2 1 -2 -2 1 | -1 2 1 -2 -1 -2 -2 -2 -2 
-1 -2 -2 -1 2 2 2 1 -2 -2 1 | -1 2 1 -2 -1 -1 -2 -2 -2 1 
-1 -2 -2 -1 2 1 -2 -1 -2 -2 1 | -1 2 1 -2 -1 -1 -2 -2 -2 1 
-1 -2 -2 -1 2 1 -2 1 2 | -1 2 1 -2 -1 -1 -2 -2 -2 1 
-1 -2 -2 -1 2 1 -2 1 2 | -1 -2 -1 2 1 -2 -1 -2 -2 -2 1 
-1 2 2 1 1 2 | -1 -2 -1 2 1 -2 -1 -2 -2 -2 1 
-1 2 2 1 1 2 | -1 -2 -1 2 1 -2 1 2 -1 -2 1 
-1 -1 2 1 -2 1 2 1 2 | -1 -2 -1 2 1 -2 1 2 -1 -2 1 
-1 -1 2 1 -2 1 2 1 2 | -1 -2 1 -2 -1 -1 -2 1 
-1 -1 2 1 -2 1 2 1 2 | -2 1 2 1 2 -1 -2 -1 -1 -2 1 
-1 -1 2 2 1 1 2 1 | -2 1 2 1 2 -1 -2 -1 -1 -2 1 
-1 -1 2 2 1 1 2 1 | -2 1 2 1 2 -1 -1 2 1 
-1 -1 2 2 1 2 -1 -2 1 1 -2 | -2 1 2 1 2 -1 -1 2 1 
-1 -1 2 2 1 2 -1 -2 1 1 -2 | -2 1 2 -1 2 2 1 2 
-1 -2 -1 2 -1 -2 1 1 -2 | -2 1 2 -1 2 2 1 2 
-1 -2 -1 2 -1 -2 1 1 -2 | -2 1 2 -1 2 -1 2 -1 -2 1 1 
-1 -2 -2 1 -2 -1 | -2 1 2 -1 2 -1 2 -1 -2 1 1 
-1 -2 -2 1 -2 -1 | -2 -1 -2 -1 2 -1 -2 1 1 
-1 -2 -2 1 -2 -1 | -2 -1 -2 -1 2 -1 -2 -2 -2 1 -2 
-1 2 1 -2 1 2 1 2 -1 | -2 -1 -2 -1 2 -1 -2 -2 -2 1 -2 
-1 2 1 -2 1 2 1 2 -1 | -1 -1 -2 -2 1 -2 
-1 2 1 -2 1 2 -1 -2 -2 | -1 -1 -2 -2 1 -2 
-1 2 1 -2 -1 -2 -2 -2 -2 | -1 -1 -2 -2 1 -2 
-1 2 2 2 1 -2 -2 -2 -2 | -1 -1 -2 -2 1 -2 
-1 2 2 2 1 -2 -2 -2 -2 | -1 -2 -2 -2 -2 -1 2 1 -2 
-1 2 2 2 1 -2 -2 -2 -2 | -2 -2 -2 -2 -1 -2 -1 2 1 -2 
-1 2 2 1 2 1 2 | -2 -2 -2 -2 -1 -2 -1 2 1 -2 
-1 2 2 1 2 1 2 | -2 -2 -2 -1 2 2 2 1 -2 
-1 2 2 1 2 1 2 | -2 -2 -2 -1 2 1 -2 -1 -2 -2 
-1 2 2 1 2 1 2 | -2 -2 -2 -1 2 1 1 2 -1 
-1 -2 -1 2 1 1 2 2 1 2 | -2 -2 -2 -1 2 1 1 2 -1 
-1 -2 -1 2 1 1 2 2 1 2 | -2 -2 1 -2 -1 -2 -1 
-1 -2 -1 2 1 1 1 -2 -1 | -2 -2 1 -2 -1 -2 -1 
-1 -2 -1 2 1 1 1 -2 -1 | -2 -2 1 -2 1 2 -1 -1 -1 -2 
-1 -2 -1 -2 -2 1 -2 | -2 -2 1 -2 1 2 -1 -1 -1 -2 
-1 -2 -1 -2 -2 1 -2 | 1 2 1 1 2 -1 -1 -1 -2 
-1 -2 -1 -2 -2 1 -2 | 1 2 1 -2 -1 -2 -2 -1 -1 -2 
-1 -2 -1 -2 -2 1 -2 | 1 2 2 2 1 -2 -1 -1 -2 
-1 -2 -1 -2 -2 1 -2 | 1 2 2 2 2 2 1 2 -1 -2 
-1 -2 -1 -2 -2 1 -2 | 1 2 2 2 2 -1 -2 -2 -2 
-1 -2 -2 -2 -2 -2 -1 2 1 -2 | 1 2 2 2 2 -1 -2 -2 -2 
-1 -2 -2 -2 -2 -2 -1 2 1 -2 | 2 1 -2 -1 -2 -1 -2 -2 -2 
-1 -2 -2 -2 -2 -2 -1 2 1 -2 | 2 1 -2 -1 -1 -2 1 2 2 
-1 -2 -2 1 -2 -1 -2 | 2 1 -2 -1 -1 -2 1 2 2 
-1 -2 -2 1 -2 -1 -2 | 2 2 2 1 2 -1 -2 1 2 2 
-1 -2 -2 1 -2 -1 -2 | 2 2 -1 -2 -2 -2 1 2 2 
-1 2 1 -2 -2 -2 -2 -2 -1 -2 | 2 2 -1 -2 -2 -2 1 2 2 
-1 2 1 -2 -1 -2 -2 -2 -2 | 2 2 -1 -2 -2 -2 1 2 2 
-1 2 1 -2 -1 -2 -2 -2 -2 | 2 2 -1 -2 -2 1 -2 -1 -2 -2 
-1 2 2 2 1 -2 -2 -2 -2 | 2 2 -1 -2 -2 1 -2 -1 -2 -2 
-1 2 2 2 1 -2 -2 -2 -2 | -2 -2 -1 2 1 -2 -1 -2 -2 
-1 -2 -1 2 1 -2 -2 -2 -2 -2 | -2 -2 -1 2 1 -2 -1 -2 -2 
-1 -2 -1 2 1 -2 -2 -2 -2 -2 | -2 1 2 2 2 2 -1 -2 -2 
-1 -2 -1 -2 -2 1 -2 | -2 1 2 2 2 2 -1 -2 -2 
-1 -2 -1 -2 -2 1 -2 | -2 1 2 2 2 2 2 1 2 -1 
-1 -1 -2 1 2 2 2 1 -2 | -2 1 2 2 2 2 2 1 2 -1 
-1 -1 -2 1 2 2 2 1 -2 | 1 1 2 -1 2 2 1 2 -1 
-1 -1 -2 1 2 1 -2 -1 -2 -2 | 1 1 2 -1 2 2 1 2 -1 
-1 -1 -2 1 2 1 -2 -1 -2 -2 | 1 1 2 -1 -1 -1 -2 1 2 
1 -2 -1 -2 -1 -2 -2 | 1 1 2 -1 -1 -1 -2 1 2 
1 -2 -1 -2 -1 -2 -2 | 1 -2 -1 -2 -2 -1 -1 -2 1 2 
1 -2 -1 -2 -1 -2 -2 | 2 2 1 -2 -1 -1 -2 1 2 
1 -2 -1 -2 -1 -2 -2 | 2 2 2 2 1 2 -1 -2 1 2 
1 -2 -1 -2 -1 -2 -2 | 2 2 2 -1 -2 -2 -2 1 2 
1 -2 -1 -2 -1 -2 -2 | 2 2 2 -1 -2 1 2 1 2 2 
1 2 2 2 2 -1 -2 -2 -2 | 2 2 2 -1 -2 1 2 1 2 2 
-2 -1 2 1 -2 -1 -2 -2 -2 | 2 2 2 -1 -2 1 2 1 2 2 
-2 -1 2 1 -2 -1 -2 -2 -2 | 2 2 -1 -2 -2 -2 1 2 2 
-2 -1 2 1 -2 -1 -2 -2 -2 | 2 2 -1 -2 -2 1 -2 -1 -2 -2 
-2 -1 2 2 2 1 -2 -2 -2 | 2 2 -1 -2 -2 1 -2 -1 -2 -2 
-2 -1 2 2 2 1 -2 -2 -2 | -2 -2 -1 2 1 -2 -1 -2 -2 
-2 -1 -2 -1 2 1 -2 -2 -2 -2 | -2 -2 -1 2 1 -2 -1 -2 -2 
-2 -1 -2 -1 2 1 -2 -2 -2 -2 | -2 1 2 2 2 2 -1 -2 -2 
-2 -1 -2 -1 -2 -2 1 | -2 1 2 2 2 2 -1 -2 -2 
-2 -1 -2 -2 -2 -2 -2 -1 2 1 | -2 1 2 2 2 2 -1 -2 -2 
-2 -1 -2 -2 -2 -2 -2 -1 2 1 | 1 -2 -1 -2 -1 -2 -2 
-2 -1 -2 -2 -2 -2 -2 -1 2 1 | 1 -2 -1 -1 -2 1 2 2 2 
-2 -1 -2 -2 1 -2 -1 | 1 -2 -1 -1 -2 1 2 2 2 
-2 -1 -2 -2 1 -2 -1 | 2 2 1 2 -1 -2 1 2 2 2 
-2 -1 -2 -2 1 -2 -1 | 2 -1 -2 -2 -2 1 2 2 2 
-2 -1 2 1 -2 -2 -2 -2 -2 -1 | 2 -1 -2 -2 -2 1 2 2 2 
-2 -1 2 1 -2 -1 -2 -2 -2 | 2 -1 -2 -2 -2 1 2 2 2 
-2 -1 2 1 -2 -1 -2 -2 -2 | 2 -1 -2 -2 1 -2 -1 -2 
-2 -1 2 1 -2 1 2 -1 -2 | 2 -1 -2 -2 1 -2 -1 -2 
-2 -1 2 1 -2 1 2 -1 -2 | -1 2 -1 -2 1 1 -2 -1 -2 
-2 1 -2 -1 -1 -2 | -1 2 -1 -2 1 1 -2 -1 -2 
-2 1 -2 -1 -1 -2 | -1 2 -1 -2 1 2 2 1 -2 
-2 -2 -2 -1 2 1 -2 -1 -2 | -1 2 -1 -2 1 2 2 1 -2 
-2 -2 -2 -1 2 1 -2 -1 -2 | -1 -1 -2 -2 1 -2 
-2 -2 -2 -1 2 2 2 1 -2 | -1 -1 -2 -2 1 -2 
-2 -2 -2 -1 2 2 2 1 -2 | -1 -1 2 1 -2 -2 -2 -2 -2 
-2 -2 -2 -1 2 2 2 1 -2 | -1 -1 2 1 -2 -1 -2 -2 -2 1 
-2 -2 -2 -1 -1 2 1 -2 -2 | -1 -1 2 1 -2 -1 -2 -2 -2 1 
-2 -2 -2 -1 -1 2 1 -2 -2 | 2 2 2 2 -1 -2 -2 -2 1 
-2 -2 -2 -1 -1 2 1 -2 -2 | -2 -1 -1 -2 -2 1 
-2 -2 -1 2 2 2 1 -2 -2 | -2 -1 -1 -2 -2 1 
-2 -2 -1 2 1 -2 -1 -2 -2 | -2 -1 -1 -2 -2 1 
-2 -2 -1 2 1 -2 -1 -2 -2 | -2 -1 2 -1 -2 1 2 2 1 
1 -2 -1 -1 -2 -2 | -2 -1 2 -1 -2 1 2 2 1 
1 -2 -1 -1 -2 -2 | -2 -1 2 -1 -2 1 1 -2 -1 
-1 2 1 -2 1 2 -1 -2 -2 | -2 -1 2 -1 -2 1 1 -2 -1 
-1 2 1 -2 1 2 -1 -2 -2 | -1 -2 -2 1 -2 -1 
-1 2 1 -2 -1 -2 -2 -2 -2 | -1 -2 -2 1 -2 -1 
-1 2 2 2 1 -2 -2 -2 -2 | -1 -2 -2 1 -2 -1 
-1 2 2 2 1 -2 -2 -2 -2 | -1 2 1 -2 -2 -2 -2 -2 -1 
-1 2 2 2 1 -2 -2 -2 -2 | -1 2 1 -2 -1 -2 -2 -2 
-1 -1 2 1 -2 -2 -2 -2 -2 | -1 2 1 -2 -1 -2 -2 -2 
-1 -1 2 1 -2 -2 -2 -2 -2 | 1 2 2 2 2 -1 -2 -2 -2 
-1 -1 -2 -2 1 -2 | 1 2 2 2 2 -1 -2 -2 -2 
-1 -2 -2 -2 -2 -1 2 1 -2 | 1 2 2 2 2 -1 -2 -2 -2 
-1 -2 -2 -2 -2 -1 2 1 -2 | 2 1 -2 -1 -1 -2 -2 -2 
-1 -2 -2 -2 -2 -1 2 1 -2 | 2 1 -2 -1 2 -1 -2 1 2 
-1 -2 -2 1 -2 -1 | 2 1 -2 -1 2 -1 -2 1 2 
-2 -1 2 -1 -2 1 1 -2 -1 | 2 1 -2 -1 2 -1 -2 1 2 
-2 -1 2 -1 -2 1 1 -2 -1 | 2 1 1 2 -1 2 
-2 -1 2 -1 -2 1 2 2 1 | 2 1 1 2 -1 2 
-2 -1 2 -1 -2 1 2 2 1 | 2 1 2 -1 -2 1 2 2 2 
-2 -1 -1 -2 -2 1 | 2 1 2 -1 -2 1 2 2 2 
-2 -1 -1 -2 -2 1 | 2 -1 -2 -2 -2 1 2 2 2 
-2 -1 -1 -2 -2 1 | 2 -1 -2 1 1 2 2 2 2 
2 2 2 2 -1 -2 -2 -2 1 | 2 -1 -2 1 1 2 2 2 2 
-1 -1 2 1 -2 -1 -2 -2 -2 1 | 2 -1 -2 1 1 2 2 2 2 
-1 -1 2 1 -2 -1 -2 -2 -2 1 | 2 -1 -2 1 2 1 -2 -1 2 
-1 -1 2 1 -2 -1 -2 -2 -2 1 | -1 -2 -2 1 -2 -1 2 
-1 -1 2 1 -2 -1 -2 -2 -2 1 | -1 -2 -2 1 2 2 1 2 -1 
-1 -1 2 -1 -2 -2 1 -2 1 | -1 -2 -2 1 2 2 1 2 -1 
-1 -1 2 -1 -2 -2 1 -2 1 | -2 1 2 2 2 1 2 -1 
-1 -1 2 -1 -2 -2 1 -2 1 | -2 1 2 2 2 2 -1 -2 -2 
-1 -1 -2 -2 -2 -1 2 1 -2 1 | -2 1 2 2 2 2 -1 -2 -2 
-1 -1 -2 -2 -2 -1 2 1 -2 1 | 1 -2 -1 2 -1 -2 -2 
-1 -1 -2 -2 -2 -1 2 1 -2 1 | 1 -2 -1 2 2 -1 -2 1 2 
-1 -1 -2 -2 1 -2 -1 2 1 | 1 -2 -1 2 2 -1 -2 1 2 
-1 -1 -2 -2 1 -2 -1 2 1 | 2 2 1 2 -1 -2 1 2 
-1 -1 -2 -2 1 -2 -1 2 1 | 2 2 1 2 -1 -1 -2 -2 1 
-2 -1 -2 -2 -2 -1 2 1 | 2 2 1 2 -1 -1 -2 -2 1 
-2 -1 -2 -2 -2 -1 2 1 | -2 -1 2 -1 -2 -2 1 
-2 -2 1 2 -1 -2 -1 2 1 | -2 -1 2 -1 -2 -2 1 
-2 -2 1 2 -1 -2 -1 2 1 | -2 -1 2 -1 -1 -2 1 2 1 -2 
-2 -2 1 -2 -1 2 -1 | -2 -1 2 -1 -1 -2 1 2 1 -2 
-2 -2 1 -2 -1 2 -1 | -1 2 2 -1 -2 1 2 1 -2 
-2 -2 -2 -1 2 1 -2 -1 | -1 2 2 -1 -2 1 2 1 -2 
-2 -2 -2 -1 2 1 -2 -1 | -1 2 -1 -2 -2 1 -2 
-2 -2 -2 -1 2 2 2 1 -2 | -1 2 -1 -2 -2 1 -2 
-2 -2 -2 -1 2 2 2 1 -2 | -1 -2 -2 -2 -1 2 1 -2 
1 2 -1 2 2 1 -2 | -1 -2 -2 -2 -1 2 1 -2 
1 2 -1 2 1 2 2 2 1 | -1 -2 -2 -2 -1 2 1 -2 
1 2 2 2 2 1 2 2 2 2 1 | -1 -2 -2 -2 -1 2 1 -2 
2 1 -2 -1 2 1 2 2 2 2 1 | -1 -2 -2 -2 -1 2 1 -2 
2 1 2 2 1 2 2 2 2 2 1 | -1 -2 -2 -2 -1 2 1 -2 
2 1 2 2 2 1 -2 -1 2 2 1 | -1 -2 -2 -2 -1 2 1 -2 
2 2 1 -2 -2 -1 2 2 1 | -1 -2 -2 -2 -1 2 1 -2 
2 2 1 2 1 2 -1 2 1 | -1 -2 -2 -2 -1 2 1 -2 
-2 -1 2 1 1 2 -1 2 1 | -1 -2 -2 -2 -1 2 1 -2 
-2 -1 2 1 1 2 -1 2 1 | -1 -2 -2 -2 -2 -1 -1 -2 1 
-2 -1 -2 -2 -2 -1 2 1 | -1 -2 -2 -2 -2 -1 -1 -2 1 
-2 1 2 2 -1 2 1 | -1 -2 -2 -2 -2 -1 -1 -2 1 
-2 1 2 2 -1 2 1 | -1 -2 -2 -2 -2 -1 -2 1 2 2 
1 2 2 2 2 2 1 | -1 -2 -2 -2 -2 -1 -2 1 2 2 
1 2 2 2 2 2 1 | 1 2 -1 -2 1 2 2 
1 2 2 2 2 2 1 | 1 2 1 2 2 2 2 1 2 2 
-2 -1 -2 -2 -1 2 1 | 1 2 1 2 2 2 2 1 2 2 
-2 -1 -2 -2 -1 2 1 | 1 2 1 2 2 -1 2 1 2 
-2 -1 -2 -2 -1 2 1 | 1 -2 -1 2 1 2 -1 2 1 2 
-2 -1 -2 -2 -1 2 1 | 1 -2 -1 -2 -1 2 2 1 2 
-2 -1 -2 -2 -1 2 1 | -2 1 2 -1 2 2 1 2 
-2 -1 -2 -2 -1 2 1 | -2 1 2 -1 -1 2 1 
-2 -1 -2 -2 -1 2 1 | -2 -2 -2 -1 2 -1 2 1 
-2 -1 2 -1 -2 1 1 | -2 -2 -2 -1 2 -1 2 1 
-2 -1 2 -1 -2 1 1 | -2 -2 -2 -1 2 1 -2 -1 2 
-2 -1 2 -1 -2 1 1 | -2 -2 -2 1 -2 -1 -1 2 
-2 -1 2 -1 -2 1 1 | -2 -2 -2 1 -2 -2 -1 2 -1 
2 -1 2 2 1 1 | -2 -2 -2 1 -2 -2 -1 2 -1 
2 -1 2 2 1 1 | -2 1 1 -2 -1 2 -1 
2 -1 2 2 1 1 | -2 1 2 2 1 2 -1 
2 -1 2 2 1 1 | -2 1 2 2 -1 -2 -2 
2 -1 -2 1 2 2 1 | -2 1 2 2 -1 -2 -2 
2 -1 -2 1 2 2 1 | -2 1 2 -1 -2 -2 -1 -2 
2 -1 -2 -2 -2 1 2 | -2 1 2 -1 -2 -2 -1 -2 
2 -1 -2 -2 -2 1 2 | -2 1 -2 -1 2 -1 -2 
1 2 -1 -2 1 2 | -2 1 -2 -1 2 -1 -2 
1 2 -1 -2 1 2 | -2 -2 1 2 2 -1 -2 
1 2 -1 -2 1 2 | -2 -2 1 2 -1 -2 -1 
1 2 -1 -2 1 2 | -2 -2 -2 -1 -1 
1 2 -1 -2 1 2 | -2 -2 -1 -2 1 2 -1 
2 1 2 1 2 | -2 -2 -1 -2 1 2 -1 
2 1 2 1 2 | 1 1 2 -1 
2 1 2 | 1 1 2 -1 
2 | 1 1 2 -1 
2 | 1 
8
-1 2 2 2 1 -2 -2 -2 -2 | -1 -2 -2 -2 -2 -2 -2 
-1 -2 -2 -2 -2 -2 -2 -2 | -1 -2 -2 -2 -2 -2 -2 
-2 | -1 -2 -2 -2 -2 -2 -2 
-2 | -1 -2 -2 -2 -2 -2 
-2 | -1 -2 -2 -2 -2 
-2 | -1 -2 -2 -2 
-2 | -1 -2 -2 
-2 | -1 -2 
-2 | -1 
6
-1 2 2 2 1 -2 -2 -2 -2 | -1 2 1 2 2 2 2 -1 
-1 2 2 2 1 -2 -2 -2 -2 | -1 2 2 2 2 
-1 2 2 2 | -1 2 2 2 2 
-1 2 2 2 | 2 
-1 2 2 | 2 
-1 2 | 2 
-1 | 2 
55
-1 2 2 2 1 -2 -2 -2 -2 | -1 2 1 2 2 2 -1 -2 
-1 2 2 -1 2 1 -2 | -1 2 1 2 2 2 -1 -2 
-1 2 2 -1 -1 2 1 2 2 | -1 2 1 2 2 2 -1 -2 
-1 2 2 -1 -1 2 1 2 2 | 1 -2 -2 1 2 -1 -2 
-1 2 2 -1 -2 -2 1 2 2 2 | 1 -2 -2 1 2 -1 -2 
-1 2 -1 2 2 -1 -2 1 2 2 2 | 1 -2 -2 1 2 -1 -2 
-1 2 -1 2 -1 2 2 2 2 2 | 1 -2 -2 1 2 -1 -2 
-1 2 -1 -2 1 2 -1 2 2 2 2 | 1 -2 -2 1 2 -1 -2 
-1 -1 2 2 2 -1 2 2 2 2 | 1 -2 -2 1 2 -1 -2 
-1 -1 2 1 2 -1 2 2 2 | 1 -2 -2 1 2 -1 -2 
-1 -2 -2 1 2 2 -1 2 2 2 | 1 -2 -2 1 2 -1 -2 
-1 -2 -2 1 1 2 -1 2 2 | 1 -2 -2 1 2 -1 -2 
-1 -2 -2 1 1 2 -1 2 2 | -2 -2 1 1 2 2 -1 -2 
-1 2 1 -2 -1 2 2 | -2 -2 1 1 2 2 -1 -2 
-1 2 1 -2 -1 2 2 | -2 -2 1 1 2 -1 2 2 -1 
-1 2 1 -2 -1 2 2 | -2 -2 1 2 2 -1 2 2 2 -1 
-1 2 1 -2 -1 2 2 | -1 2 1 2 -1 2 2 2 -1 
-1 2 1 -2 -1 2 2 | -1 2 1 2 2 -1 -2 1 2 -1 
-1 2 1 -2 -1 2 2 | -1 2 1 2 2 -1 2 -1 2 
-1 2 1 -2 -1 2 2 | -1 2 1 1 2 -1 -1 2 
-2 1 1 -2 -1 -2 -1 2 2 | -1 2 1 1 2 -1 -1 2 
-2 1 1 -2 -1 -2 -1 2 2 | 2 1 2 2 -1 -1 2 
-2 1 1 -2 -1 -2 1 -2 -2 -1 | 2 1 2 2 -1 -1 2 
-2 1 1 -2 -1 -2 1 -2 -2 -1 | 1 1 -2 -1 -2 -1 2 
-2 -2 1 1 -2 -2 -1 | 1 1 -2 -1 -2 -1 2 
-2 -2 -2 1 2 1 -2 -1 | 1 1 -2 -1 -2 -1 2 
-2 -2 -2 1 2 1 -2 -1 | 1 -2 -1 2 2 -1 2 
-2 -2 -2 1 1 -2 -2 | 1 -2 -1 2 2 -1 2 
-2 -2 -2 1 1 -2 -2 | 1 -2 -1 -2 -2 1 1 -2 -1 2 
-2 1 2 -1 -2 1 -2 | 1 -2 -1 -2 -2 1 1 -2 -1 2 
-2 1 2 -1 -2 1 -2 | 1 -2 -1 -2 -2 1 -2 1 -2 
-2 1 2 -1 -2 1 -2 | 1 -2 -1 -2 1 -2 -1 2 1 -2 
-2 1 2 -1 -2 1 -2 | 1 -2 -2 -1 2 -1 2 1 -2 
-2 1 2 -1 -2 1 -2 | 1 -2 -2 -1 -2 1 
-2 1 2 -1 -2 1 -2 | 2 1 -2 -1 -1 -2 1 
-2 -1 -2 1 1 -2 | 2 1 -2 -1 -1 -2 1 
-2 -1 -2 1 1 -2 | 2 1 -2 -1 2 2 -1 
-2 -2 -1 2 2 1 -2 | 2 1 -2 -1 2 2 -1 
-2 -2 -1 2 2 1 -2 | 2 1 -2 -1 -2 -1 2 2 
-2 -2 -1 -2 1 2 1 | 2 1 -2 -1 -2 -1 2 2 
-2 -2 -1 -2 1 2 1 | 2 1 -2 -2 -2 -1 2 
-2 -2 -1 -2 1 2 1 | -1 2 1 -2 -1 2 
-2 -2 -1 -2 1 2 1 | -1 -1 2 1 2 -1 2 
-2 -1 2 -1 2 1 | -1 -1 2 1 2 -1 2 
-2 -1 2 -1 2 1 | -1 -1 2 1 1 2 -1 
-2 -1 2 1 1 -2 -1 | -1 -1 2 1 1 2 -1 
-2 1 1 -2 -2 -1 | -1 -1 2 1 1 2 -1 
-2 1 1 -2 -2 -1 | -2 -2 1 2 -1 
-2 1 -2 -2 1 -2 -1 | -2 -2 1 2 -1 
-2 1 -2 -2 -2 -2 | -2 -2 1 2 -1 
-2 1 -2 -2 -2 -2 | 2 2 2 2 -1 
-2 | 2 2 2 2 -1 
-2 | 2 2 2 -1 
-2 | 2 2 -1 
-2 | 2 -1 
-2 | -1 
20
-1 2 2 2 1 -2 -2 -2 -2 | -1 2 1 2 2 -1 2 2 
-1 2 2 2 1 -2 -2 -2 -2 | -1 2 1 2 2 2 2 2 2 -1 -2 
-1 2 2 -1 2 1 2 2 | -1 2 1 2 2 2 2 2 2 -1 -2 
-1 2 2 -1 2 1 2 2 | -2 -2 1 2 2 2 2 -1 -2 
-1 2 2 -1 2 1 2 2 | -2 -2 -2 1 -2 -2 1 2 2 -1 -2 
-1 2 2 -1 2 1 2 2 | -2 -1 2 1 1 2 2 -1 -2 
-1 2 2 -1 2 1 2 2 | -2 -1 2 1 -2 1 -2 -2 -2 
-1 2 2 -1 2 1 2 2 | -2 -1 2 1 2 -1 2 1 -2 
-1 2 2 2 2 -1 -2 1 2 | -2 -1 2 1 2 -1 2 1 -2 
-1 2 2 2 2 -1 -2 1 2 | -1 2 2 2 2 2 -1 2 1 -2 
-1 2 2 2 2 -1 -2 1 2 | -1 2 1 -2 -1 2 2 1 -2 
-1 2 2 2 -1 2 2 1 | -1 2 1 -2 -1 2 2 1 -2 
-1 2 2 2 -1 2 2 1 | -1 2 1 -2 -2 -2 -2 1 -2 
-1 2 2 2 -1 2 2 1 | -1 2 1 
-1 2 2 -1 2 2 1 | -1 2 1 
-1 2 -1 2 2 1 | -1 2 1 
-1 -1 2 2 1 | -1 2 1 
-1 -1 2 1 | -1 2 1 
-1 | -1 2 1 
-1 | -1 2 
-1 | 2 
8
-1 2 2 2 1 -2 -2 -2 -2 | -1 2 1 2 2 -1 -2 -2 
-1 2 -1 2 1 -2 -2 | -1 2 1 2 2 -1 -2 -2 
-1 2 -1 2 1 -2 -2 | -1 2 2 -1 -2 
-1 2 -1 -1 | -1 2 2 -1 -2 
-1 2 -1 -1 | -1 2 1 1 -2 
-1 2 -1 -1 | -1 2 -1 
-1 | -1 2 -1 
-1 | -1 2 
-1 | 2 
79
-1 2 2 2 1 -2 -2 -2 -2 | -1 2 1 -2 -1 2 2 2 
-1 2 2 2 2 1 -2 -1 -2 | -1 2 1 -2 -1 2 2 2 
2 -1 -2 1 2 1 -2 -1 -2 | -1 2 1 -2 -1 2 2 2 
2 -1 -2 1 2 1 -2 -1 -2 | -1 -1 2 1 2 2 2 
2 -1 -2 1 2 1 2 2 -1 -1 | -1 -1 2 1 2 2 2 
2 -1 -2 1 1 1 -2 -1 -1 | -1 -1 2 1 2 2 2 
2 2 2 2 1 -2 -1 -1 | -1 -1 2 1 2 2 2 
2 2 2 2 1 -2 -1 -1 | -1 -1 2 1 1 1 2 -1 -2 
2 2 2 -1 -1 2 1 | -1 -1 2 1 1 1 2 -1 -2 
2 2 2 -1 -1 2 1 | -2 -2 -2 1 1 2 -1 -2 
2 2 2 -1 -1 2 1 | -2 -2 1 2 2 2 2 -1 -2 
2 2 2 -1 -1 2 1 | -2 -2 1 2 -1 -2 1 -2 
1 2 -1 -2 -1 2 1 | -2 -2 1 2 -1 -2 1 -2 
1 2 -1 -2 -1 2 1 | -2 -2 -1 -2 1 1 -2 
1 2 -1 -2 -1 2 1 | -2 -2 -1 -2 -2 1 2 1 -2 -2 
1 -2 -2 -2 -1 -2 1 | -2 -2 -1 -2 -2 1 2 1 -2 -2 
1 -2 -2 -2 -1 -2 1 | 2 -1 -1 -2 1 2 1 -2 -2 
1 -2 -2 -2 -1 -2 1 | 2 -1 -1 -2 1 2 -1 2 1 2 
1 -2 -1 -1 -2 1 2 | 2 -1 -1 -2 1 2 -1 2 1 2 
1 -2 -1 -1 -2 1 2 | 2 2 -1 -1 2 1 2 
1 -2 -1 -1 -2 1 2 | 2 2 -1 2 1 -2 -1 2 
1 -2 -1 -1 2 2 -1 2 1 | 2 2 -1 2 1 -2 -1 2 
1 -2 -1 -1 2 2 -1 2 1 | 1 1 2 -1 -2 -1 2 
-2 -1 2 2 2 -1 2 1 | 1 1 2 -1 -2 -1 2 
-2 -1 2 2 2 2 1 -2 -1 | 1 1 2 -1 -2 -1 2 
-2 -1 2 2 2 2 1 -2 -1 | 1 -2 -1 2 2 2 -1 2 
-1 -2 1 2 1 -2 -1 | 1 -2 -1 2 2 2 -1 2 
-1 -2 1 1 -2 -2 -2 | 1 -2 -1 2 2 2 -1 2 
-1 -2 1 1 -2 -2 -2 | 1 -2 -1 -1 -2 1 2 
1 2 -1 -2 1 -2 -2 -2 | 1 -2 -1 -1 -2 1 2 
1 2 -1 -2 1 -2 -2 -2 | 1 -2 -1 -1 2 2 -1 2 1 
1 2 1 -2 -1 -1 -2 | 1 -2 -1 -1 2 2 -1 2 1 
1 2 1 -2 -1 -1 -2 | -2 -1 2 2 2 -1 2 1 
1 1 -2 -2 -2 -1 -2 | -2 -1 2 2 2 -1 2 1 
1 1 -2 -2 -2 -1 -2 | -2 -1 2 2 2 1 -2 -2 -2 
1 -2 -2 -2 1 2 -1 -2 | -2 -1 2 2 2 1 -2 -2 -2 
-2 -2 -2 1 2 1 2 -1 -2 | -2 -1 2 2 2 1 -2 -2 -2 
-2 -2 -2 1 2 1 2 -1 -2 | -2 -1 -2 1 2 1 -2 -2 
-2 -2 1 2 2 2 2 -1 -2 | -2 -1 -2 1 2 1 -2 -2 
-2 -2 1 2 -1 -2 1 | -2 -1 -2 1 2 1 -2 -2 
-2 -2 1 2 -1 -2 1 | -2 -2 -1 2 2 2 1 -2 -2 
-2 -2 1 2 -1 -2 1 | -2 -2 -1 2 2 1 -2 -2 1 -2 
-2 -2 1 2 -1 -2 1 | -2 -2 -1 2 1 -2 -2 1 -2 1 -2 
-2 -2 1 2 -1 -2 1 | -2 -2 -2 -2 1 -2 1 -2 1 -2 
-2 -2 1 2 -1 -2 1 | -2 -2 -2 1 -2 -1 2 1 -2 1 -2 
-2 -2 1 2 -1 -2 1 | -2 -2 -2 1 -2 -2 -2 1 1 -2 
-2 -2 1 2 -1 -2 1 | -2 -2 1 -2 -1 -2 1 1 -2 
-2 -2 1 2 -1 -2 1 | -2 -2 1 -2 -2 -1 2 2 1 -2 
-2 -2 1 2 -1 -2 1 | -2 1 -2 -1 -1 2 2 1 -2 
-2 -2 1 2 -1 -2 1 | -2 1 -2 -1 -1 2 1 -2 -2 1 
-2 -2 1 2 -1 -2 1 | -2 1 -2 -1 -2 -2 1 -2 1 
-2 -2 1 2 -1 -2 1 | -2 1 -2 -1 -2 1 -2 -1 2 1 
-2 -2 1 2 -1 -2 1 | -2 1 -2 -2 -1 2 -1 2 1 
-2 -2 1 2 -1 -2 1 | -2 1 -2 -2 -1 -2 1 2 
-2 -2 1 2 -1 -2 1 | 1 -2 -1 -1 -2 1 2 
-2 -2 -1 -2 1 1 | 1 -2 -1 -1 -2 1 2 
-2 -2 -1 -2 1 1 | 1 -2 -1 2 2 -1 2 
-2 -2 -2 -1 2 2 1 | 1 -2 -1 2 2 -1 2 
-2 -2 -2 -1 2 2 1 | 1 2 2 -1 -1 2 
-2 -1 -1 2 2 2 1 | 1 2 2 -1 -1 2 
-2 -1 -1 2 2 2 1 | 1 2 2 2 -1 -2 -2 
-2 -1 2 2 2 -1 2 1 | 1 2 2 2 -1 -2 -2 
2 2 -1 2 -1 2 1 | 1 2 2 2 -1 -2 -2 
2 2 -1 2 -1 2 1 | 1 2 -1 -2 1 -2 -2 -2 
2 2 -1 -2 -2 1 2 | 1 2 -1 -2 1 -2 -2 -2 
2 2 -1 -2 -2 1 2 | 1 2 -1 -2 -2 -2 1 
2 2 -1 -2 -2 1 2 | 1 -2 -2 -1 -2 1 
2 2 -1 -2 -2 1 2 | -2 -2 1 2 -1 -2 1 
2 -1 2 2 -1 -2 1 2 | -2 -2 1 2 -1 -2 1 
2 -1 2 -1 2 2 2 | -2 -2 1 2 -1 -2 1 
2 -1 -2 1 2 -1 2 2 | -2 -2 1 2 -1 -2 1 
-1 2 2 2 -1 2 2 | -2 -2 1 2 -1 -2 1 
-1 2 1 2 -1 2 | -2 -2 1 2 -1 -2 1 
-1 2 1 2 -1 2 | -2 -2 1 2 2 -1 2 
2 2 2 -1 2 | -2 -2 1 2 2 -1 2 
2 2 2 -1 2 | -2 -2 1 -2 
2 | -2 -2 1 -2 
2 | -2 -2 1 
2 | -2 1 
2 | 1 
83
-1 2 2 2 1 -2 -2 -2 -2 | -1 2 1 -2 -1 -2 -2 -2 
-1 -1 2 1 -2 -2 -2 -2 -2 | -1 2 1 -2 -1 -2 -2 -2 
-1 -1 2 1 -2 -2 -2 -2 -2 | 1 2 2 2 2 -1 -2 -2 -2 
-1 -1 -2 -2 1 -2 | 1 2 2 2 2 -1 -2 -2 -2 
-1 -2 -2 -2 -2 -1 2 1 -2 | 1 2 2 2 2 -1 -2 -2 -2 
-1 -2 -2 -2 -2 -1 2 1 -2 | 2 1 -2 -1 -1 -2 -2 -2 
-1 -2 -2 -2 -2 -1 2 1 -2 | 2 1 -2 -1 2 -1 -2 1 2 
-1 -2 -2 1 -2 -1 | 2 1 -2 -1 2 -1 -2 1 2 
-2 -1 2 -1 -2 1 1 -2 -1 | 2 1 -2 -1 2 -1 -2 1 2 
-2 -1 2 -1 -2 1 1 -2 -1 | 2 1 1 2 -1 2 
-2 -1 2 -1 -2 1 2 2 1 | 2 1 1 2 -1 2 
-2 -1 2 -1 -2 1 2 2 1 | 2 1 2 -1 -2 1 2 2 2 
-2 -1 -1 -2 -2 1 | 2 1 2 -1 -2 1 2 2 2 
-2 -1 -1 -2 -2 1 | 2 -1 -2 -2 -2 1 2 2 2 
-2 -1 -1 -2 -2 1 | 2 -1 -2 1 1 2 2 2 2 
2 2 2 2 -1 -2 -2 -2 1 | 2 -1 -2 1 1 2 2 2 2 
-1 -1 2 1 -2 -1 -2 -2 -2 1 | 2 -1 -2 1 1 2 2 2 2 
-1 -1 2 1 -2 -1 -2 -2 -2 1 | 2 -1 -2 1 2 1 -2 -1 2 
-1 -1 2 1 -2 -1 -2 -2 -2 1 | -1 -2 -2 1 -2 -1 2 
-1 -1 2 1 -2 -1 -2 -2 -2 1 | -1 -2 -2 1 2 2 1 2 -1 
-1 -1 2 -1 -2 -2 1 -2 1 | -1 -2 -2 1 2 2 1 2 -1 
-1 -1 2 -1 -2 -2 1 -2 1 | -2 1 2 2 2 1 2 -1 
-1 -1 2 -1 -2 -2 1 -2 1 | -2 1 2 2 2 2 -1 -2 -2 
-1 -1 -2 -2 -2 -1 2 1 -2 1 | -2 1 2 2 2 2 -1 -2 -2 
-1 -1 -2 -2 -2 -1 2 1 -2 1 | 1 -2 -1 2 -1 -2 -2 
-1 -1 -2 -2 -2 -1 2 1 -2 1 | 1 -2 -1 2 2 -1 -2 1 2 
-1 -1 -2 -2 1 -2 -1 2 1 | 1 -2 -1 2 2 -1 -2 1 2 
-1 -1 -2 -2 1 -2 -1 2 1 | 2 2 1 2 -1 -2 1 2 
-1 -1 -2 -2 1 -2 -1 2 1 | 2 2 1 2 -1 -1 -2 -2 1 
-2 -1 -2 -2 -2 -1 2 1 | 2 2 1 2 -1 -1 -2 -2 1 
-2 -1 -2 -2 -2 -1 2 1 | -2 -1 2 -1 -2 -2 1 
-2 -2 1 2 -1 -2 -1 2 1 | -2 -1 2 -1 -2 -2 1 
-2 -2 1 2 -1 -2 -1 2 1 | -2 -1 2 -1 -1 -2 1 2 1 -2 
-2 -2 1 -2 -1 2 -1 | -2 -1 2 -1 -1 -2 1 2 1 -2 
-2 -2 1 -2 -1 2 -1 | -1 2 2 -1 -2 1 2 1 -2 
-2 -2 -2 -1 2 1 -2 -1 | -1 2 2 -1 -2 1 2 1 -2 
-2 -2 -2 -1 2 1 -2 -1 | -1 2 -1 -2 -2 1 -2 
-2 -2 -2 -1 2 2 2 1 -2 | -1 2 -1 -2 -2 1 -2 
-2 -2 -2 -1 2 2 2 1 -2 | -1 -2 -2 -2 -1 2 1 -2 
1 2 -1 2 2 1 -2 | -1 -2 -2 -2 -1 2 1 -2 
1 2 -1 2 1 2 2 2 1 | -1 -2 -2 -2 -1 2 1 -2 
1 2 2 2 2 1 2 2 2 2 1 | -1 -2 -2 -2 -1 2 1 -2 
2 1 -2 -1 2 1 2 2 2 2 1 | -1 -2 -2 -2 -1 2 1 -2 
2 1 2 2 1 2 2 2 2 2 1 | -1 -2 -2 -2 -1 2 1 -2 
2 1 2 2 2 1 -2 -1 2 2 1 | -1 -2 -2 -2 -1 2 1 -2 
2 2 1 -2 -2 -1 2 2 1 | -1 -2 -2 -2 -1 2 1 -2 
2 2 1 2 1 2 -1 2 1 | -1 -2 -2 -2 -1 2 1 -2 
-2 -1 2 1 1 2 -1 2 1 | -1 -2 -2 -2 -1 2 1 -2 
-2 -1 2 1 1 2 -1 2 1 | -1 -2 -2 -2 -2 -1 -1 -2 1 
-2 -1 -2 -2 -2 -1 2 1 | -1 -2 -2 -2 -2 -1 -1 -2 1 
-2 1 2 2 -1 2 1 | -1 -2 -2 -2 -2 -1 -1 -2 1 
-2 1 2 2 -1 2 1 | -1 -2 -2 -2 -2 -1 -2 1 2 2 
1 2 2 2 2 2 1 | -1 -2 -2 -2 -2 -1 -2 1 2 2 
1 2 2 2 2 2 1 | 1 2 -1 -2 1 2 2 
1 2 2 2 2 2 1 | 1 2 1 2 2 2 2 1 2 2 
-2 -1 -2 -2 -1 2 1 | 1 2 1 2 2 2 2 1 2 2 
-2 -1 -2 -2 -1 2 1 | 1 2 1 2 2 -1 2 1 2 
-2 -1 -2 -2 -1 2 1 | 1 -2 -1 2 1 2 -1 2 1 2 
-2 -1 -2 -2 -1 2 1 | 1 -2 -1 -2 -1 2 2 1 2 
-2 -1 -2 -2 -1 2 1 | -2 1 2 -1 2 2 1 2 
-2 -1 -2 -2 -1 2 1 | -2 1 2 -1 -1 2 1 
-2 -1 -2 -2 -1 2 1 | -2 -2 -2 -1 2 -1 2 1 
-2 -1 2 -1 -2 1 1 | -2 -2 -2 -1 2 -1 2 1 
-2 -1 2 -1 -2 1 1 | -2 -2 -2 -1 2 1 -2 -1 2 
-2 -1 2 -1 -2 1 1 | -2 -2 -2 1 -2 -1 -1 2 
-2 -1 2 -1 -2 1 1 | -2 -2 -2 1 -2 -2 -1 2 -1 
2 -1 2 2 1 1 | -2 -2 -2 1 -2 -2 -1 2 -1 
2 -1 2 2 1 1 | -2 1 1 -2 -1 2 -1 
2 -1 2 2 1 1 | -2 1 2 2 1 2 -1 
2 -1 2 2 1 1 | -2 1 2 2 -1 -2 -2 
2 -1 -2 1 2 2 1 | -2 1 2 2 -1 -2 -2 
2 -1 -2 1 2 2 1 | -2 1 2 -1 -2 -2 -1 -2 
2 -1 -2 -2 -2 1 2 | -2 1 2 -1 -2 -2 -1 -2 
2 -1 -2 -2 -2 1 2 | -2 1 -2 -1 2 -1 -2 
1 2 -1 -2 1 2 | -2 1 -2 -1 2 -1 -2 
1 2 -1 -2 1 2 | -2 -2 1 2 2 -1 -2 
1 2 -1 -2 1 2 | -2 -2 1 2 -1 -2 -1 
1 2 -1 -2 1 2 | -2 -2 -2 -1 -1 
1 2 -1 -2 1 2 | -2 -2 -1 -2 1 2 -1 
2 1 2 1 2 | -2 -2 -1 -2 1 2 -1 
2 1 2 1 2 | 1 1 2 -1 
2 1 2 | 1 1 2 -1 
2 | 1 1 2 -1 
2 | 1 
10
-1 2 2 2 1 -2 -2 -2 -2 | -1 2 1 -2 -2 -1 2 2 
-1 2 2 2 1 -2 -2 -2 -2 | -1 2 1 2 2 -1 -2 
-1 2 2 -1 2 1 -2 -2 | -1 2 1 2 2 -1 -2 
-1 2 2 -1 2 1 -2 -2 | -1 2 2 2 -1 
-1 2 2 -1 2 -1 2 | -1 2 2 2 -1 
-1 2 2 -1 2 -1 2 | -2 1 -2 1 2 -1 
-1 2 2 -1 2 -1 2 | 2 -1 2 2 -1 
-1 2 | 2 -1 2 2 -1 
-1 2 | 2 -1 2 
-1 2 | 2 
-1 | 2 
20
-1 2 2 2 1 -2 -2 -2 -2 | -1 2 1 -2 -2 -1 -2 -2 
-1 2 2 1 2 2 1 -2 -2 | -1 2 1 -2 -2 -1 -2 -2 
-1 2 2 1 2 1 2 2 1 | -1 2 1 -2 -2 -1 -2 -2 
-1 2 2 1 2 1 2 2 1 | -1 2 1 2 2 1 -2 
-1 2 2 1 1 2 | -1 2 1 2 2 1 -2 
-1 2 2 1 1 2 | -1 2 1 1 -2 -1 -2 
-1 2 1 2 1 2 2 | -1 2 1 1 -2 -1 -2 
-1 2 1 2 1 2 2 | -2 -2 -1 -2 1 -2 -1 -2 
-1 2 1 2 1 2 2 | -2 1 2 -1 -2 
-1 -2 1 2 2 1 2 2 | -2 1 2 -1 -2 
-1 -2 1 1 2 2 2 | -2 1 2 -1 -2 
-1 -2 1 1 2 2 2 | -2 1 -2 -2 -1 -1 
-1 -2 -2 1 2 | -2 1 -2 -2 -1 -1 
-1 -2 -2 1 2 | -2 -2 -2 1 -2 -1 -1 
-1 -2 -2 1 2 | -2 -2 -2 -2 -2 -1 
2 2 2 1 2 | -2 -2 -2 -2 -2 -1 
2 2 2 1 2 | -2 
2 2 1 2 | -2 
2 1 2 | -2 
1 2 | -2 
1 | -2 
5
-1 2 2 2 1 -2 -2 -2 -2 | -1 2 1 -2 -2 -2 -2 -1 
-1 2 2 2 1 -2 -2 -2 -2 | -1 -2 -2 
-1 -2 -2 -2 | -1 -2 -2 
-2 | -1 -2 -2 
-2 | -1 -2 
-2 | -1 
31
-1 2 2 2 1 -2 -2 -2 -2 | -1 2 2 1 2 2 -1 2 
-1 2 2 2 1 -2 -2 -2 -2 | -1 -2 1 2 2 2 2 2 2 -1 2 
-1 2 2 2 1 -2 -2 -2 -2 | -1 -2 1 2 2 -1 2 2 2 2 
-1 2 2 1 2 2 -1 | -1 -2 1 2 2 -1 2 2 2 2 
-1 2 2 1 2 2 -1 | -1 -2 -2 -2 1 2 2 2 2 
-1 -2 1 2 2 2 2 2 2 -1 | -1 -2 -2 -2 1 2 2 2 2 
-1 -2 1 2 2 -1 2 2 2 | -1 -2 -2 -2 1 2 2 2 2 
-1 -2 1 2 2 -1 2 2 2 | -1 -2 -2 1 -2 -2 -2 1 2 2 
-1 -2 1 2 2 -1 2 2 2 | -1 2 -1 -2 1 -2 1 2 2 
-1 -1 2 1 2 2 | -1 2 -1 -2 1 -2 1 2 2 
-1 -1 2 1 2 2 | -1 2 -1 -2 1 -2 -2 1 1 
-1 -2 -2 1 2 2 2 | -1 2 -1 -2 1 -2 -2 1 1 
-1 -2 -2 1 2 2 2 | -1 -2 -2 -1 2 1 -2 -2 1 1 
-1 -2 1 -2 -2 1 2 | -1 -2 -2 -1 2 1 -2 -2 1 1 
-1 -2 1 -2 -2 1 2 | -1 -2 -2 -2 -2 1 -2 1 1 
-1 -1 2 2 1 2 | -1 -2 -2 -2 -2 1 -2 1 1 
-1 -1 2 2 1 2 | -1 -2 -2 1 2 -1 -2 1 1 
-1 -1 2 2 1 2 | 2 -1 2 -1 -2 1 1 
2 -1 2 -1 2 1 2 | 2 -1 2 -1 -2 1 1 
2 -1 2 -1 2 1 2 | 2 -1 2 2 2 -1 2 1 
2 -1 -2 -2 1 | 2 -1 2 2 2 -1 2 1 
2 -1 -2 -2 1 | -1 2 2 2 2 2 -1 2 1 
2 -1 -2 -2 1 | -1 2 1 2 -1 2 2 -1 2 1 
2 -1 -2 -2 1 | -1 2 1 2 2 -1 -1 2 1 
2 2 2 -1 | -1 2 1 2 2 -1 -1 2 1 
2 2 2 -1 | -1 2 1 -2 -1 2 1 
2 2 2 -1 | -2 -2 1 -2 -1 2 1 
2 2 2 -1 | -1 2 1 
2 2 -1 | -1 2 1 
2 -1 | -1 2 1 
2 -1 | 1 
2 | 1 
16
-1 2 2 2 1 -2 -2 -2 -2 | -1 2 2 1 2 2 -1 -2 
-1 2 2 -1 2 2 1 -2 -2 | -1 2 2 1 2 2 -1 -2 
-1 2 2 -1 2 2 1 -2 -2 | -1 2 2 2 2 -1 2 
-1 2 1 -2 -2 1 -2 -2 | -1 2 2 2 2 -1 2 
-1 2 1 -2 -2 1 -2 -2 | -1 2 2 -1 2 1 -2 
-1 2 1 -2 -2 1 -2 -2 | -2 -2 -1 2 2 1 -2 
-1 -2 1 2 1 -2 -2 | -2 -2 -1 2 2 1 -2 
-1 -2 1 -2 1 2 | -2 -2 -1 2 2 1 -2 
-1 -2 1 -2 1 2 | -2 -2 -1 2 1 -2 1 
-1 -2 1 -2 1 2 | -2 -2 -2 1 1 
-1 -2 1 -2 1 2 | -2 -2 1 -2 -1 2 1 
-1 -2 1 -2 1 2 | -2 -2 1 -2 -2 1 2 
-1 2 2 | -2 -2 1 -2 -2 1 2 
-1 2 2 | -2 -2 1 2 
-1 2 2 | 2 
-1 2 | 2 
-1 | 2 
214
-1 2 2 2 1 -2 -2 -2 -2 | -1 2 2 1 2 -1 2 2 
-1 2 2 2 1 -2 -2 -2 -2 | -1 -2 1 2 2 2 2 2 -1 2 2 
-1 2 2 2 1 -2 -2 -2 -2 | -1 -2 1 2 -1 2 2 2 2 2 
-1 2 2 1 2 -1 2 | -1 -2 1 2 -1 2 2 2 2 2 
-1 2 2 1 2 -1 2 | -1 -2 1 1 -2 -1 2 2 2 
-1 2 2 1 2 -1 2 | -1 -2 1 1 -2 -2 1 -2 -1 2 
-1 2 2 2 -1 -2 1 1 -2 | -1 -2 1 1 -2 -2 1 -2 -1 2 
-1 2 2 2 -1 -2 1 1 -2 | -2 -2 -2 1 -2 1 -2 -1 2 
-1 2 2 2 -1 -2 1 1 -2 | -2 -2 -2 1 -2 -1 2 1 -2 -2 
-1 -2 -2 1 -2 1 -2 | -2 -2 -2 1 -2 -1 2 1 -2 -2 
-1 -2 -2 1 -2 1 -2 | -2 -2 -1 2 2 2 1 -2 -2 
-1 -2 -2 1 -2 1 -2 | -2 -2 -1 2 1 -2 1 -2 -2 -2 
-1 -2 -2 -2 1 2 2 2 2 | -2 -2 -1 2 1 -2 1 -2 -2 -2 
-1 -2 -2 -2 1 2 2 2 2 | -2 -2 -1 2 1 -2 -2 -2 -2 1 2 
-1 -2 -2 -2 1 2 2 2 2 | -2 -2 -1 -2 -2 1 1 2 
-1 -2 1 2 -1 2 2 2 2 | -2 -2 -1 -2 -2 1 1 2 
-1 -2 1 2 1 -2 -1 2 2 | -2 -2 -1 -2 -2 1 1 2 
-1 -2 1 2 1 -2 1 -2 -1 | -2 -2 -1 -2 -2 1 1 2 
-1 -2 1 2 1 -2 1 -2 -1 | -2 -2 -1 -2 -2 -2 1 2 1 -2 1 
-1 2 2 1 2 -1 | -2 -2 -1 -2 -2 -2 1 2 1 -2 1 
-1 2 2 1 2 -1 | -2 -1 -1 -2 1 2 1 -2 1 
-1 2 2 -1 -2 1 2 1 -2 | -2 -1 -1 -2 1 2 1 -2 1 
-1 2 2 -1 -2 1 2 1 -2 | -2 -1 -2 -2 1 1 
-1 2 -1 -2 -2 1 -2 1 2 1 -2 | -2 -1 -2 -2 1 1 
-1 2 -1 -2 -2 1 -2 1 2 1 -2 | -2 -2 1 2 -1 -2 -1 2 1 
-1 2 -1 -2 -2 1 1 -2 -2 1 | -2 -2 1 2 -1 -2 -1 2 1 
-1 2 -1 -2 -2 1 1 -2 -2 1 | -2 -2 -2 -2 1 -2 -1 2 1 
-1 2 -1 -2 -2 1 1 -2 -2 1 | -2 -2 -2 -2 -1 2 2 2 1 
-1 -2 -2 -2 -1 2 1 1 -2 -2 1 | -2 -2 -2 -2 -1 2 2 2 1 
-1 -2 -2 -2 -1 2 1 1 -2 -2 1 | 2 -1 -1 2 2 1 
-1 -2 -2 -2 -1 2 2 2 1 -2 1 | 2 -1 -1 2 2 1 
-1 -2 -2 -2 1 -2 -1 2 1 -2 1 | 2 -1 -1 2 2 1 
-1 -2 1 2 -1 -2 -1 2 1 -2 1 | 2 -1 -1 2 2 1 
-1 -2 1 2 -1 -2 -1 2 1 -2 1 | 2 -1 2 -1 -2 -1 2 1 1 
-1 -2 1 1 -2 -1 -2 1 | 2 -1 2 -1 -2 -1 2 1 1 
-1 -2 1 1 -2 1 2 -1 2 -1 -2 | 2 -1 2 -1 -2 -1 2 1 1 
-1 -2 1 1 -2 1 2 -1 2 -1 -2 | -1 2 -1 -1 2 2 1 1 
-1 2 1 1 2 -1 2 -1 -2 | -1 2 -1 -1 2 2 1 1 
-1 2 1 1 2 -1 2 -1 -2 | -2 -1 -1 -2 1 2 -1 2 2 1 1 
2 -1 2 2 1 2 -1 -2 | -2 -1 -1 -2 1 2 -1 2 2 1 1 
2 -1 2 2 1 2 -1 -2 | -2 -1 -1 -2 1 2 1 -2 1 
-1 -1 -2 1 2 1 2 1 2 -1 -2 | -2 -1 -1 -2 1 2 1 -2 1 
-1 -1 -2 1 2 1 2 1 2 -1 -2 | 1 -2 -1 -2 -2 1 
-1 -1 -2 1 2 1 -2 1 -2 | 1 -2 -1 -2 -2 1 
-2 -1 -2 -2 -2 1 2 1 -2 1 -2 | 1 -2 -1 -2 -2 1 
-2 -1 -2 -2 -2 1 2 1 -2 1 -2 | 1 2 -1 2 -1 -2 -1 2 1 
-2 -1 -2 -2 1 1 | 1 2 -1 2 -1 -2 -1 2 1 
-2 -1 -2 -2 1 1 | -2 -2 1 2 -1 -2 -1 2 1 
-2 -1 -2 -2 1 1 | -2 -2 -2 -2 1 -2 -1 2 1 
-2 -1 -2 -2 1 1 | -2 -2 -2 -2 -1 2 2 2 1 
-2 -1 2 1 -2 -2 -2 -2 1 | -2 -2 -2 -2 -1 2 2 2 1 
-2 -1 2 1 -2 1 -2 -2 -2 -2 | -2 -2 -2 -2 -1 2 2 2 1 
-2 -1 2 1 -2 1 -2 -2 -2 -2 | 2 -1 2 -1 2 2 1 
-2 -1 2 2 2 1 -2 -2 -2 | 2 -1 2 -1 2 2 1 
-2 -2 1 -2 -1 2 1 -2 -2 -2 | 2 -1 2 -1 2 2 1 
1 2 -1 -1 2 1 -2 -2 -2 | 2 -1 2 -1 2 2 1 
1 2 -1 -1 2 1 -2 -2 -2 | 2 -1 2 2 -1 -1 2 1 -2 1 
1 -2 1 -2 -1 -2 -2 | 2 -1 2 2 -1 -1 2 1 -2 1 
1 -2 1 -2 -1 -2 -2 | 1 -2 -1 -1 -1 2 1 -2 1 
-2 1 1 1 2 -1 -2 -1 -2 -2 | 1 -2 -1 -1 -1 2 1 -2 1 
-2 1 1 1 2 -1 -2 -1 -2 -2 | -2 -1 -2 -2 1 -2 1 
-2 1 1 1 2 -1 -1 2 -1 | -2 -1 -2 -2 1 -2 1 
-2 1 1 -2 -2 1 -2 -1 2 -1 | -2 -1 -2 -2 1 -2 1 
-2 1 1 -2 -1 2 2 2 -1 | -2 -1 -2 -2 1 -2 1 
-2 1 2 -1 2 2 2 2 2 -1 | -2 -1 -2 -2 1 -2 1 
-2 -2 -2 1 2 2 2 2 -1 | -2 -1 -2 -2 1 -2 1 
-2 -2 -2 1 2 2 2 2 -1 | -2 -1 2 1 -2 -2 -2 -2 -2 1 
-2 -2 -2 1 -2 1 -2 -1 2 | -2 -1 2 1 -2 -2 -2 -2 -2 1 
2 2 -1 -2 1 1 -2 -1 2 | -2 -1 2 1 -2 -2 -2 -2 -2 1 
2 2 -1 -2 1 1 -2 -1 2 | -2 1 -2 -1 -2 -2 1 
2 2 -1 -2 1 2 -1 2 2 2 | -2 1 -2 -1 -2 -2 1 
2 2 -1 -2 -2 -2 1 2 2 | -2 1 -2 -1 -2 -2 1 
2 2 -1 -2 -2 -2 1 2 2 | -2 1 -2 -2 -2 -2 -2 -1 2 1 
2 2 -1 -2 -2 -2 1 2 2 | -2 -2 -2 -2 1 -2 -1 2 1 
-2 -2 1 -2 -1 -2 -2 1 2 2 | -2 -2 -2 -2 1 -2 -1 2 1 
-2 -2 1 -2 -1 -2 -2 1 2 2 | -2 -2 -2 -2 -1 2 2 2 1 
-2 -2 1 -2 -1 2 1 -2 -2 | -2 -2 -2 -2 -1 2 2 2 1 
-2 -2 1 -2 -1 2 1 -2 -2 | -2 -2 -2 -2 -2 -1 2 1 -2 1 
-2 -2 1 2 2 2 2 -1 -2 | -2 -2 -2 -2 -2 -1 2 1 -2 1 
-2 -2 1 2 2 2 2 -1 -2 | -2 -1 -2 -2 1 -2 1 
1 2 -1 2 2 2 2 2 -1 -2 | -2 -1 -2 -2 1 -2 1 
1 2 -1 2 2 2 2 2 -1 -2 | -2 -1 2 2 2 -1 -2 1 1 
1 2 -1 2 2 1 2 -1 -1 | -2 -1 2 2 2 -1 -2 1 1 
1 2 -1 2 2 1 2 -1 -1 | -2 -2 1 -2 -1 2 -1 -2 1 1 
2 -1 -2 1 1 1 2 -1 -1 | -2 -2 1 -2 -1 2 -1 -2 1 1 
2 -1 -2 1 1 1 2 -1 -1 | -2 -2 1 -2 1 -2 -1 
2 -1 -2 1 1 -2 -2 1 -2 -1 | -2 -2 1 -2 1 -2 -1 
2 -1 -2 1 1 -2 -1 2 2 | -2 -2 1 -2 1 -2 -1 
2 -1 -2 1 2 -1 2 2 2 2 | -2 -2 1 -2 1 -2 -1 
2 -1 -2 -2 -2 1 2 2 2 | -2 -2 1 -2 1 -2 -1 
2 2 -1 2 -1 -2 1 2 2 2 | -2 -2 1 -2 1 -2 -1 
2 2 -1 2 -1 -2 1 2 2 2 | -2 -2 -2 1 2 2 2 2 -1 
2 2 -1 2 -1 -2 1 2 2 2 | -2 -2 -2 1 -2 -1 2 1 -2 
2 2 -1 -2 -2 -2 1 2 2 | -2 -2 -2 1 -2 -1 2 1 -2 
-2 -2 1 -2 -1 -2 -2 1 2 2 | -2 -2 -2 1 -2 -1 2 1 -2 
-2 -2 1 -2 -1 -2 -2 1 2 2 | -2 -2 -2 -1 2 2 2 1 -2 
-2 -2 1 -2 -1 2 1 -2 -2 | -2 -2 -2 -1 2 2 2 1 -2 
-2 -2 1 -2 -1 2 1 -2 -2 | -2 -2 -2 -2 -1 2 1 -2 1 -2 
-2 -2 1 2 2 2 2 -1 -2 | -2 -2 -2 -2 -1 2 1 -2 1 -2 
-2 -2 1 2 2 2 2 -1 -2 | -1 -2 -2 1 -2 1 -2 
-2 -2 1 2 2 2 2 -1 -2 | -1 2 1 -2 -2 -2 -2 -2 1 -2 
-2 -2 1 -2 1 -2 -1 | -1 2 1 -2 -2 -2 -2 -2 1 -2 
2 2 2 -1 -2 1 1 -2 -1 | -1 2 1 -2 -2 -2 -2 -2 1 -2 
2 2 2 -1 -2 1 1 -2 -1 | 1 -2 -1 -2 -2 1 -2 
2 2 2 -1 -2 1 2 -1 2 2 | 1 -2 -1 -2 -2 1 -2 
2 2 2 -1 -2 -2 -2 1 2 | 1 -2 -1 -2 -2 1 -2 
2 2 2 -1 -2 -2 -2 1 2 | 1 -2 -2 -2 -2 -2 -1 2 1 -2 
2 2 2 -1 -2 -2 -2 1 2 | -2 -2 -2 1 -2 -1 2 1 -2 
-2 1 -2 -1 -2 -2 1 2 | -2 -2 -2 1 -2 -1 2 1 -2 
-2 1 -2 -1 -2 -2 1 2 | -2 1 2 -1 -2 -1 2 1 -2 
-2 1 -2 -1 -1 -2 1 2 1 | -2 1 2 -1 -2 -1 2 1 -2 
-2 1 -2 -1 -1 -2 1 2 1 | -2 1 1 -2 -1 -2 
-2 -1 2 2 -1 -2 1 2 1 | -2 1 1 -2 -1 -2 
-2 -1 2 2 -1 -2 1 2 1 | -2 1 -2 -1 2 1 -2 -2 -2 
-2 -1 -2 -2 1 1 | -2 1 -2 -1 2 1 -2 -2 -2 
-2 -1 -2 -2 1 1 | -2 -1 2 2 2 1 -2 -2 -2 
-2 -2 -2 -2 -2 -1 2 1 1 | -2 -1 2 2 2 1 -2 -2 -2 
-2 -2 -2 -2 -2 -1 2 1 1 | -2 -1 2 2 2 -1 -2 1 2 2 
-2 -2 -2 -2 -1 2 2 2 1 | -2 -1 2 2 2 -1 -2 1 2 2 
-2 -2 -2 -2 -1 2 2 2 1 | 2 2 2 -1 -1 -2 1 2 2 
2 -1 -1 2 2 1 | 2 2 2 -1 -1 -2 1 2 2 
2 -1 -1 2 2 1 | 2 2 -1 -2 -2 -2 1 2 2 
2 -1 -1 2 2 1 | 2 2 -1 -2 1 2 -1 2 2 
2 -1 -2 -1 2 1 -2 -2 1 | 2 2 -1 -2 1 2 -1 2 2 
2 -1 -2 -1 2 1 -2 -2 1 | 1 2 -1 -1 2 2 
2 -1 -2 -1 2 1 1 2 -1 | 1 2 -1 -1 2 2 
2 -1 -2 -1 2 1 1 2 -1 | -1 -2 1 2 1 -2 -1 2 2 
-1 2 2 1 2 -1 | -1 -2 1 2 1 -2 -1 2 2 
-1 2 2 1 2 -1 | -1 -2 1 2 -1 2 2 2 2 
-1 2 2 1 2 -1 | -1 -2 -2 -2 1 2 2 2 2 
-1 -2 1 2 2 2 2 2 -1 | -1 -2 -2 -2 1 2 2 2 2 
-1 -2 1 2 -1 2 2 2 | -1 -2 -2 -2 1 2 2 2 2 
-1 -2 1 2 -1 2 2 2 | -1 -1 -2 1 2 2 2 2 2 
1 -2 -2 -2 -2 -1 2 2 2 | -1 -1 -2 1 2 2 2 2 2 
1 -2 -2 -2 -2 -1 2 2 2 | -1 -1 2 2 1 2 
1 -2 -2 -2 -2 -1 2 2 2 | -1 2 2 2 2 -1 -2 1 2 
-2 1 2 -1 -1 2 2 2 | -1 2 2 2 2 -1 -2 1 2 
-2 1 2 -1 -2 -1 2 1 -2 | -1 2 2 2 2 -1 -2 1 2 
-2 1 2 -1 -2 -1 2 1 -2 | -1 2 2 1 2 -1 
-2 1 2 -1 -2 -1 2 1 -2 | 2 -1 -2 -1 2 1 1 2 -1 
-2 1 1 -2 -1 -2 | 2 -1 -2 -1 2 1 1 2 -1 
-2 1 1 -2 -1 -2 | 2 -1 -2 -1 2 1 -2 -2 1 
-2 1 -2 -1 2 1 -2 -2 -2 | 2 -1 -2 -1 2 1 -2 -2 1 
-2 1 -2 -1 2 1 -2 -2 -2 | 2 -1 -1 2 2 1 
-2 -1 2 2 2 1 -2 -2 -2 | 2 -1 -1 2 2 1 
-2 -1 2 1 1 -2 -2 -2 -2 | 2 -1 -1 2 2 1 
-2 -1 2 1 1 -2 -2 -2 -2 | -2 -2 -2 -2 -1 2 2 2 1 
-2 -1 2 1 1 -2 -2 -2 -2 | -1 -1 -2 1 2 -1 2 2 2 1 
-2 -1 2 1 -2 1 2 -1 -2 | -1 -1 -2 1 2 -1 2 2 2 1 
-1 2 2 1 2 -1 -2 | -1 -1 -2 1 2 -1 2 2 2 1 
-1 2 2 1 -2 -2 1 -2 -1 | -1 -1 -2 1 2 -1 2 2 2 1 
-1 2 2 1 -2 -2 1 -2 -1 | -1 -1 -2 -1 2 2 1 2 1 
2 1 -2 -2 -2 1 -2 -1 | -1 -1 -2 -1 2 2 1 2 1 
2 1 -2 -2 -2 -2 -1 2 2 | -1 -1 -2 -1 2 2 1 2 1 
2 1 -2 -2 -2 -2 -1 2 2 | -1 -1 2 2 2 -1 -2 1 2 1 
1 2 -1 -2 -1 2 2 | -1 -1 2 2 2 -1 -2 1 2 1 
1 2 -1 -2 -2 -1 2 1 -2 | -1 -1 2 2 2 -1 -2 1 2 1 
1 2 -1 -2 -2 -1 2 1 -2 | -1 -1 2 2 1 2 -1 -2 1 
-2 -2 1 -2 -1 2 1 -2 | -1 -1 2 2 1 2 -1 -2 1 
-2 -2 1 -2 -1 2 1 -2 | -1 -1 2 2 1 -2 -2 1 -2 
-1 -2 -2 1 2 1 -2 | -1 -1 2 2 1 -2 -2 1 -2 
-1 -2 -2 1 2 1 -2 | -1 2 1 -2 -2 -2 1 -2 
-1 -2 -2 1 2 1 -2 | -1 2 1 -2 1 2 -1 -2 -2 
-2 -1 2 -1 -2 1 1 2 1 -2 | -1 2 1 -2 1 2 -1 -2 -2 
-2 -1 2 -1 -2 1 1 2 1 -2 | 1 2 1 -2 -1 -2 -2 
-2 -1 2 -1 -2 1 2 2 1 | 1 2 1 -2 -1 -2 -2 
-2 -1 2 -1 -2 1 2 2 1 | 1 -2 -1 2 1 -2 -2 -2 
-2 -1 -2 -2 1 2 1 | 1 -2 -1 2 1 -2 -2 -2 
-2 -1 -2 -2 1 2 1 | -2 -1 2 2 2 1 -2 -2 -2 
-2 -1 2 1 -2 -2 -2 1 | -2 -1 2 2 2 1 -2 -2 -2 
-2 -1 2 1 -2 -2 -2 1 | -2 -1 2 2 1 2 -1 
-2 -1 2 1 -2 -2 -2 1 | -2 -1 2 1 2 -1 2 2 2 2 -1 
-2 -1 2 1 -2 -2 -2 1 | -2 -1 2 1 2 -1 2 1 -2 -1 2 
-2 -1 2 1 -2 -2 -2 1 | -2 -1 2 1 2 2 -1 2 2 -1 2 
-2 -1 2 1 -2 -2 -2 1 | -1 2 2 2 2 2 -1 2 2 -1 2 
-2 -1 2 1 -2 -2 -2 1 | -1 2 2 1 -2 -1 2 2 2 -1 2 
-2 -1 2 1 -2 -2 -2 1 | -1 2 2 1 -2 -2 -1 2 2 
-2 -1 2 1 -2 -2 -2 1 | -1 2 1 2 -1 2 -1 2 2 
-2 -1 2 1 -2 -2 -2 1 | -1 2 1 2 -1 -1 2 1 -2 
-1 -2 1 1 -2 -2 -2 -2 1 | -1 2 1 2 -1 -1 2 1 -2 
-1 -2 1 1 -2 -2 -2 -2 1 | -1 2 1 -2 -2 -2 1 -2 
-1 -2 1 1 -2 -2 -2 -2 1 | -1 2 1 2 2 -1 -2 
2 2 -1 -2 1 -2 -2 -2 -2 1 | -1 2 1 2 2 -1 -2 
2 2 -1 -2 1 -2 -2 -2 -2 1 | -1 2 2 2 2 2 -1 
2 2 -1 -2 1 2 -1 | -1 2 2 2 2 2 -1 
2 2 -1 2 2 2 2 -1 2 -1 | -1 2 2 2 2 2 -1 
2 2 -1 2 2 2 2 -1 2 -1 | -1 2 1 -2 -2 1 -2 
2 -1 2 1 2 2 -1 2 -1 | -1 2 1 -2 -2 1 -2 
2 -1 2 1 2 -1 2 1 -2 -1 | -1 2 1 -2 -2 1 -2 
2 -1 2 2 1 -2 1 -2 -1 | -1 2 1 -2 -2 1 -2 
-1 2 1 1 -2 1 -2 -1 | -1 2 1 -2 -2 1 -2 
-1 2 1 1 2 -1 -2 | -1 2 1 -2 -2 1 -2 
-1 2 1 2 1 -2 -2 -2 | -1 2 1 -2 -2 1 -2 
-1 2 1 2 1 -2 -2 -2 | -1 -1 -2 1 2 1 -2 
2 1 -2 -1 2 1 -2 -2 -2 | -1 -1 -2 1 2 1 -2 
2 1 1 -2 -1 -2 -2 -2 | -1 -1 -2 1 2 1 -2 
1 2 1 -2 -2 -1 -2 -2 -2 | -1 -1 -2 1 2 1 -2 
1 2 1 -2 -2 -1 -2 -2 -2 | -1 -1 2 2 1 2 
1 2 1 -2 -1 -1 -2 | -1 -1 2 2 1 2 
1 2 -1 2 2 -1 -2 | -1 -1 2 2 1 2 
-2 -2 1 2 2 -1 -2 | -1 -1 2 2 1 2 
-2 -2 1 2 2 -1 -2 | -1 2 2 -1 -2 1 2 
-2 1 -2 -2 1 2 -1 -2 | -1 2 2 -1 -2 1 2 
-2 1 -2 -2 1 2 -1 -2 | 2 -1 -2 -2 -2 1 2 
-2 1 2 1 -2 -1 -2 | 2 -1 -2 -2 -2 1 2 
-2 1 2 1 -2 -1 -2 | 2 -1 -2 1 2 -1 
-2 1 2 2 -1 -2 -2 | 2 -1 -2 1 2 -1 
1 -2 1 2 -1 -2 -2 | 2 -1 -2 1 2 -1 
1 1 -2 -2 -2 | 2 -1 -2 1 2 -1 
1 2 -1 -2 1 -2 -2 | 2 -1 -2 1 2 -1 
1 2 -1 -2 1 -2 -2 | 2 -1 2 -1 2 
1 2 -1 -1 | 2 -1 2 -1 2 
1 2 -1 -1 | 2 -1 2 
1 2 -1 -1 | 2 
-1 | 2 
26
-1 2 2 2 1 -2 -2 -2 -2 | -1 2 2 1 2 -1 -2 -2 
-1 2 -1 2 2 1 -2 -2 -2 | -1 2 2 1 2 -1 -2 -2 
-1 2 -1 -1 2 2 1 -2 -2 | -1 2 2 1 2 -1 -2 -2 
-1 2 -1 -1 -1 2 2 1 -2 | -1 2 2 1 2 -1 -2 -2 
-1 2 -1 -1 -1 2 2 1 -2 | -1 2 2 2 -1 -1 -1 
-1 2 1 -2 1 -2 | -1 2 2 2 -1 -1 -1 
-1 2 1 -2 1 -2 | -1 2 2 1 -2 -1 2 -1 -1 
-1 2 1 -2 1 -2 | -1 2 1 2 -1 -1 2 -1 -1 
-1 2 1 -2 1 -2 | -1 2 1 2 -1 -2 -1 2 -1 
-1 2 1 -2 1 -2 | -1 2 1 1 -2 -1 -1 2 -1 
-1 2 1 -2 1 -2 | 2 -1 2 1 -2 -1 -1 2 -1 
-1 2 1 -2 1 -2 | 2 2 -1 -1 -1 2 -1 
-1 2 1 -2 1 -2 | 2 1 -2 -1 2 -1 -1 2 -1 
-1 2 1 -2 1 -2 | 2 1 -2 -2 -1 2 -1 2 -1 
-1 2 1 -2 1 -2 | 2 1 -2 -2 -1 -1 2 
-1 2 1 -2 1 -2 | 1 2 -1 -2 -1 -1 2 
1 2 1 -2 -2 1 -2 | 1 2 -1 -2 -1 -1 2 
1 2 1 -2 -2 1 -2 | 1 -2 1 -2 -1 2 
1 1 2 -1 -2 1 -2 | 1 -2 1 -2 -1 2 
1 1 1 -2 -2 | 1 -2 1 -2 -1 2 
1 1 -2 1 2 -1 -2 | 1 -2 1 -2 -1 2 
1 1 -2 1 1 -2 -1 | 1 -2 1 -2 -1 2 
1 1 -2 1 1 -2 -1 | -1 -1 2 
1 1 -2 -1 | -1 -1 2 
-1 | -1 -1 2 
-1 | -1 2 
-1 | 2 
9
-1 2 2 2 1 -2 -2 -2 -2 | -1 2 2 1 -2 -2 -1 2 
-1 2 1 -2 1 -2 -2 | -1 2 2 1 -2 -2 -1 2 
-1 2 1 -2 1 -2 -2 | -1 2 2 2 -1 
-1 2 1 -2 -1 2 | -1 2 2 2 -1 
-1 2 1 -2 -1 2 | -2 1 2 -1 2 2 -1 
2 -1 2 -1 2 | -2 1 2 -1 2 2 -1 
2 -1 2 -1 2 | -2 1 
2 -1 2 | -2 1 
2 | -2 1 
2 | 1 
8
-1 2 2 2 1 -2 -2 -2 -2 | -1 2 2 1 -2 -2 -1 -2 
-1 2 1 2 1 -2 -2 | -1 2 2 1 -2 -2 -1 -2 
-1 2 1 2 1 -2 -2 | -1 2 -1 -2 -2 
-1 2 1 -2 -1 -2 | -1 2 -1 -2 -2 
-1 2 1 -2 -1 -2 | -1 -1 -2 -1 -2 
-1 2 1 1 1 | -1 -1 -2 -1 -2 
-1 2 1 1 1 | -1 -2 
1 | -1 -2 
1 | -2 
21
-1 2 2 2 1 -2 -2 -2 -2 | -1 2 2 1 -2 -2 -2 -1 
-1 2 1 1 -2 | -1 2 2 1 -2 -2 -2 -1 
-1 2 1 1 -2 | -1 2 1 2 -1 -2 -2 -2 -1 
-1 2 1 1 -2 | 2 -1 2 -1 -2 -2 -2 -1 
-1 2 1 1 -2 | 2 -1 2 1 -2 -1 -2 -2 -1 
-1 2 1 1 -2 | 2 2 -1 -2 -1 -2 -2 -1 
-1 2 1 1 -2 | 2 2 -1 -2 1 -2 -1 -2 -1 
-1 2 1 1 -2 | 2 2 1 -2 -2 -1 -2 -1 
-1 2 1 1 -2 | 2 2 1 -2 -2 -1 -1 -1 -2 
1 1 2 2 1 -2 | 2 2 1 -2 -2 -1 -1 -1 -2 
1 1 2 2 1 -2 | -1 -1 -2 -1 -1 -1 -2 
-1 -2 -1 -1 2 1 -2 | -1 -1 -2 -1 -1 -1 -2 
1 2 1 2 1 -2 | -1 -1 -2 -1 -1 -1 -2 
1 2 1 2 1 -2 | -1 -2 1 2 -1 -1 -2 
1 1 2 -1 -2 | -1 -2 1 2 -1 -1 -2 
1 1 2 -1 -2 | -1 -2 -1 2 -1 -2 
1 1 2 -1 -2 | -1 -2 -1 -1 -1 
-1 -1 -1 -2 | -1 -2 -1 -1 -1 
-1 -1 -1 -2 | -1 
-1 -1 -2 | -1 
-1 -2 | -1 
-2 | -1 
9
-1 2 2 2 1 -2 -2 -2 -2 | -1 2 2 2 1 2 2 -1 
1 -2 -2 -2 -2 -2 -2 | -1 2 2 2 1 2 2 -1 
1 -2 -2 -2 -2 -2 -2 | -2 -2 -2 1 2 2 -1 
1 -2 -2 -2 -2 -2 -2 | 2 2 2 2 2 -1 
-2 | 2 2 2 2 2 -1 
-2 | 2 2 2 2 -1 
-2 | 2 2 2 -1 
-2 | 2 2 -1 
-2 | 2 -1 
-2 | -1 
9
-1 2 2 2 1 -2 -2 -2 -2 | -1 2 2 2 1 2 -1 2 
-2 1 -2 -2 -2 -2 -2 | -1 2 2 2 1 2 -1 2 
-2 1 -2 -2 -2 -2 -2 | -2 -2 -2 1 2 -1 2 
-2 1 -2 -2 -2 -2 -2 | 2 2 2 2 -1 2 
-2 | 2 2 2 2 -1 2 
-2 | 2 2 2 -1 2 
-2 | 2 2 -1 2 
-2 | 2 -1 2 
-2 | -1 2 
-2 | -1 
9
-1 2 2 2 1 -2 -2 -2 -2 | -1 2 2 2 1 2 -1 -2 
2 1 -2 -2 -2 -2 -2 | -1 2 2 2 1 2 -1 -2 
2 1 -2 -2 -2 -2 -2 | -2 1 2 -1 -2 
2 1 -2 -2 -2 -2 -2 | -2 1 -2 -2 -2 -2 
2 | -2 1 -2 -2 -2 -2 
2 | -2 1 -2 -2 -2 
2 | -2 1 -2 -2 
2 | -2 1 -2 
2 | -2 1 
2 | 1 
7
-1 2 2 2 1 -2 -2 -2 -2 | -1 2 2 2 1 -2 -1 2 
-2 1 -2 -2 -2 | -1 2 2 2 1 -2 -1 2 
-2 1 -2 -2 -2 | -2 1 -2 -1 2 
-2 1 -2 -2 | -2 1 -2 -1 2 
-2 1 -2 -2 | 2 -1 2 
-2 | 2 -1 2 
-2 | -1 2 
-2 | -1 
8
-1 2 2 2 1 -2 -2 -2 -2 | -1 2 2 2 1 -2 -1 -2 
2 1 -2 -2 -2 | -1 2 2 2 1 -2 -1 -2 
2 1 -2 -2 -2 | 2 1 -2 -1 -2 
1 -2 -2 -2 | 2 1 -2 -1 -2 
1 -2 -2 | 2 1 -2 -1 -2 
1 -2 | 2 1 -2 -1 -2 
1 -2 | 2 -1 -2 
1 -2 | -2 
1 | -2 
5
-1 2 2 2 1 -2 -2 -2 -2 | -1 2 2 2 1 -2 -2 -1 
1 -2 -2 | -1 2 2 2 1 -2 -2 -1 
1 -2 -2 | -1 2 2 2 -1 
1 -2 -2 | -1 2 
-2 | -1 2 
-2 | -1 
81
-1 2 2 2 1 -2 -2 -2 -2 | -1 2 2 2 2 1 -2 -1 
-1 2 2 2 1 -2 -2 -2 -2 | -1 2 1 2 2 2 -1 
-1 2 2 2 1 -2 -2 -2 -2 | -1 2 1 -2 -1 2 2 2 
2 -1 -2 1 1 -2 -2 -2 -2 | -1 2 1 -2 -1 2 2 2 
2 -1 -2 1 2 1 -2 -1 -2 | -1 2 1 -2 -1 2 2 2 
2 -1 -2 1 2 1 -2 -1 -2 | -1 -1 2 1 2 2 2 
2 -1 -2 1 2 1 2 2 -1 -1 | -1 -1 2 1 2 2 2 
2 -1 -2 1 1 1 -2 -1 -1 | -1 -1 2 1 2 2 2 
2 2 2 2 1 -2 -1 -1 | -1 -1 2 1 2 2 2 
2 2 2 2 1 -2 -1 -1 | -1 -1 2 1 1 1 2 -1 -2 
2 2 2 -1 -1 2 1 | -1 -1 2 1 1 1 2 -1 -2 
2 2 2 -1 -1 2 1 | -2 -2 -2 1 1 2 -1 -2 
2 2 2 -1 -1 2 1 | -2 -2 1 2 2 2 2 -1 -2 
2 2 2 -1 -1 2 1 | -2 -2 1 2 -1 -2 1 -2 
1 2 -1 -2 -1 2 1 | -2 -2 1 2 -1 -2 1 -2 
1 2 -1 -2 -1 2 1 | -2 -2 -1 -2 1 1 -2 
1 2 -1 -2 -1 2 1 | -2 -2 -1 -2 -2 1 2 1 -2 -2 
1 -2 -2 -2 -1 -2 1 | -2 -2 -1 -2 -2 1 2 1 -2 -2 
1 -2 -2 -2 -1 -2 1 | 2 -1 -1 -2 1 2 1 -2 -2 
1 -2 -2 -2 -1 -2 1 | 2 -1 -1 -2 1 2 -1 2 1 2 
1 -2 -1 -1 -2 1 2 | 2 -1 -1 -2 1 2 -1 2 1 2 
1 -2 -1 -1 -2 1 2 | 2 2 -1 -1 2 1 2 
1 -2 -1 -1 -2 1 2 | 2 2 -1 2 1 -2 -1 2 
1 -2 -1 -1 2 2 -1 2 1 | 2 2 -1 2 1 -2 -1 2 
1 -2 -1 -1 2 2 -1 2 1 | 1 1 2 -1 -2 -1 2 
-2 -1 2 2 2 -1 2 1 | 1 1 2 -1 -2 -1 2 
-2 -1 2 2 2 2 1 -2 -1 | 1 1 2 -1 -2 -1 2 
-2 -1 2 2 2 2 1 -2 -1 | 1 -2 -1 2 2 2 -1 2 
-1 -2 1 2 1 -2 -1 | 1 -2 -1 2 2 2 -1 2 
-1 -2 1 1 -2 -2 -2 | 1 -2 -1 2 2 2 -1 2 
-1 -2 1 1 -2 -2 -2 | 1 -2 -1 -1 -2 1 2 
1 2 -1 -2 1 -2 -2 -2 | 1 -2 -1 -1 -2 1 2 
1 2 -1 -2 1 -2 -2 -2 | 1 -2 -1 -1 2 2 -1 2 1 
1 2 1 -2 -1 -1 -2 | 1 -2 -1 -1 2 2 -1 2 1 
1 2 1 -2 -1 -1 -2 | -2 -1 2 2 2 -1 2 1 
1 1 -2 -2 -2 -1 -2 | -2 -1 2 2 2 -1 2 1 
1 1 -2 -2 -2 -1 -2 | -2 -1 2 2 2 1 -2 -2 -2 
1 -2 -2 -2 1 2 -1 -2 | -2 -1 2 2 2 1 -2 -2 -2 
-2 -2 -2 1 2 1 2 -1 -2 | -2 -1 2 2 2 1 -2 -2 -2 
-2 -2 -2 1 2 1 2 -1 -2 | -2 -1 -2 1 2 1 -2 -2 
-2 -2 1 2 2 2 2 -1 -2 | -2 -1 -2 1 2 1 -2 -2 
-2 -2 1 2 -1 -2 1 | -2 -1 -2 1 2 1 -2 -2 
-2 -2 1 2 -1 -2 1 | -2 -2 -1 2 2 2 1 -2 -2 
-2 -2 1 2 -1 -2 1 | -2 -2 -1 2 2 1 -2 -2 1 -2 
-2 -2 1 2 -1 -2 1 | -2 -2 -1 2 1 -2 -2 1 -2 1 -2 
-2 -2 1 2 -1 -2 1 | -2 -2 -2 -2 1 -2 1 -2 1 -2 
-2 -2 1 2 -1 -2 1 | -2 -2 -2 1 -2 -1 2 1 -2 1 -2 
-2 -2 1 2 -1 -2 1 | -2 -2 -2 1 -2 -2 -2 1 1 -2 
-2 -2 1 2 -1 -2 1 | -2 -2 1 -2 -1 -2 1 1 -2 
-2 -2 1 2 -1 -2 1 | -2 -2 1 -2 -2 -1 2 2 1 -2 
-2 -2 1 2 -1 -2 1 | -2 1 -2 -1 -1 2 2 1 -2 
-2 -2 1 2 -1 -2 1 | -2 1 -2 -1 -1 2 1 -2 -2 1 
-2 -2 1 2 -1 -2 1 | -2 1 -2 -1 -2 -2 1 -2 1 
-2 -2 1 2 -1 -2 1 | -2 1 -2 -1 -2 1 -2 -1 2 1 
-2 -2 1 2 -1 -2 1 | -2 1 -2 -2 -1 2 -1 2 1 
-2 -2 1 2 -1 -2 1 | -2 1 -2 -2 -1 -2 1 2 
-2 -2 1 2 -1 -2 1 | 1 -2 -1 -1 -2 1 2 
-2 -2 -1 -2 1 1 | 1 -2 -1 -1 -2 1 2 
-2 -2 -1 -2 1 1 | 1 -2 -1 2 2 -1 2 
-2 -2 -2 -1 2 2 1 | 1 -2 -1 2 2 -1 2 
-2 -2 -2 -1 2 2 1 | 1 2 2 -1 -1 2 
-2 -1 -1 2 2 2 1 | 1 2 2 -1 -1 2 
-2 -1 -1 2 2 2 1 | 1 2 2 2 -1 -2 -2 
-2 -1 2 2 2 -1 2 1 | 1 2 2 2 -1 -2 -2 
2 2 -1 2 -1 2 1 | 1 2 2 2 -1 -2 -2 
2 2 -1 2 -1 2 1 | 1 2 -1 -2 1 -2 -2 -2 
2 2 -1 -2 -2 1 2 | 1 2 -1 -2 1 -2 -2 -2 
2 2 -1 -2 -2 1 2 | 1 2 -1 -2 -2 -2 1 
2 2 -1 -2 -2 1 2 | 1 -2 -2 -1 -2 1 
2 2 -1 -2 -2 1 2 | -2 -2 1 2 -1 -2 1 
2 -1 2 2 -1 -2 1 2 | -2 -2 1 2 -1 -2 1 
2 -1 2 -1 2 2 2 | -2 -2 1 2 -1 -2 1 
2 -1 -2 1 2 -1 2 2 | -2 -2 1 2 -1 -2 1 
-1 2 2 2 -1 2 2 | -2 -2 1 2 -1 -2 1 
-1 2 1 2 -1 2 | -2 -2 1 2 -1 -2 1 
-1 2 1 2 -1 2 | -2 -2 1 2 2 -1 2 
2 2 2 -1 2 | -2 -2 1 2 2 -1 2 
2 2 2 -1 2 | -2 -2 1 -2 
2 | -2 -2 1 -2 
2 | -2 -2 1 
2 | -2 1 
2 | 1 
8
-1 2 2 2 1 -2 -2 -2 -2 | -1 2 2 2 2 2 2 2 
-1 2 2 2 2 2 2 | -1 2 2 2 2 2 2 2 
-1 2 2 2 2 2 2 | 2 
-1 2 2 2 2 2 | 2 
-1 2 2 2 2 | 2 
-1 2 2 2 | 2 
-1 2 2 | 2 
-1 2 | 2 
-1 | 2 
32
-1 2 2 2 1 -2 -2 -2 -2 | -1 2 2 2 -1 -2 1 2 
-1 2 2 1 2 -1 -2 | -1 2 2 2 -1 -2 1 2 
-1 2 2 1 -2 -2 1 -2 -1 | -1 2 2 2 -1 -2 1 2 
-1 2 1 2 -1 2 1 -2 -1 | -1 2 2 2 -1 -2 1 2 
-1 2 1 2 2 -1 2 2 -1 | -1 2 2 2 -1 -2 1 2 
-1 2 1 -2 1 -2 -1 2 2 2 -1 | -1 2 2 2 -1 -2 1 2 
-1 2 1 -2 1 -2 -2 -1 2 | -1 2 2 2 -1 -2 1 2 
-1 2 1 -2 1 -2 -2 -1 2 | -1 2 2 1 -2 -2 -1 2 2 
-1 2 1 -2 -2 -2 1 -2 | -1 2 2 1 -2 -2 -1 2 2 
-1 2 1 -2 -2 -2 1 -2 | -1 2 1 2 -1 2 -1 2 2 
-1 2 1 -2 -1 2 1 2 -1 | -1 2 1 2 -1 2 -1 2 2 
-1 2 1 -2 -1 2 1 2 -1 | 2 -1 -2 1 2 -1 2 2 
-1 2 2 2 2 2 -1 | 2 -1 -2 1 2 -1 2 2 
-2 -1 2 1 2 2 -1 | 2 -1 -2 1 2 -1 2 2 
-2 -1 2 1 2 2 -1 | 2 2 2 -1 -1 2 2 
-2 1 -2 -2 -2 -2 1 2 2 -1 | 2 2 2 -1 -1 2 2 
-2 1 2 -1 2 2 -1 | 2 2 2 -1 -1 2 2 
-2 1 2 -1 -2 1 1 -2 -2 -1 | 2 2 2 -1 -1 2 2 
-2 1 2 -1 -2 1 1 -2 -2 -1 | 2 -1 -2 1 2 -1 2 
-2 1 -2 1 -2 1 -2 -2 -1 | 2 -1 -2 1 2 -1 2 
-2 1 -2 1 2 -1 -2 1 -2 -1 | 2 -1 -2 1 2 -1 2 
-2 1 -2 1 2 -1 2 -1 -2 | 2 -1 -2 1 2 -1 2 
-2 1 1 -2 -1 -2 | 2 -1 -2 1 2 -1 2 
-2 1 2 2 -1 -2 -2 | 2 -1 -2 1 2 -1 2 
1 -2 -2 1 2 -1 -2 -2 | 2 -1 -2 1 2 -1 2 
1 -2 1 -2 -2 -2 -2 | 2 -1 -2 1 2 -1 2 
1 2 -1 -2 1 -2 -2 -2 | 2 -1 -2 1 2 -1 2 
1 2 -1 -2 1 -2 -2 -2 | 2 -1 2 2 -1 2 2 
1 2 -1 2 -1 | 2 -1 2 2 -1 2 2 
1 2 -1 2 -1 | 2 -1 2 2 
1 2 -1 2 -1 | 2 
2 -1 | 2 
-1 | 2 
19
-1 2 2 2 1 -2 -2 -2 -2 | -1 2 2 -1 -2 1 2 2 
-1 2 2 2 1 -2 -2 -2 -2 | -1 -2 -2 -1 2 2 1 2 2 
-1 2 -1 2 2 1 -2 -2 | -1 -2 -2 -1 2 2 1 2 2 
-1 2 -1 -1 2 2 1 | -1 -2 -2 -1 2 2 1 2 2 
-1 2 -1 -1 2 2 1 | -1 -2 -2 1 -2 1 2 2 
-1 2 -1 -1 2 2 1 | -1 2 -1 -2 1 2 2 
-1 2 -1 -1 2 2 1 | -1 2 -1 -2 1 1 1 -2 
-1 2 -1 -1 2 2 1 | -1 2 -1 2 2 1 -2 
-1 2 -1 -1 2 2 1 | -1 2 1 -2 1 -2 
-1 2 -1 -1 2 2 1 | 1 -2 -2 1 -2 1 -2 
-1 2 -1 -1 2 2 1 | 1 2 -1 -2 1 -2 
2 -1 -2 -1 2 2 1 | 1 2 -1 -2 1 -2 
2 -1 -2 -1 2 2 1 | -2 -2 1 1 -2 
2 -1 -2 1 -2 1 | -2 -2 1 1 -2 
2 -1 -2 1 -2 1 | -2 -2 1 -2 1 -2 1 
2 -1 -2 1 -2 1 | -2 1 -2 -2 1 
2 -1 2 | -2 1 -2 -2 1 
2 -1 2 | -2 1 
2 | -2 1 
2 | 1 
15
-1 2 2 2 1 -2 -2 -2 -2 | -1 2 2 -1 -2 1 -2 -2 
-1 2 2 1 -2 -2 -1 -2 -2 | -1 2 2 -1 -2 1 -2 -2 
-1 2 1 -2 -2 -1 -1 -2 -2 | -1 2 2 -1 -2 1 -2 -2 
-1 2 1 -2 -2 -1 -1 -2 -2 | -1 -1 -1 -2 -2 -2 -2 
-1 2 1 2 2 1 -2 -2 | -1 -1 -1 -2 -2 -2 -2 
-1 2 1 2 2 1 -2 -2 | -1 -1 -2 -2 -1 2 1 -2 -2 
-1 2 1 2 2 1 -2 -2 | -1 -2 -2 -1 2 2 1 -2 -2 
-1 2 1 2 2 1 -2 -2 | -1 -2 -2 -1 -1 -2 1 
-1 2 1 -2 -1 -2 -2 | -1 -2 -2 -1 -1 -2 1 
-1 2 1 -2 -1 -2 -2 | 2 -1 -2 -1 -2 1 
2 -1 -2 -2 -1 -2 -2 | 2 -1 -2 -1 -2 1 
2 -1 -2 -2 -1 -2 -2 | 2 2 1 
2 -1 -2 -2 | 2 2 1 
2 | 2 2 1 
2 | 2 1 
2 | 1 
36
-1 2 2 2 1 -2 -2 -2 -2 | -1 2 2 -1 -2 -2 1 -2 
-1 2 2 2 1 -2 -2 -2 -2 | -1 -2 -2 -1 2 1 -2 
-1 2 2 2 1 -2 -2 -2 -2 | -2 -2 -2 -2 -1 2 -1 2 1 -2 
-1 2 2 1 -2 1 2 | -2 -2 -2 -2 -1 2 -1 2 1 -2 
-1 2 2 1 -2 1 2 | -2 -2 -2 -1 2 2 2 1 -2 
-1 -2 1 2 2 2 1 2 | -2 -2 -2 -1 2 2 2 1 -2 
-1 -2 1 2 2 2 1 2 | 1 2 -1 2 2 1 -2 
-1 -2 1 2 2 2 1 2 | 1 2 -1 2 1 2 2 2 1 
-1 -2 1 2 2 2 1 2 | 1 2 2 2 2 1 2 2 2 2 1 
-1 -2 1 2 2 2 1 2 | 2 1 -2 -1 2 1 2 2 2 2 1 
-1 -2 1 2 2 2 1 2 | 2 1 2 2 1 2 2 2 2 2 1 
-1 -2 1 2 2 2 1 2 | 2 1 2 2 2 1 -2 -1 2 2 1 
-1 -2 1 2 2 2 1 2 | 2 2 1 -2 -2 -1 2 2 1 
-1 -2 1 2 2 2 1 2 | 2 2 1 2 1 2 -1 2 1 
-1 -2 1 2 -1 -2 1 -2 -1 | 2 2 1 2 1 2 -1 2 1 
-1 -2 1 2 -1 -2 1 -2 -1 | 2 2 1 2 -1 -2 1 2 
-1 -2 -2 -2 -2 -2 -1 | 2 2 1 2 -1 -2 1 2 
2 -1 -2 1 -2 -2 -1 | 2 2 1 2 -1 -2 1 2 
2 -1 -2 1 -2 -2 -1 | 2 2 1 1 2 2 2 
2 1 2 2 2 2 1 -2 -2 -1 | 2 2 1 1 2 2 2 
2 1 -2 -1 -2 -2 -1 | 2 2 1 1 2 2 2 
2 1 -2 -1 2 1 1 2 2 -1 | 2 2 1 1 2 2 2 
2 1 -2 -1 2 1 1 2 2 -1 | 2 1 2 -1 -2 1 2 
2 1 2 1 2 1 2 2 -1 | 2 1 2 -1 -2 1 2 
2 1 2 1 -2 -1 2 1 2 -1 | 2 1 2 -1 -2 1 2 
2 1 1 2 2 2 1 2 -1 | 2 1 2 -1 -2 1 2 
2 1 1 2 -1 2 | 2 1 2 -1 -2 1 2 
2 1 -2 -2 -1 2 2 | 2 1 2 -1 -2 1 2 
1 2 2 1 -2 -1 2 2 | 2 1 2 -1 -2 1 2 
1 2 1 2 2 2 2 | 2 1 2 -1 -2 1 2 
1 -2 -1 2 1 2 2 2 | 2 1 2 -1 -2 1 2 
1 -2 -1 2 1 2 2 2 | 2 2 1 2 2 1 2 
1 -2 -1 -2 -1 | 2 2 1 2 2 1 2 
1 -2 -1 -2 -1 | 2 2 1 2 
1 -2 -1 -2 -1 | 2 
-2 -1 | 2 
-1 | 2 
78
-1 2 2 2 1 -2 -2 -2 -2 | -1 2 -1 -2 1 -2 -2 -2 
-1 2 2 2 1 -2 -2 -2 -2 | -1 2 -1 -2 -2 -2 -2 1 2 
-1 -2 1 2 -1 -2 -2 -2 | -1 2 -1 -2 -2 -2 -2 1 2 
-1 -2 1 1 -2 -1 2 | -1 2 -1 -2 -2 -2 -2 1 2 
-1 -2 1 1 -2 -1 2 | 2 -1 -1 -2 -2 -2 1 2 
-1 -2 1 1 -2 -1 2 | 1 2 -1 -1 2 -1 -2 -2 -2 1 2 
-1 -2 1 1 -2 -1 2 | 1 2 -1 2 -1 -1 -2 -2 1 2 
-1 -2 1 1 -2 -1 2 | 1 2 2 -1 -1 2 -1 -2 -2 1 2 
-1 -2 1 1 -2 -1 2 | 1 2 2 -1 2 -1 -1 -2 1 2 
-1 -2 1 1 -2 -1 2 | 1 2 2 -1 2 -1 -2 1 2 -1 2 
-1 -2 1 1 -2 -1 2 | 1 2 2 2 -1 2 -1 2 
2 2 2 -1 2 1 -2 -1 2 | 1 2 2 2 -1 2 -1 2 
2 2 2 -1 2 1 -2 -1 2 | 1 -2 1 2 -1 -1 2 
2 2 2 1 -2 -1 -1 2 | 1 -2 1 2 -1 -1 2 
2 2 1 1 -2 -1 -1 -1 2 | 1 -2 1 2 -1 -1 2 
2 2 1 1 -2 -1 -1 -1 2 | 1 -2 -1 -1 2 2 2 2 
2 2 1 -2 -2 -2 -2 -1 2 | 1 -2 -1 -1 2 2 2 2 
-2 -2 1 1 -2 -2 -2 -1 2 | 1 -2 -1 -1 2 2 2 2 
-2 -2 1 1 -2 -2 -2 -1 2 | 1 -2 -2 -2 -2 -1 2 2 2 
-2 -2 1 1 -2 -2 -2 -1 2 | -1 2 1 -2 -1 2 2 2 
-2 -2 1 2 1 -2 -1 -1 2 | -1 2 1 -2 -1 2 2 2 
-2 -2 1 2 1 -2 -1 -1 2 | -1 -1 2 1 2 2 2 
-2 -2 1 2 1 -2 -2 -2 -2 -1 | -1 -1 2 1 2 2 2 
-2 -2 1 2 1 -2 -2 -2 -2 -1 | -1 -1 -2 1 2 1 -2 
-2 1 1 -2 -2 -2 -1 | -1 -1 -2 1 2 1 -2 
-2 1 1 -2 -2 -1 -2 -1 2 1 | -1 -1 -2 1 2 1 -2 
-2 1 1 -2 -2 -1 -2 -1 2 1 | -1 -2 1 1 -2 -2 -2 
-2 1 1 2 -1 -1 -1 2 1 | -1 -2 1 1 -2 -2 -2 
-2 1 1 2 -1 -2 -2 -2 | -1 -2 1 1 -2 -2 -2 
-2 1 1 2 -1 -2 -2 -2 | -1 -2 1 1 2 1 -2 -1 -1 
-2 -1 -2 1 1 -2 -2 | -1 -2 1 1 2 1 -2 -1 -1 
-2 -1 -2 1 1 -2 -2 | 2 2 2 2 1 -2 -1 -1 
-2 -1 2 2 2 1 -2 -2 -2 | 2 2 2 2 1 -2 -1 -1 
-2 -1 2 2 2 1 -2 -2 -2 | 2 1 2 2 2 -1 -1 
-2 -1 2 2 2 1 -2 -2 -2 | 2 1 -2 -1 2 2 2 -1 
-2 -1 2 2 2 1 -2 -2 -2 | 2 1 -2 -1 -2 -1 2 2 2 
-2 -1 -2 1 2 1 -2 -2 | 2 1 -2 -1 -2 -1 2 2 2 
-2 -1 -2 1 2 1 -2 -2 | 2 1 -2 -2 -2 -2 -1 2 2 
-2 -1 -2 1 2 1 -2 -2 | -1 2 1 -2 -1 2 2 
-2 -2 -1 2 2 2 1 -2 -2 | -1 2 1 -2 -1 2 2 
-2 -2 -1 2 2 1 -2 -2 1 -2 | -1 2 1 -2 -1 2 2 
-2 -2 -1 2 1 -2 -2 1 -2 1 -2 | -1 2 1 -2 -1 2 2 
-2 -2 -2 -2 1 -2 1 -2 1 -2 | -1 2 1 -2 -1 2 2 
-2 -2 -2 1 -2 -1 2 1 -2 1 -2 | -1 2 1 -2 -1 2 2 
-2 -2 -2 1 -2 -2 -2 1 1 -2 | -1 2 1 -2 -1 2 2 
-2 -2 1 -2 -1 -2 1 1 -2 | -1 2 1 -2 -1 2 2 
-2 -2 1 -2 -2 -1 2 2 1 -2 | -1 2 1 -2 -1 2 2 
-2 1 -2 -1 -1 2 2 1 -2 | -1 2 1 -2 -1 2 2 
-2 1 -2 -1 -1 2 1 -2 -2 1 | -1 2 1 -2 -1 2 2 
-2 1 -2 -1 -2 -2 1 -2 1 | -1 2 1 -2 -1 2 2 
-2 1 -2 -1 -2 1 -2 -1 2 1 | -1 2 1 -2 -1 2 2 
-2 1 -2 -2 -1 2 -1 2 1 | -1 2 1 -2 -1 2 2 
-2 1 -2 -2 -1 -2 1 2 | -1 2 1 -2 -1 2 2 
1 -2 -1 -1 -2 1 2 | -1 2 1 -2 -1 2 2 
1 -2 -1 -1 -2 1 2 | -1 -1 2 1 2 2 
1 -2 -1 2 2 -1 2 | -1 -1 2 1 2 2 
1 -2 -1 2 2 -1 2 | -1 -2 -2 1 2 2 2 
1 2 2 -1 -1 2 | -1 -2 -2 1 2 2 2 
1 2 2 -1 -1 2 | -1 -2 -2 -2 1 1 2 
1 2 2 2 -1 -2 -2 | -1 -2 -2 -2 1 1 2 
1 2 2 2 -1 -2 -2 | -1 -2 1 -2 -2 -2 1 2 
1 2 2 2 -1 -2 -2 | -1 -2 1 -2 1 -2 -2 
1 2 -1 -2 1 -2 -2 -2 | -1 -2 1 -2 1 -2 -2 
1 2 -1 -2 1 -2 -2 -2 | -2 -1 2 2 1 -2 -2 
1 2 -1 -2 -2 -2 1 | -2 -1 2 2 1 -2 -2 
1 -2 -2 -1 -2 1 | -2 -1 2 2 1 -2 -2 
-2 -2 1 2 -1 -2 1 | -2 -1 2 2 1 -2 -2 
-2 -2 1 2 -1 -2 1 | -2 -1 2 1 -2 -2 1 -2 
-2 -2 1 2 -1 -2 1 | -2 -2 -2 1 -2 1 -2 
-2 -2 1 2 -1 -2 1 | -2 -2 1 -2 -1 2 1 -2 
-2 -2 1 2 -1 -2 1 | -2 -2 1 -2 -2 -2 1 
-2 -2 1 2 -1 -2 1 | -2 1 -2 -1 -2 1 
-2 -2 1 2 2 -1 2 | -2 1 -2 -1 -2 1 
-2 -2 1 2 2 -1 2 | -2 1 -2 -2 -2 
-2 -2 1 -2 | -2 1 -2 -2 -2 
-2 -2 1 -2 | -2 
-2 -2 1 | -2 
-2 1 | -2 
1 | -2 
12
-1 2 2 2 1 -2 -2 -2 -2 | -1 2 -1 -2 -2 1 2 2 
-1 2 2 2 1 -2 -2 -2 -2 | -1 2 -1 2 1 -2 -2 
-1 2 2 1 -2 1 -2 -2 | -1 2 -1 2 1 -2 -2 
-1 2 1 -2 1 2 1 -2 -2 | -1 2 -1 2 1 -2 -2 
-2 1 2 1 2 1 -2 -2 | -1 2 -1 2 1 -2 -2 
-2 1 2 1 1 -2 1 | -1 2 -1 2 1 -2 -2 
-2 1 2 1 1 -2 1 | 2 1 1 1 -2 -2 
-2 1 2 | 2 1 1 1 -2 -2 
-2 1 2 | 2 1 1 -2 -2 
-2 1 2 | 2 1 -2 -2 
-2 1 2 | -2 
-2 1 | -2 
1 | -2 
23
-1 2 2 2 1 -2 -2 -2 -2 | -1 2 -1 -2 -2 1 -2 -2 
-1 2 2 2 1 -2 -2 -2 -2 | -1 -2 -2 -2 -1 2 1 -2 -2 
-1 2 2 1 2 2 2 1 -2 -2 | -1 -2 -2 -2 -1 2 1 -2 -2 
-1 -2 -1 2 1 2 1 -2 -2 | -1 -2 -2 -2 -1 2 1 -2 -2 
-1 -2 -1 2 1 1 2 2 2 1 | -1 -2 -2 -2 -1 2 1 -2 -2 
-1 -2 -1 2 1 1 2 2 2 1 | -1 -2 -2 -2 -1 2 2 1 1 
-1 -2 -1 2 1 2 2 1 1 | -1 -2 -2 -2 -1 2 2 1 1 
-1 -2 -1 2 1 2 2 1 1 | -2 -1 2 1 -2 -1 2 2 1 1 
-1 -2 -1 2 1 2 2 1 1 | -2 -1 -2 -1 2 1 1 
2 -1 2 2 1 1 | -2 -1 -2 -1 2 1 1 
2 -1 2 1 2 1 2 | -2 -1 -2 -1 2 1 1 
2 -1 2 1 2 1 2 | -2 -1 -2 -2 -2 -1 -2 1 
-1 -2 -2 1 2 | -2 -1 -2 -2 -2 -1 -2 1 
-1 -2 -2 1 2 | -2 -1 -2 1 -2 -1 -1 -2 1 
-1 -2 -2 1 2 | -2 -1 2 1 -2 -2 -1 -1 -2 1 
-1 -2 -2 1 2 | -1 -2 1 -2 -2 -1 -1 -2 1 
1 2 2 2 | -1 -2 1 -2 -2 -1 -1 -2 1 
1 2 2 2 | -1 -2 1 2 -1 -2 1 
1 2 2 2 | -1 -2 -2 -2 -1 -2 1 
1 2 2 2 | -1 -2 1 
1 2 2 | -1 -2 1 
1 2 | -1 -2 1 
1 2 | 1 
2 | 1 
5
-1 2 2 2 1 -2 -2 -2 -2 | -1 2 -1 -2 -2 -2 1 2 
-1 2 2 2 1 -2 -2 -2 -2 | -1 -2 -2 
-1 -2 -2 -2 | -1 -2 -2 
-2 | -1 -2 -2 
-2 | -1 -2 
-2 | -1 
7
-1 2 2 2 1 -2 -2 -2 -2 | -1 2 -1 -2 -2 -2 1 -2 
-2 -1 -2 -2 -2 | -1 2 -1 -2 -2 -2 1 -2 
-2 -1 -2 -2 -2 | -1 2 2 1 -2 
-2 -2 -1 -2 | -1 2 2 1 -2 
-2 -2 -1 -2 | -1 -2 -2 
-2 | -1 -2 -2 
-2 | -1 -2 
-2 | -1 
5
-1 2 2 2 1 -2 -2 -2 -2 | -1 -1 -2 1 2 2 2 2 
-1 2 2 2 1 -2 -2 -2 -2 | -1 -1 2 2 1 
-1 2 | -1 -1 2 2 1 
-1 2 | -1 2 1 
-1 2 | 1 
2 | 1 
9
-1 2 2 2 1 -2 -2 -2 -2 | -1 -1 -2 1 -2 -2 -2 -2 
-1 2 2 2 2 1 1 | -1 -1 -2 1 -2 -2 -2 -2 
-1 2 2 2 2 1 1 | -1 -1 -2 1 1 
-1 2 2 2 1 1 | -1 -1 -2 1 1 
-1 2 2 1 1 | -1 -1 -2 1 1 
-1 2 1 1 | -1 -1 -2 1 1 
-1 2 1 1 | 1 
-1 2 1 | 1 
-1 2 | 1 
2 | 1 
17
-1 2 2 2 1 -2 -2 -2 -2 | -1 -1 -2 -2 1 2 2 2 
-1 2 2 2 1 -2 -2 -2 -2 | -1 -1 2 1 -2 
-1 2 2 1 1 -2 -2 -2 | -1 -1 2 1 -2 
-1 2 1 1 2 1 -2 -2 -2 | -1 -1 2 1 -2 
-1 2 1 1 1 1 -2 -2 | -1 -1 2 1 -2 
1 2 1 1 1 -2 -2 | -1 -1 2 1 -2 
1 1 1 2 1 1 -2 -2 | -1 -1 2 1 -2 
1 1 1 1 1 2 1 -2 -2 | -1 -1 2 1 -2 
1 1 1 1 1 1 1 -2 | -1 -1 2 1 -2 
1 1 1 1 2 1 -2 1 -2 | -1 -1 2 1 -2 
1 1 2 1 1 -2 1 -2 | -1 -1 2 1 -2 
2 1 1 1 -2 1 -2 | -1 -1 2 1 -2 
2 1 1 1 -2 1 -2 | 1 1 1 -2 
2 1 -2 | 1 1 1 -2 
2 1 -2 | 1 1 -2 
2 -1 | 1 1 -2 
2 -1 | 1 
2 | 1 
5
-1 2 2 2 1 -2 -2 -2 -2 | -1 -1 -2 -2 -2 1 2 2 
-1 2 2 2 1 -2 -2 -2 -2 | -1 -2 -2 
-1 -2 -2 -2 | -1 -2 -2 
-2 | -1 -2 -2 
-2 | -1 -2 
-2 | -1 
9
-1 2 2 2 1 -2 -2 -2 -2 | -1 -1 -2 -2 -2 1 -2 -2 
-2 -2 -1 -2 -2 -2 -2 | -1 -1 -2 -2 -2 1 -2 -2 
-2 -2 -1 -2 -2 -2 -2 | -1 2 2 2 1 -2 -2 
-2 -2 -2 -2 -1 -2 | -1 2 2 2 1 -2 -2 
-2 -2 -2 -2 -1 -2 | -1 -2 -2 -2 -2 
-2 | -1 -2 -2 -2 -2 
-2 | -1 -2 -2 -2 
-2 | -1 -2 -2 
-2 | -1 -2 
-2 | -1 
59
-1 2 2 2 1 -2 -2 -2 -2 | -1 -1 -2 -2 -2 -2 1 2 
-1 -2 1 2 -1 -2 -2 -2 -2 | -1 -1 -2 -2 -2 -2 1 2 
-1 -2 1 2 1 -2 -1 | -1 -1 -2 -2 -2 -2 1 2 
-1 -2 1 2 1 -2 -1 | -1 -1 -2 -2 -2 1 1 2 -1 
-1 -2 1 2 1 -2 -1 | -1 -1 -2 -2 -2 1 2 1 1 2 -1 -1 
-1 -2 1 2 1 -2 -1 | -1 -1 -2 -2 1 1 2 1 2 -1 -1 
-1 -2 1 2 1 -2 -1 | -1 -1 -2 -2 1 2 1 1 2 2 -1 -1 
-1 -2 1 2 1 -2 -1 | -1 -1 -2 1 1 2 1 2 2 -1 -1 
-1 -2 1 2 1 -2 -1 | 2 -1 -2 1 2 1 2 2 -1 -1 
-1 -2 1 2 1 -2 -1 | 2 1 2 2 2 -1 -1 
2 2 2 -1 2 1 -2 -1 | 2 1 2 2 2 -1 -1 
2 2 2 1 -2 -2 -2 -2 -1 | 2 1 2 2 2 -1 -1 
2 2 2 1 -2 -2 -2 -2 -1 | 2 1 -2 -1 2 2 2 -1 
2 2 2 1 -2 -2 -2 -2 -1 | 2 1 -2 -1 -2 -1 2 2 2 
-2 1 2 1 -2 -2 -2 -1 | 2 1 -2 -1 -2 -1 2 2 2 
-2 1 2 1 -2 -2 -2 -1 | 2 1 -2 -2 -2 -2 -1 2 2 
-2 1 2 1 -2 -2 -2 -1 | -1 2 1 -2 -1 2 2 
-2 1 1 -2 -2 1 -2 -2 -1 | -1 2 1 -2 -1 2 2 
-2 1 1 -2 1 -2 -1 -1 | -1 2 1 -2 -1 2 2 
-2 1 1 1 -2 -1 2 -1 -1 | -1 2 1 -2 -1 2 2 
-2 1 1 1 -2 -1 2 -1 -1 | -1 2 -1 -1 2 1 1 2 
-2 1 1 1 -2 -2 -1 -1 -2 | -1 2 -1 -1 2 1 1 2 
-2 1 1 1 -2 -2 -1 -1 -2 | -1 2 -1 -1 -2 1 1 1 -2 
1 1 -2 1 -2 -1 -1 -2 | -1 2 -1 -1 -2 1 1 1 -2 
1 1 -2 1 -2 -1 -1 -2 | -1 2 2 -1 2 1 -2 
1 1 -2 1 -2 -1 -1 -2 | -1 2 2 1 -2 1 -2 -1 -2 
1 -2 -2 1 2 -1 -2 | -1 2 2 1 -2 1 -2 -1 -2 
1 -2 -2 1 2 -1 -2 | -1 2 1 -2 -2 1 1 -2 -1 -2 
1 -2 -2 1 2 -1 -2 | -2 -2 1 -2 1 1 -2 -1 -2 
1 -2 -2 1 2 -1 -2 | -2 1 -2 -1 2 1 1 -2 -1 -2 
1 -2 -2 1 2 -1 -2 | -2 1 -2 -2 -2 1 2 1 -2 -1 -2 
1 -2 -2 1 2 -1 -2 | -2 1 -2 -2 -2 1 1 -2 -2 -2 
1 -2 -2 1 2 -1 -2 | 1 -2 -1 -2 1 1 -2 -2 -2 
1 -2 -2 1 2 -1 -2 | 1 -2 -2 -1 2 2 1 -2 -2 -2 
1 -2 -2 1 2 -1 -2 | 1 -2 -2 -1 2 1 -2 -2 1 -2 -2 
1 -2 -2 1 2 -1 -2 | 1 -2 -2 -2 -2 1 -2 1 -2 -2 
1 -2 -2 1 2 -1 -2 | 1 -2 -2 -2 1 -2 -1 2 1 -2 -2 
1 -2 -2 1 2 -1 -2 | 1 -2 -2 -2 1 -2 -2 -2 1 -2 
1 -2 -2 1 2 -1 -2 | 1 -2 -2 1 -2 -1 -2 1 -2 
1 -2 -2 1 2 -1 -2 | 1 -2 -2 1 -2 -2 -1 2 
-2 1 2 2 2 -1 -2 | 1 -2 -2 1 -2 -2 -1 2 
-2 1 2 1 -2 -2 -1 | 1 -2 -2 1 -2 -2 -1 2 
-2 1 2 1 -2 -2 -1 | 1 -2 -2 -2 -1 2 2 
-2 1 -2 1 2 -1 | 1 -2 -2 -2 -1 2 2 
-2 1 -2 1 2 -1 | 1 -2 -2 -1 -2 1 2 
-2 1 -2 1 2 -1 | 1 -2 -2 -1 -1 2 1 
-2 1 -2 1 2 -1 | 1 -2 -2 -1 2 -1 -2 1 1 
-2 1 -2 1 2 -1 | 1 -2 -1 -2 -2 1 1 
-2 1 -2 1 2 -1 | -2 1 -2 -2 -2 1 1 
-2 1 -2 1 2 -1 | -2 -2 1 -2 1 -2 -2 1 1 
-2 1 -2 1 2 -1 | -2 -2 1 1 -2 -1 -2 1 1 
-2 1 -2 1 2 -1 | -2 -2 1 1 -2 -2 -1 2 1 
-2 1 -2 1 2 -1 | -2 -2 1 1 -2 -2 -2 1 2 
2 2 -1 2 -1 | -2 -2 1 1 -2 -2 -2 1 2 
2 2 -1 2 -1 | -2 -2 1 1 -2 -1 2 2 
2 2 -1 | -2 -2 1 1 -2 -1 2 2 
2 2 -1 | -2 -2 1 1 -2 
2 2 -1 | 1 -2 
2 | 1 -2 
2 | 1 
15
-1 2 2 2 1 -2 -2 -2 -2 | -1 -2 1 2 2 -1 -2 -2 
-1 2 -1 -2 1 -2 -2 | -1 -2 1 2 2 -1 -2 -2 
-1 2 -1 -2 1 -2 -2 | -1 -1 -2 -2 -2 
-1 2 1 2 2 1 -2 -2 | -1 -1 -2 -2 -2 
-1 2 1 -2 -1 -2 -2 | -1 -1 -2 -2 -2 
-1 2 1 -2 -1 -2 -2 | -1 2 -1 -2 1 -2 
-2 -1 -1 -2 -2 | -1 2 -1 -2 1 -2 
-2 -1 -1 -2 -2 | -1 2 1 2 2 1 -2 
-2 -1 -1 -2 -2 | -1 2 1 -2 -1 -2 
-2 -1 -2 -1 -2 -1 -2 | -1 2 1 -2 -1 -2 
-1 -2 -2 -1 -2 | -1 2 1 -2 -1 -2 
-1 -2 -2 -1 -2 | -1 2 1 2 1 
-1 -2 | -1 2 1 2 1 
-1 -2 | -1 2 1 
-1 -2 | -1 
-2 | -1 
89
-1 2 2 2 1 -2 -2 -2 -2 | -1 -2 1 2 -1 -2 -2 -2 
-1 -1 -2 1 -2 -2 -2 | -1 -2 1 2 -1 -2 -2 -2 
-1 -1 -2 1 -2 -2 -2 | 1 2 2 2 2 -1 -2 -2 -2 
-1 -1 -2 -2 -2 -2 1 2 | 1 2 2 2 2 -1 -2 -2 -2 
-1 -1 -2 -2 -2 -2 1 2 | 1 1 2 -1 -1 -1 -2 -2 -2 
-1 -1 -2 -2 -2 -2 1 2 | 1 1 2 -1 -2 -1 2 
2 -1 -2 -1 -2 -2 -2 1 2 | 1 1 2 -1 -2 -1 2 
2 -1 -2 -1 -2 -2 -2 1 2 | 1 1 -2 -1 2 2 2 2 
2 -1 -2 -1 2 1 1 | 1 1 -2 -1 2 2 2 2 
2 -1 -1 -1 -2 -2 -2 1 1 | 1 1 -2 -1 2 2 2 2 
2 -1 -1 -1 2 1 1 -2 1 | 1 1 -2 -1 2 2 2 2 
2 -1 -1 -1 2 1 1 -2 1 | -1 2 1 1 2 2 2 
2 -1 -1 -2 -2 -2 -2 1 | -1 2 1 1 2 2 2 
2 2 2 2 -1 -2 -2 -2 1 | -1 2 1 1 2 2 2 
2 2 2 2 -1 -2 -2 -2 1 | -1 2 1 2 2 2 1 -2 
2 2 2 -1 2 1 1 | -1 2 1 2 2 2 1 -2 
2 2 2 -1 2 1 1 | -1 2 -1 -2 1 1 -2 
2 2 2 1 -2 -1 2 1 | -1 2 -1 -2 1 1 -2 
2 2 2 1 -2 -1 2 1 | -1 2 2 2 2 1 -2 1 -2 
-2 1 2 -1 -1 2 1 | -1 2 2 2 2 1 -2 1 -2 
-2 1 2 -1 -1 2 1 | -1 2 2 2 1 1 -2 -2 
-2 1 2 -1 -1 2 1 | -1 2 2 1 1 -2 -1 2 1 -2 -2 
-2 1 2 -1 -1 2 1 | -1 2 2 1 1 -2 1 -2 -1 -2 
-2 1 2 -1 -1 2 1 | -1 2 2 1 -2 1 1 -2 -2 -1 -2 
-2 1 2 -1 -1 2 1 | -1 2 1 1 -2 1 -2 -2 -1 -2 
-2 1 2 -1 -1 2 1 | -1 2 1 -2 1 1 -2 -2 -2 -1 -2 
-2 1 2 -1 -1 2 1 | 1 -2 1 -2 -2 -2 -1 -2 
-2 1 2 -1 -2 1 -2 -2 -2 | 1 -2 1 -2 -2 -2 -1 -2 
-2 1 2 -1 -2 1 -2 -2 -2 | 1 1 -2 -1 2 -1 -2 
-2 1 1 2 -1 -2 -2 -2 | 1 1 -2 -1 2 -1 -2 
-2 1 1 2 -1 -2 -2 -2 | 1 -2 -2 -2 -2 1 2 -1 -2 
-2 1 1 2 -1 -2 -2 -2 | 1 -2 -2 -2 -2 -1 2 2 2 
-2 1 1 -2 -2 -2 -1 | 1 -2 -2 -2 -2 -1 2 2 2 
-2 1 1 -2 -2 -2 -1 | -1 2 1 -2 -1 2 2 2 
-2 1 2 1 -2 -1 -1 | -1 2 1 -2 -1 2 2 2 
-2 1 2 1 -2 -1 -1 | -1 -1 2 1 2 2 2 
-2 1 2 1 -2 -2 -2 -2 -1 -2 | -1 -1 2 1 2 2 2 
-2 1 2 1 -2 -2 -2 -2 -1 -2 | -1 -1 -2 1 2 1 -2 
1 1 -2 -2 -2 -1 -2 | -1 -1 -2 1 2 1 -2 
1 1 -2 -2 -2 -1 -2 | -1 2 2 2 -1 2 1 -2 
1 1 -2 -2 -2 -1 -2 | -1 2 2 2 1 -2 -2 -2 -2 
1 -2 -2 -2 1 2 -1 -2 | -1 2 2 2 1 -2 -2 -2 -2 
-2 -2 -2 1 2 1 2 -1 -2 | -1 2 2 2 1 -2 -2 -2 -2 
-2 -2 -2 1 2 1 2 -1 -2 | -1 -2 1 2 1 -2 -2 -2 
-2 -2 1 2 2 2 2 -1 -2 | -1 -2 1 2 1 -2 -2 -2 
-2 -2 1 2 -1 -2 1 | -1 -2 1 2 1 -2 -2 -2 
-2 -2 1 2 -1 -2 1 | -1 -2 1 1 -2 -2 1 -2 -2 
-2 -2 1 2 -1 -2 1 | -1 -2 1 1 -2 1 -2 -1 
-2 -2 1 2 -1 -2 1 | -2 -1 2 2 1 -2 1 -2 -1 
-2 -2 1 2 -1 -2 1 | -2 -1 2 1 -2 -2 1 1 -2 -1 
-2 -2 1 2 -1 -2 1 | -2 -2 -2 1 -2 1 1 -2 -1 
-2 -2 1 2 -1 -2 1 | -2 -2 1 -2 -1 2 1 1 -2 -1 
-2 -2 1 2 -1 -2 1 | -2 -2 1 -2 -2 -2 1 2 1 -2 -1 
-2 -2 1 2 -1 -2 1 | -2 -2 1 -2 -2 -2 1 1 -2 -2 
-2 -2 1 2 -1 -2 1 | -2 1 -2 -1 -2 1 1 -2 -2 
-2 -2 1 2 -1 -2 1 | -2 1 -2 -2 -1 2 2 1 -2 -2 
-2 -2 1 2 -1 -2 1 | 1 -2 -1 -1 2 2 1 -2 -2 
-2 -2 1 2 -1 -2 1 | 1 -2 -1 -1 2 1 -2 -2 1 -2 
-2 -2 1 2 -1 -2 1 | 1 -2 -1 -2 -2 1 -2 1 -2 
-2 -2 1 2 -1 -2 1 | 1 -2 -1 -2 1 -2 -1 2 1 -2 
-2 -2 1 2 -1 -2 1 | 1 -2 -2 -1 2 -1 2 1 -2 
-2 -2 1 2 -1 -2 1 | 1 -2 -2 -1 -2 1 
-2 -2 1 2 2 2 -1 | 1 -2 -2 -1 -2 1 
-2 -2 1 2 2 2 -1 | 1 2 -1 -2 -2 -2 1 
-2 -2 1 2 2 2 -1 | 1 2 -1 -2 1 -2 -2 -2 
-2 -2 1 1 2 -1 -2 | 1 2 -1 -2 1 -2 -2 -2 
-2 -2 1 1 2 -1 -2 | -1 2 2 1 -2 -2 -2 
-2 -2 1 1 2 -1 -2 | -1 2 2 1 1 -2 -1 -1 
-2 -2 -1 2 2 1 -2 | -1 2 2 1 1 -2 -1 -1 
-2 -2 -1 2 2 1 -2 | 2 2 2 1 -2 -1 -1 
-2 -2 -1 2 2 1 -2 | 2 1 2 2 -1 -1 
-2 -2 -1 2 2 1 -2 | 2 1 -2 -1 2 2 -1 
-2 -2 -1 2 2 1 -2 | 2 1 -2 -1 -2 -1 2 2 
-2 -2 -1 -2 1 2 1 | 2 1 -2 -1 -2 -1 2 2 
-2 -2 -1 -2 1 2 1 | 2 1 -2 -2 -2 -1 2 
-2 -2 -1 -2 1 2 1 | -1 2 1 -2 -1 2 
-2 -2 -1 -2 1 2 1 | -1 -1 2 1 2 -1 2 
-2 -1 2 -1 2 1 | -1 -1 2 1 2 -1 2 
-2 -1 2 -1 2 1 | -1 -1 2 1 1 2 -1 
-2 -1 2 1 1 -2 -1 | -1 -1 2 1 1 2 -1 
-2 1 1 -2 -2 -1 | -1 -1 2 1 1 2 -1 
-2 1 1 -2 -2 -1 | -2 -2 1 2 -1 
-2 1 -2 -2 1 -2 -1 | -2 -2 1 2 -1 
-2 1 -2 -2 -2 -2 | -2 -2 1 2 -1 
-2 1 -2 -2 -2 -2 | 2 2 2 2 -1 
-2 | 2 2 2 2 -1 
-2 | 2 2 2 -1 
-2 | 2 2 -1 
-2 | 2 -1 
-2 | -1 
75
-1 2 2 2 1 -2 -2 -2 -2 | -1 -2 1 -2 -2 -1 -2 -2 
-1 2 2 2 2 1 2 2 1 -2 -2 | -1 -2 1 -2 -2 -1 -2 -2 
-1 2 2 -1 -2 1 1 -2 -2 | -1 -2 1 -2 -2 -1 -2 -2 
-1 -1 -2 -2 -1 -2 -2 1 1 -2 -2 | -1 -2 1 -2 -2 -1 -2 -2 
-1 -1 -1 2 1 1 1 -2 -2 | -1 -2 1 -2 -2 -1 -2 -2 
-1 -1 -1 2 1 1 2 1 2 2 1 | -1 -2 1 -2 -2 -1 -2 -2 
-1 -1 -1 2 1 1 2 1 2 2 1 | -1 -2 -1 2 1 1 -2 
-1 -1 -1 2 1 2 1 1 2 1 | -1 -2 -1 2 1 1 -2 
-1 -1 -1 2 1 2 1 1 2 1 | -1 -2 -1 2 2 1 2 1 1 
-1 -1 -1 -2 1 2 1 2 1 | -1 -2 -1 2 2 1 2 1 1 
-1 -1 -1 -2 1 2 1 2 1 | 2 -1 -1 2 1 2 1 1 
-1 -1 -1 -2 1 1 1 -2 -1 | 2 -1 -1 2 1 2 1 1 
-1 -1 -1 -2 1 1 1 -2 -1 | 2 1 -2 -1 -1 -1 2 1 1 
-1 -1 -1 -2 1 1 1 -2 -1 | 2 1 -2 -2 -1 -1 
-1 -1 -2 -2 1 -2 -1 | 2 1 -2 -2 -1 -1 
-1 -2 -2 -1 -1 -2 1 -2 -1 | 2 1 -2 -2 -1 -1 
-1 -2 -2 -1 -1 -2 1 -2 -1 | 2 1 1 1 2 -1 2 
-1 -2 -2 -1 -1 2 1 1 | 2 1 1 1 2 -1 2 
1 1 2 -1 -1 -1 2 1 1 | 2 1 1 1 2 -1 2 
1 1 2 -1 -1 -1 2 1 1 | 2 -1 -2 1 1 2 
1 1 2 -1 2 2 1 | 2 -1 -2 1 1 2 
2 1 -2 -1 2 2 1 | 2 -1 -2 1 1 2 
2 1 -2 -1 2 2 1 | -1 2 2 1 1 1 2 
2 1 -2 -2 -1 -1 | -1 2 2 1 1 1 2 
2 1 -2 -2 -1 -1 | -1 2 1 1 2 2 1 1 2 
2 1 1 1 2 -1 2 | -1 2 1 1 2 2 1 1 2 
2 1 1 1 2 -1 2 | -1 2 1 1 1 -2 -1 2 
2 1 1 1 2 -1 2 | -1 -2 1 -2 -2 -1 2 
2 1 1 1 -2 -1 2 -1 | -1 -2 1 -2 -2 -1 2 
2 1 1 1 -2 -1 2 -1 | 1 1 -2 -1 -2 -1 2 
1 2 1 2 1 -2 -1 2 -1 | 1 1 -2 -1 -2 -1 2 
1 2 1 2 1 -2 -1 2 -1 | 1 -2 -1 -2 -2 -2 -1 2 
1 2 1 1 2 2 2 2 -1 | 1 -2 -1 -2 -2 -2 -1 2 
1 2 1 1 2 2 2 2 -1 | 1 -2 -1 2 2 1 2 
-2 -2 1 2 1 2 2 2 2 -1 | 1 -2 -1 2 2 1 2 
-2 -2 1 2 1 2 2 2 2 -1 | 1 1 2 2 2 2 2 
-2 -2 1 2 -1 -2 -1 | 1 1 2 2 2 2 2 
-2 -2 -1 -2 -2 -2 -2 -1 -2 -1 | 1 1 2 2 2 2 2 
-2 -2 -1 -2 -2 -2 -2 -1 -2 -1 | 1 -2 -1 -2 -2 -1 2 
-2 -1 -2 1 -2 -2 -1 -2 -1 | 1 -2 -1 -2 -2 -1 2 
-2 -1 -2 1 -2 -1 -2 1 2 -1 | 1 -2 -1 -2 -2 -1 2 
-2 -1 -2 -2 1 2 1 2 -1 | 1 -2 -1 -2 -2 -1 2 
-2 -1 -2 -2 1 -2 -1 2 | 1 -2 -1 -2 -2 -1 2 
-2 -1 -2 -2 1 -2 -1 2 | 2 2 1 -2 -2 -1 2 
-2 -1 -2 -2 1 2 -1 -2 -2 | 2 2 1 -2 -2 -1 2 
-2 -1 2 1 -2 -1 -2 -2 | 2 2 1 -2 -2 -1 2 
-2 -1 2 1 -2 -1 -2 -2 | 2 2 1 2 1 2 -1 
-2 -1 2 2 2 1 -2 | 2 2 1 2 1 2 -1 
-2 -1 2 2 2 1 -2 | -2 1 2 2 2 1 2 -1 
-2 -1 2 2 2 1 -2 | -2 1 1 2 2 2 -1 
-2 -1 2 2 1 1 2 2 | -2 1 1 2 2 2 -1 
-2 -1 2 2 1 1 2 2 | -2 -2 -2 1 2 2 -1 
2 -1 -2 1 1 2 2 | -2 -2 -2 1 2 2 -1 
2 -1 -2 1 1 2 2 | -1 -2 1 1 1 2 2 -1 
2 1 -2 -2 -1 2 2 | -1 -2 1 1 1 2 2 -1 
2 1 -2 -2 -1 2 2 | -1 -2 1 1 2 2 2 
1 1 2 -1 2 2 | -1 -2 1 1 2 2 2 
1 1 2 -1 2 2 | -1 -2 -2 -2 1 2 2 
1 1 2 2 2 -1 -2 | -1 -2 -2 -2 1 2 2 
1 1 2 2 2 -1 -2 | -1 -1 -2 1 1 1 2 2 
-1 2 1 1 2 -1 -2 | -1 -1 -2 1 1 1 2 2 
-1 2 1 1 2 -1 -2 | 2 -1 -2 1 1 2 2 
-1 2 1 1 2 -1 -2 | 2 1 2 -1 -2 1 2 2 
-1 2 1 -2 -2 -2 -1 | 2 1 2 -1 -2 1 2 2 
-1 2 1 -2 -2 -2 -1 | 2 1 -2 -2 -1 2 2 
-1 -2 -2 1 -2 -1 | 2 1 -2 -2 -1 2 2 
-2 -2 -1 2 1 -2 -1 | 2 1 -2 -2 -1 2 2 
-2 -2 -1 2 1 -2 -1 | 1 2 2 1 -2 -1 2 2 
-2 -2 -1 2 1 -2 -1 | 1 2 1 2 2 2 2 
-2 -2 -1 2 1 -2 -1 | 1 -2 -1 2 1 2 2 2 
-2 -2 -1 -2 -2 -1 -2 | 1 -2 -1 2 1 2 2 2 
-2 -2 -1 -2 -2 -1 -2 | 1 -2 -1 -2 -1 
-2 -2 -1 -2 | 1 -2 -1 -2 -1 
-2 | 1 -2 -1 -2 -1 
-2 | -2 -1 
-2 | -1 
17
-1 2 2 2 1 -2 -2 -2 -2 | -1 -2 -1 -2 -2 1 2 2 
-1 2 2 2 1 -2 -2 -2 -2 | -1 -2 -1 2 1 -2 -2 
-1 2 2 1 2 1 -2 -2 | -1 -2 -1 2 1 -2 -2 
-1 2 2 1 1 2 1 | -1 -2 -1 2 1 -2 -2 
-1 2 2 1 1 2 1 | -1 -2 -1 -2 -2 -1 -2 -2 
-1 2 2 1 1 2 1 | -1 -2 -1 -2 -2 1 2 
-1 2 2 1 1 2 1 | -1 -2 1 2 1 2 
-1 2 2 1 1 2 1 | 1 2 2 1 2 1 2 
-1 2 2 1 1 2 1 | 1 -2 -1 2 1 2 
-1 2 2 1 -2 1 2 | 1 -2 -1 2 1 2 
-1 2 2 1 -2 1 2 | 2 2 1 1 2 
-1 -2 -1 -2 1 2 | 2 2 1 1 2 
-1 -2 -1 -2 1 2 | 2 1 2 -1 -2 1 2 
-1 -2 -1 -2 1 2 | 2 1 2 2 1 
2 1 2 | 2 1 2 2 1 
2 1 2 | 2 1 
2 | 2 1 
2 | 1 
63
-1 2 2 2 1 -2 -2 -2 -2 | -1 -2 -1 -2 -2 1 -2 -2 
-1 2 2 2 1 -2 -2 -2 -2 | -1 -2 -2 -2 -2 -2 -1 2 1 -2 -2 
-1 2 2 2 1 -2 -2 -2 -2 | -1 -2 -2 -2 -2 -2 -1 -2 -2 1 2 2 
-1 -2 -2 -1 -2 -2 1 -2 -2 | -1 -2 -2 -2 -2 -2 -1 -2 -2 1 2 2 
-1 -2 -2 -1 -2 -2 1 -2 -2 | -1 -2 -2 -2 1 2 2 2 2 
-1 -2 -2 -1 2 1 -2 -2 -2 -2 -2 -2 | -1 -2 -2 -2 1 2 2 2 2 
-1 -2 -2 -1 2 1 -2 -2 -1 -2 -2 -2 1 | -1 -2 -2 -2 1 2 2 2 2 
-1 -2 -2 -1 2 1 -2 -2 -1 -2 -2 -2 1 | -1 -2 -2 1 -2 -2 -1 -2 
-1 -2 -2 -1 2 2 2 1 -2 -2 1 | -1 -2 -2 1 -2 -2 -1 -2 
-1 -2 -2 -1 2 2 2 1 -2 -2 1 | -1 -2 -2 1 2 2 -1 -2 -2 -2 -2 
-1 -2 -2 -1 -2 -1 -2 -2 1 1 | -1 -2 -2 1 2 2 -1 -2 -2 -2 -2 
-1 -2 -2 -1 -2 -1 -2 -2 1 1 | -1 -2 -2 -2 -1 -2 -2 -2 -2 -2 -2 
-1 -2 -2 -1 -2 -1 -2 -2 1 1 | -1 -2 -1 2 2 1 -2 -2 -2 -2 -2 
-1 2 2 2 -1 -2 -2 -2 -2 1 1 | -1 -2 -1 2 2 1 -2 -2 -2 -2 -2 
-1 2 2 2 -1 -2 -2 -2 -2 1 1 | -1 -2 -1 -2 -2 1 -2 -2 
-1 2 2 2 -1 -2 -2 -2 -2 1 1 | -1 -2 -2 -2 -2 -1 2 2 1 -2 -2 
-1 2 2 2 -1 -2 -2 -2 -2 1 1 | -2 -2 -2 -1 -1 2 2 1 -2 -2 
-1 -2 -2 -1 -1 -2 -2 1 1 | -2 -2 -2 -1 -1 2 2 1 -2 -2 
-1 -2 -2 -1 -2 -2 -2 -2 -2 | -2 -2 -2 -1 -1 2 2 1 -2 -2 
-1 -2 -2 -1 -2 -2 -2 -2 -2 | 2 2 1 2 2 -1 2 2 1 -2 -2 
-1 -2 -2 -1 -2 -2 -2 -2 -2 | -1 -2 -2 -2 -1 2 2 1 -2 -2 
-1 -1 -2 -2 1 -2 -2 | -1 -2 -2 -2 -1 2 2 1 -2 -2 
-1 -1 -2 -2 1 -2 -2 | -1 -2 -2 -2 -2 -2 -1 -2 -2 
-1 2 2 1 2 2 2 1 -2 -2 | -1 -2 -2 -2 -2 -2 -1 -2 -2 
-1 -2 -2 -2 -1 2 1 -2 -2 | -1 -2 -2 -2 -2 -2 -1 -2 -2 
-1 -2 -2 -2 -1 2 1 -2 -2 | -1 -2 -2 -2 -1 -2 1 2 
-2 -1 2 2 1 -2 -2 | -1 -2 -2 -2 -1 -2 1 2 
-2 -1 2 2 1 -2 -2 | -1 -1 -2 -2 -2 1 2 
-2 -1 2 2 1 -2 -2 | -1 -1 -2 1 -2 -2 
-2 -1 2 2 1 -2 -2 | -1 -1 -2 1 2 -1 -2 -2 1 
-2 -1 -1 -2 1 -2 | -1 -1 -2 1 2 -1 -2 -2 1 
-2 -1 -1 -2 1 -2 | 2 2 2 -1 -2 -2 1 
-2 -1 -1 -2 1 -2 | 2 -1 -1 -2 -2 -2 1 
-2 -2 -1 2 2 1 -2 | 2 -1 -1 -2 -2 -2 1 
-2 -2 -1 -2 1 2 -1 -2 | 2 -1 -1 -2 -2 -2 1 
-2 -2 -1 -2 1 2 -1 -2 | 2 -1 -2 -1 2 1 1 
-2 -2 1 2 -1 -1 -2 | 2 -1 -2 -1 2 1 1 
-2 -2 1 2 2 -1 -2 -1 | 2 -1 -2 -1 2 1 1 
-2 -2 1 2 2 -1 -2 -1 | -2 -1 2 2 2 1 1 
2 1 1 2 -1 -2 -1 | -2 -1 2 2 2 1 1 
2 1 1 2 -1 -2 -1 | 1 -2 -1 -1 2 2 1 1 
2 2 2 1 1 -2 -1 | 1 -2 -1 -1 2 2 1 1 
2 2 2 1 1 -2 -1 | 1 -2 -1 -1 -2 1 2 
2 2 2 1 -2 -1 2 1 | 1 -2 -1 -1 -2 1 2 
2 2 -1 2 1 2 1 | 1 -2 -1 -1 -2 1 2 
2 2 -1 2 2 1 1 2 | 1 -2 -1 -1 -2 1 2 
2 2 -1 2 2 1 1 2 | 1 2 2 -1 2 1 2 
-1 -2 -1 2 1 1 2 | 1 2 2 -1 2 1 2 
-1 -2 -2 -2 -1 -2 1 2 | 1 2 2 -1 2 1 2 
-1 -2 -2 1 2 2 2 | 1 2 2 -1 2 1 2 
-1 -2 -2 1 2 2 2 | 2 2 1 -2 -1 2 1 2 
-1 -2 -2 -2 1 2 -1 | 2 2 1 -2 -1 2 1 2 
-1 -2 -2 -2 1 2 -1 | 2 2 -1 -2 -2 1 2 
-1 -2 1 -2 -2 -1 | 2 2 -1 -2 -2 1 2 
-1 -2 1 2 -1 -2 -2 | 2 2 -1 -2 -2 1 2 
-1 -2 1 2 -1 -2 -2 | 2 2 -1 -2 1 2 2 1 
-1 -2 1 2 -1 -2 -2 | 2 2 2 2 1 2 1 
-1 -2 1 2 -1 -2 -2 | 2 2 2 1 2 -1 -2 1 
-2 -1 -2 -2 -1 -2 -2 | 2 2 2 1 2 -1 -2 1 
-2 -1 -2 -2 -1 -2 -2 | -1 -2 -1 -2 1 
-2 -1 -2 -2 | -1 -2 -1 -2 1 
-2 | -1 -2 -1 -2 1 
-2 | -1 -2 
-2 | -1 
7
-1 2 2 2 1 -2 -2 -2 -2 | -1 -2 -1 -2 -2 -2 1 2 
-1 2 2 2 1 -2 -2 -2 -2 | -1 -2 -2 -2 -2 
-1 -2 -2 -2 -2 -2 | -1 -2 -2 -2 -2 
-2 | -1 -2 -2 -2 -2 
-2 | -1 -2 -2 -2 
-2 | -1 -2 -2 
-2 | -1 -2 
-2 | -1 
9
-1 2 2 2 1 -2 -2 -2 -2 | -1 -2 -1 -2 -2 -2 1 -2 
-2 -1 -2 -2 -2 -2 -2 | -1 -2 -1 -2 -2 -2 1 -2 
-2 -1 -2 -2 -2 -2 -2 | -1 2 2 1 -2 
-2 -2 -1 -2 -2 -2 | -1 2 2 1 -2 
-2 -2 -2 -1 -2 | -1 2 2 1 -2 
-2 -2 -2 -1 -2 | -1 -2 -2 -2 
-2 | -1 -2 -2 -2 
-2 | -1 -2 -2 
-2 | -1 -2 
-2 | -1 
230
-1 2 2 2 1 -2 -2 -2 -2 | -1 -2 -2 1 -2 -1 -2 -2 
-1 2 -1 -2 -2 1 -2 -2 -2 -2 -2 | -1 -2 -2 1 -2 -1 -2 -2 
-1 2 -1 -2 -2 1 -2 -2 -2 -2 -2 | -2 1 2 2 2 2 -1 -2 -2 
-1 2 -1 -2 -2 -2 -2 -2 1 -2 | -2 1 2 2 2 2 -1 -2 -2 
-1 -2 -2 -2 -1 -2 -2 1 -2 | -2 1 2 2 2 2 -1 -2 -2 
-2 -2 -2 -2 -1 -1 -2 -2 1 -2 | -2 1 2 2 2 2 -1 -2 -2 
-2 -2 -2 -2 -1 -1 -2 -2 1 -2 | -2 -1 -2 -2 1 -2 -1 -2 -2 
-2 -2 -2 -2 -1 2 2 2 1 | -2 -1 -2 -2 1 -2 -1 -2 -2 
-2 1 2 -1 2 2 2 2 2 1 | -2 -1 -2 -2 1 -2 -1 -2 -2 
-2 1 2 -1 2 2 2 2 2 1 | -2 -1 2 2 2 1 -2 -2 -2 
-2 1 2 2 2 2 2 -1 2 2 1 | -2 -1 2 2 2 1 -2 -2 -2 
2 2 1 2 -1 2 2 1 | -2 -1 2 2 2 1 -2 -2 -2 
2 2 1 2 -1 2 2 1 | -2 -1 2 -1 -2 -2 1 -2 -2 -2 -2 
2 2 1 -2 -2 -2 -2 -1 2 | -2 -1 2 -1 -2 -2 1 -2 -2 -2 -2 
2 2 1 -2 -2 -2 -2 -1 2 | -2 -1 2 -1 -2 -2 -2 -2 -2 1 
2 2 1 -2 -2 -2 -2 -1 2 | -2 -1 -2 -2 -2 -1 -2 -2 1 
2 2 1 -2 -2 -2 -2 -1 2 | -2 -2 -2 -2 -2 -1 -1 -2 -2 1 
2 2 2 2 1 1 2 -1 2 | -2 -2 -2 -2 -2 -1 -1 -2 -2 1 
2 2 2 2 1 1 2 -1 2 | -2 -2 -2 -2 -1 2 2 2 1 
-1 2 2 2 1 1 1 2 -1 2 | -2 -2 -2 -2 -1 2 2 2 1 
-1 2 2 2 1 1 1 2 -1 2 | -2 -2 -2 -2 -2 1 -2 -1 -1 
-1 2 2 2 1 -2 -2 -2 -2 | -2 -2 -2 -2 -2 1 -2 -1 -1 
-1 2 2 2 1 -2 -2 -2 -2 | -2 -2 1 -2 -2 -2 -2 -2 -1 -1 
-1 2 2 2 1 -2 -2 -2 -2 | -2 -2 1 -2 -1 -2 -2 -2 -1 
-1 2 2 2 1 -2 -2 -2 -2 | -2 -2 1 -2 -1 2 -1 -2 -2 -2 
-1 -2 -2 1 -2 -1 -2 -2 -2 | -2 -2 1 -2 -1 2 -1 -2 -2 -2 
-1 -2 -2 1 -2 -1 -2 -2 -2 | 1 2 2 2 2 -1 -2 -2 -2 
-1 -2 -2 1 -2 -2 -2 -2 -2 -1 | 1 2 2 2 2 -1 -2 -2 -2 
-1 -2 -2 -2 -2 -2 1 -2 -1 | 1 2 2 2 2 -1 -2 -2 -2 
-2 -2 -2 -2 -1 -2 -2 1 -2 -1 | 1 2 2 2 2 -1 -2 -2 -2 
-2 -2 -2 -2 -1 -2 -2 1 -2 -1 | -2 -2 1 -2 -1 -1 -2 -2 -2 
-2 -2 -2 -2 -1 2 2 2 1 | -2 -2 1 -2 -1 -1 -2 -2 -2 
1 1 2 -1 2 -1 2 2 2 1 | -2 -2 1 -2 -1 -1 -2 -2 -2 
1 1 2 -1 2 -1 2 2 2 1 | -2 -1 2 2 2 1 -2 -2 -2 
1 1 2 -1 2 2 2 2 2 | -2 -1 2 2 2 1 -2 -2 -2 
1 1 2 2 2 2 2 -1 2 2 | -2 -1 2 2 2 1 -2 -2 -2 
1 2 2 2 1 2 -1 2 2 | -2 -1 2 2 2 1 -2 -2 -2 
2 2 2 1 -2 1 2 -1 2 2 | -2 -1 2 2 2 1 -2 -2 -2 
2 2 2 1 -2 1 2 -1 2 2 | -2 -1 -2 -2 1 -2 -1 -2 -2 
2 2 2 1 -2 -2 -2 -2 -1 | -2 -1 -2 -2 1 -2 -1 -2 -2 
-1 -2 -2 1 -2 -2 -2 -2 -2 -1 | -2 -1 -2 -2 1 -2 -1 -2 -2 
-1 -2 -2 1 -2 -2 -2 -2 -2 -1 | -2 1 2 2 2 2 -1 -2 -2 
-1 -2 -2 -2 -2 -2 1 -2 -1 | -2 1 2 2 2 2 -1 -2 -2 
-2 -2 -2 -2 -1 -2 -2 1 -2 -1 | -2 1 2 2 2 2 -1 -2 -2 
-2 -2 -2 -2 -1 -2 -2 1 -2 -1 | -2 -2 -2 1 -2 -1 -1 -2 -2 
-2 -2 -2 -2 -1 2 2 2 1 | -2 -2 -2 1 -2 -1 -1 -2 -2 
1 1 2 -1 2 -1 2 2 2 1 | -2 -2 -2 1 -2 -1 -1 -2 -2 
1 1 2 -1 2 -1 2 2 2 1 | -2 -2 -1 2 2 2 1 -2 -2 
1 1 2 -1 2 2 2 2 2 | -2 -2 -1 2 2 2 1 -2 -2 
1 1 2 2 2 2 2 -1 2 2 | -2 -2 -1 2 2 2 1 -2 -2 
1 2 2 2 1 2 -1 2 2 | -2 -2 -1 2 2 2 1 -2 -2 
2 2 2 1 -2 1 2 -1 2 2 | -2 -2 -1 2 2 2 1 -2 -2 
2 2 2 1 -2 1 2 -1 2 2 | -2 -2 -1 -2 -2 1 -2 -1 -2 
2 2 2 1 -2 -2 -2 -2 -1 | -2 -2 -1 -2 -2 1 -2 -1 -2 
-1 -2 -2 1 -2 -2 -2 -2 -2 -1 | -2 -2 -1 -2 -2 1 -2 -1 -2 
-1 -2 -2 1 -2 -2 -2 -2 -2 -1 | -2 -2 1 2 2 2 2 -1 -2 
-1 -2 -2 1 -2 -1 -2 -2 -2 | -2 -2 1 2 2 2 2 -1 -2 
-1 -2 -2 1 -2 -1 -2 -2 -2 | -2 -2 -2 -2 1 -2 -1 2 -1 -2 
-1 2 2 2 1 -2 -2 -2 -2 | -2 -2 -2 -2 1 -2 -1 2 -1 -2 
-1 2 2 2 1 -2 -2 -2 -2 | -2 1 -2 -2 -2 -2 -2 -1 2 -1 -2 
-1 2 2 2 1 -2 -2 -2 -2 | -2 1 -2 -1 -2 -2 -1 -2 
-2 -1 -2 -2 -1 2 1 -2 -2 -2 -2 | -2 1 -2 -1 -2 -2 -1 -2 
-2 -1 -2 -2 -1 2 1 -2 -2 -2 -2 | -2 1 2 2 2 2 -1 -2 -2 
-2 -1 -2 -2 -1 -2 -2 1 | -2 1 2 2 2 2 -1 -2 -2 
-2 -2 -2 -2 -2 -1 2 -1 -2 -2 1 | -2 1 2 2 2 2 -1 -2 -2 
-2 -2 -2 -2 -2 -1 2 -1 -2 -2 1 | -1 -2 -2 1 -2 -1 -2 -2 
-2 -2 -2 -2 -2 -1 2 2 2 1 2 | -1 -2 -2 1 -2 -1 -2 -2 
-2 -2 -2 -2 -2 -1 2 1 -2 -1 -2 | -1 -2 -2 1 -2 -1 -2 -2 
-2 -2 -2 -2 -2 -1 2 1 -2 -1 -2 | -1 -2 -2 -2 1 2 2 2 2 
-2 -1 -2 -2 1 -2 -1 -2 | -1 -2 -2 -2 1 2 2 2 2 
-2 -1 2 1 -2 -2 -2 -2 -2 -1 -2 | -1 -2 -2 -2 1 2 2 2 2 
-2 -1 2 1 -2 -1 -2 -2 -2 -2 | -1 -2 -2 -2 1 2 2 2 2 
-2 -1 2 1 -2 -1 -2 -2 -2 -2 | -1 -2 -2 1 -2 -1 -2 
-2 -1 2 2 2 1 -2 -2 -2 | -1 -2 -2 1 -2 -1 -2 
-2 -1 2 2 2 1 -2 -2 -2 | -1 2 1 -2 -2 -2 -2 -2 -1 -2 
-2 -1 2 2 2 1 -2 -2 -2 | -1 2 1 -2 -1 -2 -2 -2 -2 
-2 -1 2 2 2 1 -2 -2 -2 | -1 2 1 -2 -1 -1 -2 -2 -2 1 
-2 -1 2 1 -2 -1 -2 -2 -2 | -1 2 1 -2 -1 -1 -2 -2 -2 1 
-2 -1 2 1 -2 -1 -2 -2 -2 | 2 2 2 2 -1 -2 -2 -2 1 
-2 -1 2 1 -2 -1 -2 -2 -2 | 2 2 2 2 2 -1 -2 1 2 1 
1 2 2 2 2 -1 -2 -2 -2 | 2 2 2 2 2 -1 -2 1 2 1 
1 2 2 2 2 -1 -2 -2 -2 | 2 -1 2 2 1 2 1 
1 2 2 2 2 -1 -2 -2 -2 | 2 -1 -2 1 2 2 2 2 2 1 
2 1 -2 -1 -2 -1 -2 -2 -2 | 2 -1 -2 1 2 2 2 2 2 1 
2 1 -2 -1 -1 -2 1 2 2 | 2 -1 -2 1 2 2 2 2 2 1 
2 1 -2 -1 -1 -2 1 2 2 | 2 1 2 -1 2 2 1 
2 2 2 1 2 -1 -2 1 2 2 | 2 1 2 -1 2 2 1 
2 2 -1 -2 -2 -2 1 2 2 | 2 1 2 -1 2 2 1 
2 2 -1 -2 -2 -2 1 2 2 | 2 1 2 2 2 2 2 -1 -2 1 
2 2 -1 -2 -2 -2 1 2 2 | 2 2 2 2 1 2 -1 -2 1 
2 2 -1 -2 -2 1 -2 -1 -2 -2 | 2 2 2 2 1 2 -1 -2 1 
2 2 -1 -2 -2 1 -2 -1 -2 -2 | 2 2 2 2 -1 -2 -2 -2 1 
-2 -2 -1 2 1 -2 -1 -2 -2 | 2 2 2 2 -1 -2 -2 -2 1 
-2 -2 -1 2 1 -2 -1 -2 -2 | 2 2 2 2 2 -1 -2 1 2 1 
-2 1 2 2 2 2 -1 -2 -2 | 2 2 2 2 2 -1 -2 1 2 1 
-2 1 2 2 2 2 -1 -2 -2 | 2 -1 2 2 1 2 1 
-2 1 2 2 2 2 2 1 2 -1 | 2 -1 2 2 1 2 1 
-2 1 2 2 2 2 2 1 2 -1 | 2 -1 -2 -2 -2 -1 2 1 1 
1 1 2 -1 2 2 1 2 -1 | 2 -1 -2 -2 -2 -1 2 1 1 
1 1 2 -1 2 2 1 2 -1 | 2 2 1 2 -1 -2 -1 2 1 1 
1 1 2 -1 -1 -1 -2 1 2 | 2 2 1 2 -1 -2 -1 2 1 1 
1 1 2 -1 -1 -1 -2 1 2 | 2 2 1 2 1 2 -1 
1 -2 -1 -2 -2 -1 -1 -2 1 2 | 2 2 1 2 1 2 -1 
2 2 1 -2 -1 -1 -2 1 2 | 2 2 1 2 1 2 -1 
2 2 2 2 1 2 -1 -2 1 2 | 2 2 1 2 1 2 -1 
2 2 2 -1 -2 -2 -2 1 2 | 2 2 1 2 1 2 -1 
2 2 2 -1 -2 1 2 1 2 2 | 2 2 1 2 1 2 -1 
2 2 2 -1 -2 1 2 1 2 2 | 2 2 2 1 -2 -2 -2 -2 -1 
2 2 2 -1 -2 1 2 1 2 2 | 2 2 2 1 2 -1 -2 1 2 
2 2 -1 -2 -2 -2 1 2 2 | 2 2 2 1 2 -1 -2 1 2 
2 2 -1 -2 -2 1 -2 -1 -2 -2 | 2 2 2 1 2 -1 -2 1 2 
2 2 -1 -2 -2 1 -2 -1 -2 -2 | 2 2 2 -1 -2 -2 -2 1 2 
-2 -2 -1 2 1 -2 -1 -2 -2 | 2 2 2 -1 -2 -2 -2 1 2 
-2 -2 -1 2 1 -2 -1 -2 -2 | 2 2 2 2 -1 -2 1 2 1 2 
-2 1 2 2 2 2 -1 -2 -2 | 2 2 2 2 -1 -2 1 2 1 2 
-2 1 2 2 2 2 -1 -2 -2 | -1 2 2 1 2 1 2 
-2 1 2 2 2 2 -1 -2 -2 | -1 -2 1 2 2 2 2 2 1 2 
1 -2 -1 -2 -1 -2 -2 | -1 -2 1 2 2 2 2 2 1 2 
1 -2 -1 -1 -2 1 2 2 2 | -1 -2 1 2 2 2 2 2 1 2 
1 -2 -1 -1 -2 1 2 2 2 | 1 2 -1 2 2 1 2 
2 2 1 2 -1 -2 1 2 2 2 | 1 2 -1 2 2 1 2 
2 -1 -2 -2 -2 1 2 2 2 | 1 2 -1 2 2 1 2 
2 -1 -2 -2 -2 1 2 2 2 | 1 2 2 2 2 2 -1 -2 1 2 
2 -1 -2 -2 -2 1 2 2 2 | 2 2 2 1 2 -1 -2 1 2 
2 -1 -2 -2 1 -2 -1 -2 | 2 2 2 1 2 -1 -2 1 2 
2 -1 -2 -2 1 -2 -1 -2 | 2 1 -2 -1 2 -1 -2 1 2 
-1 2 -1 -2 1 1 -2 -1 -2 | 2 1 -2 -1 2 -1 -2 1 2 
-1 2 -1 -2 1 1 -2 -1 -2 | 2 1 1 2 -1 2 
-1 2 -1 -2 1 2 2 1 -2 | 2 1 1 2 -1 2 
-1 2 -1 -2 1 2 2 1 -2 | 2 1 2 -1 -2 1 2 2 2 
-1 -1 -2 -2 1 -2 | 2 1 2 -1 -2 1 2 2 2 
-1 -1 -2 -2 1 -2 | 2 -1 -2 -2 -2 1 2 2 2 
-1 -1 2 1 -2 -2 -2 -2 -2 | 2 -1 -2 -2 -2 1 2 2 2 
-1 -1 2 1 -2 -1 -2 -2 -2 1 | 2 -1 -2 -2 -2 1 2 2 2 
-1 -1 2 1 -2 -1 -2 -2 -2 1 | 2 2 -1 -2 1 1 2 2 2 
2 2 2 2 -1 -2 -2 -2 1 | 2 2 -1 -2 1 1 2 2 2 
-2 -1 -1 -2 -2 1 | 2 2 -1 -2 1 1 2 2 2 
-2 -1 -1 -2 -2 1 | 2 2 -1 -2 -2 -2 1 2 2 
-2 -1 -1 -2 -2 1 | 2 2 1 2 -1 -2 1 2 2 
-2 -1 2 -1 -2 1 2 2 1 | 2 2 1 2 -1 -2 1 2 2 
-2 -1 2 -1 -2 1 2 2 1 | 2 2 1 1 2 -1 
-2 -1 2 -1 -2 1 2 2 1 | -1 2 1 -2 1 2 1 2 -1 
1 2 -1 2 2 1 | -1 2 1 -2 1 2 1 2 -1 
1 2 -1 2 2 1 | -1 2 1 -2 1 2 -1 -2 -2 
1 2 -1 2 2 1 | -1 2 1 -2 -1 -2 -2 -2 -2 
1 2 -1 2 2 1 | -1 2 2 2 1 -2 -2 -2 -2 
1 2 2 2 2 2 -1 -2 1 | -1 2 2 2 1 -2 -2 -2 -2 
2 2 2 1 2 -1 -2 1 | -1 2 2 2 1 -2 -2 -2 -2 
2 2 2 1 2 -1 -2 1 | -1 -1 2 1 -2 -2 -2 -2 -2 
2 2 2 1 -2 -2 -2 -2 -1 | -1 -1 2 1 -2 -2 -2 -2 -2 
2 2 2 1 -2 -2 -2 -2 -1 | -1 -1 -2 -2 1 -2 
2 2 2 1 -2 -2 -2 -2 -1 | -1 -2 -2 -2 -2 -1 2 1 -2 
2 2 2 1 1 2 -1 -2 | -1 -2 -2 -2 -2 -1 2 1 -2 
-2 -1 2 1 -2 1 2 -1 -2 | -1 -2 -2 -2 -2 -1 2 1 -2 
-2 -1 2 1 -2 1 2 -1 -2 | -1 -2 -2 1 -2 -1 
-2 -1 2 1 -2 1 2 -1 -2 | -2 -1 2 -1 -2 1 1 -2 -1 
-2 1 -2 -1 -1 -2 | -2 -1 2 -1 -2 1 1 -2 -1 
-2 1 -2 -1 -1 -2 | -2 -1 2 -1 -2 1 2 2 1 
-2 -2 -2 -1 2 1 -2 -1 -2 | -2 -1 2 -1 -2 1 2 2 1 
-2 -2 -2 -1 2 1 -2 -1 -2 | -2 -1 -1 -2 -2 1 
-2 -2 -2 -1 2 2 2 1 -2 | -2 -1 -1 -2 -2 1 
-2 -2 -2 -2 -1 -1 2 1 -2 | -2 -1 -1 -2 -2 1 
-2 -2 -2 -2 -1 -1 2 1 -2 | 2 2 2 2 -1 -2 -2 -2 1 
-2 -2 -2 -2 -1 -1 2 1 -2 | -1 -1 2 1 -2 -1 -2 -2 -2 1 
-2 1 2 -1 -2 -1 2 1 -2 | -1 -1 2 1 -2 -1 -2 -2 -2 1 
-2 1 2 -1 2 2 1 | -1 -1 2 1 -2 -1 -2 -2 -2 1 
1 -2 -1 -2 -2 -1 2 2 1 | -1 -1 2 1 -2 -1 -2 -2 -2 1 
1 -2 -1 -2 -2 -1 2 2 1 | -1 -1 2 -1 -2 -2 1 -2 1 
1 -2 -1 -2 -2 -2 -1 2 | -1 -1 2 -1 -2 -2 1 -2 1 
2 2 1 -2 -2 -2 -2 -1 2 | -1 -1 2 -1 -2 -2 1 -2 1 
2 2 1 -2 -2 -2 -2 -1 2 | -1 -1 -2 -2 -2 -1 2 1 -2 1 
2 2 1 -2 1 2 -1 | -1 -1 -2 -2 -2 -1 2 1 -2 1 
-2 -1 2 1 -2 -2 1 2 -1 | -1 -1 -2 -2 -2 -1 2 1 -2 1 
-2 -1 2 1 -2 -2 1 2 -1 | -1 -1 -2 -2 1 -2 -1 2 1 
-2 -1 2 1 -2 -1 -2 -2 | -1 -1 -2 -2 1 -2 -1 2 1 
-2 -1 2 1 -2 -1 -2 -2 | -1 -1 -2 -2 1 2 2 1 2 
-2 -1 2 -1 -2 -2 1 | -1 -1 -2 -2 1 2 2 1 2 
-2 -1 2 -1 -2 -2 1 | -1 -2 1 2 2 2 1 2 
-2 -1 2 -1 -2 -2 1 | -1 -2 1 2 1 -2 -1 2 2 
-2 -1 2 -1 -1 -2 1 2 1 -2 | -1 -2 1 2 1 -2 -1 2 2 
-2 -1 2 -1 -1 -2 1 2 1 -2 | 1 -2 1 2 -1 2 2 
-1 2 2 -1 -2 1 2 1 -2 | 1 -2 1 2 -1 2 2 
-1 2 2 -1 -2 1 2 1 -2 | 1 2 -1 -2 1 2 2 2 
-1 2 -1 -2 -2 1 -2 | 1 2 -1 -2 1 2 2 2 
-1 2 -1 -2 -2 1 -2 | 2 -1 -2 -2 -2 1 2 2 2 
-1 -2 -2 -2 -1 2 1 -2 | 2 -1 -2 -2 -2 1 2 2 2 
-1 -2 -2 -2 -1 2 1 -2 | 2 -1 -2 -2 1 -2 -1 
-1 -2 -2 -2 -1 2 1 -2 | -1 -2 -2 -2 -1 -2 1 -2 -1 
-1 -2 -2 -2 -1 2 1 -2 | -1 -2 -2 -2 -2 -1 -2 -2 -2 -2 -1 
-1 -2 -2 -2 -1 2 1 -2 | -1 -2 -2 -2 -2 -1 -2 1 2 -1 -2 
-1 -2 -2 -2 -1 2 1 -2 | -1 -2 -2 -2 -2 -2 -1 -2 -2 -1 -2 
-1 -2 -2 -2 -1 2 1 -2 | -1 -2 -2 1 2 -1 -2 -2 -2 -1 -2 
-1 -2 -2 -2 -1 2 1 -2 | -1 -2 -2 1 2 2 -1 -2 -2 
-1 -2 -2 -2 -1 2 1 -2 | -1 -2 1 -2 -1 -2 -1 -2 -2 
-1 -2 -2 -2 -1 2 1 -2 | -1 -2 1 -2 -1 -1 -2 1 2 
-1 -2 -2 -2 -2 -1 -1 -2 1 | -1 -2 1 -2 -1 -1 -2 1 2 
-1 -2 -2 -2 -2 -1 -1 -2 1 | -1 -2 1 2 2 2 1 2 
-1 -2 -2 -2 -2 -1 -1 -2 1 | -1 -2 1 -2 -2 -1 2 
-1 -2 -2 -2 -2 -1 -2 1 2 2 | -1 -2 1 -2 -2 -1 2 
-1 -2 -2 -2 -2 -1 -2 1 2 2 | -1 -2 -2 -2 -2 -2 -1 
1 2 -1 -2 1 2 2 | -1 -2 -2 -2 -2 -2 -1 
1 2 1 2 2 2 2 1 2 2 | -1 -2 -2 -2 -2 -2 -1 
1 2 1 2 2 2 2 1 2 2 | -1 -2 1 2 2 1 2 
1 2 1 2 2 -1 2 1 2 | -1 -2 1 2 2 1 2 
1 -2 -1 2 1 2 -1 2 1 2 | -1 -2 1 2 2 1 2 
1 -2 -1 -2 -1 2 2 1 2 | -1 -2 1 2 2 1 2 
-2 1 2 -1 2 2 1 2 | -1 -2 1 2 2 1 2 
-2 1 2 -1 -1 2 1 | -1 -2 1 2 2 1 2 
-2 -2 -2 -1 2 -1 2 1 | -1 -2 1 2 2 1 2 
-2 -2 -2 -1 2 -1 2 1 | -1 -1 2 1 -2 1 2 
-2 -2 -2 -1 2 1 -2 -1 2 | -1 -1 2 1 -2 1 2 
-2 -2 -2 1 -2 -1 -1 2 | -1 -1 2 1 -2 1 2 
-2 -2 -2 1 -2 -2 -1 2 -1 | -1 -1 2 1 -2 1 2 
-2 -2 -2 1 -2 -2 -1 2 -1 | -1 -1 -2 -2 1 -2 
-2 1 1 -2 -1 2 -1 | -1 -1 -2 -2 1 -2 
-2 1 2 2 1 2 -1 | -1 -1 -2 -2 1 -2 
-2 1 2 2 -1 -2 -2 | -1 -1 -2 -2 1 -2 
-2 1 2 2 -1 -2 -2 | -1 -2 -2 -1 2 1 -2 
-2 1 2 2 -1 -2 -2 | -2 -2 -1 2 -1 2 1 -2 
-2 1 -2 -1 2 -1 -2 | -2 -2 -1 2 -1 2 1 -2 
-2 1 -2 -1 2 -1 -2 | -2 -1 2 2 2 1 -2 
-2 1 -2 -1 2 -1 -2 | -2 -1 2 1 -2 -1 
-2 -2 1 2 2 -1 -2 | -2 -1 2 1 -2 -1 
-2 -2 1 2 -1 -2 -1 | -2 -1 2 1 -2 -1 
-2 -2 -2 -1 -1 | -2 -1 2 1 -2 -1 
-2 -2 -1 -2 1 2 -1 | -2 -1 2 1 -2 -1 
-2 -2 -1 -2 1 2 -1 | -2 -1 -2 -1 -2 
1 1 2 -1 | -2 -1 -2 -1 -2 
1 1 2 -1 | -2 -1 -2 
1 1 2 -1 | -2 
1 | -2 
9
-1 2 2 2 1 -2 -2 -2 -2 | -1 -2 -2 -2 -2 -2 -2 -2 
-1 -2 -2 -2 -2 -2 -2 -2 -2 | -1 -2 -2 -2 -2 -2 -2 -2 
-2 | -1 -2 -2 -2 -2 -2 -2 -2 
-2 | -1 -2 -2 -2 -2 -2 -2 
-2 | -1 -2 -2 -2 -2 -2 
-2 | -1 -2 -2 -2 -2 
-2 | -1 -2 -2 -2 
-2 | -1 -2 -2 
-2 | -1 -2 
-2 | -1 
2
-1 2 2 2 2 1 -2 -2 -2 -2 -2 | -1 2 
-1 | -1 2 
-1 | 2 
3
-1 2 2 2 2 1 -2 -2 -2 -2 -2 | -1 -2 
-1 -2 -2 | -1 -2 
-2 | -1 -2 
-2 | -1 
3
-1 2 2 2 2 1 -2 -2 -2 -2 -2 | -1 2 2 
-1 2 | -1 2 2 
-1 2 | 2 
-1 | 2 
4
-1 2 2 2 2 1 -2 -2 -2 -2 -2 | -1 -2 -2 
-1 -2 -2 -2 | -1 -2 -2 
-2 | -1 -2 -2 
-2 | -1 -2 
-2 | -1 
4
-1 2 2 2 2 1 -2 -2 -2 -2 -2 | -1 2 2 2 
-1 2 2 | -1 2 2 2 
-1 2 2 | 2 
-1 2 | 2 
-1 | 2 
5
-1 2 2 2 2 1 -2 -2 -2 -2 -2 | -1 -2 -2 -2 
-1 -2 -2 -2 -2 | -1 -2 -2 -2 
-2 | -1 -2 -2 -2 
-2 | -1 -2 -2 
-2 | -1 -2 
-2 | -1 
34
-1 2 2 2 2 1 -2 -2 -2 -2 -2 | -1 2 1 -2 -1 
-1 2 2 2 1 1 -2 -2 -2 -2 | -1 2 1 -2 -1 
-1 2 2 1 1 2 1 -2 -2 -2 -2 | -1 2 1 -2 -1 
-1 2 2 1 1 1 1 -2 -2 -2 | -1 2 1 -2 -1 
-1 2 1 1 2 1 1 1 -2 -2 -2 | -1 2 1 -2 -1 
1 2 1 2 1 1 1 -2 -2 -2 | -1 2 1 -2 -1 
1 2 1 1 1 2 1 1 -2 -2 -2 | -1 2 1 -2 -1 
1 2 1 1 1 1 1 2 1 -2 -2 -2 | -1 2 1 -2 -1 
1 2 1 1 1 1 1 1 1 -2 -2 | -1 2 1 -2 -1 
1 1 1 2 1 1 1 1 1 1 -2 -2 | -1 2 1 -2 -1 
1 1 1 1 1 2 1 1 1 1 1 -2 -2 | -1 2 1 -2 -1 
1 1 2 1 -2 1 2 1 1 1 1 1 -2 -2 | -1 2 1 -2 -1 
2 1 1 -2 1 2 1 1 1 1 1 -2 -2 | -1 2 1 -2 -1 
2 1 1 -2 1 1 1 2 1 1 1 1 -2 -2 | -1 2 1 -2 -1 
2 1 1 1 -2 1 2 1 1 1 1 -2 -2 | -1 2 1 -2 -1 
2 1 1 1 -2 1 1 1 2 1 1 1 -2 -2 | -1 2 1 -2 -1 
2 1 1 1 1 -2 1 2 1 1 1 -2 -2 | -1 2 1 -2 -1 
2 1 1 1 1 -2 1 1 1 2 1 1 -2 -2 | -1 2 1 -2 -1 
2 1 1 1 1 1 -2 1 2 1 1 -2 -2 | -1 2 1 -2 -1 
2 1 1 1 1 1 -2 1 1 1 2 1 -2 -2 | -1 2 1 -2 -1 
2 1 1 1 1 1 -2 1 1 1 1 1 -2 | -1 2 1 -2 -1 
2 1 1 1 1 1 1 -2 1 1 1 -2 | -1 2 1 -2 -1 
2 1 1 1 1 1 1 1 -2 1 -2 | -1 2 1 -2 -1 
2 1 1 1 1 1 2 1 -2 -2 1 -2 | -1 2 1 -2 -1 
2 1 1 1 2 1 1 -2 -2 1 -2 | -1 2 1 -2 -1 
2 1 2 1 1 1 -2 -2 1 -2 | -1 2 1 -2 -1 
2 -1 2 1 1 1 1 -2 -2 1 -2 | -1 2 1 -2 -1 
2 -1 2 1 1 1 1 -2 -2 1 -2 | -1 2 -1 -1 -1 -1 
2 -1 2 1 1 1 1 -2 -2 1 -2 | -1 
2 -1 2 1 1 1 -2 -2 1 -2 | -1 
2 -1 2 1 1 -2 -2 1 -2 | -1 
2 -1 2 1 -2 -2 1 -2 | -1 
2 -1 -2 1 -2 | -1 
1 -2 | -1 
-2 | -1 
5
-1 2 2 2 2 1 -2 -2 -2 -2 -2 | -1 2 2 2 2 
-1 2 2 2 | -1 2 2 2 2 
-1 2 2 2 | 2 
-1 2 2 | 2 
-1 2 | 2 
-1 | 2 
59
-1 2 2 2 2 1 -2 -2 -2 -2 -2 | -1 -1 -2 1 2 
-1 2 2 2 1 2 -1 -2 -2 -2 -2 -2 | -1 -1 -2 1 2 
-1 2 2 1 2 -1 2 -1 -2 -2 -2 -2 -2 | -1 -1 -2 1 2 
-1 2 2 1 2 -1 2 1 -2 -1 -2 -2 -2 -2 | -1 -1 -2 1 2 
-1 2 2 1 2 2 -1 -2 -1 -2 -2 -2 -2 | -1 -1 -2 1 2 
-1 2 2 1 2 2 -1 -2 1 -2 -1 -2 -2 -2 | -1 -1 -2 1 2 
-1 2 2 1 2 2 1 -2 -2 -1 -2 -2 -2 | -1 -1 -2 1 2 
-1 2 1 2 -1 2 2 1 -2 -2 -1 -2 -2 -2 | -1 -1 -2 1 2 
2 -1 2 -1 2 2 1 -2 -2 -1 -2 -2 -2 | -1 -1 -2 1 2 
2 -1 2 -1 2 1 2 -1 -2 -2 -1 -2 -2 -2 | -1 -1 -2 1 2 
2 -1 2 2 -1 2 -1 -2 -2 -1 -2 -2 -2 | -1 -1 -2 1 2 
2 -1 2 2 -1 2 1 -2 -1 -2 -1 -2 -2 -2 | -1 -1 -2 1 2 
2 -1 2 2 2 -1 -2 -1 -2 -1 -2 -2 -2 | -1 -1 -2 1 2 
2 -1 2 2 2 -1 -2 -1 -2 1 -2 -1 -2 -2 | -1 -1 -2 1 2 
2 -1 2 2 2 -1 -2 1 -2 -2 -1 -2 -2 | -1 -1 -2 1 2 
2 -1 2 2 2 1 -2 -2 -2 -1 -2 -2 | -1 -1 -2 1 2 
2 -1 2 2 1 2 -1 -2 -2 -2 -1 -2 -2 | -1 -1 -2 1 2 
2 -1 2 1 2 -1 2 -1 -2 -2 -2 -1 -2 -2 | -1 -1 -2 1 2 
2 2 -1 2 -1 2 -1 -2 -2 -2 -1 -2 -2 | -1 -1 -2 1 2 
2 2 -1 2 -1 2 1 -2 -1 -2 -2 -1 -2 -2 | -1 -1 -2 1 2 
2 2 -1 2 2 -1 -2 -1 -2 -2 -1 -2 -2 | -1 -1 -2 1 2 
2 2 -1 2 2 -1 -2 1 -2 -1 -2 -1 -2 -2 | -1 -1 -2 1 2 
2 2 -1 2 2 1 -2 -2 -1 -2 -1 -2 -2 | -1 -1 -2 1 2 
2 2 -1 2 2 1 -2 -2 -1 -2 1 -2 -1 -2 | -1 -1 -2 1 2 
2 2 -1 2 2 1 -2 -2 1 -2 -2 -1 -2 | -1 -1 -2 1 2 
2 2 -1 2 1 2 -1 -2 -2 1 -2 -2 -1 -2 | -1 -1 -2 1 2 
2 2 2 -1 2 -1 -2 -2 1 -2 -2 -1 -2 | -1 -1 -2 1 2 
2 2 2 -1 2 -1 -2 1 1 -2 -2 -2 -1 -2 | -1 -1 -2 1 2 
2 2 2 -1 2 1 -2 1 -2 -2 -2 -1 -2 | -1 -1 -2 1 2 
2 2 2 2 -1 -2 1 -2 -2 -2 -1 -2 | -1 -1 -2 1 2 
2 2 2 2 1 -2 -2 -2 -2 -1 -2 | -1 -1 -2 1 2 
2 2 2 2 1 -2 -2 -2 -2 -1 -2 | -1 -1 2 2 1 -2 -2 -2 
2 2 1 1 -2 -1 -2 | -1 -1 2 2 1 -2 -2 -2 
2 2 1 1 -2 -1 -2 | -1 -1 2 1 2 -1 -2 -2 -2 
2 2 1 1 -2 -1 -2 | -1 2 -1 2 -1 -2 -2 -2 
2 2 1 1 -2 -1 -2 | -1 2 -1 2 1 -2 -1 -2 -2 
2 2 1 1 -2 -1 -2 | -1 2 2 -1 -2 -1 -2 -2 
2 2 1 1 -2 -1 -2 | -1 2 2 -1 -2 1 -2 -1 -2 
2 2 1 1 -2 -1 -2 | -1 2 2 1 -2 -2 -1 -2 
2 2 1 1 -2 -1 -2 | -1 2 1 2 -1 -2 -2 -1 -2 
2 2 1 1 -2 -1 -2 | 2 -1 2 -1 -2 -2 -1 -2 
2 2 1 1 -2 -1 -2 | 2 -1 2 1 -2 -1 -2 -1 -2 
2 2 1 1 -2 -1 -2 | 2 2 -1 -2 -1 -2 -1 -2 
2 2 1 1 -2 -1 -2 | 2 2 -1 -2 -1 -2 1 -2 -1 
2 2 1 1 -2 -1 -2 | 2 2 -1 -2 1 -2 -2 -1 
2 2 1 1 -2 -1 -2 | 2 2 1 -2 -2 -2 -1 
1 2 2 2 1 -2 -1 -2 | 2 2 1 -2 -2 -2 -1 
1 2 1 2 2 -1 -2 | 2 2 1 -2 -2 -2 -1 
1 2 1 2 2 -1 -2 | 2 1 2 1 -2 -1 
1 2 1 2 2 -1 -2 | 2 1 1 2 1 2 -1 
-1 -2 1 2 -1 -2 | 2 1 1 2 1 2 -1 
-1 -2 1 2 -1 -2 | 1 2 -1 -2 1 2 1 2 -1 
-1 -2 1 2 -1 -2 | 1 2 2 1 1 2 -1 
-1 -2 1 2 -1 -2 | 1 2 2 1 2 1 2 
-1 -2 1 2 -1 -2 | 1 2 1 2 2 
-1 -2 1 2 -1 -2 | -2 1 2 2 2 
-1 -2 -2 -1 -2 | -2 1 2 2 2 
-1 -2 | -2 1 2 2 2 
-1 -2 | 2 
-1 | 2 
6
-1 2 2 2 2 1 -2 -2 -2 -2 -2 | -1 -2 -2 -2 -2 
-1 -2 -2 -2 -2 -2 | -1 -2 -2 -2 -2 
-2 | -1 -2 -2 -2 -2 
-2 | -1 -2 -2 -2 
-2 | -1 -2 -2 
-2 | -1 -2 
-2 | -1 
78
-1 2 2 2 2 1 -2 -2 -2 -2 -2 | -1 2 1 -2 -1 2 
-1 2 2 2 1 -2 1 -2 -2 -2 -2 | -1 2 1 -2 -1 2 
-1 2 2 1 -2 1 1 -2 -2 -2 -2 | -1 2 1 -2 -1 2 
-1 2 1 -2 1 1 1 -2 -2 -2 -2 | -1 2 1 -2 -1 2 
-2 1 1 1 1 -2 -2 -2 -2 | -1 2 1 -2 -1 2 
-2 1 1 1 1 -2 -2 -2 -2 | 1 1 1 -2 -2 -2 -2 1 -2 -1 2 
-2 1 1 1 1 -2 -2 -2 -2 | 1 1 1 2 -1 -1 -1 -2 -1 2 
-2 1 -2 -1 2 1 1 1 -2 -2 -2 | 1 1 1 2 -1 -1 -1 -2 -1 2 
-2 1 -2 -1 -1 2 1 1 1 -2 -2 | 1 1 1 2 -1 -1 -1 -2 -1 2 
-2 1 -2 -1 -1 -1 2 1 1 1 -2 | 1 1 1 2 -1 -1 -1 -2 -1 2 
-2 -1 -1 -2 -1 2 2 1 1 1 -2 | 1 1 1 2 -1 -1 -1 -2 -1 2 
-2 -1 -1 -2 -1 2 -1 2 1 1 1 | 1 1 1 2 -1 -1 -1 -2 -1 2 
-2 -1 -1 -2 -1 2 -1 2 1 1 1 | 1 -2 -1 2 -1 -1 2 
-2 -1 -1 -2 -1 2 1 -2 1 2 1 1 | 1 -2 -1 2 -1 -1 2 
-2 -1 -1 -2 1 -2 1 1 2 1 1 | 1 -2 -1 2 -1 -1 2 
-2 -1 -2 -1 2 -1 -2 1 1 2 1 1 | 1 -2 -1 2 -1 -1 2 
-2 -1 -2 -1 -1 2 2 1 1 | 1 -2 -1 2 -1 -1 2 
-2 -1 -2 -2 1 2 -1 2 1 1 | 1 -2 -1 2 -1 -1 2 
-2 -1 -2 -2 1 2 1 -2 1 2 1 | 1 -2 -1 2 -1 -1 2 
-2 -1 -2 -2 1 1 1 -2 1 1 2 1 | 1 -2 -1 2 -1 -1 2 
-2 -1 -2 1 -2 -1 2 1 -2 1 1 2 1 | 1 -2 -1 2 -1 -1 2 
-2 -1 -2 1 -2 1 -2 1 1 1 2 1 | 1 -2 -1 2 -1 -1 2 
-2 -2 -1 2 -1 -2 1 -2 1 1 1 2 1 | 1 -2 -1 2 -1 -1 2 
-2 -2 -1 -1 2 -1 -2 1 1 1 2 1 | 1 -2 -1 2 -1 -1 2 
-2 -2 -1 -1 -1 2 1 2 1 | 1 -2 -1 2 -1 -1 2 
-2 -2 -1 -2 1 2 2 1 | 1 -2 -1 2 -1 -1 2 
-2 -2 -2 -1 2 -1 2 2 1 | 1 -2 -1 2 -1 -1 2 
-2 -2 -2 -1 2 1 -2 1 2 -1 2 1 | 1 -2 -1 2 -1 -1 2 
-2 -2 -2 1 -2 1 1 2 -1 2 1 | 1 -2 -1 2 -1 -1 2 
-2 -2 -2 1 1 -2 -1 2 2 -1 2 1 | 1 -2 -1 2 -1 -1 2 
-2 -2 1 -2 -1 -1 2 2 -1 2 1 | 1 -2 -1 2 -1 -1 2 
-2 -2 1 -2 -2 1 2 -1 2 -1 2 1 | 1 -2 -1 2 -1 -1 2 
-2 -2 1 -2 -2 1 2 -1 2 1 -2 1 2 | 1 -2 -1 2 -1 -1 2 
-2 -2 1 -2 -2 1 2 1 -2 1 1 2 | 1 -2 -1 2 -1 -1 2 
-2 -2 1 -2 -2 1 2 1 -2 1 1 2 | 1 -2 -2 -2 1 2 1 
-2 -2 1 2 -1 -2 1 1 2 | 1 -2 -2 -2 1 2 1 
-2 -2 1 2 -1 -2 -2 -1 2 2 2 2 | 1 -2 -2 -2 1 2 1 
-2 -2 1 2 -1 -2 -2 -1 2 2 2 2 | 1 -2 1 2 -1 -2 1 
-2 -1 -1 -2 -1 2 2 2 2 | 1 -2 1 2 -1 -2 1 
-2 -1 -1 -2 1 -2 1 2 -1 2 2 2 | 1 -2 1 2 -1 -2 1 
-2 -1 -1 -2 1 -2 1 2 -1 2 2 2 | 2 1 1 -2 -2 -2 1 
-2 -1 -1 -2 1 -2 1 2 2 1 1 | 2 1 1 -2 -2 -2 1 
-2 -2 -2 -2 1 1 -2 1 2 2 1 1 | 2 1 1 -2 -2 -2 1 
-2 -2 -2 -2 1 1 -2 1 2 2 1 1 | -2 -1 2 -1 -1 2 1 
-2 -2 -2 1 2 1 1 | -2 -1 2 -1 -1 2 1 
-2 -2 -2 1 1 1 -2 1 2 1 | -2 -1 2 -1 -1 2 1 
-2 -2 1 -2 -1 2 1 -2 1 2 1 | -2 -1 2 -1 -1 2 1 
-2 -2 1 -2 1 -2 1 1 2 1 | -2 -1 2 -1 -1 2 1 
-2 -2 1 -2 1 1 -2 -1 2 2 1 | -2 -1 2 -1 -1 2 1 
-2 -2 1 1 -2 -1 -1 2 2 1 | -2 -1 2 -1 -1 2 1 
-2 1 -2 -1 -1 -1 2 2 1 | -2 -1 2 -1 -1 2 1 
-2 1 -2 -1 -2 1 2 -1 2 1 | -2 -1 2 -1 -1 2 1 
-2 1 -2 -1 -2 1 2 1 -2 1 2 | -2 -1 2 -1 -1 2 1 
-2 1 -2 -1 -2 1 2 1 -2 1 2 | -2 -1 -1 -2 1 2 1 1 
-2 1 -2 1 2 -1 -2 1 2 | -2 -1 -1 -2 1 2 1 1 
-2 1 -2 1 2 -1 -2 1 2 | -2 -1 -2 -1 2 -1 2 1 1 
1 1 -2 -1 -1 -2 1 2 | -2 -1 -2 -1 2 -1 2 1 1 
1 1 -2 -1 -1 -2 1 2 | -2 -1 -2 -1 2 2 1 1 -2 
1 1 -2 -1 -1 -2 1 2 | -2 1 -2 -1 -1 2 1 1 -2 
1 1 -2 -1 -1 -2 1 2 | -2 1 -2 -1 2 1 1 -2 -2 
1 1 -2 -2 -2 -2 1 | -2 1 -2 -1 2 1 1 -2 -2 
-2 1 2 -1 -2 1 | -2 1 -2 -1 2 1 1 -2 -2 
-2 1 2 -1 -2 1 | -2 1 -2 -2 1 2 1 -2 -2 
-2 1 2 -1 -2 1 | 1 -2 -1 -2 1 2 1 -2 -2 
-2 1 2 -1 -2 1 | 1 -2 -2 -1 2 2 1 -2 -2 
-2 1 2 -1 -2 1 | 1 -2 -2 -1 2 1 -2 1 -2 
-2 1 2 -1 -2 1 | 1 -2 -2 -2 1 1 -2 
-2 1 2 -1 -2 1 | 1 -2 -2 -2 1 -2 1 -2 1 
-2 1 2 -1 -2 1 | 1 -2 -2 1 -2 -2 1 
-2 1 2 -1 -2 1 | 1 -2 1 -2 -1 -2 1 
-2 1 2 -1 -2 1 | 1 -2 1 -2 -2 -1 2 
-2 1 1 -2 -2 | 1 -2 1 -2 -2 -1 2 
-2 1 1 -2 -2 | 1 -2 -1 2 -1 2 
-2 1 -2 1 -2 1 -2 | 1 -2 -1 2 -1 2 
1 -2 -2 1 -2 | 1 -2 -1 2 -1 2 
1 -2 -2 1 -2 | 1 -2 -2 
1 -2 | 1 -2 -2 
1 -2 | -2 
1 | -2 
64
-1 2 2 2 2 1 -2 -2 -2 -2 -2 | -1 2 1 -2 -1 -2 
-1 2 2 2 1 2 1 -2 -2 -2 -2 | -1 2 1 -2 -1 -2 
-1 2 2 2 1 1 2 1 -2 -2 -2 | -1 2 1 -2 -1 -2 
-1 2 2 2 1 1 1 2 1 -2 -2 | -1 2 1 -2 -1 -2 
-1 2 2 2 1 1 1 1 2 1 -2 | -1 2 1 -2 -1 -2 
-1 2 2 2 1 1 1 1 2 1 -2 | -1 -1 -1 -1 -1 -2 -2 -2 -2 
-1 -2 -1 2 1 -2 | -1 -1 -1 -1 -1 -2 -2 -2 -2 
-1 -2 -1 -2 -2 -2 -1 -1 -1 -1 -2 | -1 -1 -1 -1 -1 -2 -2 -2 -2 
-1 -2 -1 -2 -2 -2 1 2 2 2 | -1 -1 -1 -1 -1 -2 -2 -2 -2 
-1 -2 1 1 1 1 2 1 2 2 2 | -1 -1 -1 -1 -1 -2 -2 -2 -2 
-1 -2 -2 -2 -2 -2 -1 2 1 2 2 2 | -1 -1 -1 -1 -1 -2 -2 -2 -2 
1 1 1 1 -2 -1 2 1 2 2 2 | -1 -1 -1 -1 -1 -2 -2 -2 -2 
1 1 1 1 -2 -1 2 1 2 2 2 | -1 -2 -1 2 1 -2 
1 1 1 1 1 2 2 2 2 | -1 -2 -1 2 1 -2 
1 1 1 1 1 2 2 2 2 | -1 -2 -1 -2 -2 -2 -1 -1 -1 -1 -2 
1 -2 -1 -2 -1 2 | -1 -2 -1 -2 -2 -2 -1 -1 -1 -1 -2 
1 -2 -1 -2 -1 2 | -1 -2 -1 -2 -2 1 2 -1 -2 -1 -1 -1 -2 
1 -2 -1 -2 -1 2 | -1 -2 -1 -2 1 -2 -1 -1 -2 -1 -1 -1 -2 
1 -2 -1 -2 -1 2 | -1 -2 -2 -1 -2 -2 -1 -1 -2 -1 -1 -1 -2 
1 -2 -1 -2 -1 2 | -1 -2 -2 -1 -2 -2 -1 2 -1 -2 -1 -1 -2 
1 -2 -1 -2 -1 2 | -1 -2 -2 -1 -2 1 2 -1 -1 -2 -1 -1 -2 
1 -2 -1 -2 -1 2 | -1 -2 -2 -2 -1 -1 -1 -2 -1 -1 -2 
1 -2 -1 -2 -1 2 | -1 -2 -2 -2 -1 -1 2 -1 -2 -1 -2 
1 -2 -1 -2 -1 2 | -1 -2 -2 -2 -1 2 1 2 -1 -1 -2 -1 -2 
1 -2 -1 -2 -1 2 | -1 -2 -2 1 2 2 -1 -1 -2 -1 -2 
1 -2 -1 -2 -1 2 | -1 -2 1 -2 -1 2 -1 -1 -2 -1 -2 
1 -2 -1 -2 -1 2 | -2 -1 -2 -2 -1 2 -1 -1 -2 -1 -2 
1 -2 -1 -2 -1 2 | -2 -1 -2 1 2 -1 -1 -1 -2 -1 -2 
1 -2 -1 -2 -1 2 | -2 -2 -1 -1 -1 -1 -2 -1 -2 
1 -2 1 1 1 2 2 2 2 | -2 -2 -1 -1 -1 -1 -2 -1 -2 
1 -2 1 1 1 2 2 2 2 | 2 2 1 -2 -1 -2 -1 -2 
1 -2 1 1 2 1 -2 -1 2 2 2 | 2 2 1 -2 -1 -2 -1 -2 
1 -2 1 2 1 -2 -2 -1 2 2 2 | 2 2 1 -2 -1 -2 -1 -2 
1 1 -2 -2 -2 -1 2 2 2 | 2 2 1 -2 -1 -2 -1 -2 
1 1 -2 -2 1 2 -1 2 2 | 2 2 1 -2 -1 -2 -1 -2 
1 1 -2 1 -2 -1 -1 2 2 | 2 2 1 -2 -1 -2 -1 -2 
1 1 -2 1 -2 -1 2 1 2 -1 2 | 2 2 1 -2 -1 -2 -1 -2 
1 1 -2 1 1 2 2 -1 2 | 2 2 1 -2 -1 -2 -1 -2 
1 1 -2 1 2 1 -2 -1 2 -1 2 | 2 2 1 -2 -1 -2 -1 -2 
1 1 1 -2 -2 -1 2 -1 2 | 2 2 1 -2 -1 -2 -1 -2 
1 1 1 -2 1 2 -1 -1 2 | 2 2 1 -2 -1 -2 -1 -2 
1 1 1 -2 1 2 -1 2 1 2 -1 | 2 2 1 -2 -1 -2 -1 -2 
1 1 1 -2 1 2 2 1 2 2 -1 | 2 2 1 -2 -1 -2 -1 -2 
1 1 1 1 -2 -1 2 1 2 2 -1 | 2 2 1 -2 -1 -2 -1 -2 
1 1 1 1 1 2 2 2 -1 | 2 2 1 -2 -1 -2 -1 -2 
1 1 1 1 1 2 2 2 -1 | -2 -1 -1 -1 -2 -1 -2 -1 -2 
1 1 -2 -1 -2 -1 2 -1 | -2 -1 -1 -1 -2 -1 -2 -1 -2 
1 1 -2 -1 -2 -1 2 -1 | -2 -1 -1 -1 -1 -2 -2 
1 1 -2 -1 2 2 1 1 1 2 -1 | -2 -1 -1 -1 -1 -2 -2 
1 1 -2 -1 2 2 1 1 1 2 -1 | -2 -1 2 1 -2 -1 
1 1 -2 -1 2 2 1 1 -2 -1 2 | -2 -1 2 1 -2 -1 
1 1 -2 -1 2 2 1 -2 1 2 2 | -2 -1 2 1 -2 -1 
1 1 -2 -1 2 1 2 1 1 2 2 | -2 -1 2 1 -2 -1 
1 1 1 2 2 1 1 2 2 | -2 -1 2 1 -2 -1 
1 1 1 2 1 2 1 2 1 2 2 | -2 -1 2 1 -2 -1 
1 1 1 2 1 2 2 1 2 | -2 -1 2 1 -2 -1 
1 1 2 1 2 1 2 | -2 -1 2 1 -2 -1 
1 2 1 1 2 | -2 -1 2 1 -2 -1 
2 1 -2 1 2 | -2 -1 2 1 -2 -1 
2 1 -2 1 2 | 2 1 1 -2 -1 
2 1 1 1 | 2 1 1 -2 -1 
2 1 1 1 | -1 -2 -1 
1 | -1 -2 -1 
1 | -2 -1 
1 | -2 
22
-1 2 2 2 2 1 -2 -2 -2 -2 -2 | -1 2 2 1 -2 -1 
-1 2 2 1 1 -2 -2 -2 -2 | -1 2 2 1 -2 -1 
1 2 1 -2 -2 -2 -2 | -1 2 2 1 -2 -1 
1 2 1 -2 -2 -2 -2 | -1 2 -1 2 2 2 -1 
1 2 -1 2 -1 -2 | -1 2 -1 2 2 2 -1 
1 2 -1 2 -1 -2 | -2 -1 2 2 2 2 -1 
1 2 -1 -2 -2 -2 1 | -2 -1 2 2 2 2 -1 
1 2 -1 -2 -2 -2 1 | -2 1 2 -1 2 -1 
2 1 -2 -2 -2 -2 1 | -2 1 2 -1 2 -1 
2 1 -2 -2 -2 -2 1 | 2 2 2 -1 -1 2 -1 
2 -1 2 -1 -2 1 | 2 2 2 -1 -1 2 -1 
2 -1 2 -1 -2 1 | 2 2 -1 2 1 -2 -1 2 -1 
2 -1 2 -1 -2 1 | 2 2 -1 2 2 -1 -1 
2 -1 2 -1 -2 1 | 2 -1 2 1 2 -1 -1 
2 -1 2 -1 -2 1 | 2 -1 2 2 1 -2 -1 
2 -1 2 -1 -2 1 | 2 -1 2 2 2 -1 -2 
2 -1 2 -1 2 2 -1 | 2 -1 2 2 2 -1 -2 
2 -1 2 -1 2 2 -1 | 1 -2 1 2 -1 -2 
2 2 -1 2 -1 | 1 -2 1 2 -1 -2 
2 2 -1 2 -1 | 2 2 2 -1 -2 
2 -1 | 2 2 2 -1 -2 
2 -1 | 2 
-1 | 2 
6
-1 2 2 2 2 1 -2 -2 -2 -2 -2 | -1 2 2 2 2 2 
-1 2 2 2 2 | -1 2 2 2 2 2 
-1 2 2 2 2 | 2 
-1 2 2 2 | 2 
-1 2 2 | 2 
-1 2 | 2 
-1 | 2 
49
-1 2 2 2 2 1 -2 -2 -2 -2 -2 | -1 2 -1 -2 1 2 
-1 2 2 2 1 2 -1 -2 -2 -2 -2 | -1 2 -1 -2 1 2 
-1 2 2 2 1 1 -2 -1 -2 -2 -2 | -1 2 -1 -2 1 2 
-1 2 2 1 2 -1 2 1 -2 -1 -2 -2 -2 | -1 2 -1 -2 1 2 
-1 2 2 1 2 2 -1 -1 -2 -2 -2 | -1 2 -1 -2 1 2 
-1 2 2 1 2 1 -2 -1 2 -1 -2 -2 -2 | -1 2 -1 -2 1 2 
-1 2 2 1 2 1 -2 -2 -1 -2 -2 | -1 2 -1 -2 1 2 
-1 2 2 1 1 2 -1 -2 -1 -2 -2 | -1 2 -1 -2 1 2 
-1 2 2 1 1 1 -2 -1 -1 -2 -2 | -1 2 -1 -2 1 2 
-1 2 1 2 -1 2 1 1 -2 -1 -1 -2 -2 | -1 2 -1 -2 1 2 
-1 2 1 2 2 -1 2 1 -2 -1 -1 -2 -2 | -1 2 -1 -2 1 2 
-1 2 1 2 2 2 -1 -1 -1 -2 -2 | -1 2 -1 -2 1 2 
-1 2 1 2 2 1 -2 -1 2 -1 -1 -2 -2 | -1 2 -1 -2 1 2 
-1 2 1 2 2 1 -2 -2 -1 2 -1 -2 -2 | -1 2 -1 -2 1 2 
-1 2 1 2 2 1 -2 -2 -2 -1 -2 | -1 2 -1 -2 1 2 
-1 2 1 2 1 2 -1 -2 -2 -1 -2 | -1 2 -1 -2 1 2 
-1 2 1 2 1 1 -2 -1 -2 -1 -2 | -1 2 -1 -2 1 2 
-1 2 1 1 2 -1 2 1 -2 -1 -2 -1 -2 | -1 2 -1 -2 1 2 
-1 2 1 1 2 2 -1 -1 -2 -1 -2 | -1 2 -1 -2 1 2 
-1 2 1 1 2 1 -2 -1 2 -1 -2 -1 -2 | -1 2 -1 -2 1 2 
-1 2 1 1 2 1 -2 -2 -1 -1 -2 | -1 2 -1 -2 1 2 
-1 2 1 1 1 2 -1 -2 -1 -1 -2 | -1 2 -1 -2 1 2 
-1 2 1 1 1 1 -2 -1 -1 -1 -2 | -1 2 -1 -2 1 2 
2 -1 2 1 1 1 -2 -1 -1 -1 -2 | -1 2 -1 -2 1 2 
2 2 -1 2 1 1 -2 -1 -1 -1 -2 | -1 2 -1 -2 1 2 
2 2 2 -1 2 1 -2 -1 -1 -1 -2 | -1 2 -1 -2 1 2 
2 2 2 2 -1 -1 -1 -1 -2 | -1 2 -1 -2 1 2 
2 2 2 1 -2 -1 2 -1 -1 -1 -2 | -1 2 -1 -2 1 2 
2 2 2 1 -2 -2 -1 2 -1 -1 -2 | -1 2 -1 -2 1 2 
2 2 2 1 -2 -2 -2 -1 2 -1 -2 | -1 2 -1 -2 1 2 
2 2 2 1 -2 -2 -2 -2 -1 | -1 2 -1 -2 1 2 
2 2 1 2 -1 -2 -2 -2 -1 | -1 2 -1 -2 1 2 
2 2 1 1 -2 -1 -2 -2 -1 | -1 2 -1 -2 1 2 
2 1 2 -1 2 1 -2 -1 -2 -2 -1 | -1 2 -1 -2 1 2 
2 1 2 2 -1 -1 -2 -2 -1 | -1 2 -1 -2 1 2 
2 1 2 2 -1 -1 -2 -2 -1 | -1 2 2 2 -1 -1 -2 
2 1 -2 1 -2 -1 | -1 2 2 2 -1 -1 -2 
2 1 -2 1 -2 -1 | -1 2 2 1 -2 -1 2 -1 -2 
2 1 -2 1 -2 -1 | -1 2 2 1 -2 -2 -1 
2 1 -2 1 -2 -1 | -1 2 1 2 -1 -2 -1 
2 1 -2 1 -2 -1 | -1 2 1 1 -2 -1 -1 
2 1 -2 1 -2 -1 | 2 -1 2 1 -2 -1 -1 
2 1 -2 1 -2 -1 | 2 2 -1 -1 -1 
2 1 -2 1 -2 -1 | 2 1 -2 -1 2 -1 -1 
2 1 -2 1 -2 -1 | 1 2 -1 -1 2 -1 -1 
2 -1 -1 | 1 2 -1 -1 2 -1 -1 
2 -1 -1 | 1 2 -1 -1 
2 -1 -1 | 1 
2 -1 | 1 
2 | 1 
21
-1 2 2 2 2 1 -2 -2 -2 -2 -2 | -1 -1 -2 -2 1 2 
-1 2 2 1 2 -1 -2 -2 -2 -2 -2 | -1 -1 -2 -2 1 2 
2 -1 2 -1 -2 -2 -2 -2 -2 | -1 -1 -2 -2 1 2 
2 -1 2 -1 -2 -2 -2 -2 -2 | -1 -1 -2 -1 -2 -2 -2 
2 -1 2 2 1 1 -2 -2 | -1 -1 -2 -1 -2 -2 -2 
2 -1 2 2 1 1 -2 -2 | -2 -1 2 -1 -2 -2 -2 
2 -1 -2 -2 -1 2 1 -2 -2 | -2 -1 2 -1 -2 -2 -2 
1 2 2 -1 2 1 -2 -2 | -2 -1 2 -1 -2 -2 -2 
1 2 2 -1 -2 -2 -2 -1 -2 | -2 -1 2 -1 -2 -2 -2 
1 2 2 -1 -2 -2 -2 -1 -2 | -2 -1 -2 -1 2 1 
1 2 -1 -2 -1 -2 -2 -1 -2 | -2 -1 -2 -1 2 1 
-2 -1 -1 -2 -2 -1 -2 | -2 -1 -2 -1 2 1 
-2 -1 -1 -2 -2 -1 -2 | 2 1 1 2 -1 2 1 
-1 2 1 -2 -1 -2 | 2 1 1 2 -1 2 1 
-1 2 1 -2 -1 -2 | 2 1 -2 -1 2 2 1 
-1 2 1 -2 -1 -2 | 1 2 2 2 1 
-1 2 1 -2 -1 -2 | -2 -1 2 1 2 2 1 
-1 -2 -1 -2 -2 | -2 -1 2 1 2 2 1 
-1 -2 -1 -2 -2 | -2 -1 
-1 -2 -2 | -2 -1 
-2 | -2 -1 
-2 | -1 
68
-1 2 2 2 2 1 -2 -2 -2 -2 -2 | -1 -2 1 2 -1 -2 
-1 2 2 2 2 1 -2 -2 -2 -2 -2 | -1 2 2 2 1 -2 -2 -2 -2 -1 -2 
-1 2 1 2 1 -2 | -1 2 2 2 1 -2 -2 -2 -2 -1 -2 
-1 -1 2 2 2 1 -2 -2 -2 1 -2 | -1 2 2 2 1 -2 -2 -2 -2 -1 -2 
-1 -1 2 2 2 1 -2 -2 -2 1 -2 | 1 2 -1 -2 -1 -2 
-1 -1 2 2 1 2 -1 -2 -2 -2 -2 1 -2 | 1 2 -1 -2 -1 -2 
-1 -1 2 1 2 -1 -1 -2 -2 -2 -2 1 -2 | 1 2 -1 -2 -1 -2 
-1 2 -1 -1 -1 -2 -2 -2 -2 1 -2 | 1 2 -1 -2 -1 -2 
-1 2 -1 -1 -1 -2 -2 -2 1 2 1 -2 -2 | 1 2 -1 -2 -1 -2 
-1 2 -1 -1 -1 -2 -2 1 2 1 1 -2 -2 | 1 2 -1 -2 -1 -2 
-1 2 -1 -1 -1 -2 1 2 1 1 1 -2 -2 | 1 2 -1 -2 -1 -2 
-1 2 -1 -1 2 1 1 1 1 -2 -2 | 1 2 -1 -2 -1 -2 
-1 2 -1 2 -1 -2 1 1 1 -2 -2 | 1 2 -1 -2 -1 -2 
-1 2 -1 2 2 1 -2 1 1 -2 -2 | 1 2 -1 -2 -1 -2 
-1 2 -1 2 1 2 -1 -2 -2 1 1 -2 -2 | 1 2 -1 -2 -1 -2 
-1 2 2 -1 -1 -2 -2 1 1 -2 -2 | 1 2 -1 -2 -1 -2 
-1 2 2 -1 -1 -2 1 2 1 -2 1 -2 -2 | 1 2 -1 -2 -1 -2 
-1 2 2 -1 2 1 1 -2 1 -2 -2 | 1 2 -1 -2 -1 -2 
-1 2 2 2 -1 -2 1 -2 1 -2 -2 | 1 2 -1 -2 -1 -2 
-1 2 2 2 2 1 -2 -2 1 -2 -2 | 1 2 -1 -2 -1 -2 
-1 2 2 2 1 2 -1 -2 -2 -2 1 -2 -2 | 1 2 -1 -2 -1 -2 
-1 2 2 1 2 -1 -1 -2 -2 -2 1 -2 -2 | 1 2 -1 -2 -1 -2 
-1 2 1 2 -1 -1 -1 -2 -2 -2 1 -2 -2 | 1 2 -1 -2 -1 -2 
2 -1 -1 -1 -1 -2 -2 -2 1 -2 -2 | 1 2 -1 -2 -1 -2 
2 -1 -1 -1 -1 -2 -2 -2 1 -2 -2 | -1 -1 -1 -2 -2 -2 -2 -1 -2 
2 -1 2 1 2 1 -2 -2 | -1 -1 -1 -2 -2 -2 -2 -1 -2 
2 -1 2 1 2 1 -2 -2 | -1 -1 -1 -2 -2 -2 1 -2 -1 
2 -1 2 1 2 1 -2 -2 | -1 -1 -1 -2 -2 1 2 1 -2 -2 -1 
2 -1 2 1 2 1 -2 -2 | -1 -1 -1 -2 1 2 1 1 -2 -2 -1 
2 -1 2 1 2 1 -2 -2 | -1 -1 2 1 1 1 -2 -2 -1 
2 -1 2 1 2 1 -2 -2 | -1 2 -1 -2 1 1 -2 -2 -1 
2 -1 2 1 2 1 -2 -2 | -1 2 2 1 -2 1 -2 -2 -1 
2 -1 2 1 2 1 -2 -2 | -1 2 1 2 -1 -2 -2 1 -2 -2 -1 
2 -1 2 1 2 1 -2 -2 | 2 -1 -1 -2 -2 1 -2 -2 -1 
2 -1 2 1 2 1 -2 -2 | 2 -1 -1 -2 1 2 1 -2 -2 -2 -1 
2 -1 2 1 2 1 -2 -2 | 2 -1 2 1 1 -2 -2 -2 -1 
2 -1 2 1 2 1 -2 -2 | 2 2 -1 -2 1 -2 -2 -2 -1 
-2 -2 -1 2 2 2 1 -2 -2 | 2 2 -1 -2 1 -2 -2 -2 -1 
-2 -2 -1 2 2 2 1 -2 -2 | -2 -2 -1 2 2 1 -2 -2 -2 -1 
-2 -2 -1 2 2 2 1 -2 -2 | -2 -2 -1 -2 1 2 -1 
-2 -1 -2 -2 -1 2 2 1 -2 -2 | -2 -2 -1 -2 1 2 -1 
-2 -1 -2 -1 -2 -2 -1 2 1 -2 -2 | -2 -2 -1 -2 1 2 -1 
-2 -1 -2 -1 -2 -1 -2 -2 -2 -2 | -2 -2 -1 -2 1 2 -1 
-2 -1 -2 -1 2 1 -2 -1 -2 -2 -2 | -2 -2 -1 -2 1 2 -1 
-2 -1 -1 -2 -2 -2 -1 -2 -2 -2 | -2 -2 -1 -2 1 2 -1 
-2 -1 -1 -2 1 -2 -1 -2 -2 | -2 -2 -1 -2 1 2 -1 
-2 -1 -1 -2 1 2 1 -2 -1 -2 | -2 -2 -1 -2 1 2 -1 
-2 -1 2 2 1 1 -2 -1 -2 | -2 -2 -1 -2 1 2 -1 
-1 -2 -2 -1 2 1 1 -2 -1 -2 | -2 -2 -1 -2 1 2 -1 
-1 -2 -1 -2 -2 1 -2 -1 -2 | -2 -2 -1 -2 1 2 -1 
-1 2 1 -2 -1 -2 1 -2 -1 -2 | -2 -2 -1 -2 1 2 -1 
-1 2 1 2 1 -2 -2 -1 -2 | -2 -2 -1 -2 1 2 -1 
-1 2 1 2 1 -2 -2 -1 -2 | -2 1 -2 -2 -1 -1 
-1 2 1 2 2 1 -2 | -2 1 -2 -2 -1 -1 
-2 -2 -1 2 2 1 -2 | -2 1 -2 -2 -1 -1 
-2 -2 -1 2 2 1 -2 | -2 1 2 -1 -2 -2 -1 
-2 -1 -2 -2 -1 2 1 -2 | -2 1 2 -1 -2 -2 -1 
-2 -1 -2 -2 -1 2 1 -2 | -2 1 2 2 2 -1 -2 
-2 -1 2 -1 -2 1 -2 | -2 1 2 2 2 -1 -2 
-2 -1 2 -1 -2 1 -2 | -1 -2 1 2 -1 -2 
-2 -1 2 2 1 -2 -2 | -1 -2 1 2 -1 -2 
-1 -2 -1 2 1 -2 -2 | -1 -2 1 2 -1 -2 
-1 -1 -2 -2 -2 | -1 -2 1 2 -1 -2 
-1 2 1 -2 -1 -2 -2 | -1 -2 1 2 -1 -2 
-1 2 1 -2 -1 -2 -2 | -2 -1 -2 -1 -2 
-1 2 1 1 | -2 -1 -2 -1 -2 
-1 2 1 1 | -2 -1 -2 
-1 2 1 1 | -2 
1 | -2 
7
-1 2 2 2 2 1 -2 -2 -2 -2 -2 | -1 -2 -2 -2 -2 -2 
-1 -2 -2 -2 -2 -2 -2 | -1 -2 -2 -2 -2 -2 
-2 | -1 -2 -2 -2 -2 -2 
-2 | -1 -2 -2 -2 -2 
-2 | -1 -2 -2 -2 
-2 | -1 -2 -2 
-2 | -1 -2 
-2 | -1 
280
-1 2 2 2 2 1 -2 -2 -2 -2 -2 | -1 2 1 -2 -1 -2 -2 
-1 2 2 2 1 2 2 1 -2 -2 -2 -2 | -1 2 1 -2 -1 -2 -2 
-1 2 2 2 1 2 1 2 2 1 -2 -2 -2 | -1 2 1 -2 -1 -2 -2 
-1 2 2 2 1 -2 -1 2 1 2 1 -2 -2 -2 | -1 2 1 -2 -1 -2 -2 
-1 2 2 1 2 2 2 1 2 1 -2 -2 -2 | -1 2 1 -2 -1 -2 -2 
-1 2 2 1 2 -1 2 1 1 -2 -2 -2 | -1 2 1 -2 -1 -2 -2 
-1 2 2 1 2 -1 2 1 1 -2 -2 -2 | -1 2 2 1 1 -2 -2 -2 -1 
-1 2 2 1 2 -1 -2 1 1 | -1 2 2 1 1 -2 -2 -2 -1 
-1 2 2 1 2 -1 -2 1 1 | -1 2 2 1 -2 1 2 2 1 -2 -2 -1 
-1 2 2 1 2 -1 -2 1 1 | -1 2 2 1 -2 1 2 1 2 2 1 -2 -1 
-1 2 2 1 2 -1 -2 1 1 | -1 2 2 1 -2 1 2 1 2 1 2 2 
-1 2 2 1 2 -1 -2 1 1 | -1 2 2 1 -2 1 2 1 -2 -1 2 1 2 
-1 2 2 1 2 -1 -2 1 1 | -1 2 2 1 -2 1 1 2 2 2 1 2 
-1 2 2 1 2 -1 -2 1 1 | -1 2 2 1 -2 1 1 2 -1 2 1 
-1 2 2 1 2 -1 -2 1 1 | -1 2 1 2 2 1 1 1 2 -1 2 1 
-2 -1 -1 -1 -2 -1 -2 1 1 | -1 2 1 2 2 1 1 1 2 -1 2 1 
-2 -1 -1 -1 -2 -1 -2 1 1 | -1 2 1 2 -1 -2 1 2 1 
-2 -1 -1 -1 -2 -2 -1 -2 -2 1 | -1 2 1 2 -1 -2 1 2 1 
-2 -1 -1 2 -1 -2 -2 -2 1 | -1 2 1 2 -1 -2 1 2 1 
-2 -1 -1 2 2 -1 -2 1 -2 1 | -1 2 1 2 -1 -2 1 2 1 
-2 -1 -1 2 2 -1 -2 1 -2 1 | -1 2 1 -2 1 1 2 -1 2 2 1 
-1 2 2 2 1 2 -1 -2 1 -2 1 | -1 2 1 -2 1 1 2 -1 2 2 1 
-1 2 2 2 1 2 -1 -2 1 -2 1 | 2 2 1 1 1 2 -1 2 2 1 
-1 2 2 2 1 2 -1 -2 1 -2 1 | 2 2 1 1 -2 -2 -1 2 2 2 1 
2 2 -1 -1 -2 -1 -2 1 -2 1 | 2 2 1 1 -2 -2 -1 2 2 2 1 
2 2 -1 -1 -2 -1 -2 1 -2 1 | 2 -1 -2 1 2 2 1 
2 2 -1 -1 -2 -1 -2 1 -2 1 | 2 -1 -1 2 1 2 1 1 1 
2 2 1 2 -1 -2 1 | 2 -1 -1 2 1 2 1 1 1 
2 2 1 2 -1 -2 1 | 2 -1 2 2 1 2 2 1 1 1 
2 2 1 2 -1 -2 1 | 2 -1 2 1 2 2 1 2 2 2 1 1 1 
2 2 1 2 -1 -2 1 | 2 2 2 1 2 2 2 1 2 2 2 1 1 1 
2 2 1 2 -1 -2 1 | 2 2 2 2 1 -2 -1 2 1 2 2 2 1 1 1 
2 2 1 2 -1 -2 1 | 2 2 2 2 1 2 1 2 2 2 2 1 1 1 
2 2 1 2 -1 -2 1 | 2 2 2 2 1 2 2 1 -2 -1 2 2 1 1 1 
2 2 1 2 -1 -2 1 | 2 2 2 2 2 1 -2 -2 -1 2 2 1 1 1 
2 2 1 2 -1 -2 1 | 2 2 2 2 2 1 1 2 -1 2 1 1 1 
2 2 1 2 -1 -2 1 | 2 2 2 -1 2 1 -2 1 2 -1 2 1 1 1 
2 2 1 2 -1 -2 1 | 2 2 2 -1 2 1 -2 1 2 2 2 1 2 1 1 
2 2 1 2 -1 -2 1 | 2 2 2 -1 2 1 1 -2 -1 2 1 2 1 1 
2 2 1 2 -1 -2 1 | 2 2 2 -1 2 1 1 2 1 2 2 1 1 
2 2 1 2 -1 -2 1 | 2 2 2 -1 2 1 1 2 2 1 -2 1 
2 2 1 2 -1 -2 1 | 2 2 2 2 2 1 2 1 2 2 1 -2 1 
2 2 1 2 -1 -2 1 | 2 2 2 2 2 1 -2 -1 2 1 2 1 -2 1 
2 2 1 2 -1 -2 1 | 2 2 2 2 1 2 2 2 1 2 1 -2 1 
2 2 1 2 -1 -2 1 | 2 2 -1 2 1 2 2 1 2 1 -2 1 
2 2 1 2 -1 -2 1 | 2 2 -1 2 2 1 1 -2 1 
2 2 1 1 2 2 -1 2 2 1 -2 1 | 2 2 -1 2 2 1 1 -2 1 
2 2 1 1 2 2 -1 2 2 1 -2 1 | -1 -1 -2 -2 -1 2 1 -2 1 
-1 2 1 -2 1 2 2 -1 2 2 1 -2 1 | -1 -1 -2 -2 -1 2 1 -2 1 
-1 2 1 1 -2 -1 -1 2 2 1 -2 1 | -1 -1 -2 -2 -1 2 1 -2 1 
-1 2 1 1 -2 -1 -1 2 2 1 -2 1 | 1 -2 -1 -1 -1 2 1 -2 1 
-1 2 2 -1 -2 1 2 2 1 -2 1 | 1 -2 -1 -1 -1 2 1 -2 1 
-1 2 2 -1 -2 1 2 2 1 -2 1 | 1 -2 -1 -1 2 2 1 1 
-1 2 2 -1 -2 1 2 2 1 -2 1 | -2 1 2 2 -1 2 2 1 1 
-1 2 2 -1 -1 -1 -2 -2 1 1 -2 1 | -2 1 2 2 -1 2 2 1 1 
-1 2 2 -1 -1 -1 -2 -2 -2 -2 1 -2 -2 | -2 1 2 2 -1 2 2 1 1 
-1 2 2 -1 -1 -1 -2 -2 -2 -2 1 -2 -2 | 2 -1 -1 -1 -2 -2 1 1 
-1 2 -1 -1 -2 -2 1 -2 -2 | 2 -1 -1 -1 -2 -2 1 1 
-1 -1 -1 2 2 1 -2 -2 1 -2 -2 | 2 -1 -1 -1 -2 -2 1 1 
-1 -1 -1 2 2 1 -2 -2 1 -2 -2 | 2 -1 -1 -2 -2 1 -2 -2 -1 
-1 -1 -1 2 2 1 1 1 -2 1 | 2 -1 -1 -2 -2 1 -2 -2 -1 
-1 -1 -2 -2 -1 2 1 -2 1 | 2 -1 -1 -2 -2 1 -2 -2 -1 
-1 -1 -2 -2 -1 2 1 -2 1 | 2 -1 -1 -2 -2 1 1 2 -1 -2 
-1 -1 -2 -2 -1 2 1 -2 1 | 2 -1 2 -1 -2 1 1 1 2 -1 -2 
-1 -1 -2 -2 1 1 2 -1 | 2 -1 2 -1 -2 1 1 1 2 -1 -2 
-1 -1 -2 -2 1 1 2 -1 | 2 -1 2 -1 -2 1 2 2 1 1 -2 
-1 -1 -2 -2 1 1 2 -1 | 2 -1 2 -1 -2 1 2 2 -1 -2 -2 1 1 
-1 -2 -2 -1 2 1 -2 | 2 -1 2 -1 -2 1 2 2 -1 -2 -2 1 1 
-1 -2 -2 -1 2 1 -2 | 2 -1 -1 -1 -2 -2 1 1 
1 1 -2 -1 -1 -1 2 1 -2 | 2 -1 -1 -1 -2 -2 1 1 
1 1 -2 -1 -1 -1 2 1 -2 | 2 -1 -1 -1 -2 -1 -2 1 1 1 2 
1 1 2 -1 -1 -1 -2 -2 | 2 -1 -1 -1 -2 -1 -2 1 1 1 2 
1 1 2 -1 -1 -1 -2 -2 | -1 -1 2 -1 -2 1 1 1 2 
-1 2 1 -2 -1 -2 -2 | -1 -1 2 -1 -2 1 1 1 2 
-1 2 1 -2 -1 -2 -2 | -1 -1 -1 -2 -2 1 1 2 
-1 2 -1 -1 -2 -2 1 -2 -2 | -1 -1 -1 -2 -2 1 1 2 
-1 -1 -1 2 2 1 -2 -2 1 -2 -2 | -1 -1 -1 -2 -2 1 1 2 
-1 -1 -1 2 2 1 -2 -2 1 -2 -2 | -1 -1 -2 -2 1 -2 -2 -1 2 
-1 -1 -1 2 2 1 1 1 -2 1 | -1 -1 -2 -2 1 -2 -2 -1 2 
-1 -1 -2 -2 -1 2 1 -2 1 | -1 -1 -2 -2 1 -2 -2 -1 2 
-1 -1 -2 -2 -1 2 1 -2 1 | -1 -1 -2 -2 1 1 2 -1 
-1 -1 -2 -2 -1 2 1 -2 1 | -1 2 -1 -2 1 1 1 2 -1 
-1 -1 -2 -2 1 1 2 -1 | -1 2 -1 -2 1 1 1 2 -1 
-1 -1 -2 -2 1 1 2 -1 | -1 2 -1 -2 1 2 2 1 1 
-1 -1 -2 -2 1 1 2 -1 | -1 2 -1 -2 1 2 2 -1 -2 -2 1 1 2 
-1 -2 -2 -1 2 1 -2 | -1 2 -1 -2 1 2 2 -1 -2 -2 1 1 2 
-1 -2 -2 -1 2 1 -2 | -1 -1 -1 -2 -2 1 1 2 
1 1 -2 -1 -1 -1 2 1 -2 | -1 -1 -1 -2 -2 1 1 2 
1 1 -2 -1 -1 -1 2 1 -2 | -1 -1 -1 -2 -1 -2 1 1 1 2 2 
1 1 2 -1 -1 -1 -2 -2 | -1 -1 -1 -2 -1 -2 1 1 1 2 2 
1 1 2 -1 -1 -1 -2 -2 | -2 -1 -1 2 -1 -2 1 1 1 2 2 
-1 2 1 -2 -1 -2 -2 | -2 -1 -1 2 -1 -2 1 1 1 2 2 
-1 2 1 -2 -1 -2 -2 | -2 -1 -1 -1 -2 -2 1 1 2 2 
-1 2 1 -2 -1 -2 -2 | -2 -1 -1 -1 -2 -2 1 2 1 -2 -1 
-1 -1 2 2 1 1 1 -2 | -2 -1 -1 -1 -2 -2 1 2 1 -2 -1 
-1 -1 2 2 1 1 1 -2 | -2 -2 -1 2 1 -2 -1 
-1 -1 -1 2 1 -2 1 1 -2 | -2 -2 -1 2 1 -2 -1 
-1 -1 -1 2 1 -2 1 1 -2 | -2 -2 1 1 2 -1 -1 -1 
-1 -1 -1 2 1 -2 1 1 -2 | -2 -2 1 1 2 2 -1 -1 2 -1 -2 
-1 -1 -1 -2 -2 1 1 2 | -2 -2 1 1 2 2 -1 -1 2 -1 -2 
-1 -1 -1 -2 -2 1 1 2 | 1 1 1 2 -1 -1 2 -1 -2 
-1 -1 -1 -2 -2 1 1 2 | 1 2 2 1 2 -1 -2 
-1 -1 -1 -2 -2 1 2 1 -2 -1 -2 | 1 2 2 1 2 -1 -2 
-1 -1 -1 -2 -2 1 2 1 -2 -1 -2 | 1 2 -1 -1 -1 -2 -2 1 
-2 -1 2 1 -2 -1 -2 | 1 2 -1 -1 -1 -2 -2 1 
-2 -1 2 1 -2 -1 -2 | 1 2 -1 -1 2 -1 -2 1 1 
-2 1 1 2 -1 -1 -1 -2 | 1 2 -1 -1 2 -1 -2 1 1 
-2 1 1 2 -1 -1 -1 -2 | -1 2 2 1 2 -1 -2 1 1 
-2 1 1 2 -1 -1 -1 -2 | -1 2 2 1 2 -1 2 1 1 1 -2 
-2 1 2 2 1 2 -1 | -1 2 2 1 2 -1 2 1 1 1 -2 
-2 1 2 2 1 2 -1 | -1 -1 2 2 1 1 1 -2 
-2 1 1 1 2 -1 -1 2 -1 | -1 -1 2 2 1 1 1 -2 
-2 1 1 1 2 2 -1 -1 -1 -2 -1 | -1 -1 2 2 1 1 1 -2 
-2 1 1 1 2 2 -1 -1 -1 -2 -1 | -1 -1 2 -1 -2 1 1 1 2 
1 -2 1 1 2 -1 -1 -1 -2 -1 | -1 -1 2 -1 -2 1 1 1 2 
1 -2 -1 2 1 -2 -1 -2 -1 | -1 -1 2 -1 -2 1 1 1 2 
1 -2 -1 2 1 -2 -1 -2 -1 | -1 -1 -1 -2 -2 1 1 2 
-1 -1 -2 -2 1 2 1 -2 -1 -2 -1 | -1 -1 -1 -2 -2 1 1 2 
-1 -1 -2 -2 1 2 1 -2 -1 -2 -1 | 2 1 2 -1 -2 1 2 
-1 -1 -2 -2 1 1 2 -1 | 2 1 2 -1 -2 1 2 
-1 2 -1 -2 1 1 1 2 -1 | 2 1 2 -1 -2 1 2 
-1 2 -1 -2 1 1 1 2 -1 | 2 1 1 1 -2 -1 -1 2 
-1 2 -1 -2 1 1 1 2 -1 | 2 1 1 1 -2 -2 -1 -1 -1 2 1 
-1 2 2 1 1 1 -2 -1 | 2 1 1 1 -2 -2 -1 -1 -1 2 1 
-1 2 2 1 1 1 -2 -1 | -2 1 1 -2 -1 -1 -1 2 1 
-1 2 2 1 1 1 -2 -1 | -2 -1 -2 -2 -1 2 1 
-1 2 2 1 1 -2 1 2 2 | -2 -1 -2 -2 -1 2 1 
-1 2 2 1 1 -2 1 2 2 | -2 -1 -1 2 2 1 1 1 
1 2 -1 -2 1 2 2 | -2 -1 -1 2 2 1 1 1 
1 2 -1 -2 1 2 2 | -2 -1 -1 -1 2 1 -2 1 1 
1 1 1 -2 -1 -1 2 2 | -2 -1 -1 -1 2 1 -2 1 1 
1 1 1 -2 -1 -1 2 2 | -2 -2 -1 -1 2 2 2 1 -2 1 1 
1 1 1 2 -1 -1 2 -1 -2 | -2 -2 -1 -1 2 2 2 1 -2 1 1 
1 1 1 2 -1 -1 2 -1 -2 | -2 -2 -1 -1 2 2 1 1 1 2 
1 2 2 1 2 -1 -2 | -2 -2 -1 -1 2 2 1 1 1 2 
1 2 2 1 2 -1 -2 | 1 2 -1 -2 -1 2 2 1 1 1 2 
1 2 -1 -1 -1 -2 -2 1 | 1 2 -1 -2 -1 2 2 1 1 1 2 
1 2 -1 -1 -1 -2 -2 1 | 1 2 -1 -2 1 2 2 
1 2 -1 -1 -1 -2 -2 1 | 1 2 -1 2 1 1 1 -2 -1 2 2 
2 2 1 2 -1 -2 1 | 1 2 -1 2 1 1 1 -2 -1 2 2 
2 2 1 2 -1 -2 1 | 1 2 2 2 1 2 1 1 -2 -1 2 2 
2 2 1 2 -1 -2 1 | 2 1 -2 -1 2 1 2 1 1 -2 -1 2 2 
2 2 1 2 -1 -2 1 | 2 1 2 1 2 2 1 1 -2 -1 2 2 
2 2 1 2 -1 -2 1 | 2 1 2 2 1 -2 1 -2 -1 2 2 
2 2 1 2 -1 -2 1 | 2 2 1 -2 -2 1 -2 -1 2 2 
2 2 1 2 -1 -2 1 | 2 2 1 -2 -2 1 2 1 2 -1 2 
2 2 1 2 -1 -2 1 | 2 2 1 -2 1 -2 -1 -2 1 2 -1 2 
2 2 1 2 -1 -2 1 | 2 2 1 -2 1 -2 -2 -1 -2 -1 2 
2 2 1 2 -1 -2 1 | 2 2 1 -2 1 -2 -2 -1 2 1 2 -1 
2 2 1 2 -1 -2 1 | 2 2 1 -2 1 1 2 2 -1 
2 2 1 2 -1 -2 1 | 2 2 1 -2 1 2 1 -2 -1 -1 
2 2 1 2 -1 -2 1 | 2 2 1 1 -2 -1 -2 1 -2 -1 -1 
2 2 1 2 -1 -2 1 | 2 2 1 1 -2 -2 -1 -2 -2 -2 -1 -1 
2 2 1 2 -1 -2 1 | 2 2 1 1 -2 -2 -1 -2 1 2 -1 -2 -1 
2 2 1 2 -1 -2 1 | 2 2 1 1 -2 -2 -2 -1 -2 -1 -2 -1 
2 2 1 2 -1 -2 1 | 2 2 1 1 -2 1 2 -1 -2 -2 -1 -2 -1 
2 2 1 2 -1 -2 1 | 2 2 1 1 -2 1 2 2 -1 -2 -2 -1 
2 2 1 2 -1 -2 1 | 2 2 1 1 -2 1 2 2 2 -1 -2 
2 2 1 2 -1 -2 1 | 2 2 1 1 1 -2 -1 2 -1 -2 
2 2 1 2 1 1 -2 -1 2 | 2 2 1 1 1 -2 -1 2 -1 -2 
2 2 1 2 1 1 -2 -1 2 | 2 2 1 -2 -1 -2 -2 -1 -2 
-1 2 1 1 1 -2 -1 2 | 2 2 1 -2 -1 -2 -2 -1 -2 
-1 2 1 1 1 2 1 2 -1 | 2 2 1 -2 -1 -2 -2 -1 -2 
-1 2 1 1 1 2 1 2 -1 | 2 2 -1 2 1 1 1 -2 -1 -2 
-2 1 2 2 1 2 -1 | 2 2 -1 2 1 1 1 -2 -1 -2 
-2 1 2 2 1 2 -1 | 2 2 -1 2 1 1 -2 1 2 
-1 -1 -2 1 -2 1 2 -1 | 2 2 -1 2 1 1 -2 1 2 
-1 -1 -2 1 -2 1 2 -1 | 2 1 2 -1 -2 1 2 
-1 2 -1 -2 1 2 1 -2 1 2 -1 | 2 1 2 -1 -2 1 2 
-1 2 -1 -2 1 2 1 -2 1 2 -1 | 2 1 1 1 -2 -1 2 -1 
-1 2 -1 -2 1 2 2 1 1 | 2 1 1 1 -2 -1 2 -1 
2 -1 -1 -1 -2 -2 1 2 2 1 1 | 2 1 1 1 -2 -1 2 -1 
2 -1 -1 -1 -2 -2 1 2 2 1 1 | -2 1 2 2 1 2 -1 
2 -1 -1 -1 -2 1 -2 1 | -2 1 2 2 1 2 -1 
2 -1 -1 -1 -2 1 -2 1 | -2 1 2 2 2 -1 2 1 1 
2 -1 -2 1 2 2 1 | -2 1 2 2 2 -1 2 1 1 
2 -1 -2 1 2 2 1 | 1 -2 -1 2 -1 2 1 1 
2 -1 -2 1 2 2 1 | 1 -2 -1 2 -1 -2 -1 2 1 -2 1 
1 1 -2 -1 2 -1 2 1 | 1 -2 -1 2 -1 -2 -1 2 1 -2 1 
1 1 -2 -1 2 -1 2 1 | -1 -1 -2 -2 -1 2 1 -2 1 
1 -2 1 2 2 2 -1 2 1 | -1 -1 -2 -2 -1 2 1 -2 1 
1 -2 1 2 2 2 -1 2 1 | -1 -1 2 -1 2 1 1 1 -2 1 
1 -2 1 2 2 1 2 -1 -1 | -1 -1 2 -1 2 1 1 1 -2 1 
2 1 1 1 2 1 2 -1 -1 | -1 -1 2 -1 2 1 1 1 -2 1 
2 1 1 1 2 1 2 -1 -1 | -1 -1 2 1 -2 -1 -2 -2 1 
2 1 1 1 2 1 2 -1 -1 | -2 -1 -2 -1 -1 -2 -1 -2 -2 1 
2 1 -2 -1 -2 -2 -1 | -2 -1 -2 -1 -1 -2 -1 -2 -2 1 
2 1 -2 -1 -2 -2 -1 | -2 -1 -2 -1 -1 -1 -2 1 1 
2 -1 2 1 1 1 -2 -1 | -2 -1 -2 -1 -1 -1 -2 1 1 
2 -1 2 1 1 1 -2 -1 | -2 -1 -2 -2 -1 2 1 
-1 -2 -2 -1 2 2 1 1 1 -2 -1 | -2 -1 -2 -2 -1 2 1 
-1 -2 -2 -1 2 2 1 1 1 -2 -1 | -2 1 2 -1 -1 -1 -2 1 
-1 -2 -2 -1 2 1 -2 | -2 1 2 -1 -1 -1 -2 1 
-1 -2 -2 -2 1 2 -1 -1 -2 | -2 1 2 -1 -1 -1 -2 1 
-1 -2 -2 -2 1 2 -1 -1 -2 | 2 2 1 2 -1 -2 1 
-1 -2 -2 1 -2 -1 -2 -1 -1 -2 | 2 2 1 2 -1 -2 1 
-1 -2 -2 1 -2 -1 2 1 2 -1 -2 -1 -2 | 2 2 1 2 -1 -2 1 
-1 -2 -2 1 2 1 2 2 -1 -2 -1 -2 | 2 2 1 2 -1 -2 1 
-1 -2 -2 1 2 2 1 -2 -1 -1 -2 -1 -2 | 2 2 1 2 -1 -2 1 
-1 -2 1 -2 -2 -1 -1 -2 -1 -2 | 2 2 1 2 -1 -2 1 
-1 -2 1 -2 -2 -1 -1 -1 -2 1 2 | 2 2 1 2 -1 -2 1 
-1 -2 1 -2 -2 -1 -1 -1 -2 1 2 | 2 2 2 1 1 1 2 2 
-1 -2 1 2 2 1 2 | 2 2 2 1 1 1 2 2 
-1 -2 1 2 2 1 2 | 2 2 1 2 2 1 2 1 1 2 2 
-1 -2 -2 -2 -2 -2 -1 -1 | 2 2 1 2 2 1 2 1 1 2 2 
2 2 1 2 1 1 -2 -1 -1 | 2 2 1 2 2 1 2 1 1 2 2 
2 2 1 2 1 1 -2 -1 -1 | 2 2 1 1 1 2 2 2 
2 2 1 2 1 1 2 2 2 2 1 | 2 2 1 1 1 2 2 2 
2 2 1 2 -1 -2 1 | 2 2 1 1 1 2 2 2 
2 2 1 2 -1 -2 1 | 2 2 1 1 1 2 -1 2 1 -2 -1 
2 2 2 2 1 1 1 2 | 2 2 1 1 1 2 -1 2 1 -2 -1 
2 2 2 2 1 1 1 2 | -2 -2 -1 2 1 -2 -1 
2 2 2 2 1 1 1 2 | -2 -2 -1 2 1 2 2 2 2 1 1 
-1 -2 1 2 2 1 2 | -2 -2 -1 2 1 2 2 2 2 1 1 
-1 -2 1 2 2 1 2 | 1 2 2 2 2 2 1 1 
-1 -2 1 2 2 1 2 | 1 2 2 2 2 1 2 2 1 2 1 
-1 -2 -2 -2 -2 -2 -1 -1 | 1 2 2 2 2 1 2 2 1 2 1 
-1 -2 -2 -2 -2 -2 -1 -1 | -1 -1 -2 1 2 2 1 2 1 
-1 -2 -2 -2 -2 -2 -1 -1 | -1 -1 -2 1 -2 -2 -2 -1 -1 2 1 
-1 -2 -2 -1 2 1 -2 | -1 -1 -2 1 -2 -2 -2 -1 -1 2 1 
-1 -2 -2 -1 2 1 -2 | -1 -1 -2 1 -2 -2 -2 -1 2 2 1 2 
-1 -2 -2 -1 2 1 -2 | -1 -1 -2 1 -2 1 2 -1 2 1 2 
-1 -2 -2 -1 2 1 -2 | -1 -1 -2 1 -2 1 2 2 2 1 2 2 
-1 -2 -2 -1 2 1 -2 | -1 -1 -2 1 1 -2 -1 2 1 2 2 
-1 -2 -2 -1 2 1 -2 | -1 -1 -2 1 1 2 1 2 2 2 
-1 -2 -2 -1 2 1 -2 | -1 -1 -2 1 1 2 2 1 -2 -1 2 
-1 -2 -2 -1 2 1 -2 | -1 -1 -2 1 2 1 -2 -2 -1 2 
-1 -2 -2 -1 2 1 -2 | -1 -2 -1 -2 1 -2 -2 -1 2 
-1 -1 2 1 2 1 1 -2 | -1 -2 -1 -2 1 -2 -2 -1 2 
-1 -1 2 1 2 1 1 -2 | 1 -2 -1 -2 -2 -1 2 
-1 2 2 1 2 2 1 1 -2 | 1 -2 -1 -2 -2 -1 2 
-1 2 2 2 1 -2 1 -2 | 1 -2 -1 -2 -2 -1 2 
-1 2 2 2 1 -2 1 -2 | 1 -2 -1 -2 -1 2 -1 -2 -2 
-1 2 1 -2 -1 -2 -2 | 1 -2 -1 -2 -1 2 -1 -2 -2 
-1 2 1 -2 -1 -2 -2 | 1 -2 -1 2 1 2 -1 -1 -2 -2 
-1 2 1 -2 -1 -2 -2 | 1 2 1 2 2 -1 -1 -2 -2 
-1 2 1 -2 -1 -2 -2 | 1 2 2 1 -2 -1 -1 -1 -2 -2 
-1 2 1 -2 -1 -2 -2 | 2 1 -2 -2 -1 -1 -1 -2 -2 
-2 -2 -1 -1 -2 -1 -2 -2 | 2 1 -2 -2 -1 -1 -1 -2 -2 
-2 -2 -1 -1 -2 -1 -2 -2 | 2 1 2 2 1 2 -1 -2 -2 
-2 -2 -1 -1 -1 -2 1 | 2 1 2 2 1 2 -1 -2 -2 
-2 -2 -1 -1 -1 -2 1 | 2 -1 -1 -2 1 1 2 -1 -2 -2 
-2 -2 -1 2 1 -2 -1 | 2 -1 -1 -2 1 1 2 -1 -2 -2 
-2 -2 -1 2 1 -2 -1 | 2 -1 -1 -2 1 -2 -2 -1 -2 
-2 -2 -1 2 1 -2 -1 | 2 -1 -1 -2 1 -2 -1 -2 1 2 
-1 -1 -2 1 -2 -2 -1 | 2 -1 -1 -2 1 -2 -1 -2 1 2 
-1 -1 -2 1 -2 -2 -1 | 2 1 2 -1 -2 1 2 
-1 -1 -2 1 1 2 -1 -2 | 2 1 2 -1 -2 1 2 
-1 -1 -2 1 1 2 -1 -2 | 2 -1 2 1 1 1 2 
-1 -1 -2 1 1 2 -1 -2 | 2 -1 2 1 -2 1 1 2 -1 
-1 -1 -1 -2 1 -2 -2 | 2 -1 2 1 -2 1 1 2 -1 
-1 -1 -1 -2 1 -2 -2 | -2 -1 -1 -2 1 1 2 -1 
-1 2 1 -2 -1 -2 -2 | -2 -1 -1 -2 1 1 2 -1 
-1 2 1 -2 -1 -2 -2 | -2 -1 -2 -1 -2 -2 1 2 -1 
-1 2 1 -2 -1 -2 -2 | -1 -2 1 2 -1 -2 -2 1 2 -1 
-1 2 1 -2 -1 -2 -2 | -1 -2 -2 -2 -1 -2 1 2 -1 
-1 2 1 -2 -1 -2 -2 | -1 -2 -2 -2 -2 -1 -2 -1 
-1 2 1 -2 -1 -2 -2 | -1 -2 -2 1 2 -1 -2 -2 -1 
-1 2 1 -2 -1 -2 -2 | -1 -2 -2 1 2 2 -1 -2 
-1 2 1 1 -2 -2 -1 | -1 -2 -2 1 2 2 -1 -2 
-1 2 1 1 -2 -2 -1 | -1 -2 -2 -1 2 1 -2 
-1 2 1 1 -2 -2 -1 | -1 -1 -1 -2 1 2 1 -2 
2 1 -2 -1 -2 -2 -1 | -1 -1 -1 -2 1 2 1 -2 
2 1 -2 -1 -2 -2 -1 | -1 -1 -2 -1 -2 1 -2 
2 1 -2 -1 -2 -2 -1 | -1 -1 -2 -2 -1 -2 -2 -2 
2 1 -2 1 2 2 2 | -1 -1 -2 -2 -1 -2 -2 -2 
2 1 -2 1 2 2 2 | -1 -1 -2 -2 -2 1 2 
2 1 -2 1 2 2 2 | -1 -2 1 2 1 2 
1 2 1 1 2 2 2 | -1 -2 1 2 1 2 
1 1 2 1 2 1 2 2 2 | -1 -2 1 2 1 2 
1 1 2 2 1 2 2 | -1 -2 1 2 1 2 
1 1 2 -1 2 1 2 | -1 -2 1 2 1 2 
1 -2 -1 2 2 1 2 | -1 -2 1 2 1 2 
-2 1 2 2 2 1 2 | -1 -2 1 2 1 2 
-2 1 2 2 2 1 2 | 1 2 2 1 2 1 2 
-2 1 2 -1 -2 -1 | 1 2 2 1 2 1 2 
-2 1 2 -1 -2 -1 | 1 2 1 2 2 
-2 1 2 2 2 | 1 2 1 2 2 
-2 1 2 2 2 | 1 2 
2 | 1 2 
2 | 1 
21
-1 2 2 2 2 1 -2 -2 -2 -2 -2 | -1 2 2 1 2 2 -1 
-1 2 2 2 2 1 -2 -2 -2 -2 -2 | -1 -2 -2 1 2 2 2 2 2 2 2 -1 
-1 2 2 2 2 1 -2 -2 -2 -2 -2 | -1 -2 -2 1 2 2 -1 2 2 2 2 
-1 2 2 1 2 2 -1 -2 | -1 -2 -2 1 2 2 -1 2 2 2 2 
-1 2 2 1 2 2 -1 -2 | 2 2 -1 2 -1 2 2 2 2 
-2 1 -2 -2 -2 -2 1 2 2 -1 -2 | 2 2 -1 2 -1 2 2 2 2 
-2 1 -2 -2 -2 -2 1 2 2 -1 -2 | 2 2 -1 2 2 2 -1 -2 -2 1 
-2 1 -2 -2 1 -2 -2 -2 -2 | 2 2 -1 2 2 2 -1 -2 -2 1 
-2 1 -2 -2 1 -2 -2 -2 -2 | -2 -2 -2 1 2 -1 -2 -2 1 
-2 1 1 -2 -1 -2 | -2 -2 -2 1 2 -1 -2 -2 1 
-2 1 1 -2 -1 -2 | -2 -2 -2 1 2 2 -1 
-2 1 1 -2 -1 -2 | -2 1 2 -1 2 2 -1 
-2 1 2 2 -1 -2 -2 | -2 1 2 -1 2 2 -1 
1 -2 -2 1 2 -1 -2 -2 | -2 1 2 -1 2 2 -1 
1 -2 1 -2 -2 -2 -2 | -2 1 2 -1 2 2 -1 
1 2 -1 -2 1 -2 -2 -2 | -2 1 2 -1 2 2 -1 
1 2 -1 -2 1 -2 -2 -2 | 2 2 -1 2 2 2 -1 
1 2 -1 2 -1 | 2 2 -1 2 2 2 -1 
1 2 -1 2 -1 | 2 2 -1 2 
1 2 -1 2 -1 | 2 
2 -1 | 2 
-1 | 2 
33
-1 2 2 2 2 1 -2 -2 -2 -2 -2 | -1 2 2 1 2 -1 -2 
-1 2 2 1 2 1 -2 -2 -2 -2 -2 -2 | -1 2 2 1 2 -1 -2 
2 1 1 -2 -2 -2 -2 -2 -2 | -1 2 2 1 2 -1 -2 
2 1 1 -2 -2 -2 -2 -2 -2 | -1 2 2 1 -2 -2 -2 -2 1 -2 
2 1 1 -2 -2 -2 -2 -2 -2 | -1 2 2 -1 2 1 -2 
2 1 1 -2 -2 -2 -2 -2 -2 | 1 -2 -2 -2 -1 2 1 -2 
2 1 2 -1 -2 1 -2 -2 -2 | 1 -2 -2 -2 -1 2 1 -2 
2 1 2 -1 -2 1 -2 -2 -2 | 1 -2 -2 -2 -2 -2 1 
2 1 2 -1 -2 1 -2 -2 -2 | 2 1 -2 -1 -2 -2 -2 1 
-2 -2 1 1 -2 -2 -2 | 2 1 -2 -1 -2 -2 -2 1 
-2 -2 1 1 -2 -2 -2 | 2 1 -2 -1 2 2 -1 
-2 -2 1 -2 1 -2 -2 1 -2 -2 | 2 1 -2 -1 2 2 -1 
-2 -2 1 -2 1 -2 1 -2 -1 | 2 1 -2 -1 2 2 -1 
-2 1 -2 -1 2 1 -2 1 -2 -1 | 2 1 -2 -1 2 2 -1 
-2 1 -2 -2 -2 1 1 -2 -1 | 2 1 -2 -1 2 2 -1 
1 -2 -1 -2 1 1 -2 -1 | 2 1 -2 -1 2 2 -1 
1 -2 -2 -1 2 2 1 -2 -1 | 2 1 -2 -1 2 2 -1 
1 -2 -2 -1 2 1 -2 -2 | 2 1 -2 -1 2 2 -1 
1 -2 -2 -1 2 1 -2 -2 | 2 1 -2 -2 -2 -1 2 
1 -2 -2 -1 -2 1 2 | 2 1 -2 -2 -2 -1 2 
1 -2 -2 -1 -2 1 2 | -1 2 1 -2 -1 2 
1 -2 -2 -1 -1 2 1 | -1 2 1 -2 -1 2 
1 -2 -2 -1 -1 2 1 | 1 2 2 -1 -2 -1 2 
-2 -1 2 -1 2 1 | 1 2 2 -1 -2 -1 2 
-2 -1 2 2 1 -2 -2 | 1 2 2 -1 -2 -1 2 
-2 -1 2 2 1 -2 -2 | 1 -2 -1 2 -1 2 
-2 -1 2 1 -2 1 -2 | 1 -2 -1 2 -1 2 
-2 -2 1 1 -2 | 1 -2 -1 2 -1 2 
-2 -2 1 -2 1 -2 1 | 1 -2 -1 2 -1 2 
-2 1 -2 -2 1 | 1 -2 -1 2 -1 2 
-2 1 -2 -2 1 | 1 -2 -2 
-2 1 | 1 -2 -2 
-2 1 | -2 
1 | -2 
36
-1 2 2 2 2 1 -2 -2 -2 -2 -2 | -1 2 2 1 -2 -1 2 
-1 2 2 1 -2 1 -2 -2 -2 -2 | -1 2 2 1 -2 -1 2 
-2 1 1 -2 -2 -2 -2 | -1 2 2 1 -2 -1 2 
-2 1 1 -2 -2 -2 -2 | -1 2 2 -1 2 2 2 2 -1 2 
-2 1 2 -1 2 2 -1 | -1 2 2 -1 2 2 2 2 -1 2 
-2 1 2 -1 2 2 -1 | -1 2 -1 2 1 2 2 -1 2 
-2 1 2 -1 2 2 -1 | -1 2 -1 2 1 2 -1 2 1 -2 
-2 1 2 -1 2 2 -1 | -1 2 -1 2 2 1 -2 1 -2 
-1 2 2 1 2 -1 | -1 2 -1 2 2 1 -2 1 -2 
-1 2 2 1 2 -1 | -1 2 1 -2 -2 1 -2 
-1 2 2 2 1 -2 -2 | -1 2 1 -2 -2 1 -2 
-1 2 2 2 1 -2 -2 | -1 -2 -2 1 1 -2 
1 -2 -1 2 1 -2 -2 | -1 -2 -2 1 1 -2 
1 -2 -1 2 1 -2 -2 | -1 -1 -2 1 2 1 -2 
1 1 -2 -1 -2 -2 | -1 -1 -2 1 2 1 -2 
-2 1 2 1 -2 -2 -1 -2 -2 | -1 -1 -2 1 2 1 -2 
-2 1 2 1 -2 -2 -1 -2 -2 | -1 -1 2 2 1 2 
-2 1 2 1 -2 -1 -1 | -1 -1 2 2 1 2 
-2 1 2 -1 2 2 -1 | -1 -1 2 2 1 2 
-2 -2 -2 1 2 2 -1 | -1 -1 2 2 1 2 
-2 -2 -2 1 2 2 -1 | -1 2 2 -1 -2 1 2 
-2 -2 1 -2 -2 1 2 -1 | -1 2 2 -1 -2 1 2 
-2 -2 1 -2 -2 1 2 -1 | 2 -1 -2 -2 -2 1 2 
-2 -2 1 2 1 -2 -1 | 2 -1 -2 -2 -2 1 2 
-2 -2 1 2 1 -2 -1 | 2 -1 -2 1 2 -1 
-2 -2 1 2 2 -1 -2 | 2 -1 -2 1 2 -1 
-2 1 -2 1 2 -1 -2 | 2 -1 -2 1 2 -1 
-2 1 1 -2 -2 | 2 -1 -2 1 2 -1 
-2 1 2 -1 -2 1 -2 | 2 -1 -2 1 2 -1 
1 -2 -2 1 -2 | 2 -1 -2 1 2 -1 
1 -2 -1 -2 1 | 2 -1 -2 1 2 -1 
1 -2 -1 -2 1 | 2 -1 -2 -2 1 
-2 -2 -2 1 | 2 -1 -2 -2 1 
-2 -2 -2 1 | 2 -1 2 
-2 | 2 -1 2 
-2 | -1 2 
-2 | -1 
14
-1 2 2 2 2 1 -2 -2 -2 -2 -2 | -1 2 2 1 -2 -1 -2 
-1 2 2 1 2 1 -2 -2 -2 -2 | -1 2 2 1 -2 -1 -2 
2 1 2 2 1 -2 -2 -2 -2 | -1 2 2 1 -2 -1 -2 
2 1 2 2 1 -2 -2 -2 -2 | -1 -1 2 2 -1 -2 
2 1 2 -1 -1 -2 -2 | -1 -1 2 2 -1 -2 
2 -1 2 2 -1 -1 -1 -2 -2 | -1 -1 2 2 -1 -2 
2 -1 2 2 -1 -1 -1 -2 -2 | -1 2 1 1 -2 
2 -1 2 -1 2 -1 -2 -2 | -1 2 1 1 -2 
2 2 -1 -1 -1 2 -1 -2 -2 | -1 2 1 1 -2 
2 2 -1 -1 -1 2 -1 -2 -2 | -1 2 -1 -1 
2 2 -1 -2 -2 | -1 2 -1 -1 
2 2 -1 -2 -2 | -1 2 -1 
2 1 -2 -2 | -1 2 -1 
2 1 -2 -2 | -1 
-2 | -1 
10
-1 2 2 2 2 1 -2 -2 -2 -2 -2 | -1 2 2 1 -2 -2 -1 
-1 2 2 1 1 -2 -2 -2 | -1 2 2 1 -2 -2 -1 
1 2 2 1 -2 -2 -2 | -1 2 2 1 -2 -2 -1 
1 1 1 -2 | -1 2 2 1 -2 -2 -1 
1 1 1 -2 | -1 2 2 -1 -1 -2 -1 
1 1 1 -2 | -1 2 1 -2 -1 
1 1 1 -2 | -1 2 -1 -1 -1 
1 1 1 -2 | -1 
1 1 -2 | -1 
1 -2 | -1 
-2 | -1 
7
-1 2 2 2 2 1 -2 -2 -2 -2 -2 | -1 2 2 2 2 2 2 
-1 2 2 2 2 2 | -1 2 2 2 2 2 2 
-1 2 2 2 2 2 | 2 
-1 2 2 2 2 | 2 
-1 2 2 2 | 2 
-1 2 2 | 2 
-1 2 | 2 
-1 | 2 
67
-1 2 2 2 2 1 -2 -2 -2 -2 -2 | -1 2 2 -1 -2 1 2 
-1 2 2 2 1 2 -1 -2 -2 -2 | -1 2 2 -1 -2 1 2 
-1 2 2 2 1 -2 1 -2 -1 -2 -2 | -1 2 2 -1 -2 1 2 
-1 2 2 1 2 -1 2 1 -2 -1 -2 -2 | -1 2 2 -1 -2 1 2 
-1 2 2 1 2 2 -1 2 -1 -2 -2 | -1 2 2 -1 -2 1 2 
-1 2 2 1 1 -2 -1 2 2 -1 -2 -2 | -1 2 2 -1 -2 1 2 
-1 2 2 1 1 -2 -2 -1 -2 | -1 2 2 -1 -2 1 2 
-1 2 2 1 1 -2 -2 -1 -2 | -1 2 2 -1 2 1 1 -2 -2 -1 
-1 2 1 -2 -2 1 -2 | -1 2 2 -1 2 1 1 -2 -2 -1 
-1 2 1 -2 -2 1 -2 | -1 2 2 -1 2 1 -2 1 2 -1 -1 
-1 2 1 -2 -2 1 -2 | -1 2 2 2 -1 2 1 2 -1 -1 
-1 2 1 -2 -2 1 -2 | -1 2 2 2 2 -1 2 2 2 -1 -1 
-1 2 1 -2 -2 1 -2 | -1 2 2 2 2 -1 2 1 -2 -1 2 -1 
-1 2 1 -2 -2 1 -2 | -1 2 2 2 2 2 -1 2 -1 2 -1 
-1 2 1 -2 -2 1 -2 | -1 2 2 2 1 -2 -1 2 2 -1 2 -1 
-1 2 1 -2 -2 1 -2 | -1 2 2 2 1 -2 -2 -1 2 2 -1 
-1 2 1 -2 -2 1 -2 | -1 2 2 1 2 -1 -1 2 2 -1 
-1 2 1 -2 -2 1 -2 | -1 2 2 1 2 -1 -2 -1 2 
-1 2 1 -2 -2 1 -2 | -1 2 2 1 -2 1 -2 -1 -1 2 
-1 2 1 -2 -2 1 -2 | -1 2 1 2 -1 2 1 -2 -1 -1 2 
-1 2 1 -2 -2 1 -2 | -1 2 1 2 2 -1 2 -1 -1 2 
-1 2 1 -2 -2 1 -2 | -1 2 1 1 -2 -1 2 2 -1 -1 2 
-1 2 1 -2 -2 1 -2 | -1 2 1 1 -2 -2 -1 2 -1 2 
-1 2 1 -2 -2 1 -2 | -1 2 1 -2 1 2 -1 -1 2 -1 2 
-1 2 1 -2 -2 1 -2 | 2 -1 2 1 2 -1 -1 2 -1 2 
-1 2 2 1 2 -1 -1 | 2 -1 2 1 2 -1 -1 2 -1 2 
-1 2 2 1 2 -1 -1 | 2 -1 -2 1 2 -1 2 
-1 2 1 2 -1 2 2 2 -1 -1 | 2 -1 -2 1 2 -1 2 
-1 2 1 2 -1 2 1 -2 -1 2 -1 | 2 -1 -2 1 2 -1 2 
-1 2 1 2 2 -1 2 -1 2 -1 | 2 -1 -2 1 2 -1 2 
-1 2 1 1 -2 -1 2 2 -1 2 -1 | 2 -1 -2 1 2 -1 2 
-1 2 1 1 -2 -2 -1 2 2 -1 | 2 -1 -2 1 2 -1 2 
-1 2 1 1 -2 -2 -2 -1 2 | 2 -1 -2 1 2 -1 2 
-1 2 1 -2 1 2 -1 -2 -1 2 | 2 -1 -2 1 2 -1 2 
2 -1 2 1 2 -1 -2 -1 2 | 2 -1 -2 1 2 -1 2 
2 -1 2 1 -2 1 -2 -1 -1 2 | 2 -1 -2 1 2 -1 2 
2 2 -1 2 1 -2 -1 -1 2 | 2 -1 -2 1 2 -1 2 
2 2 2 -1 2 -1 -1 2 | 2 -1 -2 1 2 -1 2 
2 1 -2 -1 2 2 -1 -1 2 | 2 -1 -2 1 2 -1 2 
2 1 -2 -2 -1 2 -1 2 | 2 -1 -2 1 2 -1 2 
1 2 -1 -1 2 -1 2 | 2 -1 -2 1 2 -1 2 
1 2 -1 -1 2 -1 2 | 2 2 -1 -1 2 2 -1 2 
1 -2 -2 1 -2 -1 2 | 2 2 -1 -1 2 2 -1 2 
1 -2 -2 1 -2 -1 2 | 2 2 -1 -2 -1 2 2 
1 -2 -2 1 -2 -1 2 | 1 -2 -1 -1 2 2 
1 -2 -2 -2 -2 1 2 | 1 -2 -1 -1 2 2 
1 -2 -2 -2 -2 1 2 | 1 -2 -1 2 1 -2 -2 
1 -2 -2 -2 -2 1 2 | 1 1 -2 -2 -2 1 -2 -2 
1 -2 -2 -2 -2 1 2 | 1 1 2 -1 -2 -2 -2 
1 -2 1 -2 -1 2 | 1 1 2 -1 -2 -2 -2 
1 -2 1 -2 -1 2 | 1 2 1 -2 -2 -2 -2 
1 -2 1 1 -2 -2 -2 | 1 2 1 -2 -2 -2 -2 
1 -2 1 1 -2 -2 -2 | 1 2 -1 2 -1 -2 
1 -2 1 2 -1 -2 1 -2 -2 | 1 2 -1 2 -1 -2 
1 1 -2 -2 1 -2 -2 | 1 2 -1 2 -1 -2 
1 1 -2 -1 -2 1 -2 | 1 2 -1 2 -1 -2 
1 1 -2 -1 -1 -2 1 | 1 2 -1 2 -1 -2 
1 1 -2 -1 -1 -2 1 | -1 -2 1 1 2 -1 -2 
1 1 -2 -1 -1 -2 1 | -1 -2 -2 1 1 -2 
2 2 -1 -2 1 | -1 -2 -2 1 1 -2 
2 2 -1 -2 1 | -2 -2 -1 -2 1 1 -2 
2 2 -1 -2 1 | -2 -2 -2 -2 1 -2 
-2 -2 -2 -2 1 | -2 -2 -2 -2 1 -2 
-2 -2 -2 -2 1 | -2 
-2 -2 -2 1 | -2 
-2 -2 1 | -2 
-2 1 | -2 
1 | -2 
17
-1 2 2 2 2 1 -2 -2 -2 -2 -2 | -1 2 -1 -2 -2 1 2 
-1 2 2 1 2 -1 -2 -2 -2 -2 | -1 2 -1 -2 -2 1 2 
-1 2 2 1 1 -2 -1 -2 -2 | -1 2 -1 -2 -2 1 2 
-1 2 2 1 1 -2 -1 -2 -2 | -1 2 1 -2 -1 -2 
-1 2 2 1 -2 1 -2 | -1 2 1 -2 -1 -2 
-1 2 1 2 1 1 -2 | -1 2 1 -2 -1 -2 
2 1 2 2 1 1 -2 | -1 2 1 -2 -1 -2 
2 1 2 2 1 1 -2 | -1 -2 -1 -1 -2 -1 -2 
2 1 2 2 1 1 -2 | -1 -2 1 2 -1 -2 
1 2 -1 2 1 1 -2 | -1 -2 1 2 -1 -2 
1 2 -1 2 1 1 -2 | -1 -1 -1 -2 -2 
1 2 -1 -2 -1 -2 | -1 -1 -1 -2 -2 
1 2 -1 -2 -1 -2 | -1 -1 -2 -1 2 1 -2 
-1 -2 -1 -1 -2 | -1 -1 -2 -1 2 1 -2 
-1 -2 -1 -1 -2 | 2 2 1 -2 
-1 -2 -1 | 2 2 1 -2 
-1 | 2 2 1 -2 
-1 | 2 
33
-1 2 2 2 2 1 -2 -2 -2 -2 -2 | -1 2 -1 -2 -2 1 -2 
-1 2 2 1 -2 -1 -2 -2 -2 -2 | -1 2 -1 -2 -2 1 -2 
-2 -1 -1 -2 -2 -2 -2 | -1 2 -1 -2 -2 1 -2 
-2 -1 -1 -2 -2 -2 -2 | -1 2 1 2 2 2 1 -2 
-2 -1 -1 -2 -2 -2 -2 | -1 2 1 -2 -2 -1 -2 
-2 -1 -1 -2 -2 -2 -2 | -1 -2 -2 -2 -2 -1 -2 -2 -1 -2 
-2 -1 -1 -2 -2 -2 -2 | 1 2 -1 -2 -2 -1 -2 
-2 -1 -1 -2 -2 -2 -2 | 1 2 -1 2 2 1 1 2 -1 -2 
-1 -2 1 2 -1 -2 -2 | 1 2 -1 2 2 1 1 2 -1 -2 
-1 -2 1 2 -1 -2 -2 | 1 2 -1 2 2 1 2 1 2 
-1 -2 1 2 -1 -2 -2 | 1 2 -1 2 1 2 -1 -2 1 2 
-1 -2 1 2 -1 -2 -2 | 1 2 -1 2 1 2 2 2 1 
-1 -2 1 2 -1 -2 -2 | 1 2 2 -1 2 1 
1 2 2 2 -1 -2 -2 | 1 2 2 -1 2 1 
1 2 2 2 -1 -2 -2 | 1 -2 -1 2 2 2 1 
1 2 2 2 -1 -2 -2 | 1 -2 -1 2 1 2 2 2 
-2 1 2 -1 -1 -2 -2 | 1 -2 -1 2 1 2 2 2 
-2 1 2 -1 -1 -2 -2 | -1 -2 -2 1 2 2 2 
-2 1 2 -1 -1 -2 -2 | -1 2 1 1 2 2 
-2 1 2 2 2 -1 -2 | -1 2 1 1 2 2 
-2 -1 -2 1 2 -1 -2 | -1 2 1 1 2 2 
-2 -1 -2 1 2 -1 -2 | 2 -1 -2 -2 1 2 2 
-2 -1 -2 1 2 -1 -2 | 2 -1 -2 1 2 2 1 2 
-2 -1 -2 1 2 -1 -2 | 2 2 2 1 2 1 2 
-2 -1 -2 1 2 -1 -2 | 2 2 1 2 -1 -2 1 2 
-2 -1 -2 1 2 -1 -2 | 2 2 1 2 2 2 1 
-2 -1 -2 1 2 -1 -2 | 2 1 2 -1 2 1 
1 2 2 -1 -2 | 2 1 2 -1 2 1 
1 2 2 -1 -2 | 2 1 2 2 2 
-2 -2 -1 -2 | 2 1 2 2 2 
-2 -2 -1 -2 | 2 
-2 -2 -1 | 2 
-2 -1 | 2 
-1 | 2 
10
-1 2 2 2 2 1 -2 -2 -2 -2 -2 | -1 -1 -2 -2 1 2 2 
-1 2 2 1 2 2 -1 -2 -2 -2 -2 -2 | -1 -1 -2 -2 1 2 2 
2 2 -1 2 2 -1 -2 -2 -2 -2 -2 | -1 -1 -2 -2 1 2 2 
2 2 -1 2 2 -1 -2 -2 -2 -2 -2 | -1 -1 -1 -2 
2 2 -1 2 2 1 1 -2 -2 -2 -2 | -1 -1 -1 -2 
2 2 -1 2 -1 -2 -2 -2 -2 | -1 -1 -1 -2 
2 2 -1 2 1 1 -2 -2 -2 | -1 -1 -1 -2 
2 2 -1 -1 -2 -2 -2 | -1 -1 -1 -2 
2 2 -1 -1 -2 -2 -2 | -1 
2 2 -1 -2 -2 -2 | -1 
-2 | -1 
35
-1 2 2 2 2 1 -2 -2 -2 -2 -2 | -1 -1 -2 -2 1 -2 -2 
-2 -2 -1 -1 2 2 1 -2 -2 -2 -2 -2 | -1 -1 -2 -2 1 -2 -2 
-2 -2 -1 -2 -2 -1 -2 -2 -2 -2 -2 | -1 -1 -2 -2 1 -2 -2 
-2 -2 1 2 2 -1 -1 -2 -2 -2 -2 -2 | -1 -1 -2 -2 1 -2 -2 
-2 -2 1 2 2 -1 -1 -2 -2 -2 -2 -2 | -2 -2 -1 2 2 2 2 2 1 -2 -2 
-2 -2 1 2 2 -1 -2 -2 -2 -2 -1 | -2 -2 -1 2 2 2 2 2 1 -2 -2 
-2 -2 1 2 2 -1 -2 -2 -2 -2 -1 | -2 -2 -1 2 -1 -2 -2 1 
-2 -1 -2 -2 -2 -2 -2 -2 -1 | -2 -2 -1 2 -1 -2 -2 1 
-2 -1 -2 -2 -2 -2 -2 -2 -1 | -2 -2 -1 2 2 1 2 2 2 2 1 
-2 -2 -2 -1 2 2 1 -2 -2 -1 | -2 -2 -1 2 2 1 2 2 2 2 1 
-2 -2 -2 -1 -2 -2 -1 -2 -2 | -2 -2 -1 2 2 1 2 2 2 2 1 
-2 -2 -2 -1 -2 -2 -1 -2 -2 | -2 -2 -1 -1 -2 1 
-2 -2 -2 -1 -1 2 1 -2 -2 | -2 -2 -1 -1 -2 1 
-2 -1 2 2 1 -2 -2 | -2 -2 -1 -1 -2 1 
-2 -1 2 2 1 -2 -2 | 2 -1 -2 -2 -1 -2 1 
-1 -2 -2 -1 2 1 -2 -2 | 2 -1 -2 -2 -1 -2 1 
-1 -2 -1 -2 -2 -2 -2 | 2 -1 -2 -2 -1 -2 1 
-1 -2 -1 -2 -2 -2 -2 | 2 -1 -2 1 2 2 2 1 
-1 -1 -2 1 -2 | 2 -1 -2 1 2 2 2 1 
-1 -1 -2 1 -2 | 2 1 2 2 2 2 1 
-1 -1 -2 1 -2 | 1 -2 -1 2 2 2 2 1 
-2 -1 2 2 2 1 -2 | 1 -2 -1 2 2 2 2 1 
-2 -1 2 2 2 1 -2 | 1 -2 -1 2 1 2 2 
-2 -1 2 -1 -2 1 | 1 -2 -1 2 1 2 2 
-2 -1 2 -1 -2 1 | 2 1 1 2 2 
-2 -1 2 1 2 2 1 | 2 1 1 2 2 
-2 -1 2 1 -2 -1 | 2 1 1 2 2 
-2 -1 2 1 -2 -1 | 1 2 1 2 1 2 2 
-2 -1 2 1 -2 -1 | 1 2 2 1 2 
-2 -1 2 1 -2 -1 | 1 2 -1 2 1 
-2 -1 2 2 1 | 1 2 -1 2 1 
-2 -1 2 2 1 | 2 2 2 1 
-2 -1 -2 | 2 2 2 1 
-2 -1 -2 | 2 
-2 -1 | 2 
-1 | 2 
38
-1 2 2 2 2 1 -2 -2 -2 -2 -2 | -1 -2 -1 -2 -2 1 2 
-1 2 2 1 2 -1 -2 -2 -2 -2 -2 -2 | -1 -2 -1 -2 -2 1 2 
2 -1 -1 -2 -2 -2 -2 -2 -2 | -1 -2 -1 -2 -2 1 2 
2 -1 2 1 -2 -1 -2 -2 -2 -2 | -1 -2 -1 -2 -2 1 2 
2 -1 2 1 1 -2 -1 -2 -2 | -1 -2 -1 -2 -2 1 2 
2 -1 2 1 1 -2 -1 -2 -2 | -1 -1 -1 -2 1 -2 1 2 
1 2 -1 -2 -1 -2 -2 | -1 -1 -1 -2 1 -2 1 2 
1 2 -1 -2 -1 -2 -2 | -1 -1 -1 -2 1 2 1 2 1 
-2 -1 2 1 -2 -1 -2 -2 | -1 -1 -1 -2 1 2 1 2 1 
-2 -1 2 1 -2 -1 -2 -2 | -1 -1 -2 -1 -2 -2 1 2 1 
-2 -1 -1 -2 -2 -2 -2 | -1 -1 -2 -1 -2 -2 1 2 1 
-2 -1 -1 -2 -2 -2 -2 | 2 2 2 2 -1 -2 -2 1 2 1 
-2 -1 -1 -2 -2 -2 -2 | -2 -1 -1 -1 -2 -2 1 2 1 
-2 -1 -1 -2 -2 -2 -2 | -2 -1 2 2 2 1 2 1 
-2 -1 -1 -2 -2 -2 -2 | -2 -1 -2 -2 -1 2 1 
-2 -1 -2 -1 -2 -2 -1 -2 -2 -2 | -2 -1 -2 -2 -1 2 1 
-2 -1 -2 -1 -2 -1 -2 1 -2 | -2 -1 -2 -2 -1 2 1 
-1 -2 1 2 -1 -2 -1 -2 1 -2 | -2 -1 -2 -2 -1 2 1 
-1 -2 -2 -2 -1 -1 -2 1 -2 | -2 -1 -2 -2 -1 2 1 
-1 -2 -2 -2 -1 -1 -2 1 -2 | -1 2 1 1 2 -1 2 1 
-1 -2 -2 -1 2 1 -2 | -1 2 1 1 2 -1 2 1 
-1 -2 -2 -1 2 1 -2 | -1 2 1 -2 -2 -1 2 2 1 
-1 -2 -2 -1 2 1 -2 | 2 2 1 -2 -1 2 2 1 
-2 -1 2 2 2 1 -2 | 2 2 1 -2 -1 2 2 1 
-2 -1 2 2 2 1 -2 | -2 1 2 -1 2 2 1 
-2 -1 2 1 -2 -1 | -2 1 2 -1 2 2 1 
-2 -1 2 1 -2 -1 | 1 -2 -1 -1 2 2 1 
-2 -1 2 -1 -2 -2 1 | 1 -2 -1 -1 2 2 1 
-2 -1 2 -1 -2 -2 1 | 1 -2 -1 -2 -1 2 
-2 -1 2 -1 -2 -2 1 | 2 2 1 -2 -2 -1 2 
-2 -1 -2 -1 2 1 | 2 2 1 -2 -2 -1 2 
-2 -1 -2 -1 2 1 | 2 1 2 1 -2 -1 2 
-2 -1 -2 -1 2 1 | 2 1 1 2 2 
-2 -1 -2 -1 2 1 | 1 2 1 2 1 2 2 
-2 -1 -2 -1 2 1 | 1 2 2 1 2 
2 2 1 | 1 2 2 1 2 
2 2 1 | 1 2 
2 | 1 2 
2 | 1 
8
-1 2 2 2 2 1 -2 -2 -2 -2 -2 | -1 -2 -2 -2 -2 -2 -2 
-1 -2 -2 -2 -2 -2 -2 -2 | -1 -2 -2 -2 -2 -2 -2 
-2 | -1 -2 -2 -2 -2 -2 -2 
-2 | -1 -2 -2 -2 -2 -2 
-2 | -1 -2 -2 -2 -2 
-2 | -1 -2 -2 -2 
-2 | -1 -2 -2 
-2 | -1 -2 
-2 | -1 
42
-1 2 2 2 2 1 -2 -2 -2 -2 -2 | -1 2 2 1 2 2 2 -1 
-1 2 2 2 2 1 -2 -2 -2 -2 -2 | -1 2 2 1 -2 -2 -1 2 2 2 2 
-1 2 2 1 -2 -2 -2 -2 1 -2 -2 -2 | -1 2 2 1 -2 -2 -1 2 2 2 2 
-2 -2 -2 -2 1 -2 -2 1 -2 -2 -2 | -1 2 2 1 -2 -2 -1 2 2 2 2 
-2 -2 1 -2 -2 -1 2 2 1 -2 -2 -2 | -1 2 2 1 -2 -2 -1 2 2 2 2 
-2 -2 1 -2 -2 -2 -2 -2 -2 1 -2 | -1 2 2 1 -2 -2 -1 2 2 2 2 
1 -2 -2 -1 -2 -2 1 -2 | -1 2 2 1 -2 -2 -1 2 2 2 2 
1 -2 -2 -2 -2 -1 2 2 2 | -1 2 2 1 -2 -2 -1 2 2 2 2 
1 -2 -2 -2 -2 -1 2 2 2 | -1 2 2 1 2 2 -1 2 
1 -2 -2 -2 -2 -2 1 -2 -2 -1 2 | -1 2 2 1 2 2 -1 2 
1 -2 -2 -2 -2 -2 1 -2 -2 -1 2 | -1 2 2 2 1 -2 -2 -2 -2 
-2 -2 -2 1 -2 1 -2 -2 -1 2 | -1 2 2 2 1 -2 -2 -2 -2 
-2 -2 -2 1 -2 1 2 2 -1 -2 -2 | -1 2 2 2 1 -2 -2 -2 -2 
-2 -2 -2 1 -2 1 2 2 -1 -2 -2 | -1 -2 -2 1 -2 1 -2 -2 
-2 -2 -2 1 -2 -2 -2 1 -2 -2 -2 | -1 -2 -2 1 -2 1 -2 -2 
-2 -2 -2 1 -2 -2 -1 2 2 1 -2 | -1 -2 -2 1 -2 1 -2 -2 
-2 -2 -1 2 2 2 2 1 -2 | -1 -2 -2 1 -2 1 -2 -2 
-2 -2 -1 2 2 2 2 1 -2 | -1 2 2 1 -2 -2 -2 -2 1 -2 -2 
-2 -2 -1 2 2 2 2 1 -2 | -1 2 2 1 1 -2 -2 -2 -2 -2 
2 2 2 -1 -1 2 2 1 -2 | -1 2 2 1 1 -2 -2 -2 -2 -2 
2 2 2 -1 -1 2 2 1 -2 | 1 -2 -2 1 -2 -2 -2 -2 -2 
-2 -2 1 -2 -2 -1 2 2 1 -2 | 1 -2 -2 1 -2 -2 -2 -2 -2 
-1 2 2 2 -1 2 2 1 -2 | 1 -2 -2 1 -2 -2 -2 -2 -2 
-1 2 2 2 -1 2 2 1 -2 | 1 1 -2 -1 -2 -2 
-1 2 2 2 1 -2 -2 | 1 1 -2 -1 -2 -2 
-1 2 2 2 1 -2 -2 | 1 1 -2 -2 -2 -1 2 
-1 2 2 2 1 -2 -2 | 1 -2 -2 -2 1 -2 -1 2 
-2 -1 2 1 1 -2 -2 | 1 -2 -2 -2 1 -2 -1 2 
-2 -1 2 1 1 -2 -2 | -1 -2 1 1 -2 -1 2 
-2 1 -2 -1 2 1 -2 -2 | -1 -2 1 1 -2 -1 2 
-2 1 -2 -1 2 1 -2 -2 | -1 -2 1 2 2 2 -1 
-2 1 2 2 -1 -2 -2 | -1 -2 1 2 2 2 -1 
-2 1 2 2 -1 -2 -2 | -1 2 2 1 2 -1 
-2 1 2 2 -1 -2 -2 | 2 2 -1 -2 1 2 -1 
1 -2 -2 1 2 -1 -2 -2 | 2 2 -1 -2 1 2 -1 
1 -2 1 -2 -2 -2 -2 | 2 2 -1 -2 1 2 -1 
1 2 -1 -2 1 -2 -2 -2 | 2 2 -1 -2 1 2 -1 
1 2 -1 -2 1 -2 -2 -2 | 2 2 -1 2 2 -1 2 
1 2 -1 2 -1 | 2 2 -1 2 2 -1 2 
1 2 -1 2 -1 | 2 2 -1 2 
1 2 -1 2 -1 | 2 
2 -1 | 2 
-1 | 2 
20
-1 2 2 2 2 1 -2 -2 -2 -2 -2 | -1 2 2 1 2 2 -1 -2 
-1 2 2 2 2 1 -2 -2 -2 -2 -2 | -1 2 2 1 -2 -2 -2 -1 2 2 2 
-1 2 2 1 -2 -2 -2 1 -2 -2 | -1 2 2 1 -2 -2 -2 -1 2 2 2 
-1 2 2 1 -2 -2 -2 1 -2 -2 | 2 2 -1 -1 2 2 2 
-1 2 2 -1 2 2 1 -2 -2 | 2 2 -1 -1 2 2 2 
-1 2 2 -1 2 2 1 -2 -2 | -1 2 2 -1 2 2 -1 2 2 2 
-1 2 2 -1 2 2 1 -2 -2 | -1 2 2 2 2 -1 2 
-1 2 1 -2 -2 1 -2 -2 | -1 2 2 2 2 -1 2 
-1 2 1 -2 -2 1 -2 -2 | -1 2 2 -1 2 1 -2 
-1 2 1 -2 -2 1 -2 -2 | -2 -2 -1 2 2 1 -2 
-1 -2 1 2 1 -2 -2 | -2 -2 -1 2 2 1 -2 
-1 -2 1 -2 1 2 | -2 -2 -1 2 2 1 -2 
-1 -2 1 -2 1 2 | -2 -2 -1 2 1 -2 1 
-1 -2 1 -2 1 2 | -2 -2 -2 1 1 
-1 -2 1 -2 1 2 | -2 -2 1 -2 -1 2 1 
-1 -2 1 -2 1 2 | -2 -2 1 -2 -2 1 2 
-1 2 2 | -2 -2 1 -2 -2 1 2 
-1 2 2 | -2 -2 1 2 
-1 2 2 | 2 
-1 2 | 2 
-1 | 2 
22
-1 2 2 2 2 1 -2 -2 -2 -2 -2 | -1 2 2 1 2 -1 -2 -2 
-1 2 2 -1 2 2 1 -2 -2 -2 -2 | -1 2 2 1 2 -1 -2 -2 
-1 2 2 -1 -1 2 2 1 -2 -2 -2 | -1 2 2 1 2 -1 -2 -2 
-1 2 2 -1 -1 -1 2 2 1 -2 -2 | -1 2 2 1 2 -1 -2 -2 
-1 2 2 -1 -1 -1 -1 2 2 1 -2 | -1 2 2 1 2 -1 -2 -2 
-1 2 2 -1 -1 -1 -1 2 2 1 -2 | -1 2 2 2 2 -1 -1 -1 -1 
-1 2 2 1 -2 -2 1 -2 | -1 2 2 2 2 -1 -1 -1 -1 
-1 2 2 1 -2 -2 1 -2 | -1 2 2 1 -2 -1 2 2 -1 -1 -1 
-1 2 2 1 -2 -2 1 -2 | 2 -1 2 -1 2 2 -1 -1 -1 
-1 2 2 1 -2 -2 1 -2 | 2 -1 -1 2 2 -1 -1 
-1 2 2 1 -2 -2 1 -2 | 2 -1 -2 -1 2 2 -1 
-1 2 2 1 -2 -2 1 -2 | 2 -1 -2 -2 -1 2 2 
-1 -1 2 1 -2 | 2 -1 -2 -2 -1 2 2 
-1 -1 2 1 -2 | -1 -1 -2 -1 2 2 
-1 -1 2 1 -2 | -1 -2 -1 -1 -1 2 2 
-1 -1 2 1 -2 | -1 -2 -1 2 -1 2 
-1 -1 -1 2 -1 | -1 -2 -1 2 -1 2 
-1 -1 -1 2 -1 | -1 -2 1 1 2 
-1 -1 -1 2 -1 | -1 -1 -1 2 
-1 | -1 -1 -1 2 
-1 | -1 -1 2 
-1 | -1 2 
-1 | 2 
18
-1 2 2 2 2 1 -2 -2 -2 -2 -2 | -1 2 2 1 -2 -1 -2 -2 
-1 2 2 1 2 2 1 -2 -2 -2 -2 | -1 2 2 1 -2 -1 -2 -2 
2 2 1 2 2 2 1 -2 -2 -2 -2 | -1 2 2 1 -2 -1 -2 -2 
2 2 1 2 2 2 1 -2 -2 -2 -2 | -1 -2 -1 2 -1 -2 -2 
2 -1 2 -1 2 1 -2 -2 -2 -2 | -1 -2 -1 2 -1 -2 -2 
2 -1 2 -1 2 1 -2 -2 -2 -2 | -1 2 2 -1 -2 -2 -2 
2 -1 2 -1 -2 -2 -1 -2 -2 | -1 2 2 -1 -2 -2 -2 
2 -1 -2 1 2 -1 -2 -2 | -1 2 2 -1 -2 -2 -2 
2 -1 -2 1 -2 1 2 | -1 2 2 -1 -2 -2 -2 
2 -1 -2 1 -2 1 2 | -1 -1 2 -1 -2 -2 
1 1 2 1 -2 1 2 | -1 -1 2 -1 -2 -2 
1 1 2 1 -2 1 2 | -1 2 1 1 -2 
1 1 2 1 1 1 | -1 2 1 1 -2 
1 1 1 2 1 | -1 2 1 1 -2 
1 1 1 2 1 | -1 -1 -1 -2 
1 | -1 -1 -1 -2 
1 | -1 -1 -2 
1 | -1 -2 
1 | -2 
11
-1 2 2 2 2 1 -2 -2 -2 -2 -2 | -1 2 2 1 -2 -2 -1 2 
-1 2 2 1 -2 1 -2 -2 -2 | -1 2 2 1 -2 -2 -1 2 
-2 1 2 1 -2 -2 -2 | -1 2 2 1 -2 -2 -1 2 
-2 1 2 1 -2 -2 -2 | -1 2 -1 2 2 -1 2 
-2 1 2 2 -1 2 -1 -2 | -1 2 -1 2 2 -1 2 
-2 1 1 -2 -2 | -1 2 -1 2 2 -1 2 
-2 1 2 -1 2 -1 | -1 2 -1 2 2 -1 2 
-2 1 -2 1 -2 | -1 2 -1 2 2 -1 2 
-2 1 -2 1 -2 | -1 2 
-2 1 -2 | -1 2 
-2 | -1 2 
-2 | -1 
11
-1 2 2 2 2 1 -2 -2 -2 -2 -2 | -1 2 2 1 -2 -2 -1 -2 
-1 2 2 1 2 1 -2 -2 -2 | -1 2 2 1 -2 -2 -1 -2 
-1 2 2 1 -2 1 2 1 -2 | -1 2 2 1 -2 -2 -1 -2 
2 1 2 1 2 1 -2 | -1 2 2 1 -2 -2 -1 -2 
2 1 2 1 2 1 -2 | -1 2 2 1 -2 1 1 
2 1 2 1 -2 -1 | -1 2 2 1 -2 1 1 
2 1 -2 -1 -1 | -1 2 2 1 -2 1 1 
2 1 -2 -1 -1 | -1 2 1 1 1 1 
2 1 1 | -1 2 1 1 1 1 
2 1 1 | 1 
2 1 | 1 
2 | 1 
11
-1 2 2 2 2 1 -2 -2 -2 -2 -2 | -1 2 2 1 -2 -2 -2 -1 
-1 2 2 1 1 -2 -2 | -1 2 2 1 -2 -2 -2 -1 
1 2 2 2 1 -2 -2 | -1 2 2 1 -2 -2 -2 -1 
1 2 2 2 1 -2 -2 | -1 -2 -1 -2 -1 
-1 -2 -1 2 2 1 -2 -2 | -1 -2 -1 -2 -1 
2 1 2 2 1 -2 -2 | -1 -2 -1 -2 -1 
-1 -1 2 1 -2 -2 | -1 -2 -1 -2 -1 
-1 -1 -1 -2 -1 -2 -2 | -1 -2 -1 -2 -1 
-1 -2 | -1 -2 -1 -2 -1 
-1 -2 | -1 -2 -1 
-1 -2 | -1 
-2 | -1 
9
-1 2 2 2 2 1 -2 -2 -2 -2 -2 | -1 2 2 2 2 1 2 -1 
1 -2 -2 -2 -2 -2 -2 | -1 2 2 2 2 1 2 -1 
1 -2 -2 -2 -2 -2 -2 | -2 -2 1 2 -1 
1 -2 -2 -2 -2 -2 -2 | 2 2 2 2 2 -1 
-2 | 2 2 2 2 2 -1 
-2 | 2 2 2 2 -1 
-2 | 2 2 2 -1 
-2 | 2 2 -1 
-2 | 2 -1 
-2 | -1 
7
-1 2 2 2 2 1 -2 -2 -2 -2 -2 | -1 2 2 2 2 1 -2 -1 
1 -2 -2 -2 -2 | -1 2 2 2 2 1 -2 -1 
1 -2 -2 -2 -2 | 1 -2 -1 
1 -2 -2 -2 | 1 -2 -1 
1 -2 -2 | 1 -2 -1 
1 -2 | 1 -2 -1 
1 -2 | -1 
-2 | -1 
8
-1 2 2 2 2 1 -2 -2 -2 -2 -2 | -1 2 2 2 2 2 2 2 
-1 2 2 2 2 2 2 | -1 2 2 2 2 2 2 2 
-1 2 2 2 2 2 2 | 2 
-1 2 2 2 2 2 | 2 
-1 2 2 2 2 | 2 
-1 2 2 2 | 2 
-1 2 2 | 2 
-1 2 | 2 
-1 | 2 
13
-1 2 2 2 2 1 -2 -2 -2 -2 -2 | -1 2 2 -1 -2 -2 1 2 
-1 2 2 1 2 -1 -2 -2 -2 | -1 2 2 -1 -2 -2 1 2 
-1 2 2 1 2 -1 -2 -2 -2 | -1 2 2 2 -1 -2 -2 
-1 2 2 1 -2 -2 1 -2 | -1 2 2 2 -1 -2 -2 
-1 -1 2 1 -2 | -1 2 2 2 -1 -2 -2 
-1 -1 2 1 -2 | -1 2 2 -1 -1 -2 
-1 -1 2 1 -2 | -1 2 -1 -1 2 -1 -2 
-1 -1 2 1 -2 | -1 2 -1 -1 -1 -1 
1 1 1 1 -2 | -1 2 -1 -1 -1 -1 
1 1 1 1 -2 | -1 
1 1 1 -2 | -1 
1 1 -2 | -1 
1 -2 | -1 
-2 | -1 
21
-1 2 2 2 2 1 -2 -2 -2 -2 -2 | -1 2 2 -1 -2 -2 1 -2 
-1 2 2 1 -2 -1 -2 -2 -2 | -1 2 2 -1 -2 -2 1 -2 
-2 -1 2 -1 -2 -2 -2 | -1 2 2 -1 -2 -2 1 -2 
-2 -1 2 -1 -2 -2 -2 | -1 2 1 2 2 1 -2 
-2 -1 2 -1 -2 -2 -2 | -1 2 1 -2 -2 -1 
-2 -1 2 -1 -2 -2 -2 | -1 -2 -2 -2 -1 -2 -1 
-2 -1 2 -1 -2 -2 -2 | -2 1 2 -1 -2 -1 
-1 -2 -1 -1 -2 -2 -2 | -2 1 2 -1 -2 -1 
-1 -2 -1 2 1 -2 -1 -2 -2 | -2 1 2 -1 -2 -1 
-1 -1 -2 -2 -1 -2 -2 | -2 1 2 -1 -2 -1 
-1 -1 -2 1 -2 -1 -2 | -2 1 2 -1 -2 -1 
-1 -1 -2 1 1 -2 -1 | -2 1 2 -1 -2 -1 
-1 2 1 -2 1 -2 -1 | -2 1 2 -1 -2 -1 
2 -1 -2 -2 1 -2 -1 | -2 1 2 -1 -2 -1 
2 -1 -2 -2 1 -2 -1 | -1 -2 -2 -2 -1 
2 1 2 1 -2 -1 | -1 -2 -2 -2 -1 
2 1 2 1 -2 -1 | -1 -2 -2 -1 -2 -1 -2 
-2 -1 -2 -2 -1 | -1 -2 -2 -1 -2 -1 -2 
-2 -1 -2 -2 -1 | -1 -2 
-2 -2 -1 | -1 -2 
-2 | -1 -2 
-2 | -1 
11
-1 2 2 2 2 1 -2 -2 -2 -2 -2 | -1 2 -1 -2 -2 1 2 2 
-1 2 2 1 2 2 -1 -2 -2 -2 -2 | -1 2 -1 -2 -2 1 2 2 
-1 2 2 1 2 2 -1 -2 -2 -2 -2 | -1 2 2 2 -1 -2 -2 
-1 2 2 1 -2 1 -2 -2 | -1 2 2 2 -1 -2 -2 
-1 -1 2 2 1 -2 -2 | -1 2 2 2 -1 -2 -2 
-1 -1 2 2 1 -2 -2 | -1 2 -1 -1 
1 2 1 -2 -2 | -1 2 -1 -1 
1 2 -1 -1 -2 | -1 2 -1 -1 
1 1 -2 | -1 2 -1 -1 
1 1 -2 | -1 
1 -2 | -1 
-2 | -1 
33
-1 2 2 2 2 1 -2 -2 -2 -2 -2 | -1 2 -1 -2 -2 1 -2 -2 
-1 2 2 1 -2 -2 -1 -2 -2 -2 -2 | -1 2 -1 -2 -2 1 -2 -2 
-2 -2 -1 -2 -1 -2 -2 -2 -2 | -1 2 -1 -2 -2 1 -2 -2 
-2 -2 -1 -2 -1 -2 -2 -2 -2 | -1 2 2 1 2 2 2 2 1 -2 -2 
-2 -2 -1 -2 -2 -2 -1 2 2 1 | -1 2 2 1 2 2 2 2 1 -2 -2 
-2 -2 -1 -2 -2 -2 -1 2 2 1 | -1 2 2 1 2 2 1 2 2 2 1 
1 2 2 -1 2 2 1 | -1 2 2 1 2 2 1 2 2 2 1 
1 2 2 -1 2 2 1 | -2 -2 -1 2 2 1 2 2 2 1 
2 2 1 2 2 2 2 2 1 | -2 -2 -1 2 2 1 2 2 2 1 
2 2 1 2 2 2 2 2 1 | -2 -2 -1 -2 -2 -2 -1 2 1 
2 2 1 2 2 2 2 2 1 | 1 2 2 -1 2 1 
2 2 -1 -2 1 2 2 2 1 | 1 2 2 -1 2 1 
2 2 -1 -2 1 2 2 2 1 | -2 -2 -2 -1 2 2 1 
2 2 -1 2 1 1 | -2 -2 -2 -1 2 2 1 
2 2 -1 2 1 1 | -2 -1 2 1 2 2 1 
2 2 2 -1 -2 -2 1 | -2 -1 2 1 2 2 1 
2 2 2 -1 -2 -2 1 | 2 2 -1 -2 1 2 2 1 
2 -1 -2 -2 -1 -2 1 | 2 2 -1 -2 1 2 2 1 
2 -1 -2 -2 -1 -2 1 | 2 2 2 2 1 2 1 
2 -1 -2 1 2 2 2 1 | 2 2 2 2 1 2 1 
2 -1 -2 1 -2 -1 -2 | 2 2 2 2 1 2 1 
2 -1 -2 1 -2 -1 -2 | 2 2 2 1 -2 -1 2 1 
2 -1 -2 1 -2 -1 -2 | 2 2 2 1 -2 -2 -1 
-2 -1 2 2 1 -2 -1 -2 | 2 2 2 1 -2 -2 -1 
-2 -1 -2 1 2 -1 -2 | 2 2 2 1 -2 -2 -1 
-2 -1 -2 1 2 -1 -2 | 2 -1 -2 1 -2 -1 
-2 -1 -1 -2 -2 | 2 -1 -2 1 -2 -1 
-2 -1 -1 -2 -2 | 2 1 2 2 1 -2 -1 
-2 -1 -2 -1 2 1 | 2 1 2 2 1 -2 -1 
-2 -1 -2 -1 2 1 | 2 1 2 1 2 
2 2 1 | 2 1 2 1 2 
2 2 1 | 1 2 
2 | 1 2 
2 | 1 
10
-1 2 2 2 2 1 -2 -2 -2 -2 -2 | -1 -1 -2 -2 1 2 2 2 
-1 2 2 2 2 1 -2 -2 -2 -2 -2 | -1 -1 2 2 1 -2 -2 
-1 2 2 1 1 -2 -2 -2 | -1 -1 2 2 1 -2 -2 
1 2 2 1 -2 -2 -2 | -1 -1 2 2 1 -2 -2 
1 1 1 -2 | -1 -1 2 2 1 -2 -2 
1 1 1 -2 | 1 2 1 -2 -2 
1 1 1 -2 | 1 2 -1 -1 -2 
1 1 1 -2 | 1 1 -2 
1 | 1 1 -2 
1 | 1 -2 
1 | -2 
52
-1 2 2 2 2 1 -2 -2 -2 -2 -2 | -1 -1 -2 -2 1 -2 -2 -2 
-1 2 2 2 2 1 -2 -2 -2 -2 -2 | -1 -1 -2 -2 -2 -2 -2 -2 1 2 2 
-1 2 2 2 2 1 -2 -2 -2 -2 -2 | -1 -1 -2 -1 -2 -2 -2 -2 1 1 2 2 
1 2 2 -1 -1 -2 -2 -2 -2 -2 -2 | -1 -1 -2 -1 -2 -2 -2 -2 1 1 2 2 
1 2 2 -1 -1 -2 -2 -2 -2 -2 -2 | -1 -1 -2 -1 2 2 1 1 -2 -2 1 2 2 
1 2 2 -1 -1 -2 -2 -2 -2 -2 -2 | -1 -1 -2 -1 2 2 1 1 2 2 2 2 1 1 
1 2 2 2 2 2 -1 -2 -2 -2 -2 | -1 -1 -2 -1 2 2 1 1 2 2 2 2 1 1 
-1 -2 -2 1 2 2 -1 -2 -2 -2 -2 | -1 -1 -2 -1 2 2 1 1 2 2 2 2 1 1 
-1 -2 -2 1 2 2 -1 -2 -2 -2 -2 | -1 -1 -2 -1 2 2 1 -2 -2 1 2 2 1 
-1 -1 -2 -2 1 -2 -2 -2 | -1 -1 -2 -1 2 2 1 -2 -2 1 2 2 1 
-1 -1 -2 -2 1 -2 -2 -2 | -1 -1 -2 -2 -2 -2 -1 -2 -2 1 2 2 1 
-1 2 2 2 2 1 -2 -2 -2 -2 -2 | -1 -1 -2 -2 -2 -2 -1 -2 -2 1 2 2 1 
-1 2 2 2 2 1 -2 -2 -2 -2 -2 | -1 -1 -2 -2 -2 -2 -1 2 2 1 -2 -2 -2 1 
-1 2 2 1 2 2 2 2 1 -2 -2 | -1 -1 -2 -2 -2 -2 -1 2 2 1 -2 -2 -2 1 
-1 2 2 1 2 2 2 2 1 -2 -2 | -1 -1 -2 -2 -1 -2 -2 -2 -2 -2 -2 -2 1 
-1 -2 -2 -2 -2 -2 -1 2 2 1 -2 -2 | -1 -1 -2 -2 -1 -2 -2 -2 -2 -2 -2 -2 1 
2 2 1 2 2 -1 2 2 1 -2 -2 | -1 -1 -2 -2 -1 -2 -2 -2 -2 -2 -2 -2 1 
2 2 1 2 2 -1 2 2 1 -2 -2 | 2 2 -1 -1 -2 -2 -2 -2 -2 -2 -2 1 
2 2 1 2 2 -1 2 2 1 -2 -2 | 2 2 2 2 -1 -2 -2 -2 -2 -2 1 
2 2 1 2 2 -1 -2 -2 -2 1 2 2 | 2 2 2 2 -1 -2 -2 -2 -2 -2 1 
2 2 1 -2 -2 -1 2 2 1 2 2 | 2 2 2 2 -1 -2 -2 -2 -2 -2 1 
2 2 1 -2 -2 -1 2 2 1 2 2 | 2 2 -1 2 2 1 -2 1 
2 2 2 2 1 2 1 2 2 | 2 2 -1 2 2 1 -2 1 
2 2 2 2 1 2 1 2 2 | 2 2 -1 -2 -2 -2 -2 -1 -2 -2 1 
-1 -2 -2 1 2 2 2 1 2 2 | 2 2 -1 -2 -2 -2 -2 -1 -2 -2 1 
-1 -2 -2 1 2 2 2 1 2 2 | -1 -2 -2 -2 -1 -2 -2 -1 -2 -2 1 
-1 -2 -2 1 -2 -2 -1 | -1 -2 -2 -2 -1 -2 -2 -1 -2 -2 1 
-1 -2 -2 1 -2 -2 -1 | -1 -2 -2 -2 -1 -2 -2 1 2 2 
-1 -2 -2 -2 -2 -2 -1 -2 -2 | -1 -2 -2 -2 -1 -2 -2 1 2 2 
-1 -2 -2 -2 -2 -2 -1 -2 -2 | -1 -2 1 2 2 2 1 2 2 
-1 -2 -2 -2 -2 -2 -1 -2 -2 | -1 -2 1 -2 -2 -1 
-1 -2 -2 -2 -1 2 1 -2 -2 | -1 -2 1 -2 -2 -1 
-1 -2 -2 -2 -1 2 1 -2 -2 | -1 -2 -2 1 2 2 2 
-1 -1 -2 1 -2 -2 | -1 -2 -2 1 2 2 2 
-1 -1 -2 1 -2 -2 | -1 -2 -2 -1 -2 1 2 
-1 2 2 1 -2 -2 -2 | -1 -2 -2 -1 -2 1 2 
-1 2 2 1 -2 -2 -2 | -1 -2 -2 -1 2 1 -2 -2 
-1 2 1 2 2 1 -2 | -1 -2 -2 -1 2 1 -2 -2 
-1 2 1 2 2 1 -2 | -1 -2 -1 -2 -2 -2 -2 
-1 -1 -2 -2 1 -2 | -1 -2 -1 -2 -2 -2 -2 
-1 -1 -2 -2 1 -2 | -1 -2 1 2 -1 -2 -2 
-1 -1 -2 -2 1 -2 | -1 -2 1 2 1 2 -1 
-2 -1 -2 -1 -2 1 -2 | -1 -2 1 2 1 2 -1 
-2 -1 -2 -1 -2 1 -2 | 2 1 2 2 2 1 2 -1 
-2 -1 2 2 1 | 2 1 2 2 2 1 2 -1 
-2 -1 2 2 1 | 2 1 2 2 2 2 2 
-2 -1 -2 -2 -2 -2 | 2 1 2 2 2 2 2 
-2 -1 -2 -2 -2 -2 | 2 
-2 -1 -2 -2 -2 | 2 
-2 -1 -2 -2 | 2 
-2 -1 -2 | 2 
-2 -1 | 2 
-1 | 2 
8
-1 2 2 2 2 1 -2 -2 -2 -2 -2 | -1 -1 -2 -2 -2 -2 1 2 
2 -1 -2 -2 -2 -2 -2 | -1 -1 -2 -2 -2 -2 1 2 
2 -1 -2 -2 -2 -2 -2 | 2 
-1 -2 -2 -2 -2 -2 | 2 
-1 -2 -2 -2 -2 | 2 
-1 -2 -2 -2 | 2 
-1 -2 -2 | 2 
-1 -2 | 2 
-1 | 2 
9
-1 2 2 2 2 1 -2 -2 -2 -2 -2 | -1 -1 -2 -2 -2 -2 1 -2 
-2 -1 -2 -2 -2 -2 -2 | -1 -1 -2 -2 -2 -2 1 -2 
-2 -1 -2 -2 -2 -2 -2 | -1 2 2 1 -2 
-2 -2 -1 -2 -2 -2 | -1 2 2 1 -2 
-2 -2 -2 -1 -2 | -1 2 2 1 -2 
-2 -2 -2 -1 -2 | -1 -2 -2 -2 
-2 | -1 -2 -2 -2 
-2 | -1 -2 -2 
-2 | -1 -2 
-2 | -1 
15
-1 2 2 2 2 1 -2 -2 -2 -2 -2 | -1 -2 -1 -2 -2 1 2 2 
-1 2 2 2 2 1 -2 -2 -2 -2 -2 | -1 -2 -1 2 2 1 -2 -2 -2 
-1 2 2 1 2 1 -2 -2 | -1 -2 -1 2 2 1 -2 -2 -2 
-1 2 2 1 2 1 -2 -2 | -1 2 -1 -2 -2 -2 -2 
-1 -2 -2 -1 2 2 1 -2 -2 | -1 2 -1 -2 -2 -2 -2 
-1 -2 -2 -1 -2 -2 -1 -2 | -1 2 -1 -2 -2 -2 -2 
-2 1 2 2 -1 -2 -2 -1 -2 | -1 2 -1 -2 -2 -2 -2 
-2 1 2 1 2 2 -1 -2 | -1 2 -1 -2 -2 -2 -2 
-2 1 2 1 2 2 -1 -2 | -1 -2 -1 -2 -1 -2 -2 
-2 -2 -1 -1 -2 | -1 -2 -1 -2 -1 -2 -2 
1 2 1 2 -1 -2 | -1 -2 -1 -2 -1 -2 -2 
-2 -1 -2 -1 -2 | -1 -2 -1 -2 -1 -2 -2 
-2 -1 -2 -1 -2 | -1 -2 
-2 -1 -2 | -1 -2 
-2 | -1 -2 
-2 | -1 
9
-1 2 2 2 2 1 -2 -2 -2 -2 -2 | -1 -2 -2 -2 -2 -2 -2 -2 
-1 -2 -2 -2 -2 -2 -2 -2 -2 | -1 -2 -2 -2 -2 -2 -2 -2 
-2 | -1 -2 -2 -2 -2 -2 -2 -2 
-2 | -1 -2 -2 -2 -2 -2 -2 
-2 | -1 -2 -2 -2 -2 -2 
-2 | -1 -2 -2 -2 -2 
-2 | -1 -2 -2 -2 
-2 | -1 -2 -2 
-2 | -1 -2 
-2 | -1 
2
-1 2 2 2 2 2 1 -2 -2 -2 -2 -2 -2 | -1 2 
-1 | -1 2 
-1 | 2 
3
-1 2 2 2 2 2 1 -2 -2 -2 -2 -2 -2 | -1 -2 
-1 -2 -2 | -1 -2 
-2 | -1 -2 
-2 | -1 
3
-1 2 2 2 2 2 1 -2 -2 -2 -2 -2 -2 | -1 2 2 
-1 2 | -1 2 2 
-1 2 | 2 
-1 | 2 
4
-1 2 2 2 2 2 1 -2 -2 -2 -2 -2 -2 | -1 -2 -2 
-1 -2 -2 -2 | -1 -2 -2 
-2 | -1 -2 -2 
-2 | -1 -2 
-2 | -1 
4
-1 2 2 2 2 2 1 -2 -2 -2 -2 -2 -2 | -1 2 2 2 
-1 2 2 | -1 2 2 2 
-1 2 2 | 2 
-1 2 | 2 
-1 | 2 
5
-1 2 2 2 2 2 1 -2 -2 -2 -2 -2 -2 | -1 -2 -2 -2 
-1 -2 -2 -2 -2 | -1 -2 -2 -2 
-2 | -1 -2 -2 -2 
-2 | -1 -2 -2 
-2 | -1 -2 
-2 | -1 
126
-1 2 2 2 2 2 1 -2 -2 -2 -2 -2 -2 | -1 2 1 -2 -1 
-1 2 2 2 2 1 1 -2 -2 -2 -2 -2 | -1 2 1 -2 -1 
-1 2 2 2 2 1 1 -2 -2 -2 -2 -2 | -1 2 1 2 2 2 2 -1 -1 -2 -2 -2 -2 
-1 -1 2 1 -2 | -1 2 1 2 2 2 2 -1 -1 -2 -2 -2 -2 
-1 -1 2 1 -2 | 1 2 2 2 2 2 -1 -1 -2 -2 -2 -2 
-1 -1 -2 -2 -2 1 2 2 2 2 2 -1 -2 | 1 2 2 2 2 2 -1 -1 -2 -2 -2 -2 
-1 -1 -2 -2 -2 1 2 2 2 2 2 -1 -2 | 2 2 2 1 1 2 -1 -2 -2 -2 -2 
-1 -1 -2 -2 -2 1 2 2 2 2 -1 -1 | 2 2 2 1 1 2 -1 -2 -2 -2 -2 
-1 -2 -1 -1 -2 -2 1 2 2 2 2 -1 -1 | 2 2 2 1 1 2 -1 -2 -2 -2 -2 
-1 -2 -1 -2 -1 -1 -2 1 2 2 2 2 -1 -1 | 2 2 2 1 1 2 -1 -2 -2 -2 -2 
-1 -2 -1 -2 -1 -2 -1 2 2 2 2 -1 -1 | 2 2 2 1 1 2 -1 -2 -2 -2 -2 
-1 -2 -1 -2 -2 -1 -1 -1 2 2 2 2 -1 -1 | 2 2 2 1 1 2 -1 -2 -2 -2 -2 
-1 -2 -1 -2 -2 -1 2 -1 2 2 2 -1 -1 | 2 2 2 1 1 2 -1 -2 -2 -2 -2 
-1 -2 -1 -2 -2 -1 2 1 2 -1 2 2 -1 -1 | 2 2 2 1 1 2 -1 -2 -2 -2 -2 
-1 -2 -1 -2 -2 1 2 2 -1 2 2 -1 -1 | 2 2 2 1 1 2 -1 -2 -2 -2 -2 
-1 -2 -2 -1 -1 -2 1 2 2 -1 2 2 -1 -1 | 2 2 2 1 1 2 -1 -2 -2 -2 -2 
-1 -2 -2 -1 -2 -1 2 2 -1 2 2 -1 -1 | 2 2 2 1 1 2 -1 -2 -2 -2 -2 
-1 -2 -2 -2 -1 -1 -1 2 2 -1 2 2 -1 -1 | 2 2 2 1 1 2 -1 -2 -2 -2 -2 
-1 -2 -2 -2 -1 2 -1 2 -1 2 2 -1 -1 | 2 2 2 1 1 2 -1 -2 -2 -2 -2 
-1 -2 -2 -2 -1 2 -1 2 1 2 -1 2 -1 -1 | 2 2 2 1 1 2 -1 -2 -2 -2 -2 
-1 -2 -2 -2 -1 2 1 2 2 -1 2 -1 -1 | 2 2 2 1 1 2 -1 -2 -2 -2 -2 
-1 -2 -2 -2 1 2 2 2 -1 2 -1 -1 | 2 2 2 1 1 2 -1 -2 -2 -2 -2 
-1 -2 -2 -2 1 2 2 2 -1 2 -1 -1 | 1 2 2 2 -1 2 -1 2 -1 -2 -2 -2 -2 
-1 2 1 -2 -1 | 1 2 2 2 -1 2 -1 2 -1 -2 -2 -2 -2 
-1 2 1 -2 -1 | 1 2 2 2 -1 2 -1 -1 -1 -2 -2 -2 
2 2 2 -1 2 -1 -1 -1 -2 -2 1 -2 -1 | 1 2 2 2 -1 2 -1 -1 -1 -2 -2 -2 
2 2 2 -1 2 -1 -1 -1 -2 -2 1 -2 -1 | 1 1 2 -1 -2 
2 2 2 -1 2 -1 -1 -1 -2 -2 -2 1 | 1 1 2 -1 -2 
2 2 2 -1 2 -1 -1 -1 -2 -2 -2 1 | 1 1 -2 -2 -1 2 2 2 1 1 1 -2 -2 
2 2 2 -1 -2 1 1 -2 -2 | 1 1 -2 -2 -1 2 2 2 1 1 1 -2 -2 
2 2 2 -1 -2 1 1 -2 -2 | 1 1 -2 -2 -1 2 2 1 1 2 1 1 -2 -2 
2 2 2 -1 -2 1 1 -2 -2 | 1 1 -2 -2 -1 2 2 1 1 1 1 2 1 -2 -2 
2 2 2 -1 -2 1 1 -2 -2 | 1 1 -2 -2 -1 2 2 1 1 1 1 1 1 -2 
2 2 2 -1 -2 1 1 -2 -2 | 1 1 -2 -2 -1 2 1 1 2 1 1 1 1 1 -2 
2 2 2 -1 -2 1 1 -2 -2 | 1 1 -2 -2 1 2 1 2 1 1 1 1 1 -2 
2 2 2 -1 -2 1 1 -2 -2 | 1 1 -2 -2 1 1 1 2 2 1 1 1 1 1 -2 
2 2 2 -1 -2 1 1 -2 -2 | 1 1 -2 1 -2 1 2 2 1 1 1 1 1 -2 
2 2 2 -1 -2 1 1 -2 -2 | 1 1 -2 1 1 -2 -1 2 2 1 1 1 1 1 -2 
2 2 2 -1 -2 1 1 -2 -2 | 1 1 1 -2 -2 -1 2 2 1 1 1 1 1 -2 
2 2 2 -1 -2 1 1 -2 -2 | 1 1 1 -2 -2 -1 2 1 1 2 1 1 1 1 -2 
2 2 2 -1 -2 1 1 -2 -2 | 1 1 1 -2 -2 1 2 1 2 1 1 1 1 -2 
2 2 2 -1 -2 1 1 -2 -2 | 1 1 1 -2 -2 1 1 1 2 2 1 1 1 1 -2 
2 2 2 -1 -2 1 1 -2 -2 | 1 1 1 -2 1 -2 1 2 2 1 1 1 1 -2 
2 2 2 -1 -2 1 1 -2 -2 | 1 1 1 -2 1 1 -2 -1 2 2 1 1 1 1 -2 
2 2 2 -1 -2 1 1 -2 -2 | 1 1 1 1 -2 -2 -1 2 2 1 1 1 1 -2 
2 2 2 -1 -2 1 1 -2 -2 | 1 1 1 1 -2 -2 -1 2 1 1 2 1 1 1 -2 
2 2 2 -1 -2 1 1 -2 -2 | 1 1 1 1 -2 -2 1 2 1 2 1 1 1 -2 
2 2 2 -1 -2 1 1 -2 -2 | 1 1 1 1 -2 -2 1 1 1 2 2 1 1 1 -2 
2 2 2 -1 -2 1 1 -2 -2 | 1 1 1 1 -2 1 -2 1 2 2 1 1 1 -2 
2 2 2 -1 -2 1 1 -2 -2 | 1 1 1 1 -2 1 1 -2 -1 2 2 1 1 1 -2 
2 2 2 -1 -2 1 1 -2 -2 | 1 1 1 1 1 -2 -2 -1 2 2 1 1 1 -2 
2 2 2 -1 -2 1 1 -2 -2 | 1 1 1 1 1 -2 -2 -1 2 1 1 2 1 1 -2 
2 2 2 -1 -2 1 1 -2 -2 | 1 1 1 1 1 -2 -2 1 2 1 2 1 1 -2 
2 2 2 -1 -2 1 1 -2 -2 | 1 1 1 1 1 -2 -2 1 2 1 1 1 2 1 -2 
2 2 2 -1 -2 1 1 -2 -2 | 1 1 1 1 1 -2 -2 1 2 1 1 1 1 1 
2 2 2 -1 -2 1 1 -2 -2 | 1 1 1 1 1 -2 -2 1 1 1 2 1 1 1 1 
2 2 2 -1 -2 1 1 -2 -2 | 1 1 1 1 1 -2 1 -2 1 2 1 1 1 1 
2 2 2 -1 -2 1 1 -2 -2 | 1 1 1 1 1 -2 1 -2 1 1 1 2 1 1 1 
2 2 2 -1 -2 1 1 -2 -2 | 1 1 1 1 1 -2 1 1 -2 1 2 1 1 1 
2 2 2 -1 -2 1 1 -2 -2 | 1 1 1 1 1 1 -2 -2 1 2 1 1 1 
2 2 2 -1 -2 1 1 -2 -2 | 1 1 1 1 2 1 -2 -2 -2 1 2 1 1 1 
2 2 2 -1 -2 1 1 -2 -2 | 1 1 2 1 1 -2 -2 -2 1 2 1 1 1 
2 2 2 -1 -2 1 1 -2 -2 | 2 1 1 1 -2 -2 -2 1 2 1 1 1 
2 2 2 -1 -2 1 1 -2 -2 | 2 1 1 1 -2 -2 -2 1 1 1 2 1 1 
2 2 2 -1 -2 1 1 -2 -2 | 2 1 1 1 -2 -2 1 -2 1 2 1 1 
2 2 2 -1 -2 1 1 -2 -2 | 2 1 1 1 -2 -2 1 -2 1 1 1 2 1 
2 2 2 -1 -2 1 1 -2 -2 | 2 1 1 1 -2 -2 1 1 -2 1 2 1 
2 2 2 -1 -2 1 1 -2 -2 | 2 1 1 1 -2 1 -2 -2 1 2 1 
2 2 2 -1 -2 1 1 -2 -2 | 2 1 1 1 -2 1 -2 -2 1 1 1 2 
2 2 2 -1 -2 1 1 -2 -2 | 2 1 1 1 -2 1 -2 1 -2 1 2 
2 2 2 -1 -2 1 1 -2 -2 | 2 1 1 1 -2 1 -2 1 1 -2 -1 2 
2 2 2 -1 -2 1 1 -2 -2 | 2 1 1 1 -2 1 1 -2 -2 -1 2 
2 2 2 -1 -2 1 1 -2 -2 | 2 1 1 1 1 -2 -2 -2 -1 2 
2 2 2 -1 -2 1 1 -2 -2 | 2 1 1 2 1 -2 -2 -2 -2 -1 2 
2 2 2 -1 -2 1 1 -2 -2 | 2 2 1 1 -2 -2 -2 -2 -1 2 
2 2 2 -1 -2 -2 -2 -2 1 2 2 | 2 2 1 1 -2 -2 -2 -2 -1 2 
2 2 2 -1 -2 -2 -2 -2 1 2 2 | 2 2 1 1 2 -1 -2 -2 -2 
2 2 -1 -1 -2 -2 -2 1 2 2 | 2 2 1 1 2 -1 -2 -2 -2 
2 -1 -1 2 -1 -2 -2 -2 1 2 2 | 2 2 1 1 2 -1 -2 -2 -2 
2 -1 -1 -1 -1 -2 -2 1 2 2 | 2 2 1 1 2 -1 -2 -2 -2 
2 -1 -1 -1 -2 -1 -1 -2 1 2 2 | 2 2 1 1 2 -1 -2 -2 -2 
2 -1 -1 -1 -2 -1 -2 -1 2 2 | 2 2 1 1 2 -1 -2 -2 -2 
2 -1 -1 -1 -2 -2 -1 -1 -1 2 2 | 2 2 1 1 2 -1 -2 -2 -2 
2 -1 -1 -1 -2 -2 -1 2 -1 2 | 2 2 1 1 2 -1 -2 -2 -2 
2 -1 -1 -1 -2 -2 -1 2 1 2 -1 | 2 2 1 1 2 -1 -2 -2 -2 
2 -1 -1 -1 -2 -2 1 2 2 -1 | 2 2 1 1 2 -1 -2 -2 -2 
2 -1 -1 -2 -1 -1 -2 1 2 2 -1 | 2 2 1 1 2 -1 -2 -2 -2 
2 -1 -1 -2 -1 -2 -1 2 2 -1 | 2 2 1 1 2 -1 -2 -2 -2 
-1 -1 2 -1 -2 -1 -2 -1 2 2 -1 | 2 2 1 1 2 -1 -2 -2 -2 
-1 -1 -1 -1 -1 -2 -1 2 2 -1 | 2 2 1 1 2 -1 -2 -2 -2 
-1 -1 -1 -1 -2 -1 -1 -1 2 2 -1 | 2 2 1 1 2 -1 -2 -2 -2 
-1 -1 -1 -1 -2 -1 2 -1 2 -1 | 2 2 1 1 2 -1 -2 -2 -2 
-1 -1 -1 -2 -1 -1 -1 2 -1 2 -1 | 2 2 1 1 2 -1 -2 -2 -2 
-1 -1 -1 -2 -1 2 -1 -1 2 -1 | 2 2 1 1 2 -1 -2 -2 -2 
-1 -1 -1 -2 -1 2 2 -1 -1 | 2 2 1 1 2 -1 -2 -2 -2 
-1 -1 -2 -1 -1 -1 2 2 -1 -1 | 2 2 1 1 2 -1 -2 -2 -2 
-1 -1 -2 -1 2 -1 2 -1 -1 | 2 2 1 1 2 -1 -2 -2 -2 
-1 -2 -1 -1 -1 2 -1 2 -1 -1 | 2 2 1 1 2 -1 -2 -2 -2 
-1 -2 -1 2 -1 -1 2 -1 -1 | 2 2 1 1 2 -1 -2 -2 -2 
-1 -2 -1 2 2 -1 -1 -1 | 2 2 1 1 2 -1 -2 -2 -2 
-2 -1 -1 -1 2 2 -1 -1 -1 | 2 2 1 1 2 -1 -2 -2 -2 
-2 -1 2 -1 2 -1 -1 -1 | 2 2 1 1 2 -1 -2 -2 -2 
-2 -1 2 1 2 -1 -1 -1 -1 | 2 2 1 1 2 -1 -2 -2 -2 
-2 1 2 2 -1 -1 -1 -1 | 2 2 1 1 2 -1 -2 -2 -2 
-2 1 2 2 -1 -1 2 -1 -2 | 2 2 1 1 2 -1 -2 -2 -2 
-2 1 2 2 2 -1 -1 -2 | 2 2 1 1 2 -1 -2 -2 -2 
-2 1 2 2 2 -1 -1 -2 | 1 2 2 2 2 -1 -2 -2 -2 
2 2 1 -2 -1 -1 -2 | 1 2 2 2 2 -1 -2 -2 -2 
2 2 1 -2 -1 -1 -2 | 1 2 2 2 -1 -1 -2 -2 
2 2 1 -2 -1 -1 -2 | 1 2 2 -1 -1 2 -1 -2 -2 
2 2 1 -2 -1 -1 -2 | 1 2 2 -1 -1 -1 -1 -2 
2 2 1 -2 -1 -1 -2 | -1 2 1 2 -1 -1 -1 -1 -2 
2 2 1 -2 -1 -1 -2 | -1 2 -1 2 -1 -1 -1 -2 
2 2 1 -2 -1 -1 -2 | -1 2 -1 -1 -1 2 -1 -1 -2 
2 2 1 -2 -1 -1 -2 | -1 2 -1 -1 -1 -1 -1 2 -1 -2 
2 2 1 -2 -1 -1 -2 | -1 2 -1 -1 -1 -1 -1 -1 -1 
2 2 1 -2 -1 -1 -2 | -1 2 -1 -1 -1 -1 2 -1 -2 -1 
2 2 1 -2 -1 -1 -2 | -1 2 -1 -1 2 -1 -1 -2 -1 
2 2 1 -2 -1 -1 -2 | -1 2 2 -1 -1 -1 -2 -1 
2 2 1 1 1 1 -2 -2 -2 | -1 2 2 -1 -1 -1 -2 -1 
2 2 1 1 1 1 -2 -2 -2 | -1 2 1 -2 -1 
2 2 1 1 1 1 -2 -2 -2 | -1 2 -1 -1 -1 -1 
2 2 1 1 1 1 -2 -2 -2 | -1 
2 2 1 1 1 -2 -2 -2 | -1 
2 2 1 1 -2 -2 -2 | -1 
2 2 1 -2 -2 -2 | -1 
-2 | -1 
5
-1 2 2 2 2 2 1 -2 -2 -2 -2 -2 -2 | -1 2 2 2 2 
-1 2 2 2 | -1 2 2 2 2 
-1 2 2 2 | 2 
-1 2 2 | 2 
-1 2 | 2 
-1 | 2 
148
-1 2 2 2 2 2 1 -2 -2 -2 -2 -2 -2 | -1 -1 -2 1 2 
-1 2 2 2 2 2 1 -2 -2 -2 -2 -2 -2 | -1 -1 2 2 2 2 1 -2 -2 -2 -2 -2 
-1 2 1 1 -2 | -1 -1 2 2 2 2 1 -2 -2 -2 -2 -2 
-1 2 1 1 -2 | -1 -1 2 2 2 1 2 -1 -2 -2 -2 -2 -2 
-1 2 1 1 -2 | -1 -1 2 2 1 2 -1 2 -1 -2 -2 -2 -2 -2 
-1 2 1 1 -2 | -1 -1 2 2 1 2 -1 2 1 -2 -1 -2 -2 -2 -2 
-1 2 1 1 -2 | -1 -1 2 2 1 2 2 -1 -2 -1 -2 -2 -2 -2 
-1 2 1 1 -2 | -1 -1 2 2 1 2 2 -1 -2 1 -2 -1 -2 -2 -2 
-1 2 1 1 -2 | -1 -1 2 2 1 2 2 1 -2 -2 -1 -2 -2 -2 
-1 2 1 1 -2 | -1 -1 2 1 2 -1 2 2 1 -2 -2 -1 -2 -2 -2 
-1 2 1 1 -2 | -1 2 -1 2 -1 2 2 1 -2 -2 -1 -2 -2 -2 
-1 2 1 1 -2 | -1 2 -1 2 -1 2 1 2 -1 -2 -2 -1 -2 -2 -2 
-1 2 1 1 -2 | -1 2 -1 2 2 -1 2 -1 -2 -2 -1 -2 -2 -2 
-1 2 1 1 -2 | -1 2 -1 2 2 -1 2 1 -2 -1 -2 -1 -2 -2 -2 
-1 2 1 1 -2 | -1 2 -1 2 2 2 -1 -2 -1 -2 -1 -2 -2 -2 
-1 2 1 1 -2 | -1 2 -1 2 2 2 -1 -2 -1 -2 1 -2 -1 -2 -2 
-1 2 1 1 -2 | -1 2 -1 2 2 2 -1 -2 1 -2 -2 -1 -2 -2 
-1 2 1 1 -2 | -1 2 -1 2 2 2 1 -2 -2 -2 -1 -2 -2 
-1 2 1 1 -2 | -1 2 -1 2 2 1 2 -1 -2 -2 -2 -1 -2 -2 
-1 2 1 1 -2 | -1 2 -1 2 1 2 -1 2 -1 -2 -2 -2 -1 -2 -2 
-1 2 1 1 -2 | -1 2 2 -1 2 -1 2 -1 -2 -2 -2 -1 -2 -2 
-1 2 1 1 -2 | -1 2 2 -1 2 -1 2 1 -2 -1 -2 -2 -1 -2 -2 
-1 2 1 1 -2 | -1 2 2 -1 2 2 -1 -2 -1 -2 -2 -1 -2 -2 
-1 2 1 1 -2 | -1 2 2 -1 2 2 -1 -2 1 -2 -1 -2 -1 -2 -2 
-1 2 1 1 -2 | -1 2 2 -1 2 2 1 -2 -2 -1 -2 -1 -2 -2 
-1 2 1 1 -2 | -1 2 2 -1 2 2 1 -2 -2 -1 -2 1 -2 -1 -2 
-1 2 1 1 -2 | -1 2 2 -1 2 2 1 -2 -2 1 -2 -2 -1 -2 
-1 2 1 1 -2 | -1 2 2 -1 2 1 2 -1 -2 -2 1 -2 -2 -1 -2 
-1 2 1 1 -2 | -1 2 2 2 -1 2 -1 -2 -2 1 -2 -2 -1 -2 
-1 2 1 1 -2 | -1 2 2 2 -1 2 -1 -2 1 1 -2 -2 -2 -1 -2 
-1 2 1 1 -2 | -1 2 2 2 -1 2 1 -2 1 -2 -2 -2 -1 -2 
-1 2 1 1 -2 | -1 2 2 2 2 -1 -2 1 -2 -2 -2 -1 -2 
-1 2 1 1 -2 | -1 2 2 2 2 1 -2 -2 -2 -2 -1 -2 
-1 2 1 1 -2 | -1 2 2 2 1 2 -1 -2 -2 -2 -2 -1 -2 
-1 2 1 1 -2 | -1 2 2 1 2 -1 2 -1 -2 -2 -2 -2 -1 -2 
-1 2 1 1 -2 | -1 2 2 1 2 -1 2 1 -2 -1 -2 -2 -2 -1 -2 
-1 2 1 1 -2 | -1 2 2 1 2 2 -1 -2 -1 -2 -2 -2 -1 -2 
-1 2 1 1 -2 | -1 2 2 1 2 2 -1 -2 1 -2 -1 -2 -2 -1 -2 
-1 2 1 1 -2 | -1 2 2 1 2 2 1 -2 -2 -1 -2 -2 -1 -2 
-1 2 1 1 -2 | -1 2 1 2 -1 2 2 1 -2 -2 -1 -2 -2 -1 -2 
-1 2 1 1 -2 | 2 -1 2 -1 2 2 1 -2 -2 -1 -2 -2 -1 -2 
-1 2 1 1 -2 | 2 -1 2 -1 2 1 2 -1 -2 -2 -1 -2 -2 -1 -2 
-1 2 1 1 -2 | 2 -1 2 2 -1 2 -1 -2 -2 -1 -2 -2 -1 -2 
-1 2 1 1 -2 | 2 -1 2 2 -1 2 1 -2 -1 -2 -1 -2 -2 -1 -2 
-1 2 1 1 -2 | 2 -1 2 2 2 -1 -2 -1 -2 -1 -2 -2 -1 -2 
-1 2 1 1 -2 | 2 -1 2 2 2 -1 -2 -1 -2 1 -2 -1 -2 -1 -2 
-1 2 1 1 -2 | 2 -1 2 2 2 -1 -2 1 -2 -2 -1 -2 -1 -2 
-1 2 1 1 -2 | 2 -1 2 2 2 1 -2 -2 -2 -1 -2 -1 -2 
-1 2 1 1 -2 | 2 -1 2 2 2 1 -2 -2 -2 -1 -2 1 -2 -1 
-1 2 1 1 -2 | 2 -1 2 2 2 1 -2 -2 -2 1 -2 -2 -1 
-1 2 1 1 -2 | 2 -1 2 2 1 2 -1 -2 -2 -2 1 -2 -2 -1 
-1 2 1 1 -2 | 2 -1 2 1 2 -1 2 -1 -2 -2 -2 1 -2 -2 -1 
-1 2 1 1 -2 | 2 2 -1 2 -1 2 -1 -2 -2 -2 1 -2 -2 -1 
-1 2 1 1 -2 | 2 2 -1 2 -1 2 1 -2 -1 -2 -2 1 -2 -2 -1 
-1 2 1 1 -2 | 2 2 -1 2 2 -1 -2 -1 -2 -2 1 -2 -2 -1 
-1 2 1 1 -2 | 2 2 -1 2 2 -1 -2 -1 -2 1 1 -2 -2 -2 -1 
-1 2 1 1 -2 | 2 2 -1 2 2 -1 -2 1 -2 1 -2 -2 -2 -1 
-1 2 1 1 -2 | 2 2 -1 2 2 1 -2 -2 1 -2 -2 -2 -1 
-1 2 1 1 -2 | 2 2 -1 2 1 2 -1 -2 -2 1 -2 -2 -2 -1 
-1 2 1 1 -2 | 2 2 2 -1 2 -1 -2 -2 1 -2 -2 -2 -1 
-1 2 1 1 -2 | 2 2 2 -1 2 -1 -2 1 1 -2 -2 -2 -2 -1 
-1 2 1 1 -2 | 2 2 2 -1 2 1 -2 1 -2 -2 -2 -2 -1 
-1 2 1 1 -2 | 2 2 2 2 -1 -2 1 -2 -2 -2 -2 -1 
-2 -2 -2 -2 -1 2 2 2 2 1 -2 | 2 2 2 2 -1 -2 1 -2 -2 -2 -2 -1 
-2 -2 -2 -2 -1 2 2 2 2 1 -2 | -2 -1 2 2 2 1 -2 -2 -2 -2 -1 
-2 -2 -2 -2 -1 2 2 2 2 1 -2 | -2 -1 -2 1 2 -1 
-2 -2 -2 -1 -2 -1 2 2 2 1 -2 | -2 -1 -2 1 2 -1 
-2 -2 -2 -1 -1 -2 -1 2 2 1 -2 | -2 -1 -2 1 2 -1 
-2 -2 -2 -1 -1 -1 -2 -1 2 1 -2 | -2 -1 -2 1 2 -1 
-2 -2 -2 -1 -1 -1 -1 -2 -2 | -2 -1 -2 1 2 -1 
-2 -2 -2 -1 -1 -1 2 1 -2 -1 -2 | -2 -1 -2 1 2 -1 
-2 -2 -2 -1 -1 -1 2 1 1 -2 -1 | -2 -1 -2 1 2 -1 
-2 -2 -2 -1 -1 2 -1 -2 1 -2 -1 | -2 -1 -2 1 2 -1 
-2 -2 -2 -1 -1 2 2 1 -2 -2 -1 | -2 -1 -2 1 2 -1 
-2 -2 -2 -1 -1 2 1 2 -1 -2 -2 -2 -1 | -2 -1 -2 1 2 -1 
-2 -2 -2 -1 2 -1 -1 -2 -2 -2 -1 | -2 -1 -2 1 2 -1 
-2 -2 -2 -1 2 -1 2 1 -2 -1 -2 -2 -1 | -2 -1 -2 1 2 -1 
-2 -2 -2 -1 2 -1 2 1 1 -2 -1 -2 -1 | -2 -1 -2 1 2 -1 
-2 -2 -2 -1 2 2 -1 -2 1 -2 -1 -2 -1 | -2 -1 -2 1 2 -1 
-2 -2 -2 -1 2 2 2 1 -2 -2 -1 -2 -1 | -2 -1 -2 1 2 -1 
-2 -2 -1 -2 -1 2 2 1 -2 -2 -1 -2 -1 | -2 -1 -2 1 2 -1 
-2 -2 -1 -1 -2 -1 2 1 -2 -2 -1 -2 -1 | -2 -1 -2 1 2 -1 
-2 -2 -1 -1 -1 -2 -2 -2 -1 -2 -1 | -2 -1 -2 1 2 -1 
-2 -2 -1 -1 -1 -2 -2 1 -2 -1 -1 | -2 -1 -2 1 2 -1 
-2 -2 -1 -1 -1 -2 1 2 1 -2 -2 -1 -1 | -2 -1 -2 1 2 -1 
-2 -2 -1 -1 2 1 1 -2 -2 -1 -1 | -2 -1 -2 1 2 -1 
-2 -2 -1 2 -1 -2 1 -2 -2 -1 -1 | -2 -1 -2 1 2 -1 
-2 -2 -1 2 2 1 -2 -2 -2 -1 -1 | -2 -1 -2 1 2 -1 
-2 -1 -2 -1 2 1 -2 -2 -2 -1 -1 | -2 -1 -2 1 2 -1 
-2 -1 -1 -2 -2 -2 -2 -1 -1 | -2 -1 -2 1 2 -1 
-2 -1 2 1 -2 -1 -2 -2 -2 -1 -1 | -2 -1 -2 1 2 -1 
-1 -2 -2 -1 -2 -2 -2 -1 -1 | -2 -1 -2 1 2 -1 
-1 -2 -2 -1 -2 -2 -1 -2 -1 -2 -1 | -2 -1 -2 1 2 -1 
-1 -2 -2 -1 -2 1 -2 -1 -1 -2 -1 | -2 -1 -2 1 2 -1 
-1 -2 1 -2 -2 -1 -1 -2 -1 | -2 -1 -2 1 2 -1 
2 1 -2 -2 -2 -1 -1 -2 -1 | -2 -1 -2 1 2 -1 
2 1 -2 -2 -2 -1 -1 -2 -1 | -2 -2 -2 -2 -1 -1 -1 
2 1 2 1 -2 -1 | -2 -2 -2 -2 -1 -1 -1 
2 1 2 1 -2 -1 | -2 -2 -2 -1 -2 -1 -2 -1 -1 
-1 -1 -2 -2 -2 -2 -1 | -2 -2 -2 -1 -2 -1 -2 -1 -1 
-1 -1 -2 1 1 2 1 2 | -2 -2 -2 -1 -2 -1 -2 -1 -1 
-1 -1 -2 1 1 2 1 2 | -2 -2 -2 -1 -1 -1 -2 
1 2 2 2 1 1 2 1 2 | -2 -2 -2 -1 -1 -1 -2 
1 -2 -1 2 1 2 | -2 -2 -2 -1 -1 -1 -2 
1 -2 -1 2 1 2 | -2 -2 -2 -1 -1 2 1 -2 -1 
1 -2 -1 2 1 2 | -2 -2 -2 -1 2 -1 -2 -2 -1 
1 -2 -1 2 1 2 | -2 -2 -1 -2 -1 -1 -2 -2 -1 
1 -2 -1 2 1 2 | -2 1 -2 -1 -1 -1 -2 -2 -1 
1 -2 -2 -1 -1 -1 -2 | -2 1 -2 -1 -1 -1 -2 -2 -1 
1 -2 -2 -1 -1 -1 -2 | -2 1 2 -1 -2 -1 
1 -2 -2 -1 -1 2 1 -2 -1 | -2 1 2 -1 -2 -1 
1 -2 -2 -1 2 -1 -2 -2 -1 | -2 1 2 -1 -2 -1 
1 -2 -2 -1 2 -1 -2 -2 -1 | -1 -2 -2 -2 -1 -2 -1 
1 -2 -2 -1 2 -1 -2 -2 -1 | -1 2 1 -2 -2 -1 
-2 1 2 -1 -2 -2 -1 | -1 2 1 -2 -2 -1 
-2 1 2 -1 -2 -2 -1 | -1 -2 -1 -2 1 -2 -1 
-2 -1 -2 -1 -2 -2 -2 -1 | -1 -2 -1 -2 1 -2 -1 
-2 -1 -2 -1 -2 -2 -2 -1 | 2 2 2 1 1 -2 -1 
-2 -1 -2 1 -2 -1 -1 | 2 2 2 1 1 -2 -1 
-2 -1 -2 1 -2 -1 -1 | 2 2 2 1 2 1 2 1 
-2 -1 -2 1 -2 -1 -1 | 2 2 1 -2 -1 2 1 
2 1 -2 -2 -1 -1 | 2 2 1 -2 -1 2 1 
2 1 -2 -2 -1 -1 | 2 2 1 -2 1 2 2 
-2 -2 -2 -1 -2 -1 -1 | 2 2 1 -2 1 2 2 
-2 -2 -2 -1 -2 -1 -1 | -2 -1 -2 -1 -2 1 2 2 
-2 -2 -2 -2 -1 2 -1 | -2 -1 -2 -1 -2 1 2 2 
-2 -2 -2 -2 -1 2 -1 | -2 -1 -2 -1 -1 -2 -2 
-2 1 1 2 2 -1 | -2 -1 -2 -1 -1 -2 -2 
-2 1 1 2 2 -1 | -2 -1 2 -1 -2 -2 -2 
-2 1 2 -1 -2 -2 -1 | -2 -1 2 -1 -2 -2 -2 
-1 -2 -2 -2 -1 -2 -2 -1 | -2 -1 2 -1 -2 -2 -2 
-1 2 1 -2 -2 -2 -1 | -2 -1 2 -1 -2 -2 -2 
-1 2 1 2 1 -2 | -2 -1 2 -1 -2 -2 -2 
-1 2 1 2 1 -2 | -1 -2 -1 -1 -2 -2 -2 
-1 2 1 2 1 -2 | -1 -2 -1 2 1 -2 -1 -2 -2 
-1 2 1 2 1 -2 | -1 -1 -2 -2 -1 -2 -2 
-1 2 1 2 1 -2 | -1 -1 -2 1 -2 -1 -2 
-1 2 1 2 1 -2 | -1 -1 -2 1 1 -2 -1 
1 -2 -1 -1 2 1 -2 | -1 -1 -2 1 1 -2 -1 
1 -2 -2 -1 -1 -2 | -1 -1 -2 1 1 -2 -1 
1 -2 -2 -1 -1 -2 | 2 2 1 -2 -1 
-2 -2 1 -2 -1 -1 -2 | 2 2 1 -2 -1 
-2 -2 -2 -2 -1 -2 | 2 2 1 -2 -1 
-2 -2 -2 -2 -1 -2 | -2 -2 -2 -2 -1 
-2 | -2 -2 -2 -2 -1 
-2 | -2 -2 -2 -1 
-2 | -2 -2 -1 
-2 | -2 -1 
-2 | -1 
6
-1 2 2 2 2 2 1 -2 -2 -2 -2 -2 -2 | -1 -2 -2 -2 -2 
-1 -2 -2 -2 -2 -2 | -1 -2 -2 -2 -2 
-2 | -1 -2 -2 -2 -2 
-2 | -1 -2 -2 -2 
-2 | -1 -2 -2 
-2 | -1 -2 
-2 | -1 
6
-1 2 2 2 2 2 1 -2 -2 -2 -2 -2 -2 | -1 2 2 2 2 2 
-1 2 2 2 2 | -1 2 2 2 2 2 
-1 2 2 2 2 | 2 
-1 2 2 2 | 2 
-1 2 2 | 2 
-1 2 | 2 
-1 | 2 
7
-1 2 2 2 2 2 1 -2 -2 -2 -2 -2 -2 | -1 -2 -2 -2 -2 -2 
-1 -2 -2 -2 -2 -2 -2 | -1 -2 -2 -2 -2 -2 
-2 | -1 -2 -2 -2 -2 -2 
-2 | -1 -2 -2 -2 -2 
-2 | -1 -2 -2 -2 
-2 | -1 -2 -2 
-2 | -1 -2 
-2 | -1 
47
-1 2 2 2 2 2 1 -2 -2 -2 -2 -2 -2 | -1 2 1 2 2 2 -1 
-1 2 2 2 2 2 -1 2 1 -2 -2 -2 | -1 2 1 2 2 2 -1 
-1 2 2 -1 -2 1 2 1 -2 -2 -2 | -1 2 1 2 2 2 -1 
-1 2 2 -1 -2 1 2 -1 2 1 | -1 2 1 2 2 2 -1 
-1 2 2 -1 -2 1 2 -1 2 1 | -1 2 1 1 -2 -1 2 
-1 2 2 -1 -2 1 1 2 -1 | -1 2 1 1 -2 -1 2 
-1 2 2 -1 -2 1 1 2 -1 | -1 2 2 2 -1 -2 1 2 
-1 -2 1 -2 1 2 -1 | -1 2 2 2 -1 -2 1 2 
-1 -2 1 1 -2 -2 -2 | -1 2 2 2 -1 -2 1 2 
-1 -2 1 1 -2 -2 -2 | -1 -1 -2 1 -2 1 2 
-1 -2 1 1 -2 -2 -2 | -1 -1 -2 1 -2 -2 1 1 -2 -2 
-1 2 -1 2 1 1 -2 | -1 -1 -2 1 -2 -2 1 1 -2 -2 
-1 2 -1 2 1 1 -2 | -2 -1 -2 1 1 -2 -2 
-1 2 1 -2 -2 -2 1 -2 | -2 -1 -2 1 1 -2 -2 
-1 2 1 -2 -2 -2 1 -2 | -2 -2 -2 -2 1 -2 1 -2 -2 
-1 2 1 -2 -2 -2 1 -2 | -1 -2 1 2 -1 -2 1 -2 1 -2 -2 
-1 2 1 -2 -2 -2 1 -2 | -1 -2 1 -2 -2 1 -2 -2 1 -2 -2 
-1 2 1 -2 -2 -2 1 -2 | -1 -2 1 -2 -2 1 2 -1 -2 1 -2 
-1 2 1 -2 -2 -2 1 -2 | -1 -2 1 -2 1 -2 -2 -2 -2 1 -2 
-1 2 1 -2 -2 -2 1 -2 | -1 -2 1 -2 1 -2 -1 -2 1 
-1 2 1 -2 -2 -2 1 -2 | -1 -2 1 2 2 -1 -2 -2 1 
-1 -2 -2 1 -2 1 -2 | -1 -2 1 2 2 -1 -2 -2 1 
-1 -2 -2 1 -2 1 -2 | -1 -2 1 2 2 2 -1 2 
-1 -2 -2 -2 1 2 2 | -1 -2 1 2 2 2 -1 2 
-1 -2 -2 -2 1 2 2 | -1 2 2 1 2 -1 2 
-1 -2 -2 -2 1 2 2 | 2 2 -1 -2 1 2 -1 2 
-1 -1 -2 1 2 2 2 | 2 2 -1 -2 1 2 -1 2 
-1 -1 -2 1 2 2 2 | 2 2 1 -2 -2 -1 2 
-1 -1 2 2 1 2 | 2 2 1 -2 -2 -1 2 
-1 2 2 -1 -2 1 2 | 2 2 1 -2 -2 -1 2 
-1 2 2 -1 -2 1 2 | 2 2 1 -2 -1 2 2 -1 
2 -1 -2 -2 -2 1 2 | 2 2 1 -2 -1 2 2 -1 
2 -1 -2 -2 -2 1 2 | 2 2 1 2 -1 -2 -1 
2 -1 -2 1 2 -1 | 2 2 1 2 -1 -2 -1 
2 -1 2 1 2 -1 -1 | 2 2 1 2 -1 -2 -1 
2 -1 2 1 2 -1 -1 | 2 1 -2 1 -2 -1 
-1 2 1 1 2 -1 -1 | 2 1 -2 1 -2 -1 
-1 2 1 1 2 -1 -1 | 2 1 -2 -1 -1 2 1 
-1 2 1 1 2 -1 -1 | 2 -1 -1 2 2 1 
-1 2 1 -2 -2 | 2 -1 -1 2 2 1 
-1 2 1 -2 -2 | 2 -1 -1 2 1 2 2 
-1 2 1 -2 -2 | 2 -1 2 2 2 2 
-1 2 2 2 2 | 2 -1 2 2 2 2 
-1 2 2 2 2 | 2 
-1 2 2 2 | 2 
-1 2 2 | 2 
-1 2 | 2 
-1 | 2 
23
-1 2 2 2 2 2 1 -2 -2 -2 -2 -2 -2 | -1 2 1 -2 -2 -2 -1 
-1 2 2 2 2 1 1 -2 -2 -2 | -1 2 1 -2 -2 -2 -1 
-1 2 2 2 2 1 1 -2 -2 -2 | -1 2 -1 -2 -2 -2 -2 
-1 -1 2 1 -2 -2 -2 | -1 2 -1 -2 -2 -2 -2 
-1 -1 -2 -2 -2 -1 -2 -2 | -1 2 -1 -2 -2 -2 -2 
-1 -2 1 2 -1 -2 -2 | -1 2 -1 -2 -2 -2 -2 
-1 -2 1 1 2 2 | -1 2 -1 -2 -2 -2 -2 
-1 -2 1 1 2 2 | -1 -2 -1 -1 -2 -2 -2 
-1 -2 -2 -2 -2 -1 2 | -1 -2 -1 -1 -2 -2 -2 
1 2 1 -2 -1 2 | -1 -2 -1 -1 -2 -2 -2 
1 2 1 -2 -1 2 | -1 -2 -1 2 1 -2 -1 -2 -2 
1 2 1 -2 -1 2 | -1 -1 -2 -2 -1 -2 -2 
1 2 1 -2 -1 2 | -1 -1 -2 1 -2 -1 -2 
1 2 1 -2 -1 2 | -1 -1 -2 1 1 -2 -1 
1 2 1 -2 -1 2 | -1 2 1 -2 1 -2 -1 
1 2 1 -2 -1 2 | 2 -1 -2 -2 1 -2 -1 
1 2 2 2 1 | 2 -1 -2 -2 1 -2 -1 
1 2 2 2 1 | 2 1 2 1 -2 -1 
2 1 2 1 2 2 1 | 2 1 2 1 -2 -1 
2 1 2 1 2 2 1 | -2 -1 -2 -2 -1 
2 1 | -2 -1 -2 -2 -1 
2 1 | -2 -2 -1 
2 1 | -2 
1 | -2 
18
-1 2 2 2 2 2 1 -2 -2 -2 -2 -2 -2 | -1 2 2 1 -2 -2 -1 
-1 2 2 2 1 1 -2 -2 -2 -2 | -1 2 2 1 -2 -2 -1 
-1 2 1 1 2 2 1 -2 -2 -2 -2 | -1 2 2 1 -2 -2 -1 
-1 2 1 1 1 1 -2 -2 | -1 2 2 1 -2 -2 -1 
-1 2 1 1 1 1 -2 -2 | -1 2 2 -1 -1 -1 -2 
-1 2 1 1 1 1 -2 -2 | -1 -1 2 1 -2 
1 2 1 1 1 -2 -2 | -1 -1 2 1 -2 
1 1 1 2 1 1 -2 -2 | -1 -1 2 1 -2 
1 1 1 1 1 2 1 -2 -2 | -1 -1 2 1 -2 
1 1 1 1 1 1 1 -2 | -1 -1 2 1 -2 
1 1 1 1 2 1 -2 1 -2 | -1 -1 2 1 -2 
1 1 2 1 1 -2 1 -2 | -1 -1 2 1 -2 
2 1 1 1 -2 1 -2 | -1 -1 2 1 -2 
2 1 1 1 -2 1 -2 | 1 1 1 -2 
2 1 -2 | 1 1 1 -2 
2 1 -2 | 1 1 -2 
2 -1 | 1 1 -2 
2 -1 | 1 
2 | 1 
7
-1 2 2 2 2 2 1 -2 -2 -2 -2 -2 -2 | -1 2 2 2 2 2 2 
-1 2 2 2 2 2 | -1 2 2 2 2 2 2 
-1 2 2 2 2 2 | 2 
-1 2 2 2 2 | 2 
-1 2 2 2 | 2 
-1 2 2 | 2 
-1 2 | 2 
-1 | 2 
23
-1 2 2 2 2 2 1 -2 -2 -2 -2 -2 -2 | -1 -1 -2 1 2 2 2 
-1 2 2 2 2 2 -1 -2 1 -2 -2 -2 | -1 -1 -2 1 2 2 2 
-1 2 2 -1 2 1 -2 1 -2 -2 -2 | -1 -1 -2 1 2 2 2 
-1 2 2 -1 2 1 -2 -1 -2 1 | -1 -1 -2 1 2 2 2 
-1 2 2 -1 2 1 -2 -1 -2 1 | -1 -1 -1 2 1 2 2 
-1 2 2 -1 2 1 2 -1 -1 | -1 -1 -1 2 1 2 2 
-1 2 2 1 1 -2 -1 -1 | -1 -1 -1 2 1 2 2 
-1 2 2 1 1 -2 -1 -1 | 2 -1 -1 -2 1 2 2 
-1 2 1 2 2 -1 -1 | 2 -1 -1 -2 1 2 2 
-1 2 1 -2 -1 2 | 2 -1 -1 -2 1 2 2 
-1 2 1 -2 -1 2 | 2 -1 -2 -1 2 2 2 
-1 2 1 -2 -1 2 | -1 2 -1 -1 2 2 2 
-1 2 1 -2 -1 2 | -1 -1 2 -1 2 -1 2 2 2 
-1 2 1 -2 -1 2 | -1 -1 2 2 -1 2 2 
-1 2 1 -2 -1 2 | -1 -1 2 1 2 -1 2 
-1 2 1 -2 -1 2 | -1 -2 1 2 2 -1 2 
2 2 -1 -1 2 | -1 -2 1 2 2 -1 2 
2 2 -1 -1 2 | -1 -2 1 -2 1 2 
2 -1 2 -1 2 -1 2 | -1 -2 1 -2 1 2 
2 -1 2 2 -1 | -1 -2 1 -2 1 2 
2 -1 2 2 -1 | -1 2 2 
2 -1 | -1 2 2 
2 -1 | 2 
-1 | 2 
56
-1 2 2 2 2 2 1 -2 -2 -2 -2 -2 -2 | -1 -1 -2 1 -2 -2 -2 
-1 2 2 2 2 2 2 1 1 -2 -2 -2 | -1 -1 -2 1 -2 -2 -2 
-1 2 2 2 2 2 2 1 2 1 1 | -1 -1 -2 1 -2 -2 -2 
-1 2 2 2 2 2 2 1 2 1 1 | -1 -1 -2 1 2 2 2 1 2 1 
-1 2 2 2 -1 2 1 1 1 | -1 -1 -2 1 2 2 2 1 2 1 
-1 2 2 2 -1 2 1 1 1 | -1 -1 -2 -1 -2 1 1 2 1 
-1 2 2 2 -1 2 1 1 1 | -1 -1 2 2 -1 2 1 -2 1 1 2 1 
-1 2 1 -2 -1 -1 2 1 1 | -1 -1 2 2 -1 2 1 -2 1 1 2 1 
-1 2 1 -2 -1 -1 2 1 1 | -1 -1 2 2 -1 2 1 1 2 1 1 
-1 2 1 2 2 -1 2 2 1 1 | -1 -1 2 2 -1 2 1 1 2 1 1 
-1 2 1 2 2 -1 2 2 1 1 | -1 -1 -1 -2 -1 -2 1 1 2 1 1 
1 2 -1 2 -1 2 2 1 1 | -1 -1 -1 -2 -1 -2 1 1 2 1 1 
1 2 -1 2 -1 2 2 1 1 | 2 -1 2 -1 2 -1 -2 1 1 2 1 1 
-1 -2 -1 -1 2 1 2 1 1 | 2 -1 2 -1 2 -1 -2 1 1 2 1 1 
-1 -2 -1 -1 2 1 2 1 1 | 2 -1 2 -1 2 2 1 1 1 
-1 -1 2 -1 2 2 1 2 1 2 1 1 | 2 -1 2 -1 2 2 1 1 1 
-1 -1 2 -1 2 2 1 2 1 2 1 1 | 2 -1 -2 -1 -2 1 1 
-1 -1 2 -1 2 1 1 2 2 1 1 | 2 -1 -2 -1 -2 1 1 
-1 -1 2 1 2 -1 -2 1 2 2 1 1 | 2 -1 -2 -1 -2 1 1 
2 -1 -1 -2 1 2 2 1 1 | 2 -1 -2 -1 -2 1 1 
2 -1 -1 -2 1 2 2 2 1 2 1 -2 | 2 -1 -2 -1 -2 1 1 
2 -1 -1 -2 1 2 2 2 1 2 1 -2 | -1 -2 -2 -2 -1 -1 -2 1 1 
2 2 2 2 2 2 2 1 2 1 -2 | -1 -2 -2 -2 -1 -1 -2 1 1 
2 2 2 2 2 2 2 1 2 1 -2 | -1 2 2 2 1 2 -1 -2 1 1 
2 2 2 2 -1 2 1 1 -2 | -1 2 2 2 1 2 -1 -2 1 1 
2 2 2 2 -1 2 1 1 -2 | -1 2 2 2 1 2 1 2 2 2 1 
-2 -1 -2 -1 -2 -1 2 1 1 -2 | -1 2 2 2 1 2 1 2 2 2 1 
-2 -1 -2 -1 -2 -1 2 1 1 -2 | -1 2 2 -1 2 1 1 2 1 
-2 -1 -2 -1 -2 -2 -2 -2 -2 | -1 2 2 -1 2 1 1 2 1 
-2 -1 -2 -1 -2 -2 -2 -2 -2 | -1 2 2 -1 2 1 -2 -2 -2 -2 -2 -2 
-2 -1 -2 -1 -2 -2 -2 -2 -2 | -1 2 2 -1 2 1 2 1 2 1 -2 
-2 -1 -2 -1 -2 -2 -2 -2 -2 | -1 2 2 -1 -2 -2 -2 -2 1 -2 
-2 -1 -2 -1 -2 -2 -2 -2 -2 | -1 2 2 2 1 2 2 1 -2 
-2 -1 -2 -1 -2 -2 -2 -2 -2 | -1 -2 -2 -2 -1 2 1 -2 
-2 -1 -2 -1 -2 1 2 -1 -2 1 -2 | -1 -2 -2 -2 -1 2 1 -2 
-2 -1 -2 -2 -1 -2 -2 -1 -2 1 -2 | -1 -2 -2 -2 -1 2 1 -2 
-1 -2 1 2 -1 -2 -2 -1 -2 1 -2 | -1 -2 -2 -2 -1 2 1 -2 
-1 -2 -2 -2 -2 -1 -2 -1 -2 1 -2 | -1 -2 -2 -2 -1 2 1 -2 
2 -1 -2 1 -2 -1 -2 -1 -2 1 -2 | -1 -2 -2 -2 -1 2 1 -2 
2 -1 -2 -2 1 2 2 -1 -2 1 -2 | -1 -2 -2 -2 -1 2 1 -2 
2 -1 -2 -2 1 2 2 -1 -2 1 -2 | -2 -2 -1 -1 2 1 -2 
2 -1 -2 -2 1 -2 -1 -2 | -2 -2 -1 -1 2 1 -2 
2 -1 -2 -2 1 -2 -1 -2 | -2 -1 2 2 2 1 -2 
-2 -1 2 1 -2 -1 -2 | -2 -1 2 2 2 1 -2 
-2 -1 2 1 -2 -1 -2 | -2 -1 2 -1 2 1 -2 -2 
-2 -2 1 2 2 -1 -2 | -2 -1 2 -1 2 1 -2 -2 
-2 -2 1 2 2 -1 -2 | -2 -1 2 -1 -2 -2 1 
-2 -2 1 2 2 -1 -2 | -2 -1 -2 -1 2 1 
-2 -2 1 2 -1 -2 -1 | -2 -1 -2 -1 2 1 
-2 -2 -2 -1 -1 | -2 -1 -2 -1 2 1 
-2 -2 -1 -2 1 2 -1 | -2 -1 -2 -1 2 1 
-2 -2 -1 -2 -2 -1 2 | -2 -1 -2 -1 2 1 
-2 -2 -1 -2 -2 -1 2 | 2 2 1 
-2 -2 -1 2 | 2 2 1 
2 | 2 2 1 
2 | 2 1 
2 | 1 
44
-1 2 2 2 2 2 1 -2 -2 -2 -2 -2 -2 | -1 -1 -2 -2 1 2 2 
-1 2 2 2 2 2 1 -2 -2 -2 -2 -2 -2 | -1 -1 2 2 2 1 -2 -2 -2 -2 
-1 2 2 1 1 -2 -2 | -1 -1 2 2 2 1 -2 -2 -2 -2 
-1 2 2 1 1 -2 -2 | -1 2 2 -1 -1 2 1 -2 -2 -2 -2 
-1 2 2 2 1 -2 -2 -2 -2 -1 | -1 2 2 -1 -1 2 1 -2 -2 -2 -2 
-1 2 2 2 1 -2 -2 -2 -2 -1 | -1 2 2 -1 -1 -2 -2 1 1 
-1 2 2 2 -1 -2 -2 1 -2 -2 -1 | -1 2 2 -1 -1 -2 -2 1 1 
-1 2 2 2 -1 -2 -2 -1 -2 -2 | -1 2 2 -1 -1 -2 -2 1 1 
-1 2 2 2 -1 -1 -1 -2 -2 -2 -2 | -1 2 2 -1 -1 -2 -2 1 1 
2 2 -1 -1 2 -1 -1 -1 -2 -2 -2 -2 | -1 2 2 -1 -1 -2 -2 1 1 
2 2 -1 -1 2 -1 -1 -1 -2 -2 -2 -2 | -1 2 2 1 -2 1 1 1 1 
2 2 1 2 2 -1 -1 -2 -2 -2 -2 | -1 2 2 1 -2 1 1 1 1 
2 2 1 2 2 -1 -1 -2 -2 -2 -2 | 2 2 -1 -2 1 1 1 1 
2 2 -1 -1 -1 2 -1 -2 -2 -2 -2 | 2 2 -1 -2 1 1 1 1 
2 2 -1 -1 -1 2 -1 -2 -2 -2 -2 | 2 2 -1 -2 1 2 -1 -2 -2 
2 -1 2 -1 2 -1 -2 -2 -2 -2 | 2 2 -1 -2 1 2 -1 -2 -2 
-1 2 1 2 -1 2 -1 -2 -2 -2 -2 | 2 2 -1 -2 1 2 -1 -2 -2 
-1 2 2 1 2 -1 -2 -2 -2 -2 | 2 2 -1 -2 1 2 -1 -2 -2 
-1 2 2 1 2 -1 -2 -2 -2 -2 | 2 2 -1 -2 -2 -2 1 2 2 
-1 2 2 1 -2 -2 -2 -1 -2 | 2 2 -1 -2 -2 -2 1 2 2 
-1 -2 1 2 -1 -2 | 2 2 -1 -2 -2 -2 1 2 2 
-1 -2 1 2 -1 -2 | 2 2 -1 -2 -2 1 2 1 2 
-1 -2 1 2 -1 -2 | 2 2 -1 -2 1 2 1 1 2 
-1 -2 1 2 -1 -2 | 2 2 2 1 1 1 2 
-1 -2 1 2 -1 -2 | 2 2 1 2 -1 -2 1 1 2 
-1 -2 1 2 -1 -2 | 2 1 2 -1 -1 -2 1 1 2 
-1 -2 1 2 -1 -2 | 2 1 2 -1 2 1 -2 1 2 
-1 -2 1 2 -1 -2 | 2 1 2 -1 2 1 1 2 1 
-1 -2 1 2 -1 -2 | 2 1 2 2 -1 -2 1 2 1 
-1 -2 1 2 -1 -2 | 2 1 2 2 2 1 1 
-1 -2 1 2 -1 -2 | 1 2 -1 2 2 1 1 
-1 -2 1 2 -1 -2 | 1 2 -1 2 1 2 -1 -2 1 
-1 -2 1 2 -1 -2 | 1 2 2 -1 -1 -2 1 
1 -2 -2 -1 2 -1 -2 | 1 2 2 -1 -1 -2 1 
1 -2 -2 -1 2 -1 -2 | 2 -1 -2 -1 -2 1 
1 -2 -2 -1 2 -1 -2 | 2 -1 -2 -2 1 2 2 
1 2 -1 -2 -1 -2 | 2 -1 -2 -2 1 2 2 
1 2 -1 -2 -1 -2 | 2 -1 -2 1 2 1 2 
1 2 -1 -2 -1 -2 | 2 2 1 1 2 
1 2 -1 -2 -1 -2 | 2 1 2 -1 -2 1 2 
1 2 -1 -2 -1 -2 | 2 1 2 2 1 
1 2 2 | 2 1 2 2 1 
1 2 2 | 2 1 
2 | 2 1 
2 | 1 
8
-1 2 2 2 2 2 1 -2 -2 -2 -2 -2 -2 | -1 -2 -2 -2 -2 -2 -2 
-1 -2 -2 -2 -2 -2 -2 -2 | -1 -2 -2 -2 -2 -2 -2 
-2 | -1 -2 -2 -2 -2 -2 -2 
-2 | -1 -2 -2 -2 -2 -2 
-2 | -1 -2 -2 -2 -2 
-2 | -1 -2 -2 -2 
-2 | -1 -2 -2 
-2 | -1 -2 
-2 | -1 
31
-1 2 2 2 2 2 1 -2 -2 -2 -2 -2 -2 | -1 2 1 2 2 2 -1 -2 
-1 2 2 2 2 -1 2 1 -2 -2 -2 | -1 2 1 2 2 2 -1 -2 
-1 2 2 2 2 -1 -1 2 1 | -1 2 1 2 2 2 -1 -2 
-1 2 2 2 2 -1 -1 2 1 | -1 2 1 -2 -2 1 -2 
-1 2 2 2 2 -1 2 -1 2 2 | -1 2 1 -2 -2 1 -2 
-1 2 2 2 2 -1 2 -1 2 2 | -1 2 2 2 2 2 -1 
-1 -2 1 2 -1 2 2 | -1 2 2 2 2 2 -1 
-1 -2 1 2 -1 2 2 | -1 2 2 2 1 -2 -1 2 
-1 -2 1 1 2 -1 -2 | -1 2 2 2 1 -2 -1 2 
-1 -2 1 1 2 -1 -2 | -1 2 2 -1 -2 1 2 
-1 -2 1 1 2 -1 -2 | -1 2 2 -1 -2 -2 1 1 2 -1 
-1 2 1 -2 -2 1 -2 | -1 2 2 -1 -2 -2 1 1 2 -1 
-1 2 1 -2 -2 1 -2 | -2 -1 -2 1 1 2 -1 
-1 2 1 -2 -2 1 -2 | -2 -2 -2 1 -2 1 2 -1 
-1 2 1 -2 -2 1 -2 | -2 -2 -2 1 1 -2 -2 
-1 2 1 -2 -2 1 -2 | -2 -2 1 -2 -2 1 -2 1 -2 -2 
-1 2 1 -2 -2 1 -2 | -1 -2 1 -2 1 -2 1 -2 -2 
-1 2 1 -2 -2 1 -2 | -1 -2 1 -2 1 2 -1 -2 1 -2 
-1 2 1 -2 -2 1 -2 | -1 -2 1 1 -2 -2 -2 1 -2 
-1 2 1 -2 -2 1 -2 | -1 -2 1 1 -2 -1 -2 1 
-1 2 1 -2 -2 1 -2 | -2 -2 1 -2 1 -2 -1 -2 1 
-1 2 1 -2 -2 1 -2 | -2 -2 1 2 -1 -2 -2 1 
-1 2 1 -2 -2 1 -2 | -2 1 -2 -2 -2 -2 1 
-1 2 1 -2 -1 2 2 2 | -2 1 -2 -2 -2 -2 1 
-1 2 1 -2 -1 2 2 2 | -2 1 -2 -1 2 1 -2 
-1 2 2 2 -1 2 2 | -2 1 -2 -1 2 1 -2 
-1 2 2 -1 2 1 | -2 1 -2 -1 2 1 -2 
-1 2 2 -1 2 1 | 2 -1 2 1 -2 
-1 2 2 | 2 -1 2 1 -2 
-1 2 2 | 1 -2 
2 | 1 -2 
2 | 1 
14
-1 2 2 2 2 2 1 -2 -2 -2 -2 -2 -2 | -1 2 1 -2 -2 -2 -1 2 
-1 2 2 2 2 1 -2 1 -2 -2 -2 | -1 2 1 -2 -2 -2 -1 2 
-1 2 2 2 2 1 -2 1 -2 -2 -2 | -1 2 2 -1 -2 -2 -2 
-1 2 -1 2 1 -2 -2 -2 | -1 2 2 -1 -2 -2 -2 
-1 2 -1 -2 -2 -1 -2 | -1 2 2 -1 -2 -2 -2 
-1 2 -1 -2 -2 -1 -2 | -1 2 1 2 1 -2 
-1 -1 2 1 -2 -1 -2 | -1 2 1 2 1 -2 
-1 -1 -1 -2 -2 | -1 2 1 2 1 -2 
-1 -1 -2 -1 2 1 -2 | -1 2 1 2 1 -2 
-1 -1 -2 -1 -1 -2 1 | -1 2 1 2 1 -2 
-1 -1 -2 -1 -1 -2 1 | -1 -1 -2 
-1 -1 -2 1 | -1 -1 -2 
1 | -1 -1 -2 
1 | -1 -2 
1 | -2 
36
-1 2 2 2 2 2 1 -2 -2 -2 -2 -2 -2 | -1 2 1 -2 -2 -2 -1 -2 
-1 2 2 2 2 1 2 1 -2 -2 -2 | -1 2 1 -2 -2 -2 -1 -2 
-1 2 2 2 2 1 2 1 -2 -2 -2 | -1 -1 -2 -2 -2 -2 -2 
-1 -2 -1 2 1 -2 -2 -2 | -1 -1 -2 -2 -2 -2 -2 
-1 -2 -1 2 1 -2 -2 -2 | -1 -1 -2 -1 -2 1 2 1 -2 
-2 -1 -1 -2 -2 -2 -2 | -1 -1 -2 -1 -2 1 2 1 -2 
-2 -1 -1 -2 -2 -2 -2 | 2 2 2 2 -1 -2 1 2 1 -2 
-2 -1 -1 -2 -2 -2 -2 | -2 -1 -1 -1 -2 1 2 1 -2 
-2 -1 -1 -2 -2 -2 -2 | -2 -1 2 2 2 2 1 2 1 -2 
-2 -1 -1 -2 -2 -2 -2 | -2 -1 -2 -1 2 1 -2 
-2 -1 -1 -2 -2 -2 -2 | -2 -1 -2 -1 -2 -2 -2 -2 -1 -2 
-2 -1 2 1 2 2 1 | -2 -1 -2 -1 -2 -2 -2 -2 -1 -2 
-2 -1 2 1 2 2 1 | -2 -1 -2 -1 -2 -2 1 -2 -1 
-2 -1 2 1 2 2 1 | -2 -1 2 1 -2 -1 -2 1 -2 -1 
-2 -1 2 1 2 2 1 | -2 -1 2 1 2 1 -2 -2 -1 
-2 -1 2 1 2 2 1 | -1 -2 1 -2 -2 -1 
-2 -2 -2 -1 2 2 1 | -1 -2 1 -2 -2 -1 
-2 -2 -2 -1 2 2 1 | -1 -2 1 2 -1 -2 -2 
-2 1 -2 -1 2 2 2 1 | -1 -2 1 2 -1 -2 -2 
-2 1 -2 -1 2 2 2 1 | -1 2 2 1 -2 -2 -2 
-2 1 2 2 -1 2 1 | -1 2 2 1 -2 -2 -2 
2 1 -2 -1 2 1 | -1 2 2 1 -2 -2 -2 
2 1 2 2 -1 -2 1 | -1 2 2 1 -2 -2 -2 
2 1 2 2 -1 -2 1 | -1 2 1 2 1 -2 
1 2 -1 2 -1 -2 1 | -1 2 1 2 1 -2 
1 2 -1 2 -1 -2 1 | 1 2 -1 2 2 1 -2 
1 2 2 -1 2 1 | 1 2 -1 2 2 1 -2 
1 2 2 -1 2 1 | 1 -2 -1 -1 2 1 -2 
1 2 2 -1 2 1 | 1 -2 -1 -2 -2 -1 -2 
1 2 -1 -2 -2 | 1 -2 -1 -2 -2 -1 -2 
1 2 -1 -2 -2 | -2 -2 -2 -2 -1 -2 
1 2 2 2 2 | -2 -2 -2 -2 -1 -2 
1 2 2 2 2 | -2 
1 2 2 2 | -2 
1 2 2 | -2 
1 2 | -2 
1 | -2 
30
-1 2 2 2 2 2 1 -2 -2 -2 -2 -2 -2 | -1 2 2 1 -2 -2 -1 2 
-1 2 2 2 1 -2 1 -2 -2 -2 -2 | -1 2 2 1 -2 -2 -1 2 
-1 2 1 -2 1 2 1 -2 -2 -2 -2 | -1 2 2 1 -2 -2 -1 2 
-1 2 1 -2 1 -2 1 -2 1 -2 -2 | -1 2 2 1 -2 -2 -1 2 
-1 2 1 -2 1 -2 1 -2 1 -2 -2 | -1 2 2 2 -1 2 -1 2 -1 
-1 2 1 -2 -1 2 | -1 2 2 2 -1 2 -1 2 -1 
-1 2 1 -2 -1 2 | -1 2 2 2 2 -1 -1 
-1 2 1 -2 1 1 -2 -2 -2 | -1 2 2 2 2 -1 -1 
-1 2 1 -2 1 1 -2 -2 -2 | -1 2 -1 2 1 -2 
-2 1 1 1 -2 -2 -2 | -1 2 -1 2 1 -2 
1 -2 -1 2 1 1 -2 -2 -2 | -1 2 -1 2 1 -2 
1 -2 -2 1 2 1 -2 -2 -2 | -1 2 -1 2 1 -2 
1 -2 -2 1 1 -2 1 -2 -2 | -1 2 -1 2 1 -2 
1 -2 -2 1 1 1 -2 -1 -2 | -1 2 -1 2 1 -2 
1 -2 -2 1 1 1 -2 -1 -2 | -1 -2 1 1 1 -2 -2 
1 -2 1 2 -1 -2 | -1 -2 1 1 1 -2 -2 
1 -2 1 2 -1 -2 | -2 -1 2 1 1 -2 -2 
1 -2 1 2 -1 -2 | -2 -2 1 2 1 -2 -2 
1 -2 1 2 -1 -2 | -2 -2 1 1 -2 1 -2 
1 -2 1 2 -1 -2 | -2 -2 1 -2 1 -2 1 1 -2 
1 -2 1 2 -1 -2 | -2 1 -2 -2 1 1 -2 
1 -2 1 2 -1 -2 | 1 -2 -1 -2 1 1 -2 
1 -2 1 2 -1 -2 | 1 -2 -2 -1 2 1 -2 
1 -2 1 2 -1 -2 | 1 -2 -2 -2 1 
1 -2 1 -2 -2 1 -2 | 1 -2 -2 -2 1 
1 -2 1 -2 -2 1 -2 | 1 -2 -1 2 -1 2 
1 -2 1 -2 -2 1 -2 | 1 -2 -2 1 -2 
1 -2 | 1 -2 -2 1 -2 
1 -2 | -2 1 -2 
1 -2 | -2 
1 | -2 
23
-1 2 2 2 2 2 1 -2 -2 -2 -2 -2 -2 | -1 2 2 1 -2 -2 -1 -2 
-1 2 2 2 1 2 1 -2 -2 -2 -2 | -1 2 2 1 -2 -2 -1 -2 
-1 2 2 2 1 -2 1 2 1 -2 -2 | -1 2 2 1 -2 -2 -1 -2 
-1 2 2 2 1 -2 1 2 1 -2 -2 | -1 2 -1 2 -1 -2 -2 -2 -2 
-1 -2 -1 2 2 1 -2 -2 | -1 2 -1 2 -1 -2 -2 -2 -2 
-1 -2 -1 -2 -2 -1 2 -1 -2 | -1 2 -1 2 -1 -2 -2 -2 -2 
-1 -2 -1 -2 -2 -1 2 -1 -2 | -1 2 2 2 1 2 1 -2 -2 -2 
-1 -2 -1 -2 -2 -1 2 -1 -2 | -1 2 2 -1 -2 -2 -1 -2 -2 
-1 2 1 -2 -1 -2 | -1 2 2 -1 -2 -2 -1 -2 -2 
-1 2 1 -2 -1 -2 | -1 2 -1 -2 -1 -2 -1 -2 -2 
-1 2 1 -2 -1 -2 | -1 -1 -2 -1 -1 -2 -1 -2 -2 
-1 2 1 -2 -1 -2 | -1 -1 -2 -1 -2 -1 -2 -1 -1 -2 -2 
-1 2 1 -2 -1 -2 | -1 -1 -1 -2 -2 -1 -1 -2 -2 
-1 2 1 -2 -1 -2 | -1 -1 -1 -2 -2 -1 -2 -1 -2 -1 -2 
-1 2 1 -2 -1 -2 | -1 -1 -1 -2 -1 -2 -2 -1 -2 
-1 2 1 -2 -1 -2 | -1 -1 -1 -2 -1 -2 -1 -2 1 
-1 2 1 -2 -1 -2 | -1 -1 -1 -2 -1 -1 -2 1 1 
-1 2 1 1 1 | -1 -1 -1 -2 -1 -1 -2 1 1 
-1 2 1 1 1 | -1 -1 -1 -2 1 1 
-1 2 1 1 1 | 1 
-1 2 1 1 | 1 
-1 2 1 | 1 
-1 2 | 1 
2 | 1 
13
-1 2 2 2 2 2 1 -2 -2 -2 -2 -2 -2 | -1 2 2 1 -2 -2 -2 -1 
-1 2 2 2 1 1 -2 -2 -2 | -1 2 2 1 -2 -2 -2 -1 
-1 2 2 2 1 1 -2 -2 -2 | -1 2 2 -1 -2 -2 -2 
-1 -1 2 2 1 -2 -2 -2 | -1 2 2 -1 -2 -2 -2 
-1 -1 -2 -1 -2 | -1 2 2 -1 -2 -2 -2 
-1 -1 -2 -1 -2 | -1 2 2 1 2 1 -2 -2 
-1 -1 -2 -1 -2 | -1 2 -1 -2 -2 
-1 -2 1 2 -1 -2 | -1 2 -1 -2 -2 
-1 -2 1 1 2 | -1 2 -1 -2 -2 
-1 -2 1 1 2 | -1 -1 -1 -2 
-1 -2 -1 | -1 -1 -1 -2 
-1 -2 -1 | -1 
-2 -1 | -1 
-2 | -1 
8
-1 2 2 2 2 2 1 -2 -2 -2 -2 -2 -2 | -1 2 2 2 2 2 2 2 
-1 2 2 2 2 2 2 | -1 2 2 2 2 2 2 2 
-1 2 2 2 2 2 2 | 2 
-1 2 2 2 2 2 | 2 
-1 2 2 2 2 | 2 
-1 2 2 2 | 2 
-1 2 2 | 2 
-1 2 | 2 
-1 | 2 
22
-1 2 2 2 2 2 1 -2 -2 -2 -2 -2 -2 | -1 2 -1 -2 1 2 2 2 
-1 2 2 2 2 2 2 -1 -2 1 -2 -2 -2 | -1 2 -1 -2 1 2 2 2 
-1 2 2 2 2 2 2 -1 -1 -2 1 | -1 2 -1 -2 1 2 2 2 
-1 2 2 2 -1 2 1 -2 -1 -2 1 | -1 2 -1 -2 1 2 2 2 
-1 -1 2 1 1 -2 -1 -2 1 | -1 2 -1 -2 1 2 2 2 
-1 -1 2 1 1 -2 -1 -2 1 | -1 2 1 -2 -1 2 2 
-1 -2 -2 1 2 1 -2 -1 -2 1 | -1 2 1 -2 -1 2 2 
-1 -2 -2 1 1 -2 -2 -2 1 | -1 2 1 -2 -1 2 2 
-1 -2 -2 1 1 -2 -1 2 1 -2 | -1 2 1 -2 -1 2 2 
-1 -2 -2 1 -2 1 -2 1 -2 | -1 2 1 -2 -1 2 2 
-1 -2 1 -2 -1 2 1 -2 1 -2 | -1 2 1 -2 -1 2 2 
-2 -1 2 -1 2 1 -2 1 -2 | -1 2 1 -2 -1 2 2 
-2 -1 -2 1 1 -2 | -1 2 1 -2 -1 2 2 
-2 -2 -1 2 2 1 -2 | -1 2 1 -2 -1 2 2 
-2 -2 -1 2 1 -2 -2 1 | -1 2 1 -2 -1 2 2 
-2 -2 -2 -2 1 -2 1 | -1 2 1 -2 -1 2 2 
-2 -2 -2 1 -2 -1 2 1 | -1 2 1 -2 -1 2 2 
-2 -2 -2 1 -2 -1 2 1 | 2 -1 2 2 -1 2 2 
-1 2 -1 2 1 | 2 -1 2 2 -1 2 2 
-1 2 -1 2 1 | 2 -1 2 2 
-1 2 -1 2 1 | 2 
-1 2 | 2 
-1 | 2 
48
-1 2 2 2 2 2 1 -2 -2 -2 -2 -2 -2 | -1 2 -1 -2 1 -2 -2 -2 
-1 2 2 2 2 2 2 1 -2 1 -2 -2 -2 | -1 2 -1 -2 1 -2 -2 -2 
-1 2 2 2 2 2 2 1 1 -2 1 | -1 2 -1 -2 1 -2 -2 -2 
-1 2 2 2 2 2 2 1 1 -2 1 | -1 2 -1 -2 1 2 2 1 1 
-1 2 2 2 2 -1 2 1 -2 1 -2 1 | -1 2 -1 -2 1 2 2 1 1 
-1 2 2 2 2 -1 2 1 -2 1 -2 1 | 2 2 2 2 2 1 1 
-1 -2 -1 -1 -1 2 1 -2 1 -2 1 | 2 2 2 2 2 1 1 
-1 -2 -1 -1 -1 -2 -2 -2 -2 -1 -2 1 -2 1 | 2 2 2 2 2 1 1 
-1 -2 -1 2 -1 -2 1 -2 1 | 2 2 2 2 2 1 1 
-1 -2 -1 2 1 2 2 2 2 1 -2 1 | 2 2 2 2 2 1 1 
-1 -2 -1 2 1 -2 -1 -2 1 | 2 2 2 2 2 1 1 
-1 -2 -1 -2 -2 -2 -2 -1 -2 -1 -2 1 | 2 2 2 2 2 1 1 
-1 -2 1 2 -1 -2 -1 -2 1 | 2 2 2 2 2 1 1 
-1 -2 1 2 -1 -2 -1 -2 1 | 2 2 2 1 2 -1 -2 1 
-1 -2 -2 -2 -2 -1 -1 -2 1 | 2 2 2 1 2 -1 -2 1 
2 -1 -2 1 -2 -1 -1 -2 1 | 2 2 2 1 2 -1 -2 1 
2 -1 -2 1 -2 -1 -1 -2 1 | 2 2 2 2 1 1 2 
2 -1 -2 1 2 2 2 1 | 2 2 2 2 1 1 2 
2 -1 -2 1 2 2 2 1 | 2 -1 2 1 -2 1 2 
1 2 2 2 2 2 1 | 2 -1 2 1 -2 1 2 
1 2 2 2 2 2 1 | 2 -1 -2 -2 -2 -2 -1 -2 1 2 
1 2 -1 -2 1 2 2 | 2 -1 -2 -2 -2 -2 -1 -2 1 2 
1 2 -1 -2 1 2 2 | 2 -1 -2 -2 -2 -2 -2 -1 -2 
1 2 -1 -2 1 2 2 | -1 -2 -2 -1 -2 -2 -2 -2 -1 -2 
1 2 -1 -2 1 2 2 | -1 -2 -1 -2 1 -2 -2 -1 -2 
1 2 -1 -2 1 2 2 | -1 -2 -1 -2 1 -2 -1 -2 1 2 
1 2 -1 -2 1 2 2 | -1 -2 -1 -2 -2 1 2 1 2 
1 2 -1 -2 1 2 2 | -1 -1 -2 1 1 2 1 2 
1 2 -1 -2 1 2 2 | -1 -1 -2 1 1 -2 -1 2 1 
1 1 2 -1 2 2 | -1 -1 -2 1 1 -2 -1 2 1 
1 1 2 -1 2 2 | 2 -1 2 1 1 -2 -1 2 1 
1 -2 1 2 -1 -1 2 | 2 -1 2 1 1 -2 -1 2 1 
1 -2 1 2 -1 -1 2 | 2 -1 2 2 1 1 
1 -2 -1 -2 -2 -1 2 | 2 -1 2 2 1 1 
2 2 1 -2 -2 -1 2 | 2 -1 2 2 1 1 
2 2 1 -2 -2 -1 2 | 2 -1 -2 1 2 2 1 
2 2 1 -2 -2 -1 2 | 2 -1 -2 1 -2 1 2 2 
2 1 -2 1 2 -1 2 | 2 -1 -2 1 -2 1 2 2 
2 1 -2 1 2 -1 2 | 2 -1 -2 -2 -2 1 2 
2 1 -2 1 2 -1 2 | 1 2 -1 -2 1 2 
1 2 1 1 2 -1 2 | 1 2 -1 -2 1 2 
1 2 1 -2 -1 2 2 | 1 2 -1 -2 1 2 
1 1 2 2 2 | 1 2 -1 -2 1 2 
1 -2 -1 2 1 2 2 | 1 2 -1 -2 1 2 
1 -2 -1 2 1 2 2 | 2 1 2 1 2 
1 -2 -1 -1 | 2 1 2 1 2 
1 -2 -1 -1 | 2 1 2 
1 -2 -1 -1 | 2 
-1 | 2 
39
-1 2 2 2 2 2 1 -2 -2 -2 -2 -2 -2 | -1 2 -1 -2 -2 1 2 2 
-1 2 2 2 2 2 1 -2 -2 -2 -2 -2 -2 | -1 2 -1 2 2 2 1 -2 -2 -2 -2 
-1 2 2 1 -2 1 -2 -2 | -1 2 -1 2 2 2 1 -2 -2 -2 -2 
-1 2 2 1 -2 1 -2 -2 | -1 2 2 2 -1 2 -1 2 1 -2 -2 -2 -2 
-1 2 2 2 1 -2 -2 -2 -2 -1 2 | -1 2 2 2 -1 2 -1 2 1 -2 -2 -2 -2 
-1 2 2 2 1 -2 -2 -2 -2 -1 2 | -1 2 2 2 -1 2 -1 -2 -2 1 -2 1 
-1 2 2 2 1 -2 -2 -1 2 -1 -2 | -1 2 2 2 -1 2 -1 -2 -2 1 -2 1 
-1 2 2 2 2 -1 -2 -1 -2 | -1 2 2 2 -1 2 -1 -2 -2 1 -2 1 
-1 2 2 2 2 -1 -2 -1 -2 | -1 -2 1 2 1 2 2 -1 -2 -2 1 -2 1 
-1 2 2 2 2 -1 -2 -1 -2 | -1 -2 1 2 1 -2 -2 1 2 1 -2 1 -2 1 
-1 2 2 2 2 -1 -2 -1 -2 | -1 -2 -2 -1 2 2 1 2 1 -2 1 -2 1 
-1 2 2 2 2 -1 -2 -1 -2 | -1 -2 -2 -1 2 -1 2 2 2 1 -2 1 
-1 2 -1 2 -1 2 2 -1 -2 | -1 -2 -2 -1 2 -1 2 2 2 1 -2 1 
-1 2 -1 2 -1 2 2 -1 -2 | -1 -2 1 -2 -2 1 2 2 1 -2 1 
-1 2 -1 -2 1 2 | -1 -2 1 -2 -2 1 2 2 1 -2 1 
-1 2 -1 -2 1 2 | -1 -2 1 -2 -2 1 2 1 2 
-1 2 -1 -2 1 2 | -1 -2 1 -2 1 -2 1 1 2 
-1 2 -1 -2 1 2 | -1 -2 -2 1 1 1 2 
-1 -1 -1 -1 2 1 2 | -1 -2 -2 1 1 1 2 
-1 -1 -1 -1 2 1 2 | -1 -2 1 2 -1 2 
-1 -1 -1 -1 2 1 2 | 2 -1 -1 -1 2 -1 2 
-1 -1 -1 -1 2 1 2 | 2 1 -2 -1 -1 2 
-1 -1 2 -1 -2 1 2 | 2 1 -2 -1 -1 2 
-1 -1 2 -1 -2 1 2 | 1 2 -1 -1 -1 -1 2 
-1 -1 2 2 -1 -1 -1 2 | 1 2 -1 -1 -1 -1 2 
-1 -1 2 2 1 -2 -1 | 1 2 -1 -1 -1 -1 2 
-1 -1 2 2 1 -2 -1 | 1 2 -1 2 -1 -2 
-1 -1 2 1 2 -1 -1 | 1 2 -1 2 -1 -2 
-1 2 -1 2 2 -1 -1 | 1 2 -1 2 -1 -2 
-1 2 -1 2 1 -2 -1 2 -1 | 1 2 -1 2 -1 -2 
-1 2 2 -1 -1 2 -1 | 1 2 -1 2 -1 -2 
-1 2 2 -1 -2 -1 2 | 1 2 -1 2 -1 -2 
-1 2 1 -2 -1 -1 2 | 1 2 -1 2 -1 -2 
2 -1 -1 -1 2 | 1 2 -1 2 -1 -2 
2 -1 -1 2 -1 2 -1 | 1 2 -1 2 -1 -2 
2 -1 -1 2 -1 2 -1 | 1 1 -2 1 -2 
2 -1 | 1 1 -2 1 -2 
2 -1 | 1 1 -2 
2 -1 | 1 
2 | 1 
14
-1 2 2 2 2 2 1 -2 -2 -2 -2 -2 -2 | -1 -1 -2 -2 1 2 2 2 
-1 2 2 2 2 2 -1 -2 -2 1 -2 -2 -2 | -1 -1 -2 -2 1 2 2 2 
-1 2 2 -1 2 2 1 -2 -2 1 -2 -2 -2 | -1 -1 -2 -2 1 2 2 2 
-1 2 2 -1 2 2 1 -2 -2 -1 -2 -2 1 | -1 -1 -2 -2 1 2 2 2 
-1 2 2 -1 2 2 1 -2 -2 -1 -2 -2 1 | -1 -2 -2 -1 2 2 2 
-1 2 2 -1 -1 2 -1 -2 -2 1 | -1 -2 -2 -1 2 2 2 
-1 2 2 -1 -1 -2 -2 1 1 | -1 -2 -2 -1 2 2 2 
-1 2 2 -1 -1 -2 -2 1 1 | -1 -1 -1 2 
-1 2 1 -2 -2 1 1 | -1 -1 -1 2 
-1 2 1 -2 -1 | -1 -1 -1 2 
-1 2 1 -2 -1 | -1 2 -1 
-1 2 -1 -1 | -1 2 -1 
-1 | -1 2 -1 
-1 | -1 2 
-1 | 2 
49
-1 2 2 2 2 2 1 -2 -2 -2 -2 -2 -2 | -1 -1 -2 -2 1 -2 -2 -2 
-1 2 2 2 2 2 2 2 1 1 -2 -2 -2 | -1 -1 -2 -2 1 -2 -2 -2 
-1 2 2 2 2 2 2 2 1 2 2 1 1 | -1 -1 -2 -2 1 -2 -2 -2 
-1 2 2 2 2 2 2 2 1 2 2 1 1 | -1 -1 -2 -2 1 2 2 1 2 2 1 2 2 
-1 2 2 2 2 2 2 2 1 2 2 1 1 | -1 -1 -2 -2 -2 -2 -2 -2 -2 1 2 2 
2 2 -1 2 2 1 1 | -1 -1 -2 -2 -2 -2 -2 -2 -2 1 2 2 
2 2 -1 -2 -2 -2 -2 -2 1 2 2 | -1 -1 -2 -2 -2 -2 -2 -2 -2 1 2 2 
2 2 -1 -2 -2 -2 -2 -2 1 2 2 | -1 -2 -2 -2 -2 -1 -2 -2 1 2 2 
-1 2 2 1 -2 1 2 2 | -1 -2 -2 -2 -2 -1 -2 -2 1 2 2 
-1 2 2 1 -2 1 2 2 | -1 -2 -2 -2 -2 -1 -2 -1 -2 -2 1 
-1 2 2 1 -2 -2 -1 -2 -2 -2 -2 | -1 -2 -2 -2 -2 -1 -2 -1 -2 -2 1 
-1 2 2 1 -2 -2 -1 -2 -2 -2 -2 | 2 2 -1 -2 -2 -2 -1 -2 -2 1 
-1 2 2 1 2 1 -2 -2 -1 -2 -2 | 2 2 -1 -2 -2 -2 -1 -2 -2 1 
2 2 -1 -2 -2 1 -2 -2 -1 -2 -2 | 2 2 -1 -2 -2 -2 -1 -2 -2 1 
2 2 -1 -2 -2 1 -2 -2 -1 -2 -2 | 2 2 -1 -2 -2 -2 1 2 2 
-2 -2 -1 2 1 -2 -2 -1 -2 -2 | 2 2 -1 -2 -2 -2 1 2 2 
-2 -2 -1 -2 -2 1 2 2 -1 -2 -2 | 2 2 -1 -2 -2 -2 1 2 2 
-2 -2 -1 -2 -2 1 2 2 -1 -2 -2 | -1 2 2 1 2 1 2 2 
-2 -2 -1 -2 -2 -2 -1 -2 -2 -2 -2 | -1 2 2 1 2 1 2 2 
-2 -2 -1 -2 -1 2 2 1 -2 -2 -2 | -1 2 2 1 2 1 2 2 
-1 2 2 2 2 1 -2 -2 -2 | -1 2 2 1 2 1 2 2 
-1 2 2 2 2 1 -2 -2 -2 | -1 -2 -2 1 2 2 2 2 1 2 2 
-1 2 2 2 2 1 -2 -2 -2 | -1 -2 -2 1 1 2 2 2 2 2 
-1 2 2 1 1 2 2 | -1 -2 -2 1 1 2 2 2 2 2 
-1 2 2 1 1 2 2 | 1 2 2 1 2 2 2 2 2 
-1 -2 -2 -2 -1 -2 -2 1 2 2 | 1 2 2 1 2 2 2 2 2 
-1 -2 1 2 2 2 1 2 2 | 1 2 2 1 2 2 2 2 2 
-1 -2 1 -2 -2 -1 | 1 2 2 1 2 2 2 2 2 
-1 -2 1 -2 -2 -1 | -1 -2 1 1 2 2 2 2 2 
-1 -2 1 -2 -2 -1 | -1 -2 -2 1 2 2 2 
-1 -2 1 2 -1 -2 -2 | -1 -2 -2 1 2 2 2 
-1 2 1 -2 -2 -1 -2 -2 | -1 -2 -2 1 2 2 2 
-1 2 1 -2 -2 -1 -2 -2 | -1 -2 1 -2 -2 -1 2 
-1 2 2 1 -2 -2 -2 | -1 -2 1 -2 -2 -1 2 
-1 2 2 1 -2 -2 -2 | -1 -2 1 2 -1 -2 
-1 2 2 1 -2 -2 -2 | -1 2 1 -2 -2 -1 -2 
-1 2 1 2 1 -2 | -1 2 1 -2 -2 -1 -2 
-1 2 1 2 1 -2 | -1 2 1 -2 1 -2 -1 
1 2 -1 2 2 1 -2 | -1 2 1 -2 1 -2 -1 
1 2 -1 2 2 1 -2 | -1 -2 1 -2 -2 -1 
1 -2 -1 -1 2 1 -2 | -1 -2 1 -2 -2 -1 
1 -2 -1 -2 -2 -1 -2 | -1 -2 1 -2 -2 -1 
1 -2 -1 -2 -2 -1 -2 | 2 2 1 -2 -1 
-2 -2 -2 -2 -1 -2 | 2 2 1 -2 -1 
-2 -2 -2 -2 -1 -2 | -2 -2 -2 -2 -1 
-2 | -2 -2 -2 -2 -1 
-2 | -2 -2 -2 -1 
-2 | -2 -2 -1 
-2 | -2 -1 
-2 | -1 
14
-1 2 2 2 2 2 1 -2 -2 -2 -2 -2 -2 | -1 -2 1 2 2 2 -1 -2 
-1 2 2 2 2 -1 -2 1 -2 -2 -2 | -1 -2 1 2 2 2 -1 -2 
-1 2 -1 2 1 1 -2 -2 -2 | -1 -2 1 2 2 2 -1 -2 
-1 2 -1 2 1 1 -2 -2 -2 | -1 -1 2 1 -2 
-1 2 1 2 1 -2 -2 -2 | -1 -1 2 1 -2 
-1 2 1 1 1 -2 -2 | -1 -1 2 1 -2 
1 2 1 1 -2 -2 | -1 -1 2 1 -2 
1 1 1 2 1 -2 -2 | -1 -1 2 1 -2 
1 1 1 1 1 -2 | -1 -1 2 1 -2 
1 1 1 1 1 -2 | 1 1 1 1 -2 
1 | 1 1 1 1 -2 
1 | 1 1 1 -2 
1 | 1 1 -2 
1 | 1 -2 
1 | -2 
37
-1 2 2 2 2 2 1 -2 -2 -2 -2 -2 -2 | -1 -2 -1 -2 -2 1 2 2 
-1 2 2 2 2 2 1 -2 -2 -2 -2 -2 -2 | -1 -2 -1 2 2 2 1 -2 -2 -2 -2 
-1 2 2 1 2 1 -2 -2 | -1 -2 -1 2 2 2 1 -2 -2 -2 -2 
-1 2 2 1 2 1 -2 -2 | -1 -2 -1 2 2 -1 -2 -2 1 -2 -2 
-1 2 2 1 2 1 -2 -2 | -1 2 -1 -2 -1 -1 -2 -2 1 -2 -2 
-1 2 2 1 2 1 -2 -2 | -1 2 -1 -2 -1 -1 -2 -2 -2 -1 -2 -2 1 
-1 -2 -1 -2 -1 -2 -1 2 1 -2 -2 | -1 2 -1 -2 -1 -1 -2 -2 -2 -1 -2 -2 1 
2 2 2 1 -2 -1 2 1 -2 -2 | -1 2 -1 -2 -1 -1 -2 -2 -2 -1 -2 -2 1 
2 2 2 1 -2 -1 2 1 -2 -2 | -1 -1 2 -1 -2 -2 -2 -1 -2 -2 1 
-1 -2 -2 -1 -1 2 1 -2 -2 | -1 -1 2 -1 -2 -2 -2 -1 -2 -2 1 
-1 -2 -2 -1 -1 2 1 -2 -2 | -1 -1 2 -1 -2 -1 -2 1 1 1 
-1 -2 -2 -1 2 -1 -2 -2 -2 | -1 -1 2 -1 -2 -1 -2 1 1 1 
-1 -2 -1 -2 -1 -1 -2 -2 -2 | -1 -1 2 -1 -2 -1 -2 1 1 1 
-2 -1 -1 -1 -2 -2 -2 | -1 -1 2 -1 -2 -1 -2 1 1 1 
-2 -1 -1 -1 -2 -2 -2 | -1 -1 2 -1 -2 -1 -2 -2 -2 -2 -2 
-2 -1 -1 -1 -2 -2 -2 | -1 -1 2 -1 -2 1 1 -2 
-2 -1 -1 -1 -2 -2 -2 | -1 -1 2 -1 -2 -2 -2 -2 -2 -1 -2 
-2 -1 -1 -1 -2 -2 -2 | -1 -1 2 1 1 -2 -1 -2 
-2 -1 -1 -1 -2 -2 -2 | -1 -1 -2 -2 -2 -1 -2 -1 -2 
-2 -1 -1 -1 -2 -2 -2 | 1 2 -1 -2 -1 -2 
-2 -1 -1 2 1 -2 -1 -2 -2 | 1 2 -1 -2 -1 -2 
-2 -1 -1 2 1 1 -2 -1 -2 | 1 2 -1 -2 -1 -2 
-2 -1 2 -1 -2 1 -2 -1 -2 | 1 2 -1 -2 -1 -2 
-2 -1 2 2 1 -2 -2 -1 -2 | 1 2 -1 -2 -1 -2 
-1 -2 -1 2 1 -2 -2 -1 -2 | 1 2 -1 -2 -1 -2 
-1 -1 -2 -2 -2 -1 -2 | 1 2 -1 -2 -1 -2 
-1 -1 -2 -2 -1 -2 -1 -2 -2 | 1 2 -1 -2 -1 -2 
-1 -1 -2 1 -2 -1 -1 -2 -2 | 1 2 -1 -2 -1 -2 
-1 2 1 -2 -2 -1 -1 -2 -2 | 1 2 -1 -2 -1 -2 
2 -1 -2 -2 -2 -1 -1 -2 -2 | 1 2 -1 -2 -1 -2 
2 -1 -2 -2 -2 -1 -1 -2 -2 | 1 2 1 2 2 
2 -1 -2 -2 -2 -1 2 1 | 1 2 1 2 2 
2 -1 -2 1 2 2 1 | 1 2 1 2 2 
2 -1 -2 -2 | 1 2 1 2 2 
2 -1 -2 -2 | 1 2 2 
2 | 1 2 2 
2 | 1 2 
2 | 1 
9
-1 2 2 2 2 2 1 -2 -2 -2 -2 -2 -2 | -1 -2 -2 -2 -2 -2 -2 -2 
-1 -2 -2 -2 -2 -2 -2 -2 -2 | -1 -2 -2 -2 -2 -2 -2 -2 
-2 | -1 -2 -2 -2 -2 -2 -2 -2 
-2 | -1 -2 -2 -2 -2 -2 -2 
-2 | -1 -2 -2 -2 -2 -2 
-2 | -1 -2 -2 -2 -2 
-2 | -1 -2 -2 -2 
-2 | -1 -2 -2 
-2 | -1 -2 
-2 | -1 
2
-1 2 2 2 2 2 2 1 -2 -2 -2 -2 -2 -2 -2 | -1 2 
-1 | -1 2 
-1 | 2 
3
-1 2 2 2 2 2 2 1 -2 -2 -2 -2 -2 -2 -2 | -1 -2 
-1 -2 -2 | -1 -2 
-2 | -1 -2 
-2 | -1 
3
-1 2 2 2 2 2 2 1 -2 -2 -2 -2 -2 -2 -2 | -1 2 2 
-1 2 | -1 2 2 
-1 2 | 2 
-1 | 2 
4
-1 2 2 2 2 2 2 1 -2 -2 -2 -2 -2 -2 -2 | -1 -2 -2 
-1 -2 -2 -2 | -1 -2 -2 
-2 | -1 -2 -2 
-2 | -1 -2 
-2 | -1 
4
-1 2 2 2 2 2 2 1 -2 -2 -2 -2 -2 -2 -2 | -1 2 2 2 
-1 2 2 | -1 2 2 2 
-1 2 2 | 2 
-1 2 | 2 
-1 | 2 
5
-1 2 2 2 2 2 2 1 -2 -2 -2 -2 -2 -2 -2 | -1 -2 -2 -2 
-1 -2 -2 -2 -2 | -1 -2 -2 -2 
-2 | -1 -2 -2 -2 
-2 | -1 -2 -2 
-2 | -1 -2 
-2 | -1 
5
-1 2 2 2 2 2 2 1 -2 -2 -2 -2 -2 -2 -2 | -1 2 2 2 2 
-1 2 2 2 | -1 2 2 2 2 
-1 2 2 2 | 2 
-1 2 2 | 2 
-1 2 | 2 
-1 | 2 
6
-1 2 2 2 2 2 2 1 -2 -2 -2 -2 -2 -2 -2 | -1 -2 -2 -2 -2 
-1 -2 -2 -2 -2 -2 | -1 -2 -2 -2 -2 
-2 | -1 -2 -2 -2 -2 
-2 | -1 -2 -2 -2 
-2 | -1 -2 -2 
-2 | -1 -2 
-2 | -1 
6
-1 2 2 2 2 2 2 1 -2 -2 -2 -2 -2 -2 -2 | -1 2 2 2 2 2 
-1 2 2 2 2 | -1 2 2 2 2 2 
-1 2 2 2 2 | 2 
-1 2 2 2 | 2 
-1 2 2 | 2 
-1 2 | 2 
-1 | 2 
7
-1 2 2 2 2 2 2 1 -2 -2 -2 -2 -2 -2 -2 | -1 -2 -2 -2 -2 -2 
-1 -2 -2 -2 -2 -2 -2 | -1 -2 -2 -2 -2 -2 
-2 | -1 -2 -2 -2 -2 -2 
-2 | -1 -2 -2 -2 -2 
-2 | -1 -2 -2 -2 
-2 | -1 -2 -2 
-2 | -1 -2 
-2 | -1 
26
-1 2 2 2 2 2 2 1 -2 -2 -2 -2 -2 -2 -2 | -1 2 2 1 -2 -2 -1 
-1 2 2 2 2 1 1 -2 -2 -2 -2 -2 | -1 2 2 1 -2 -2 -1 
-1 2 2 1 1 2 2 1 -2 -2 -2 -2 -2 | -1 2 2 1 -2 -2 -1 
-1 2 2 1 1 1 1 -2 -2 -2 | -1 2 2 1 -2 -2 -1 
1 2 2 1 1 1 -2 -2 -2 | -1 2 2 1 -2 -2 -1 
1 1 1 2 2 1 1 -2 -2 -2 | -1 2 2 1 -2 -2 -1 
1 1 1 1 1 2 2 1 -2 -2 -2 | -1 2 2 1 -2 -2 -1 
1 1 1 1 1 1 1 -2 | -1 2 2 1 -2 -2 -1 
1 1 1 1 2 2 1 -2 -2 1 -2 | -1 2 2 1 -2 -2 -1 
1 1 2 2 1 1 -2 -2 1 -2 | -1 2 2 1 -2 -2 -1 
2 2 1 1 1 -2 -2 1 -2 | -1 2 2 1 -2 -2 -1 
2 2 1 1 1 -2 -2 1 -2 | -1 2 2 -1 -1 -2 -1 -1 
2 2 1 -2 -1 -1 -2 | -1 2 2 -1 -1 -2 -1 -1 
2 2 1 -2 -1 -1 -2 | -1 2 -1 -1 2 -1 -2 -1 -1 
2 2 1 -2 -1 -1 -2 | -1 2 -1 -1 -1 -1 -1 -1 
2 2 1 -2 -1 -1 -2 | -1 2 -1 -1 -1 2 -1 -2 -1 
2 2 1 -2 -1 -1 -2 | -1 2 -1 2 -1 -1 -2 -1 
2 2 1 -2 -1 -1 -2 | -1 2 1 2 -1 -1 -1 -2 -1 
2 2 1 -2 -1 -1 -2 | 1 2 2 -1 -1 -1 -2 -1 
2 2 -1 -1 -1 -1 -2 | 1 2 2 -1 -1 -1 -2 -1 
2 -1 -2 | 1 2 2 -1 -1 -1 -2 -1 
2 -1 -2 | 1 2 2 -1 -1 -2 -1 
1 -2 | 1 2 2 -1 -1 -2 -1 
1 -2 | 1 2 -1 -2 -1 
1 -2 | 1 -2 -1 
1 -2 | -1 
-2 | -1 
7
-1 2 2 2 2 2 2 1 -2 -2 -2 -2 -2 -2 -2 | -1 2 2 2 2 2 2 
-1 2 2 2 2 2 | -1 2 2 2 2 2 2 
-1 2 2 2 2 2 | 2 
-1 2 2 2 2 | 2 
-1 2 2 2 | 2 
-1 2 2 | 2 
-1 2 | 2 
-1 | 2 
34
-1 2 2 2 2 2 2 1 -2 -2 -2 -2 -2 -2 -2 | -1 -1 -2 -2 1 2 2 
-1 2 2 2 2 1 2 2 -1 -2 -2 -2 -2 -2 -2 -2 | -1 -1 -2 -2 1 2 2 
-1 2 2 1 2 2 -1 2 2 -1 -2 -2 -2 -2 -2 -2 -2 | -1 -1 -2 -2 1 2 2 
2 2 -1 2 2 -1 2 2 -1 -2 -2 -2 -2 -2 -2 -2 | -1 -1 -2 -2 1 2 2 
2 2 -1 2 2 -1 2 2 -1 -2 -2 -2 -2 -2 -2 -2 | -1 -1 -1 2 2 -1 -2 -2 -2 
2 2 -1 2 2 1 1 -2 -2 -2 -2 | -1 -1 -1 2 2 -1 -2 -2 -2 
2 2 -1 2 2 1 1 -2 -2 -2 -2 | -1 -1 -1 2 2 1 -2 -2 -1 -2 
2 2 -1 2 2 1 1 -2 -2 -2 -2 | -1 -1 2 2 -1 -2 -2 -1 -2 
2 2 -1 2 2 1 1 -2 -2 -2 -2 | -1 -1 2 2 1 -2 -2 -1 -1 -2 
2 2 -1 2 2 1 1 -2 -2 -2 -2 | -1 2 2 -1 -2 -2 -1 -1 -2 
2 2 -1 2 2 1 1 -2 -2 -2 -2 | 2 2 -1 -1 -1 -2 -2 -1 -1 -2 
2 2 -1 -1 -1 2 -1 -2 -2 -2 -2 | 2 2 -1 -1 -1 -2 -2 -1 -1 -2 
2 2 -1 -1 -1 2 -1 -2 -2 -2 -2 | 2 2 -1 -1 -2 1 -2 
2 -1 2 -1 2 -1 -2 -2 -2 -2 | 2 2 -1 -1 -2 1 -2 
2 -1 2 -1 2 1 -2 -1 -2 -2 -2 | 2 2 -1 -1 -2 1 -2 
2 -1 2 2 -1 -2 -1 -2 -2 -2 | 2 2 -1 -1 -2 1 -2 
2 -1 2 2 -1 -2 1 -2 -1 -2 -2 | 2 2 -1 -1 -2 1 -2 
2 -1 2 2 1 -2 -2 -1 -2 -2 | 2 2 -1 -1 -2 1 -2 
2 -1 2 1 2 -1 -2 -2 -1 -2 -2 | 2 2 -1 -1 -2 1 -2 
2 2 -1 2 -1 -2 -2 -1 -2 -2 | 2 2 -1 -1 -2 1 -2 
2 2 -1 2 1 -2 -1 -2 -1 -2 -2 | 2 2 -1 -1 -2 1 -2 
2 2 2 -1 -2 -1 -2 -1 -2 -2 | 2 2 -1 -1 -2 1 -2 
2 2 2 -1 -2 -1 -2 1 -2 -1 -2 | 2 2 -1 -1 -2 1 -2 
2 2 2 -1 -2 1 -2 -2 -1 -2 | 2 2 -1 -1 -2 1 -2 
2 2 2 -1 -2 1 -2 -2 -1 -2 | 2 2 -1 -2 -2 1 2 
-1 2 1 -2 -2 -1 -2 | 2 2 -1 -2 -2 1 2 
-1 -2 1 2 -1 -2 | 2 2 -1 -2 -2 1 2 
-1 -2 1 2 -1 -2 | 2 2 -1 -2 1 2 1 
-1 -2 1 2 -1 -2 | 2 2 2 1 1 
-1 -2 1 2 -1 -2 | 2 2 1 2 -1 -2 1 
-2 -1 -2 -1 -2 | 2 2 1 2 -1 -2 1 
-2 -1 -2 -1 -2 | -1 -1 -2 1 
-2 -1 -2 | -1 -1 -2 1 
-2 | -1 -1 -2 1 
-2 | -1 
8
-1 2 2 2 2 2 2 1 -2 -2 -2 -2 -2 -2 -2 | -1 -2 -2 -2 -2 -2 -2 
-1 -2 -2 -2 -2 -2 -2 -2 | -1 -2 -2 -2 -2 -2 -2 
-2 | -1 -2 -2 -2 -2 -2 -2 
-2 | -1 -2 -2 -2 -2 -2 
-2 | -1 -2 -2 -2 -2 
-2 | -1 -2 -2 -2 
-2 | -1 -2 -2 
-2 | -1 -2 
-2 | -1 
58
-1 2 2 2 2 2 2 1 -2 -2 -2 -2 -2 -2 -2 | -1 2 2 1 -2 -2 -1 2 
-1 2 2 2 2 1 -2 1 -2 -2 -2 -2 -2 | -1 2 2 1 -2 -2 -1 2 
-1 2 2 1 -2 1 2 1 -2 -2 -2 -2 -2 | -1 2 2 1 -2 -2 -1 2 
-2 1 2 1 2 1 -2 -2 -2 -2 -2 | -1 2 2 1 -2 -2 -1 2 
-2 1 2 1 -2 1 -2 1 -2 -2 -2 | -1 2 2 1 -2 -2 -1 2 
-2 1 -2 1 -2 1 2 1 -2 1 -2 -2 -2 | -1 2 2 1 -2 -2 -1 2 
-2 1 -2 1 -2 1 -2 1 -2 1 2 1 -2 -2 -2 | -1 2 2 1 -2 -2 -1 2 
-2 1 -2 1 2 1 -2 -2 -2 1 2 1 -2 -2 -2 | -1 2 2 1 -2 -2 -1 2 
2 1 -2 1 -2 -2 -2 1 2 1 -2 -2 -2 | -1 2 2 1 -2 -2 -1 2 
2 1 -2 1 -2 -2 -2 1 -2 1 -2 1 -2 | -1 2 2 1 -2 -2 -1 2 
2 1 -2 1 -2 1 -2 -2 -2 1 -2 | -1 2 2 1 -2 -2 -1 2 
2 1 -2 1 -2 1 -2 1 -2 -2 -1 | -1 2 2 1 -2 -2 -1 2 
2 1 -2 1 -2 1 -2 1 -2 -2 -1 | -1 2 2 2 -1 2 -1 2 -1 
2 1 -2 -1 2 -1 | -1 2 2 2 -1 2 -1 2 -1 
2 1 -2 -1 2 -1 | -1 2 2 2 2 -1 -1 
2 1 -2 -1 2 -1 | -2 1 2 -1 2 2 2 -1 -1 
2 2 2 2 -1 -1 -1 | -2 1 2 -1 2 2 2 -1 -1 
2 2 2 2 -1 -1 -1 | -2 1 2 -1 -2 1 
2 2 2 2 -1 -1 -1 | 2 2 2 -1 -1 2 -1 -2 1 
2 -1 2 1 -2 -1 | 2 2 2 -1 -1 2 -1 -2 1 
2 -1 2 1 -2 -1 | 2 2 2 -1 -1 -1 2 
2 -1 2 1 -2 -1 | 2 2 2 -1 -1 -2 1 2 -1 
2 -1 2 1 -2 -1 | 2 2 2 -1 -2 -1 2 2 -1 
2 -1 2 1 -2 -1 | 2 2 -1 2 -1 -1 2 2 -1 
2 -1 2 1 -2 -1 | 2 1 2 -1 -1 -1 2 2 -1 
-2 1 1 1 -2 -2 -1 | 2 1 2 -1 -1 -1 2 2 -1 
-2 1 1 1 -2 -2 -1 | 2 1 -2 -1 2 -1 
1 -2 -1 2 1 1 -2 -2 -1 | 2 1 -2 -1 2 -1 
1 -2 -2 1 2 1 -2 -2 -1 | 2 1 -2 -1 2 -1 
1 -2 -2 1 2 1 -2 -2 -1 | -1 2 2 2 -1 2 -1 
1 -2 -2 1 2 1 -2 -2 -1 | -1 -2 1 2 2 -1 
1 -2 -2 1 2 -1 -2 | -1 -2 1 2 2 -1 
1 -2 -2 1 2 -1 -2 | -2 -1 2 2 2 2 -1 
1 2 2 -1 -1 -2 | -2 -1 2 2 2 2 -1 
1 2 2 -1 -1 -2 | 2 -1 -1 2 2 2 -1 
1 2 1 -2 -2 -2 -2 | 2 -1 -1 2 2 2 -1 
1 2 1 -2 -2 -2 -2 | 2 -1 -1 -2 1 2 
1 2 -1 -2 1 -2 -2 | 2 -1 -1 -2 1 2 
1 2 -1 -2 1 -2 -2 | 2 -1 -2 -1 2 2 2 
1 -2 -2 -2 1 1 -2 -2 | 2 -1 -2 -1 2 2 2 
-2 -1 2 1 1 -2 -2 | 2 -1 -2 -1 2 2 2 
-2 -1 2 1 1 -2 -2 | 2 -1 -2 -1 -1 2 1 1 
-2 1 2 1 -2 -2 -2 | 2 -1 -2 -1 -1 2 1 1 
-2 1 2 1 -2 -2 -2 | -2 -2 -2 -1 2 1 1 
-2 1 2 -1 -2 1 | -2 -2 -2 -1 2 1 1 
-2 1 2 -1 -2 1 | -2 -2 -2 -2 1 2 1 
-2 1 -2 -2 -2 1 1 | -2 -2 -2 -2 1 2 1 
-2 1 -2 -2 -2 1 1 | -2 -1 2 -1 2 1 
-2 -2 1 -2 1 -2 -2 1 1 | -2 -1 2 -1 2 1 
-2 -2 1 1 -2 -1 -2 1 1 | -2 -1 2 -1 2 1 
-2 -2 1 1 -2 -2 -1 2 1 | -2 -1 2 -1 2 1 
-2 -2 1 1 -2 -2 -2 1 2 | -2 -1 2 -1 2 1 
-2 -2 1 1 -2 -2 -2 1 2 | -2 1 -2 -2 1 
-2 -2 1 1 -2 -1 2 2 | -2 1 -2 -2 1 
-2 -2 1 1 -2 -1 2 2 | -2 -2 1 
-2 -2 1 1 -2 | -2 -2 1 
1 -2 | -2 -2 1 
1 -2 | -2 
1 | -2 
46
-1 2 2 2 2 2 2 1 -2 -2 -2 -2 -2 -2 -2 | -1 2 2 1 -2 -2 -1 -2 
-1 2 2 2 2 1 2 1 -2 -2 -2 -2 -2 | -1 2 2 1 -2 -2 -1 -2 
-1 2 2 2 2 1 -2 1 2 1 -2 -2 -2 | -1 2 2 1 -2 -2 -1 -2 
-1 2 2 1 2 1 2 1 2 1 -2 -2 -2 | -1 2 2 1 -2 -2 -1 -2 
-1 2 2 1 2 1 2 1 -2 1 2 1 -2 | -1 2 2 1 -2 -2 -1 -2 
2 1 2 2 2 1 2 1 -2 1 2 1 -2 | -1 2 2 1 -2 -2 -1 -2 
2 1 2 1 2 1 2 2 2 1 -2 1 2 1 -2 | -1 2 2 1 -2 -2 -1 -2 
2 1 2 1 2 1 2 1 2 1 2 1 2 1 -2 | -1 2 2 1 -2 -2 -1 -2 
2 1 2 1 2 1 2 1 2 2 2 1 -2 1 -2 | -1 2 2 1 -2 -2 -1 -2 
2 1 2 1 2 2 2 1 2 1 -2 1 -2 | -1 2 2 1 -2 -2 -1 -2 
2 2 2 1 2 1 2 1 -2 1 -2 | -1 2 2 1 -2 -2 -1 -2 
2 2 2 2 2 1 -2 1 -2 1 -2 | -1 2 2 1 -2 -2 -1 -2 
2 2 2 2 2 1 -2 1 -2 1 -2 | -1 -2 -2 -1 2 -1 -2 -1 -2 
2 2 2 2 -1 -2 -1 -2 -2 -2 1 -2 | -1 -2 -2 -1 2 -1 -2 -1 -2 
2 2 2 1 2 2 1 -2 -2 1 -2 | -1 -2 -2 -1 2 -1 -2 -1 -2 
2 2 2 1 2 2 1 -2 -2 1 -2 | 2 2 1 -2 -1 -2 -1 -2 
2 2 2 1 2 1 2 1 -2 1 -2 | 2 2 1 -2 -1 -2 -1 -2 
2 2 2 2 1 1 -2 1 -2 | 2 2 1 -2 -1 -2 -1 -2 
2 2 2 2 1 1 -2 1 -2 | 2 2 1 -2 -1 2 2 1 1 -2 -2 
2 2 1 2 -1 -2 1 -2 | 2 2 1 -2 -1 2 2 1 1 -2 -2 
2 2 1 2 -1 -2 1 -2 | 2 2 1 1 2 -1 2 1 1 -2 -2 
2 2 1 2 1 1 1 | 2 2 1 1 2 -1 2 1 1 -2 -2 
2 2 1 1 -2 -1 | 2 2 1 1 2 -1 2 1 1 -2 -2 
2 2 1 1 -2 -1 | 1 2 2 -1 2 1 1 -2 -2 
2 1 -2 -2 -1 2 -1 | 1 2 2 -1 2 1 1 -2 -2 
2 1 -2 -2 -1 2 -1 | 1 2 1 2 2 1 -2 -2 
2 1 -2 -2 -1 2 -1 | 1 2 1 2 1 -2 1 
-1 -2 -1 -1 -2 -1 2 -1 | 1 2 1 2 1 -2 1 
-1 -2 -1 -1 -2 -1 2 -1 | 2 -1 -1 -2 -1 2 1 -2 1 
-1 -2 -1 -1 -2 -1 2 -1 | 2 2 1 1 1 -2 1 
-1 -2 -1 -1 -2 -1 2 -1 | 2 2 1 -2 -1 -1 -2 
-1 -1 -2 -2 -1 2 -1 | 2 2 1 -2 -1 -1 -2 
-1 -1 -2 -2 -1 2 -1 | 2 2 1 -2 1 -2 1 2 
-1 -1 2 1 -2 | 2 2 1 -2 1 -2 1 2 
-1 -1 2 1 -2 | 2 1 1 1 -2 1 2 
-1 -1 2 1 -2 | 2 1 1 -2 1 1 1 2 
-1 -1 2 1 -2 | 2 1 1 -2 1 2 1 
-1 -1 2 1 -2 | 1 1 2 1 -2 1 2 1 
-1 -1 2 1 -2 | 1 1 1 1 1 2 1 
-1 -1 2 1 -2 | 1 1 1 2 1 1 
-1 -1 2 1 -2 | 1 2 1 1 1 
-1 -1 -1 -1 -1 -2 | 1 2 1 1 1 
-1 | 1 2 1 1 1 
-1 | 1 2 1 1 
-1 | 1 2 1 
-1 | 1 2 
-1 | 2 
59
-1 2 2 2 2 2 2 1 -2 -2 -2 -2 -2 -2 -2 | -1 2 2 2 1 -2 -1 -2 
-1 2 2 2 1 2 1 -2 -2 -2 -2 -2 -2 | -1 2 2 2 1 -2 -1 -2 
2 1 2 2 1 -2 -2 -2 -2 -2 -2 | -1 2 2 2 1 -2 -1 -2 
2 1 2 2 1 -2 -2 -2 -2 -2 -2 | -1 2 -1 2 2 2 2 -1 -2 
2 1 2 -1 2 -1 -2 -2 | -1 2 -1 2 2 2 2 -1 -2 
2 1 2 -1 2 -1 -2 -2 | -2 -1 2 2 2 2 2 -1 -2 
2 1 2 -1 -2 -2 -2 -2 1 | -2 -1 2 2 2 2 2 -1 -2 
2 1 -2 -2 -2 -2 1 -2 -2 1 | -2 -1 2 2 2 2 2 -1 -2 
-2 -1 2 1 -2 -2 1 | -2 -1 2 2 2 2 2 -1 -2 
-2 -1 -2 -1 2 2 2 1 | -2 -1 2 2 2 2 2 -1 -2 
-2 -1 -2 -1 2 2 2 1 | 1 2 -1 2 2 -1 -2 
-2 -1 -2 -1 2 2 2 1 | 1 2 -1 2 -1 -2 -1 2 2 
-2 -2 1 -2 -1 2 1 | 1 2 -1 2 -1 -2 -1 2 2 
-2 -2 1 -2 -1 2 1 | 1 2 -1 -2 1 -2 -1 -1 2 2 
-2 -2 1 -2 -1 2 1 | 1 -2 1 -2 -2 -1 -1 2 2 
-2 -2 1 -2 -1 2 1 | 1 -2 -2 1 2 -1 -1 -1 2 2 
-2 -2 1 -2 -1 2 1 | -2 1 2 2 -1 -1 -1 2 2 
-2 -2 1 -2 1 1 -2 -2 | -2 1 2 2 -1 -1 -1 2 2 
-2 -2 1 -2 1 1 -2 -2 | -2 1 -2 -2 1 -2 -1 2 2 
-1 -2 1 1 1 -2 -2 | -2 1 -2 -2 1 -2 -1 2 2 
-1 -2 1 1 1 -2 -2 | -2 -1 -1 2 1 1 -2 -1 2 2 
1 -2 -1 2 1 -2 -2 | -2 -1 -1 2 1 1 -2 -1 2 2 
1 -2 -1 2 1 -2 -2 | -2 -1 -1 2 1 2 2 -1 2 
1 -2 -1 2 1 -2 -2 | -2 -1 -1 2 1 2 -1 2 1 -2 
1 -2 -2 -1 -2 1 1 | -2 -1 -1 2 1 2 -1 2 1 -2 
1 -2 -2 -1 -2 1 1 | -2 1 -2 -1 2 1 -2 
-2 1 2 -1 -1 -2 1 1 | -2 1 -2 -1 2 1 -2 
-2 1 2 -1 -1 -2 1 1 | -2 -1 -2 1 1 1 -2 
-2 1 2 -1 -1 -2 1 1 | -2 -1 -2 1 2 1 1 -2 -1 
-2 -2 -1 -2 1 1 1 | -2 -1 -2 1 2 1 1 -2 -1 
-2 -2 -1 -2 1 1 1 | 2 -1 -1 2 1 1 -2 -1 
-2 -2 1 -2 -1 2 1 | 2 -1 -1 2 1 1 -2 -1 
-2 -2 1 -2 -1 2 1 | 2 -1 2 -1 2 2 1 -2 -1 
-2 -2 1 -2 -1 2 1 | -1 2 1 -2 -1 2 2 1 -2 -1 
-2 -2 1 -2 -1 2 1 | -1 2 2 2 -1 2 1 -2 -1 
-2 -2 1 -2 -1 2 1 | -1 2 2 2 2 -1 2 -1 
-2 -2 1 -2 -1 2 1 | -1 2 2 1 -2 -1 2 2 -1 
-2 -2 1 -2 -1 2 1 | -1 2 2 1 -2 -2 -1 2 
1 -2 -2 -1 -1 2 1 | -1 2 2 1 -2 -2 -1 2 
1 -2 -2 -1 -1 2 1 | -1 2 2 -1 -2 1 2 
1 -2 -2 -1 2 -1 2 2 | -1 2 2 -1 -2 1 2 
1 -2 -2 -1 2 -1 2 2 | -1 -1 2 -1 2 1 2 
1 -2 -2 1 -2 -1 2 | -1 -1 2 -1 2 1 2 
1 -2 -2 1 -2 -1 2 | -1 -1 2 2 -1 2 2 2 
2 2 2 -1 -2 -1 2 | -1 -1 2 2 -1 2 2 2 
2 2 2 -1 -2 -1 2 | -1 -1 2 2 2 1 -2 
2 2 2 -1 -2 -1 2 | -1 2 1 -2 1 -2 
2 2 2 -1 -1 2 -1 | -1 2 1 -2 1 -2 
2 2 -1 2 1 -2 -1 2 -1 | -1 2 1 -2 1 -2 
2 2 -1 2 2 -1 -1 | -1 2 1 -2 1 -2 
2 -1 2 1 2 -1 -1 | -1 2 1 -2 1 -2 
2 -1 2 2 1 -2 -1 | -1 2 1 -2 1 -2 
2 -1 2 2 2 -1 -2 | -1 2 1 -2 1 -2 
2 -1 2 2 2 -1 -2 | 1 -2 -2 1 -2 1 -2 
1 -2 1 2 -1 -2 | 1 -2 -2 1 -2 1 -2 
1 -2 1 2 -1 -2 | 1 -2 1 -2 -2 
2 2 2 -1 -2 | 1 -2 1 -2 -2 
2 2 2 -1 -2 | 1 -2 
2 | 1 -2 
2 | 1 
17
-1 2 2 2 2 2 2 1 -2 -2 -2 -2 -2 -2 -2 | -1 2 2 2 1 -2 -2 -1 
-1 2 2 2 1 1 -2 -2 -2 -2 -2 | -1 2 2 2 1 -2 -2 -1 
1 2 2 1 -2 -2 -2 -2 -2 | -1 2 2 2 1 -2 -2 -1 
1 -2 1 1 -2 -2 -2 | -1 2 2 2 1 -2 -2 -1 
1 -2 1 1 -2 -2 -2 | -2 1 1 1 -2 -2 -1 
1 -2 -1 2 1 -2 | -2 1 1 1 -2 -2 -1 
1 -2 -1 2 1 -2 | -2 1 1 1 -2 -1 2 -1 -2 
1 -2 -1 2 1 -2 | -2 1 1 2 -1 -1 -2 
1 -2 -1 2 1 -2 | -2 1 2 1 -2 -1 -2 
1 -2 -1 2 1 -2 | -2 1 2 2 -1 -2 -2 
1 -2 -1 2 1 -2 | 1 -2 1 2 -1 -2 -2 
1 -2 -1 2 1 -2 | 1 1 -2 -2 -2 
1 -2 -1 2 1 -2 | 1 2 -1 -2 1 -2 -2 
-2 1 -2 1 -2 | 1 2 -1 -2 1 -2 -2 
-2 1 -2 1 -2 | 1 2 -1 -1 
-2 1 -2 | 1 2 -1 -1 
-2 | 1 2 -1 -1 
-2 | -1 
8
-1 2 2 2 2 2 2 1 -2 -2 -2 -2 -2 -2 -2 | -1 2 2 2 2 2 2 2 
-1 2 2 2 2 2 2 | -1 2 2 2 2 2 2 2 
-1 2 2 2 2 2 2 | 2 
-1 2 2 2 2 2 | 2 
-1 2 2 2 2 | 2 
-1 2 2 2 | 2 
-1 2 2 | 2 
-1 2 | 2 
-1 | 2 
40
-1 2 2 2 2 2 2 1 -2 -2 -2 -2 -2 -2 -2 | -1 2 -1 -2 -2 1 2 2 
-1 2 2 2 2 1 2 2 -1 -2 -2 -2 -2 -2 -2 | -1 2 -1 -2 -2 1 2 2 
-1 2 2 2 2 1 2 1 -2 -2 -1 -2 -2 -2 -2 | -1 2 -1 -2 -2 1 2 2 
-1 2 2 1 2 2 -1 2 2 1 -2 -2 -1 -2 -2 -2 -2 | -1 2 -1 -2 -2 1 2 2 
-1 2 2 1 2 2 2 2 -1 -2 -1 -2 -2 -2 -2 | -1 2 -1 -2 -2 1 2 2 
2 2 -1 2 2 2 2 2 -1 -2 -1 -2 -2 -2 -2 | -1 2 -1 -2 -2 1 2 2 
2 2 -1 2 2 2 2 2 -1 -2 -1 -2 -2 -2 -2 | -1 2 -1 2 2 2 -1 -2 -1 
2 2 -1 2 2 1 -2 1 -2 -2 -2 -2 | -1 2 -1 2 2 2 -1 -2 -1 
2 2 -1 2 2 1 -2 1 -2 -2 -2 -2 | -1 2 -1 2 2 1 -2 -2 -1 2 -1 
2 2 -1 2 2 1 -2 1 -2 -2 -2 -2 | -1 2 2 2 -1 -2 -1 2 -1 
2 2 -1 2 2 1 -2 1 -2 -2 -2 -2 | -1 2 2 1 -2 -2 -1 2 -1 2 -1 
2 2 -1 2 2 1 -2 1 -2 -2 -2 -2 | 2 2 -1 -2 -1 2 -1 2 -1 
2 2 -1 2 2 1 -2 1 -2 -2 -2 -2 | 2 2 -1 -2 -1 -2 -1 2 2 
2 2 -1 2 2 1 -2 -2 -1 -2 -1 | 2 2 -1 -2 -1 -2 -1 2 2 
2 2 -1 2 -1 -2 -1 2 2 -1 -2 -1 | 2 2 -1 -2 -1 -2 -1 2 2 
2 2 -1 2 -1 -2 -1 -2 -2 1 2 | 2 2 -1 -2 -1 -2 -1 2 2 
2 2 -1 -2 -2 -2 1 -2 1 2 | 2 2 -1 -2 -1 -2 -1 2 2 
2 2 -1 -2 -2 -2 1 -2 1 2 | -2 -1 2 -1 2 2 -1 -2 -1 2 2 
2 2 -1 -2 -2 -1 2 2 -1 | -2 -1 2 -1 2 2 -1 -2 -1 2 2 
2 2 -1 -2 -2 -1 2 2 -1 | -2 -1 -2 1 2 -1 2 2 
2 2 -1 -2 -1 2 -1 2 -1 | -2 -1 -2 1 2 -1 2 2 
2 2 -1 -2 -1 -1 2 | -2 -1 -2 1 2 -1 2 2 
2 1 -2 -1 -1 -1 2 | -2 -1 -2 1 2 -1 2 2 
1 2 -1 -1 -1 -1 2 | -2 -1 -2 1 2 -1 2 2 
1 2 -1 -1 -1 -1 2 | -1 -1 -1 2 -1 2 2 
1 2 -1 -2 -2 1 | -1 -1 -1 2 -1 2 2 
1 2 -1 -2 -2 1 | -1 -1 -1 2 1 2 -1 
-2 1 1 1 -2 -2 1 | -1 -1 -1 2 1 2 -1 
-2 -1 2 1 -2 1 | -1 -1 -1 2 1 2 -1 
-2 -1 2 1 -2 1 | -1 -1 2 -1 2 2 -1 
-2 -1 2 1 -2 1 | -1 -1 2 -1 2 1 -2 -1 2 
-2 -1 2 1 -2 1 | -1 -1 2 2 -1 -1 2 
-2 -1 2 1 -2 1 | -1 -1 2 1 -2 -1 2 -1 2 
-2 -1 2 1 -2 1 | -1 2 -1 -1 2 -1 2 
-2 -1 2 1 -2 1 | -2 -1 2 -1 2 -1 2 
-2 -1 2 1 -2 1 | -2 -1 -1 2 2 
-2 -1 2 | -2 -1 -1 2 2 
-2 -1 2 | -2 -1 2 2 
-2 -1 2 | 2 
-2 -1 | 2 
-1 | 2 
52
-1 2 2 2 2 2 2 1 -2 -2 -2 -2 -2 -2 -2 | -1 2 -1 -2 -2 -2 1 2 
-1 2 2 2 1 2 -1 -2 -2 -2 -2 -2 -2 | -1 2 -1 -2 -2 -2 1 2 
-1 2 2 2 1 1 -2 -1 -2 -2 -2 | -1 2 -1 -2 -2 -2 1 2 
-1 2 2 2 1 1 -2 -1 -2 -2 -2 | -1 2 1 -2 -1 -2 -2 
-1 2 2 2 1 -2 1 -2 | -1 2 1 -2 -1 -2 -2 
-1 2 2 2 1 -2 1 -2 | -1 2 2 -1 -2 -2 -2 -2 -2 
-1 -2 -2 -1 2 1 -2 | -1 2 2 -1 -2 -2 -2 -2 -2 
-1 -2 -2 -1 -2 -2 -2 -2 -1 2 | -1 2 2 -1 -2 -2 -2 -2 -2 
-1 -2 -2 -2 -2 1 2 -1 2 | -1 2 2 -1 -2 -2 -2 -2 -2 
-1 -2 -2 -2 -2 1 2 -1 2 | -1 2 1 -2 -1 -2 
-1 -2 -2 -2 -2 -2 -1 2 2 | -1 2 1 -2 -1 -2 
-1 -2 -2 -2 -2 -2 -1 2 2 | -1 -2 -2 -2 -2 -1 2 -1 -2 
-1 -2 -2 -2 -2 -2 -1 2 2 | -2 -2 1 2 -1 2 -1 -2 
-2 1 -2 -1 -2 -2 -1 2 2 | -2 -2 1 2 -1 2 -1 -2 
-2 1 -2 -1 -2 -2 -1 2 2 | -2 -2 -2 -2 -1 2 2 -1 -2 
-2 1 -2 -1 2 2 2 1 | -2 -2 -2 -2 -1 2 2 -1 -2 
-2 1 2 2 2 2 1 2 1 | -2 -2 -2 -2 -1 2 2 -1 -2 
2 -1 -2 1 2 1 | -2 -2 -2 -2 -1 2 2 -1 -2 
2 -1 -2 1 2 1 | -2 -2 -2 -2 -1 2 -1 -2 -1 
2 -1 -2 1 2 1 | -2 -2 -2 -2 -1 -1 -2 -1 -1 
2 -1 -2 1 2 1 | -2 -2 -2 -2 -1 -2 -1 -2 -1 -1 -1 
2 -1 -2 1 2 1 | -2 -2 -2 -1 -2 -2 -1 -1 -1 
2 -1 -2 1 2 1 | -2 -2 -1 -2 1 -2 -1 -1 -1 
2 -1 -2 1 2 1 | -2 -2 -1 -2 -2 1 2 -1 -1 
2 -1 -2 1 2 1 | -2 -2 -1 -2 -2 -2 -1 2 -1 
2 -1 -2 1 2 1 | -2 -2 -1 -2 -2 -1 -2 1 2 2 -1 
2 -1 -2 1 2 1 | -2 -2 -1 -2 -1 -2 1 1 2 2 -1 
2 -1 -2 1 2 1 | -2 -1 -2 -2 1 1 2 2 -1 
2 -1 -2 1 2 1 | -2 -1 -2 -2 1 -2 -1 2 1 2 -1 
2 -1 -2 1 2 1 | -2 -1 -2 -2 1 -2 -1 -1 2 
2 -1 -2 1 2 1 | -1 -2 1 -2 1 -2 -1 -1 2 
1 1 2 -1 2 2 1 | -1 -2 1 -2 1 -2 -1 -1 2 
1 1 2 -1 2 2 1 | -1 -2 1 2 1 2 
1 -2 -1 2 2 2 1 | -1 -2 1 2 1 2 
-2 1 2 2 2 2 1 | -1 -2 1 2 1 2 
-2 1 2 2 2 2 1 | -1 -1 -2 -2 -2 1 2 
-2 1 2 1 2 -1 | -1 -1 -2 -2 -2 1 2 
-2 1 2 1 2 -1 | -1 -1 -2 -2 1 -2 -1 
-2 1 2 -1 -1 -2 -2 | -1 -1 -2 -2 1 -2 -1 
-2 1 2 -1 -1 -2 -2 | -2 -1 2 1 -2 -1 
-2 -2 -1 2 -1 -2 -2 | -2 -1 2 1 -2 -1 
-2 -2 -1 -1 -2 -1 -2 | -2 -1 2 1 -2 -1 
-2 -2 -1 -2 -1 -2 -1 -1 -2 | -2 -1 2 1 -2 -1 
-2 -1 -2 -2 -1 -1 -2 | -2 -1 2 1 -2 -1 
-1 -2 1 -2 -1 -1 -2 | -2 -1 2 1 -2 -1 
-1 -2 -2 1 2 -1 -2 | -2 -1 2 1 -2 -1 
-1 -2 -2 -2 -1 | -2 -1 2 1 -2 -1 
-1 -2 -2 -1 -2 1 2 | -2 -1 2 1 -2 -1 
-1 -2 -2 -1 -2 1 2 | -2 -1 -2 -1 -2 
1 2 | -2 -1 -2 -1 -2 
1 2 | -2 -1 -2 
1 2 | -2 
1 | -2 
35
-1 2 2 2 2 2 2 1 -2 -2 -2 -2 -2 -2 -2 | -1 -1 -2 -2 -2 1 2 2 
-1 2 2 2 1 2 2 -1 -2 -2 -2 -2 -2 -2 -2 | -1 -1 -2 -2 -2 1 2 2 
2 2 -1 2 2 -1 -2 -2 -2 -2 -2 -2 -2 | -1 -1 -2 -2 -2 1 2 2 
2 2 -1 2 2 -1 -2 -2 -2 -2 -2 -2 -2 | -1 -1 -2 -1 -2 -2 -2 
2 2 -1 2 2 2 1 1 -2 -2 -2 -2 | -1 -1 -2 -1 -2 -2 -2 
2 2 -1 -1 -1 -2 1 -2 -2 -2 -2 | -1 -1 -2 -1 -2 -2 -2 
2 2 -1 -1 -1 -2 1 -2 -2 -2 -2 | -1 -1 -2 -1 -1 2 1 1 1 -2 
2 -1 -1 -2 -1 -2 -2 -2 -2 | -1 -1 -2 -1 -1 2 1 1 1 -2 
2 -1 -1 -2 -1 -2 -2 -2 -2 | 2 2 2 -1 2 1 1 1 -2 
2 -1 -1 -2 -1 -2 -2 -2 -2 | 2 2 2 -1 -1 -2 -2 -2 1 -2 
-2 -1 2 2 -1 -2 -2 -2 -2 | 2 2 2 -1 -1 -2 -2 -2 1 -2 
-2 -1 2 2 -1 -2 -2 -2 -2 | 2 2 2 -1 -2 -2 1 2 2 1 -2 
-2 -1 -1 -2 -2 -1 -2 -2 | 2 2 2 -1 -2 -2 1 2 2 1 -2 
-2 -1 -1 -1 -2 -2 1 | 2 2 2 -1 -2 -2 1 2 2 1 -2 
-2 -1 -1 -1 -2 -2 1 | 2 2 2 1 1 2 2 2 1 -2 
-2 -1 -1 -1 -2 -2 1 | 2 1 -2 -1 2 2 2 1 -2 
-2 -1 -2 -1 2 1 | 2 1 -2 -1 2 2 2 1 -2 
-2 -1 -2 -1 2 1 | 1 2 2 2 2 1 -2 
-2 -1 2 2 2 1 1 | 1 2 2 2 2 1 -2 
-2 -1 2 2 2 1 1 | 1 2 1 2 -1 -2 
1 2 -1 2 2 1 1 | 1 2 1 2 -1 -2 
1 2 -1 2 2 1 1 | 1 2 -1 -1 -2 -2 -2 
1 2 -1 -2 1 2 | 1 2 -1 -1 -2 -2 -2 
1 2 -1 -2 1 2 | -2 -1 2 -1 -2 -2 -2 
1 2 -1 -2 1 2 | -2 -1 -1 -2 -1 -2 -2 
1 2 -1 -2 1 2 | -2 -1 -2 -1 -2 -1 -1 -2 -2 
1 2 -1 -2 1 2 | -1 -2 -2 -1 -1 -2 -2 
1 2 -1 -2 1 2 | -1 -2 -2 -1 -2 -1 -2 -1 -2 
1 2 -1 -2 1 2 | -1 -2 -1 -2 -2 -1 -2 
1 2 -1 -2 1 2 | -1 -2 -1 -2 -1 -2 1 
1 2 -1 -2 1 2 | -1 -1 -2 -2 1 
-2 -1 -2 1 2 | -1 -1 -2 -2 1 
1 2 | -1 -1 -2 -2 1 
1 2 | -1 -2 1 
1 2 | 1 
2 | 1 
50
-1 2 2 2 2 2 2 1 -2 -2 -2 -2 -2 -2 -2 | -1 -2 -1 -2 -2 1 2 2 
-1 2 2 2 2 1 2 2 -1 -2 -2 -2 -2 -2 -2 -2 -2 | -1 -2 -1 -2 -2 1 2 2 
-1 2 2 1 2 2 -1 2 -1 -2 -2 -2 -2 -2 -2 -2 -2 | -1 -2 -1 -2 -2 1 2 2 
2 2 -1 2 -1 2 -1 -2 -2 -2 -2 -2 -2 -2 -2 | -1 -2 -1 -2 -2 1 2 2 
2 2 -1 2 -1 2 -1 -2 -2 -2 -2 -2 -2 -2 -2 | -1 -2 -1 -2 -1 2 -1 -2 -2 -2 -2 
2 2 -1 2 2 1 2 1 -2 -2 -2 -2 | -1 -2 -1 -2 -1 2 -1 -2 -2 -2 -2 
2 2 -1 2 2 1 2 1 -2 -2 -2 -2 | -1 -2 -1 -2 -1 2 2 1 -2 -2 -1 -2 -2 
2 2 -1 2 2 1 2 1 -2 -2 -2 -2 | -1 -2 -1 2 -1 -2 -2 -2 -1 -2 -2 
2 2 -1 2 2 1 2 1 -2 -2 -2 -2 | -1 -2 -1 2 -1 -2 -2 1 -2 -2 -1 
2 2 -1 2 2 1 2 1 -2 -2 -2 -2 | -1 -2 -1 2 2 1 -2 -2 -2 -2 -1 
2 2 -1 2 2 1 2 1 -2 -2 -2 -2 | -1 2 -1 -2 -2 -2 -2 -2 -1 
2 2 -1 2 2 1 2 1 -2 -2 -2 -2 | -1 2 2 1 -2 -2 -1 -2 -2 -2 -1 
2 2 -1 2 2 1 2 1 -2 -2 -2 -2 | -1 2 2 1 -2 1 -2 -2 -1 -2 -1 
2 2 -1 2 2 1 2 1 -2 -2 -2 -2 | 2 2 -1 -2 -2 1 -2 -2 -1 -2 -1 
-1 -2 -1 2 2 2 1 -2 -2 -2 -2 | 2 2 -1 -2 -2 1 -2 -2 -1 -2 -1 
-1 -2 -1 2 2 2 1 -2 -2 -2 -2 | 2 2 -1 -2 -2 1 2 2 -1 -2 -2 -2 
-1 -2 -1 2 2 -1 -2 -2 1 -2 -2 | 2 2 -1 -2 -2 1 2 2 -1 -2 -2 -2 
-1 2 -1 -2 -1 -1 -2 -2 1 -2 -2 | 2 2 -1 -2 -2 1 2 2 -1 -2 -2 -2 
-1 2 -1 -2 -1 -1 -2 -2 1 -2 -2 | 2 2 -1 -2 -1 -2 -1 -1 -2 -2 -2 -2 -2 
-1 2 2 1 2 1 -2 -2 | 2 2 -1 -2 -1 -2 -1 -1 -2 -2 -2 -2 -2 
-1 -2 -1 -2 -1 -2 -1 2 1 -2 -2 | 2 2 -1 -2 -1 -2 -1 -1 -2 -2 -2 -2 -2 
2 2 2 1 -2 -1 2 1 -2 -2 | 2 2 -1 -2 -1 -2 -1 -1 -2 -2 -2 -2 -2 
2 2 2 1 -2 -1 2 1 -2 -2 | 2 -1 -1 -1 -2 -2 -2 -2 -2 
2 2 2 1 -2 -1 2 1 -2 -2 | 2 -1 -1 -2 -1 2 1 -2 -2 -2 -2 
2 2 2 1 1 1 2 | 2 -1 -1 -2 -1 2 1 -2 -2 -2 -2 
2 2 2 1 1 1 2 | 2 -1 -1 -2 -1 2 1 1 1 1 
2 2 2 1 1 1 2 | 2 -1 -1 -2 -1 -2 -2 -2 1 
2 2 2 1 1 1 2 | 2 -1 -1 -2 1 1 2 1 
2 2 2 1 1 1 2 | 2 1 2 2 2 1 1 2 1 
2 2 2 1 1 1 2 | 2 1 -2 -1 2 1 
2 2 1 2 -1 -2 1 1 2 | 2 1 -2 -1 2 1 
2 1 2 -1 -1 -2 1 1 2 | 2 1 -2 -1 2 1 
2 1 2 -1 2 1 -2 1 2 | 2 1 -2 -1 2 1 
2 1 2 -1 2 1 1 2 1 | 2 1 -2 -1 2 1 
2 1 2 2 -1 -2 1 2 1 | 2 1 -2 -1 2 1 
2 1 2 2 2 1 1 | 2 1 -2 -1 2 1 
1 2 -1 2 2 1 1 | 2 1 -2 -1 2 1 
1 2 -1 2 1 2 -1 -2 1 | 2 1 -2 -1 2 1 
1 2 2 -1 -1 -2 1 | 2 1 -2 -1 2 1 
1 2 2 -1 -1 -2 1 | 2 1 -2 1 2 2 -1 
2 -1 -2 -1 -2 1 | 2 1 -2 1 2 2 -1 
2 -1 -2 -2 1 2 2 | 2 1 -2 1 2 2 -1 
2 -1 -2 -2 1 2 2 | 2 1 2 1 -2 -1 
2 -1 -2 1 2 1 2 | 2 1 2 1 -2 -1 
2 2 1 1 2 | 2 1 2 1 -2 -1 
2 1 2 -1 -2 1 2 | 2 1 2 1 -2 -1 
2 1 2 2 1 | 2 1 2 1 -2 -1 
2 1 2 2 1 | -2 -2 -1 
2 1 | -2 -2 -1 
2 1 | -2 
1 | -2 
9
-1 2 2 2 2 2 2 1 -2 -2 -2 -2 -2 -2 -2 | -1 -2 -2 -2 -2 -2 -2 -2 
-1 -2 -2 -2 -2 -2 -2 -2 -2 | -1 -2 -2 -2 -2 -2 -2 -2 
-2 | -1 -2 -2 -2 -2 -2 -2 -2 
-2 | -1 -2 -2 -2 -2 -2 -2 
-2 | -1 -2 -2 -2 -2 -2 
-2 | -1 -2 -2 -2 -2 
-2 | -1 -2 -2 -2 
-2 | -1 -2 -2 
-2 | -1 -2 
-2 | -1 
2
-1 2 2 2 2 2 2 2 1 -2 -2 -2 -2 -2 -2 -2 -2 | -1 2 
-1 | -1 2 
-1 | 2 
3
-1 2 2 2 2 2 2 2 1 -2 -2 -2 -2 -2 -2 -2 -2 | -1 -2 
-1 -2 -2 | -1 -2 
-2 | -1 -2 
-2 | -1 
3
-1 2 2 2 2 2 2 2 1 -2 -2 -2 -2 -2 -2 -2 -2 | -1 2 2 
-1 2 | -1 2 2 
-1 2 | 2 
-1 | 2 
4
-1 2 2 2 2 2 2 2 1 -2 -2 -2 -2 -2 -2 -2 -2 | -1 -2 -2 
-1 -2 -2 -2 | -1 -2 -2 
-2 | -1 -2 -2 
-2 | -1 -2 
-2 | -1 
4
-1 2 2 2 2 2 2 2 1 -2 -2 -2 -2 -2 -2 -2 -2 | -1 2 2 2 
-1 2 2 | -1 2 2 2 
-1 2 2 | 2 
-1 2 | 2 
-1 | 2 
5
-1 2 2 2 2 2 2 2 1 -2 -2 -2 -2 -2 -2 -2 -2 | -1 -2 -2 -2 
-1 -2 -2 -2 -2 | -1 -2 -2 -2 
-2 | -1 -2 -2 -2 
-2 | -1 -2 -2 
-2 | -1 -2 
-2 | -1 
5
-1 2 2 2 2 2 2 2 1 -2 -2 -2 -2 -2 -2 -2 -2 | -1 2 2 2 2 
-1 2 2 2 | -1 2 2 2 2 
-1 2 2 2 | 2 
-1 2 2 | 2 
-1 2 | 2 
-1 | 2 
6
-1 2 2 2 2 2 2 2 1 -2 -2 -2 -2 -2 -2 -2 -2 | -1 -2 -2 -2 -2 
-1 -2 -2 -2 -2 -2 | -1 -2 -2 -2 -2 
-2 | -1 -2 -2 -2 -2 
-2 | -1 -2 -2 -2 
-2 | -1 -2 -2 
-2 | -1 -2 
-2 | -1 
6
-1 2 2 2 2 2 2 2 1 -2 -2 -2 -2 -2 -2 -2 -2 | -1 2 2 2 2 2 
-1 2 2 2 2 | -1 2 2 2 2 2 
-1 2 2 2 2 | 2 
-1 2 2 2 | 2 
-1 2 2 | 2 
-1 2 | 2 
-1 | 2 
7
-1 2 2 2 2 2 2 2 1 -2 -2 -2 -2 -2 -2 -2 -2 | -1 -2 -2 -2 -2 -2 
-1 -2 -2 -2 -2 -2 -2 | -1 -2 -2 -2 -2 -2 
-2 | -1 -2 -2 -2 -2 -2 
-2 | -1 -2 -2 -2 -2 
-2 | -1 -2 -2 -2 
-2 | -1 -2 -2 
-2 | -1 -2 
-2 | -1 
34
-1 2 2 2 2 2 2 2 1 -2 -2 -2 -2 -2 -2 -2 -2 | -1 2 2 1 -2 -2 -1 
-1 2 2 2 2 2 1 1 -2 -2 -2 -2 -2 -2 | -1 2 2 1 -2 -2 -1 
-1 2 2 2 1 1 2 2 1 -2 -2 -2 -2 -2 -2 | -1 2 2 1 -2 -2 -1 
-1 2 2 2 1 1 1 1 -2 -2 -2 -2 | -1 2 2 1 -2 -2 -1 
-1 2 1 1 2 2 1 1 1 -2 -2 -2 -2 | -1 2 2 1 -2 -2 -1 
-1 2 1 1 1 1 2 2 1 1 -2 -2 -2 -2 | -1 2 2 1 -2 -2 -1 
-1 2 1 1 1 1 1 1 2 2 1 -2 -2 -2 -2 | -1 2 2 1 -2 -2 -1 
-1 2 1 1 1 1 1 1 1 1 -2 -2 | -1 2 2 1 -2 -2 -1 
-1 2 1 1 1 1 1 1 1 1 -2 -2 | -1 2 2 -1 -1 -1 -1 -1 -1 -1 -2 
-1 2 1 1 1 1 1 1 1 1 -2 -2 | -1 -1 2 1 -2 
1 2 1 1 1 1 1 1 1 -2 -2 | -1 -1 2 1 -2 
1 1 1 2 1 1 1 1 1 1 -2 -2 | -1 -1 2 1 -2 
1 1 1 1 1 2 1 1 1 1 1 -2 -2 | -1 -1 2 1 -2 
1 1 2 1 -2 1 2 1 1 1 1 1 -2 -2 | -1 -1 2 1 -2 
2 1 1 -2 1 2 1 1 1 1 1 -2 -2 | -1 -1 2 1 -2 
2 1 1 -2 1 1 1 2 1 1 1 1 -2 -2 | -1 -1 2 1 -2 
2 1 1 1 -2 1 2 1 1 1 1 -2 -2 | -1 -1 2 1 -2 
2 1 1 1 -2 1 1 1 2 1 1 1 -2 -2 | -1 -1 2 1 -2 
2 1 1 1 1 -2 1 2 1 1 1 -2 -2 | -1 -1 2 1 -2 
2 1 1 1 1 -2 1 1 1 2 1 1 -2 -2 | -1 -1 2 1 -2 
2 1 1 1 1 1 -2 1 2 1 1 -2 -2 | -1 -1 2 1 -2 
2 1 1 1 1 1 -2 1 1 1 2 1 -2 -2 | -1 -1 2 1 -2 
2 1 1 1 1 1 -2 1 1 1 1 1 -2 | -1 -1 2 1 -2 
2 1 1 1 1 1 1 -2 1 1 1 -2 | -1 -1 2 1 -2 
2 1 1 1 1 1 1 1 -2 1 -2 | -1 -1 2 1 -2 
2 1 1 1 1 1 2 1 -2 -2 1 -2 | -1 -1 2 1 -2 
2 1 1 1 2 1 1 -2 -2 1 -2 | -1 -1 2 1 -2 
2 1 2 1 1 1 -2 -2 1 -2 | -1 -1 2 1 -2 
2 -1 2 1 1 1 1 -2 -2 1 -2 | -1 -1 2 1 -2 
2 -1 2 1 1 1 1 -2 -2 1 -2 | 1 1 1 -2 
2 -1 2 1 -2 1 -2 | 1 1 1 -2 
2 -1 2 -1 -2 | 1 1 1 -2 
2 -1 2 -1 -2 | 1 
2 -1 | 1 
2 | 1 
7
-1 2 2 2 2 2 2 2 1 -2 -2 -2 -2 -2 -2 -2 -2 | -1 2 2 2 2 2 2 
-1 2 2 2 2 2 | -1 2 2 2 2 2 2 
-1 2 2 2 2 2 | 2 
-1 2 2 2 2 | 2 
-1 2 2 2 | 2 
-1 2 2 | 2 
-1 2 | 2 
-1 | 2 
149
-1 2 2 2 2 2 2 2 1 -2 -2 -2 -2 -2 -2 -2 -2 | -1 -1 -2 -2 1 2 2 
-1 2 2 2 2 2 2 2 1 -2 -2 -2 -2 -2 -2 -2 -2 | -1 -1 2 2 2 2 2 1 -2 -2 -2 -2 -2 -2 
-1 2 2 1 1 -2 -2 | -1 -1 2 2 2 2 2 1 -2 -2 -2 -2 -2 -2 
1 2 2 2 2 2 2 -1 -2 -2 -2 1 1 -2 -2 | -1 -1 2 2 2 2 2 1 -2 -2 -2 -2 -2 -2 
1 2 2 2 2 2 2 -1 -2 -2 -2 1 1 -2 -2 | -1 -1 2 2 1 1 -2 -2 1 
2 2 1 1 2 2 2 2 -1 -2 -2 -2 1 1 -2 -2 | -1 -1 2 2 1 1 -2 -2 1 
2 2 1 1 2 2 2 2 -1 -2 -2 -2 1 1 -2 -2 | 1 1 2 2 2 2 -1 -2 1 1 -2 -2 1 
2 2 -1 2 2 -1 -1 -2 -2 1 1 -2 -2 | 1 1 2 2 2 2 -1 -2 1 1 -2 -2 1 
2 2 -1 2 2 -1 -1 -2 -2 1 1 -2 -2 | 1 1 2 2 2 2 -1 -2 -2 -2 1 1 
2 2 -1 2 2 -1 -1 -2 -2 1 1 -2 -2 | 1 1 2 2 -1 2 2 1 -2 -2 -2 1 1 
2 2 -1 2 2 -1 -1 -2 -2 1 1 -2 -2 | 1 2 2 1 2 2 1 -2 -2 -2 1 1 
2 2 -1 2 2 -1 -1 -2 -2 1 1 -2 -2 | 1 2 2 1 2 2 -1 -2 -2 1 -2 1 1 
2 2 -1 2 2 -1 -1 -2 -2 1 1 -2 -2 | 1 2 2 2 2 1 -2 -2 1 -2 1 1 
2 2 -1 2 2 -1 -1 -2 -2 1 1 -2 -2 | 1 2 2 2 2 -1 -2 -2 1 1 -2 1 1 
2 2 -1 2 2 -1 -1 -2 -2 1 1 -2 -2 | 1 2 2 -1 2 2 1 -2 -2 1 1 -2 1 1 
2 2 -1 2 2 -1 -1 -2 -2 1 1 -2 -2 | 2 2 1 2 2 1 -2 -2 1 1 -2 1 1 
2 2 -1 2 2 -1 -1 -2 -2 1 1 -2 -2 | 2 2 1 2 2 -1 -2 -2 1 1 1 -2 1 1 
2 2 -1 2 2 -1 -1 -2 -2 1 1 -2 -2 | 2 2 2 2 1 -2 -2 1 1 1 -2 1 1 
2 2 -1 2 2 -1 -1 -2 -2 1 1 -2 -2 | 2 2 2 2 1 -2 -2 1 -2 -2 1 2 1 1 
1 2 1 1 2 2 2 2 -1 -2 -2 1 1 -2 -2 | 2 2 2 2 1 -2 -2 1 -2 -2 1 2 1 1 
1 2 1 1 2 2 2 2 -1 -2 -2 1 1 -2 -2 | 2 2 2 2 1 -2 -2 -1 2 2 1 -2 -2 -2 -2 
1 2 1 1 2 2 2 2 -1 -2 -2 -2 -2 1 | 2 2 2 2 1 -2 -2 -1 2 2 1 -2 -2 -2 -2 
1 2 1 1 2 2 2 2 -1 -2 -2 -2 -2 1 | 2 2 2 2 1 -2 -2 -1 -2 -2 1 1 2 1 1 
-1 2 2 1 2 2 -1 -1 -2 -2 -2 -2 1 | 2 2 2 2 1 -2 -2 -1 -2 -2 1 1 2 1 1 
-1 2 2 1 2 2 -1 -1 -2 -2 -2 -2 1 | 2 2 2 2 1 -2 -2 1 -2 -2 1 2 1 1 
-1 2 2 1 2 2 -1 -1 -2 -2 -2 -2 1 | 2 2 2 2 1 -2 -2 1 1 1 -2 1 1 
-1 2 2 1 2 2 -1 -1 -2 -2 -2 -2 1 | 2 2 1 2 2 -1 -2 -2 1 1 1 -2 1 1 
-1 2 2 1 2 2 -1 -1 -2 -2 -2 -2 1 | 2 2 1 2 2 1 -2 -2 1 1 -2 1 1 
-1 2 2 1 2 2 -1 -1 -2 -2 -2 -2 1 | 1 2 2 -1 2 2 1 -2 -2 1 1 -2 1 1 
-1 2 2 1 2 2 -1 -1 -2 -2 -2 -2 1 | 1 2 2 2 2 -1 -2 -2 1 1 -2 1 1 
-1 2 2 1 2 2 -1 -1 -2 -2 -2 -2 1 | 1 2 2 2 2 1 -2 -2 1 -2 1 1 
-1 2 2 1 2 2 -1 -1 -2 -2 -2 -2 1 | 1 2 2 2 2 1 1 1 -2 -2 -2 1 1 
-1 2 2 1 2 2 1 -2 -2 -2 1 1 1 1 | 1 2 2 2 2 1 1 1 -2 -2 -2 1 1 
-1 2 2 1 2 2 1 -2 -2 -2 1 1 1 1 | 1 2 2 2 2 1 1 -2 -2 -1 -2 -2 -1 
2 2 -1 2 2 1 -2 -2 -2 1 1 1 1 | 1 2 2 2 2 1 1 -2 -2 -1 -2 -2 -1 
2 2 2 2 -1 -2 -2 -2 1 1 1 1 | 1 2 2 2 2 1 1 -2 -2 -1 -2 -2 -1 
2 2 2 2 -1 -2 -2 -2 1 1 1 1 | -1 -1 -1 2 2 2 1 1 1 -2 -2 -1 -2 -2 -1 
2 2 2 2 1 1 -2 -2 -1 -2 -2 | -1 -1 -1 2 2 2 1 1 1 -2 -2 -1 -2 -2 -1 
2 2 2 2 1 1 -2 -2 -1 -2 -2 | -1 -1 -1 2 2 2 1 -2 -2 -2 -2 -1 
2 2 2 2 1 1 2 2 -1 -2 -2 -2 1 1 1 -2 -2 | -1 -1 -1 2 2 2 1 -2 -2 -2 -2 -1 
2 2 2 2 1 1 2 2 -1 -2 -2 -2 1 1 1 -2 -2 | 2 2 1 1 -2 -2 -1 
2 2 2 2 1 2 2 1 -2 -2 -2 1 1 1 -2 -2 | 2 2 1 1 -2 -2 -1 
2 2 2 2 1 2 2 1 -2 -2 -2 1 1 1 -2 -2 | 2 2 1 1 1 2 2 1 -2 -2 -2 1 1 
2 2 2 2 -1 -1 -2 -2 1 -2 -2 | 2 2 1 1 1 2 2 1 -2 -2 -2 1 1 
2 2 2 2 -1 -1 -2 -2 1 -2 -2 | 1 2 2 1 2 2 1 -2 -2 -2 1 1 
2 2 2 2 -1 2 2 1 -2 -2 -2 1 1 1 1 -2 -2 | 1 2 2 1 2 2 1 -2 -2 -2 1 1 
2 2 2 2 -1 2 2 1 -2 -2 -2 1 1 1 1 -2 -2 | 1 2 2 1 1 -2 -2 -1 -1 
2 2 2 2 -1 2 2 1 -2 -2 -2 1 1 -2 -2 1 | 1 2 2 1 1 -2 -2 -1 -1 
2 2 2 2 -1 2 2 1 -2 -2 -2 -2 -2 1 1 | 1 2 2 1 1 -2 -2 -1 -1 
2 2 2 2 2 2 -1 -2 -2 -2 -2 -2 1 1 | 1 2 2 1 1 -2 -2 -1 -1 
2 2 2 2 2 2 -1 -2 -2 -2 -2 -2 1 1 | 1 2 2 1 1 2 2 2 2 -1 -2 -2 -2 -2 -2 
2 2 -1 -1 -2 -2 1 | 1 2 2 1 1 2 2 2 2 -1 -2 -2 -2 -2 -2 
2 2 -1 -1 -2 -2 1 | 2 2 1 1 1 1 2 2 2 2 -1 -2 -2 -2 -2 -2 
2 2 -1 -2 -2 -2 -2 -1 -1 -1 -1 2 1 | 2 2 1 1 1 1 2 2 2 2 -1 -2 -2 -2 -2 -2 
2 2 -1 -2 -2 -2 -2 -1 -1 -1 -1 2 1 | 2 2 1 1 1 1 2 2 -1 -2 1 1 1 1 -2 
2 2 -1 -2 -2 -2 1 1 1 1 2 2 | 2 2 1 1 1 1 2 2 -1 -2 1 1 1 1 -2 
2 2 -1 -2 -2 -2 1 1 1 1 2 2 | 2 2 2 2 2 1 -2 -2 -1 -2 1 1 1 1 -2 
2 2 -1 -2 -2 1 2 2 -1 -2 -2 | 2 2 2 2 2 1 -2 -2 -1 -2 1 1 1 1 -2 
2 2 -1 -2 -2 1 2 2 -1 -2 -2 | 2 2 2 2 2 -1 -2 -2 -2 1 1 1 1 -2 
2 2 -1 -2 -2 1 -2 -2 -1 -1 -1 -1 2 | 2 2 2 2 2 -1 -2 -2 -2 1 1 1 1 -2 
2 2 -1 -2 -2 1 -2 -2 -1 -1 -1 -1 2 | 2 2 2 2 2 -1 -1 -2 -2 1 -2 -2 -2 
2 2 1 -2 -2 -2 -2 -1 -1 -1 -1 2 | 2 2 2 2 2 -1 -1 -2 -2 1 -2 -2 -2 
2 2 1 -2 -2 -2 -2 -1 -1 -1 -1 2 | 2 2 2 2 2 -1 -1 -2 -2 -2 -2 -2 1 1 1 1 2 
2 2 1 2 2 -1 -1 -2 -2 -2 -2 | 2 2 2 2 2 -1 -1 -2 -2 -2 -2 -2 1 1 1 1 2 
2 2 1 2 2 -1 -1 -2 -2 -2 -2 | 2 2 2 -1 -2 -2 -2 1 1 1 1 2 
2 2 1 2 2 -1 -1 -2 -2 -2 -2 | 2 2 2 -1 -2 1 1 -2 -2 1 1 1 2 
2 2 1 2 2 -1 -1 -2 -2 -2 -2 | 2 2 2 -1 -2 1 1 1 1 -2 -2 1 1 2 
2 2 1 2 2 -1 -1 -2 -2 -2 -2 | 2 2 2 -1 -2 1 1 1 1 1 1 -2 -2 1 2 
2 2 1 2 2 -1 -1 -2 -2 -2 -2 | 2 2 2 -1 -2 1 1 1 1 1 1 1 1 -2 
2 2 -1 -1 -1 -1 -1 -1 -1 2 -1 -2 -2 -2 -2 | 2 2 2 -1 -2 1 1 1 1 1 1 1 1 -2 
2 2 -1 -1 -1 -1 -1 -1 -1 2 -1 -2 -2 -2 -2 | 2 2 2 -1 -2 1 2 -1 -2 -2 -2 
2 -1 2 -1 -1 -1 -1 -1 2 -1 -2 -2 -2 -2 | 2 2 2 -1 -2 1 2 -1 -2 -2 -2 
2 -1 -1 2 -1 -1 -1 2 -1 -2 -2 -2 -2 | 2 2 2 -1 -2 1 2 -1 -2 -2 -2 
-1 2 2 -1 -1 -1 2 -1 -2 -2 -2 -2 | 2 2 2 -1 -2 1 2 -1 -2 -2 -2 
-1 2 -1 2 -1 2 -1 -2 -2 -2 -2 | 2 2 2 -1 -2 1 2 -1 -2 -2 -2 
-1 -1 2 1 2 -1 2 -1 -2 -2 -2 -2 | 2 2 2 -1 -2 1 2 -1 -2 -2 -2 
-1 -1 2 2 1 2 -1 -2 -2 -2 -2 | 2 2 2 -1 -2 1 2 -1 -2 -2 -2 
-2 -1 2 2 2 1 2 -1 -2 -2 -2 -2 | 2 2 2 -1 -2 1 2 -1 -2 -2 -2 
-2 -1 2 2 2 1 2 -1 -2 -2 -2 -2 | 2 2 2 -1 -2 -2 -2 -2 1 2 2 
-2 -1 2 2 2 1 -2 -2 -2 -2 -1 | 2 2 2 -1 -2 -2 -2 -2 1 2 2 
-2 -1 -2 1 2 -1 | 2 2 2 -1 -2 -2 -2 -2 1 2 2 
-2 -1 -2 1 2 -1 | 2 2 2 -1 -2 -2 -2 1 2 1 2 
-2 -1 -2 1 2 -1 | 2 2 2 -1 -2 -2 1 2 1 1 2 
-2 -1 -2 1 2 -1 | 2 2 2 -1 -2 1 2 1 1 1 2 
-2 -1 -2 1 2 -1 | 2 2 2 2 1 1 1 1 2 
-2 -1 -2 1 2 -1 | 2 2 2 1 2 -1 -2 1 1 1 2 
-2 -1 -2 1 2 -1 | 2 2 1 2 -1 -1 -2 1 1 1 2 
-2 -1 -2 1 2 -1 | 2 2 1 2 -1 2 1 -2 1 1 2 
-2 -1 -2 1 2 -1 | 2 2 1 2 2 -1 -2 -2 1 1 2 
-2 -1 -2 1 2 -1 | 2 2 1 2 2 -1 -2 1 2 1 -2 1 2 
-2 -1 -2 1 2 -1 | 2 2 1 2 2 2 1 1 -2 1 2 
-2 -1 -2 1 2 -1 | 2 1 2 -1 2 2 1 1 -2 1 2 
-2 -1 -2 1 2 -1 | 2 1 2 -1 2 1 2 -1 -2 1 -2 1 2 
-2 -1 -2 1 2 -1 | 2 1 2 2 -1 -1 -2 1 -2 1 2 
-2 -1 -2 1 2 -1 | 2 1 2 2 -1 -1 -2 1 1 2 1 
-2 -1 -2 1 2 -1 | 2 1 2 2 -1 2 1 -2 1 2 1 
-2 -1 -2 1 2 -1 | 2 1 2 2 -1 2 1 1 2 1 1 
-2 -1 -2 1 2 -1 | 2 1 2 2 2 -1 -2 1 2 1 1 
-2 -1 -2 1 2 -1 | 2 1 2 2 2 2 1 1 1 
2 2 2 1 1 1 1 2 -1 | 2 1 2 2 2 2 1 1 1 
2 2 2 1 1 1 1 2 -1 | 2 1 2 1 -2 -1 
2 2 1 2 -1 -2 1 1 1 2 -1 | 2 1 2 1 -2 -1 
2 1 2 -1 -1 -2 1 1 1 2 -1 | 2 1 2 1 -2 -1 
2 1 2 -1 -1 -2 1 1 2 1 2 | 2 1 2 1 -2 -1 
2 1 2 -1 2 1 -2 1 2 1 2 | 2 1 2 1 -2 -1 
2 1 2 -1 2 1 1 2 1 1 2 | 2 1 2 1 -2 -1 
2 1 2 2 -1 -2 1 2 1 1 2 | 2 1 2 1 -2 -1 
2 1 2 2 2 1 1 1 2 | 2 1 2 1 -2 -1 
1 2 -1 2 2 1 1 1 2 | 2 1 2 1 -2 -1 
1 2 -1 2 1 2 -1 -2 1 1 2 | 2 1 2 1 -2 -1 
1 2 2 -1 -1 -2 1 1 2 | 2 1 2 1 -2 -1 
1 2 2 -1 2 1 -2 1 2 | 2 1 2 1 -2 -1 
1 2 2 -1 2 1 1 2 1 | 2 1 2 1 -2 -1 
1 2 2 2 -1 -2 1 2 1 | 2 1 2 1 -2 -1 
1 2 2 2 2 1 1 | 2 1 2 1 -2 -1 
1 2 2 2 1 2 -1 -2 1 | 2 1 2 1 -2 -1 
1 2 2 1 2 -1 -1 -2 1 | 2 1 2 1 -2 -1 
1 2 -1 -2 1 2 2 -1 -1 -2 1 | 2 1 2 1 -2 -1 
2 1 1 2 2 -1 -1 -2 1 | 2 1 2 1 -2 -1 
2 1 1 2 2 -1 2 1 -2 | 2 1 2 1 -2 -1 
2 1 1 2 2 2 -1 -2 -2 | 2 1 2 1 -2 -1 
2 1 1 2 2 2 -1 -2 -2 | 2 1 1 1 2 2 -1 
2 -1 -2 1 2 -1 -2 -2 | 2 1 1 1 2 2 -1 
2 -1 -2 1 2 -1 -2 -2 | 1 2 -1 -2 1 1 2 2 -1 
-2 -2 -1 2 -1 -2 -2 | 1 2 -1 -2 1 1 2 2 -1 
-2 -2 -1 2 -1 -2 -2 | 1 1 2 2 2 1 1 2 2 -1 
-2 -2 -1 2 -1 -2 -2 | 1 1 -2 -1 2 1 2 2 -1 
-2 -2 -1 -1 2 1 | 1 1 -2 -1 2 1 2 2 -1 
-2 -2 -1 -1 2 1 | 1 1 -2 -1 2 -1 2 
-2 -2 -1 -2 1 2 -1 | 1 1 -2 -1 2 -1 2 
-2 -2 -1 -2 1 2 -1 | 1 -2 -2 -1 -1 2 
-2 -2 -2 -2 -1 2 -1 | 1 -2 -2 -1 -1 2 
-2 -2 -2 -2 -1 2 -1 | 1 2 2 1 -2 -1 2 
-2 -2 -2 -2 -1 2 -1 | 1 2 2 1 2 2 2 1 
-2 -2 -2 -2 -1 2 -1 | 1 2 2 2 -1 -2 1 
-2 -1 -2 1 2 -1 | 1 2 2 2 -1 -2 1 
-2 -1 -2 1 2 -1 | 1 2 2 2 2 1 -2 
-2 -1 -1 -2 -2 -2 -1 | 1 2 2 2 2 1 -2 
-2 -1 -1 -2 -2 -2 -1 | 1 2 -1 -2 -1 -2 
-2 -1 -1 -2 -2 -1 -2 -1 -2 | 1 2 -1 -2 -1 -2 
-2 -1 -1 -2 1 -2 -1 -1 -2 | 1 2 -1 -2 -1 -2 
-2 -1 2 1 -2 -2 -1 -1 -2 | 1 2 -1 -2 -1 -2 
-1 -2 -2 -2 -1 -1 -2 | 1 2 -1 -2 -1 -2 
-1 -2 -2 -2 -1 -1 -2 | 1 2 1 2 2 
2 1 -2 -1 -1 -2 | 1 2 1 2 2 
2 1 -2 -1 -1 -2 | 1 2 2 
2 1 -2 -1 -1 -2 | 2 
2 -1 -2 | 2 
-1 -2 | 2 
-1 | 2 
8
-1 2 2 2 2 2 2 2 1 -2 -2 -2 -2 -2 -2 -2 -2 | -1 -2 -2 -2 -2 -2 -2 
-1 -2 -2 -2 -2 -2 -2 -2 | -1 -2 -2 -2 -2 -2 -2 
-2 | -1 -2 -2 -2 -2 -2 -2 
-2 | -1 -2 -2 -2 -2 -2 
-2 | -1 -2 -2 -2 -2 
-2 | -1 -2 -2 -2 
-2 | -1 -2 -2 
-2 | -1 -2 
-2 | -1 
8
-1 2 2 2 2 2 2 2 1 -2 -2 -2 -2 -2 -2 -2 -2 | -1 2 2 2 2 2 2 2 
-1 2 2 2 2 2 2 | -1 2 2 2 2 2 2 2 
-1 2 2 2 2 2 2 | 2 
-1 2 2 2 2 2 | 2 
-1 2 2 2 2 | 2 
-1 2 2 2 | 2 
-1 2 2 | 2 
-1 2 | 2 
-1 | 2 
9
-1 2 2 2 2 2 2 2 1 -2 -2 -2 -2 -2 -2 -2 -2 | -1 -2 -2 -2 -2 -2 -2 -2 
-1 -2 -2 -2 -2 -2 -2 -2 -2 | -1 -2 -2 -2 -2 -2 -2 -2 
-2 | -1 -2 -2 -2 -2 -2 -2 -2 
-2 | -1 -2 -2 -2 -2 -2 -2 
-2 | -1 -2 -2 -2 -2 -2 
-2 | -1 -2 -2 -2 -2 
-2 | -1 -2 -2 -2 
-2 | -1 -2 -2 
-2 | -1 -2 
-2 | -1 
