1 1.0 1 1 533 9 10                      1
2 1.0 2 2 533 8 10                      1
1 1.0 1 1 533 8 9                       1
3 1.0 3 3 533 7 10                      1
2 1.0 2 2 533 7 9                       1
1 1.0 1 1 533 7 8                       1
1 1.0 1 1 532 8 9                       1
2 1.0 2 2 532 7 9                       1
1 1.0 1 1 532 7 8                       1
3 1.0 3 3 532 6 9                       1
2 1.0 2 2 532 6 8                       1
1 1.0 1 1 532 6 7                       1
1 1.0 1 1 531 8 9                       1
2 1.0 2 2 531 7 9                       1
1 1.0 1 1 531 7 8                       1
3 1.0 3 3 531 6 9                       1
2 1.0 2 2 531 6 8                       1
1 1.0 1 1 531 6 7                       1
1 1.0 1 1 530 149 150                   1
2 1.0 0 2 530 148 150                   1
1 1.0 1 1 530 148 149                   1
1 1.0 2 2 530 146 147                   1
1 1.0 1 1 529 7 8                       1
2 1.0 2 2 529 6 8                       1
1 1.0 1 1 529 6 7                       1
3 1.0 3 3 529 5 8                       1
2 1.0 2 2 529 5 7                       1
1 1.0 1 1 529 5 6                       1
1 1.0 1 1 528 34 35                     1
1 1.0 3 3 528 32 33                     1
1 1.0 1 1 527 7 8                       1
2 1.0 2 2 527 6 8                       1
1 1.0 1 1 527 6 7                       1
3 1.0 3 3 527 5 8                       1
2 1.0 2 2 527 5 7                       1
1 1.0 1 1 527 5 6                       1
1 1.0 1 1 526 6 7                       1
2 1.0 2 2 526 5 7                       1
1 1.0 1 1 526 5 6                       1
3 1.0 3 3 526 4 7                       1
2 1.0 2 2 526 4 6                       1
1 1.0 1 1 526 4 5                       1
1 1.0 1 1 525 6 7                       1
2 1.0 2 2 525 5 7                       1
1 1.0 1 1 525 5 6                       1
3 1.0 3 3 525 4 7                       1
2 1.0 2 2 525 4 6                       1
1 1.0 1 1 525 4 5                       1
1 1.0 1 1 524 5 6                       1
2 1.0 2 2 524 4 6                       1
1 1.0 1 1 524 4 5                       1
3 1.0 3 3 524 3 6                       1
2 1.0 2 2 524 3 5                       1
1 1.0 1 1 524 3 4                       1
1 1.0 1 1 523 5 6                       1
2 1.0 2 2 523 4 6                       1
1 1.0 1 1 523 4 5                       1
3 1.0 3 3 523 3 6                       1
2 1.0 2 2 523 3 5                       1
1 1.0 1 1 523 3 4                       1
1 1.0 1 1 522 4 5                       1
2 1.0 2 2 522 3 5                       1
1 1.0 1 1 522 3 4                       1
3 1.0 5 5 522 2 5                       1
2 1.0 4 4 522 2 4                       1
1 1.0 3 3 522 2 3                       1
1 1.0 1 1 521 4 5                       1
2 1.0 2 2 521 3 5                       1
1 1.0 1 1 521 3 4                       1
3 1.0 5 5 521 2 5                       1
2 1.0 4 4 521 2 4                       1
1 1.0 3 3 521 2 3                       1
1 1.0 1 1 520 3 4                       1
2 1.0 3 3 520 2 4                       1
1 1.0 2 2 520 2 3                       1
1 1.0 1 1 519 3 4                       1
2 1.0 3 3 519 2 4                       1
1 1.0 2 2 519 2 3                       1
1 1.0 1 1 518 2 3                       1
1 1.0 1 1 517 9 10                      1
2 1.0 2 2 517 8 10                      1
1 1.0 1 1 517 8 9                       1
3 1.0 3 3 517 7 10                      1
2 1.0 2 2 517 7 9                       1
1 1.0 1 1 517 7 8                       1
1 1.0 1 1 516 50 51                     1
2 1.0 3 3 516 49 51                     1
1 1.0 2 2 516 49 50                     1
1 1.0 1 1 515 35 36                     1
2 1.0 3 3 515 34 36                     1
1 1.0 2 2 515 34 35                     1
1 1.0 1 1 514 52 53                     1
2 1.0 3 3 514 51 53                     1
1 1.0 2 2 514 51 52                     1
10 1.0 0 0 514 6 16                     0
1 1.0 1 1 513 40 41                     1
2 1.0 2 2 513 39 41                     1
1 1.0 1 1 513 39 40                     1
3 1.0 5 5 513 38 41                     1
2 1.0 4 4 513 38 40                     1
1 1.0 3 3 513 38 39                     1
1 1.0 1 1 512 8 9                       1
2 1.0 2 2 512 7 9                       1
1 1.0 1 1 512 7 8                       1
3 1.0 3 3 512 6 9                       1
2 1.0 2 2 512 6 8                       1
1 1.0 1 1 512 6 7                       1
1 1.0 1 3 511 17 18                     1
2 1.0 3 5 511 16 18                     1
1 1.0 2 2 511 16 17                     1
1 1.0 1 1 510 59 60                     1
1 1.0 1 1 509 46 47                     1
2 1.0 2 2 509 45 47                     1
1 1.0 1 1 509 45 46                     1
3 1.0 3 3 509 44 47                     1
2 1.0 2 2 509 44 46                     1
1 1.0 1 1 509 44 45                     1
1 1.0 1 1 508 58 59                     1
2 1.0 3 3 508 57 59                     1
1 1.0 2 2 508 57 58                     1
6 1.0 0 0 508 33 39                     0
6 1.0 0 0 508 32 38                     0
6 1.0 0 0 508 16 22                     0
6 1.0 0 0 508 15 21                     0
1 1.0 1 1 507 8 9                       1
2 1.0 2 2 507 7 9                       1
1 1.0 1 1 507 7 8                       1
3 1.0 3 3 507 6 9                       1
2 1.0 2 2 507 6 8                       1
1 1.0 1 1 507 6 7                       1
1 1.0 1 3 506 34 35                     1
2 1.0 3 5 506 33 35                     1
1 1.0 2 2 506 33 34                     1
1 1.0 1 1 505 7 8                       1
2 1.0 2 2 505 6 8                       1
1 1.0 1 1 505 6 7                       1
3 1.0 3 3 505 5 8                       1
2 1.0 2 2 505 5 7                       1
1 1.0 1 1 505 5 6                       1
1 1.0 1 1 504 26 27                     1
2 1.0 3 3 504 25 27                     1
1 1.0 2 2 504 25 26                     1
1 1.0 3 3 504 22 23                     1
1 1.0 1 1 503 7 8                       1
2 1.0 2 2 503 6 8                       1
1 1.0 1 1 503 6 7                       1
3 1.0 3 3 503 5 8                       1
2 1.0 2 2 503 5 7                       1
1 1.0 1 1 503 5 6                       1
1 1.0 1 1 502 6 7                       1
2 1.0 2 2 502 5 7                       1
1 1.0 1 1 502 5 6                       1
3 1.0 3 3 502 4 7                       1
2 1.0 2 2 502 4 6                       1
1 1.0 1 1 502 4 5                       1
1 1.0 1 1 501 6 7                       1
2 1.0 2 2 501 5 7                       1
1 1.0 1 1 501 5 6                       1
3 1.0 3 3 501 4 7                       1
2 1.0 2 2 501 4 6                       1
1 1.0 1 1 501 4 5                       1
1 1.0 1 1 500 5 6                       1
2 1.0 2 2 500 4 6                       1
1 1.0 1 1 500 4 5                       1
3 1.0 3 3 500 3 6                       1
2 1.0 2 2 500 3 5                       1
1 1.0 1 1 500 3 4                       1
1 1.0 1 1 499 5 6                       1
2 1.0 2 2 499 4 6                       1
1 1.0 1 1 499 4 5                       1
3 1.0 3 3 499 3 6                       1
2 1.0 2 2 499 3 5                       1
1 1.0 1 1 499 3 4                       1
1 1.0 1 1 498 4 5                       1
2 1.0 2 2 498 3 5                       1
1 1.0 1 1 498 3 4                       1
3 1.0 5 5 498 2 5                       1
2 1.0 4 4 498 2 4                       1
1 1.0 3 3 498 2 3                       1
1 1.0 1 1 497 4 5                       1
2 1.0 2 2 497 3 5                       1
1 1.0 1 1 497 3 4                       1
3 1.0 5 5 497 2 5                       1
2 1.0 4 4 497 2 4                       1
1 1.0 3 3 497 2 3                       1
1 1.0 1 1 496 3 4                       1
2 1.0 3 3 496 2 4                       1
1 1.0 2 2 496 2 3                       1
1 1.0 1 1 495 3 4                       1
2 1.0 3 3 495 2 4                       1
1 1.0 2 2 495 2 3                       1
1 1.0 1 1 494 2 3                       1
1 1.0 1 1 493 9 10                      1
2 1.0 2 2 493 8 10                      1
1 1.0 1 1 493 8 9                       1
3 1.0 3 3 493 7 10                      1
2 1.0 2 2 493 7 9                       1
1 1.0 1 1 493 7 8                       1
1 1.0 1 1 492 37 38                     1
2 1.0 2 2 492 36 38                     1
1 1.0 1 1 492 36 37                     1
3 1.0 5 5 492 35 38                     1
2 1.0 4 4 492 35 37                     1
1 1.0 3 3 492 35 36                     1
1 1.0 1 1 491 14 15                     1
2 1.0 2 2 491 13 15                     1
1 1.0 1 1 491 13 14                     1
3 1.0 3 3 491 12 15                     1
2 1.0 2 2 491 12 14                     1
1 1.0 1 1 491 12 13                     1
1 1.0 1 1 490 49 50                     1
2 1.0 2 2 490 48 50                     1
1 1.0 1 1 490 48 49                     1
3 1.0 3 3 490 47 50                     1
2 1.0 2 2 490 47 49                     1
1 1.0 1 1 490 47 48                     1
1 1.0 1 1 489 14 15                     1
2 1.0 2 2 489 13 15                     1
1 1.0 1 1 489 13 14                     1
3 1.0 5 5 489 12 15                     1
2 1.0 4 4 489 12 14                     1
1 1.0 3 3 489 12 13                     1
1 1.0 1 1 489 10 11                     1
1 1.0 1 1 488 39 40                     1
2 1.0 3 3 488 38 40                     1
1 1.0 2 2 488 38 39                     1
8 1.0 0 0 488 20 28                     0
1 1.0 1 3 487 48 49                     1
2 1.0 3 5 487 47 49                     1
1 1.0 2 2 487 47 48                     1
1 1.0 1 1 486 22 23                     1
1 1.0 3 3 486 20 21                     1
1 1.0 1 1 485 8 9                       1
2 1.0 2 2 485 7 9                       1
1 1.0 1 1 485 7 8                       1
3 1.0 3 3 485 6 9                       1
2 1.0 2 2 485 6 8                       1
1 1.0 1 1 485 6 7                       1
1 1.0 1 1 484 13 14                     1
2 1.0 2 2 484 12 14                     1
1 1.0 1 1 484 12 13                     1
3 1.0 5 5 484 11 14                     1
2 1.0 4 4 484 11 13                     1
1 1.0 3 3 484 11 12                     1
1 1.0 1 1 483 23 24                     1
2 1.0 2 2 483 22 24                     1
1 1.0 1 1 483 22 23                     1
3 1.0 3 3 483 21 24                     1
2 1.0 2 2 483 21 23                     1
1 1.0 1 1 483 21 22                     1
1 1.0 1 1 482 30 31                     1
2 1.0 3 3 482 29 31                     1
1 1.0 2 2 482 29 30                     1
1 1.0 1 1 481 36 37                     1
2 1.0 2 2 481 35 37                     1
1 1.0 1 1 481 35 36                     1
3 1.0 3 3 481 34 37                     1
2 1.0 2 2 481 34 36                     1
1 1.0 1 1 481 34 35                     1
1 1.0 1 1 480 14 15                     1
2 1.0 2 2 480 13 15                     1
1 1.0 1 1 480 13 14                     1
3 1.0 5 5 480 12 15                     1
2 1.0 4 4 480 12 14                     1
1 1.0 3 3 480 12 13                     1
1 1.0 1 1 479 31 32                     1
2 1.0 3 3 479 30 32                     1
1 1.0 2 2 479 30 31                     1
1 1.0 1 1 478 8 9                       1
2 1.0 2 2 478 7 9                       1
1 1.0 1 1 478 7 8                       1
3 1.0 3 3 478 6 9                       1
2 1.0 2 2 478 6 8                       1
1 1.0 1 1 478 6 7                       1
1 1.0 1 1 477 44 45                     1
2 1.0 3 3 477 43 45                     1
1 1.0 2 2 477 43 44                     1
1 1.0 1 1 476 56 57                     1
2 1.0 2 2 476 55 57                     1
1 1.0 1 1 476 55 56                     1
3 1.0 5 5 476 54 57                     1
2 1.0 4 4 476 54 56                     1
1 1.0 3 3 476 54 55                     1
1 1.0 1 1 475 23 24                     1
2 1.0 3 3 475 22 24                     1
1 1.0 2 2 475 22 23                     1
1 1.0 1 1 474 7 8                       1
2 1.0 2 2 474 6 8                       1
1 1.0 1 1 474 6 7                       1
3 1.0 3 3 474 5 8                       1
2 1.0 2 2 474 5 7                       1
1 1.0 1 1 474 5 6                       1
1 1.0 1 1 473 18 19                     1
2 1.0 3 3 473 17 19                     1
1 1.0 2 2 473 17 18                     1
3 1.0 4 4 473 16 19                     1
2 1.0 5 5 473 16 18                     1
1 1.0 3 3 473 16 17                     1
4 1.0 5 5 473 15 19                     1
3 1.0 6 6 473 15 18                     1
2 1.0 4 4 473 15 17                     1
1 1.0 1 1 473 15 16                     1
1 1.0 1 1 472 23 24                     1
2 1.0 3 3 472 22 24                     1
1 1.0 2 2 472 22 23                     1
1 1.0 1 1 471 47 48                     1
2 1.0 2 2 471 46 48                     1
1 1.0 1 1 471 46 47                     1
3 1.0 3 3 471 45 48                     1
2 1.0 2 2 471 45 47                     1
1 1.0 1 1 471 45 46                     1
1 1.0 1 1 470 7 8                       1
2 1.0 2 2 470 6 8                       1
1 1.0 1 1 470 6 7                       1
3 1.0 3 3 470 5 8                       1
2 1.0 2 2 470 5 7                       1
1 1.0 1 1 470 5 6                       1
1 1.0 1 1 469 6 7                       1
2 1.0 2 2 469 5 7                       1
1 1.0 1 1 469 5 6                       1
3 1.0 3 3 469 4 7                       1
2 1.0 2 2 469 4 6                       1
1 1.0 1 1 469 4 5                       1
1 1.0 1 1 468 6 7                       1
2 1.0 2 2 468 5 7                       1
1 1.0 1 1 468 5 6                       1
3 1.0 3 3 468 4 7                       1
2 1.0 2 2 468 4 6                       1
1 1.0 1 1 468 4 5                       1
1 1.0 1 1 467 148 149                   1
2 1.0 2 2 467 147 149                   1
1 1.0 1 1 467 147 148                   1
3 1.0 3 3 467 146 149                   1
2 1.0 2 2 467 146 148                   1
1 1.0 1 1 467 146 147                   1
6 1.0 0 0 467 98 104                    0
1 1.0 1 1 466 5 6                       1
2 1.0 2 2 466 4 6                       1
1 1.0 1 1 466 4 5                       1
3 1.0 3 3 466 3 6                       1
2 1.0 2 2 466 3 5                       1
1 1.0 1 1 466 3 4                       1
1 1.0 1 1 464 5 6                       1
2 1.0 2 2 464 4 6                       1
1 1.0 1 1 464 4 5                       1
3 1.0 3 3 464 3 6                       1
2 1.0 2 2 464 3 5                       1
1 1.0 1 1 464 3 4                       1
1 1.0 1 1 463 4 5                       1
2 1.0 2 2 463 3 5                       1
1 1.0 1 1 463 3 4                       1
3 1.0 5 5 463 2 5                       1
2 1.0 4 4 463 2 4                       1
1 1.0 3 3 463 2 3                       1
1 1.0 1 1 462 4 5                       1
2 1.0 2 2 462 3 5                       1
1 1.0 1 1 462 3 4                       1
3 1.0 5 5 462 2 5                       1
2 1.0 4 4 462 2 4                       1
1 1.0 3 3 462 2 3                       1
1 1.0 1 1 461 3 4                       1
2 1.0 3 3 461 2 4                       1
1 1.0 2 2 461 2 3                       1
1 1.0 1 1 460 3 4                       1
2 1.0 3 3 460 2 4                       1
1 1.0 2 2 460 2 3                       1
1 1.0 1 1 459 2 3                       1
1 1.0 1 1 458 9 10                      1
2 1.0 2 2 458 8 10                      1
1 1.0 1 1 458 8 9                       1
3 1.0 3 3 458 7 10                      1
2 1.0 2 2 458 7 9                       1
1 1.0 1 1 458 7 8                       1
1 1.0 1 1 457 15 16                     1
2 1.0 3 3 457 14 16                     1
1 1.0 2 2 457 14 15                     1
1 1.0 1 1 456 9 10                      1
2 1.0 2 2 456 8 10                      1
1 1.0 1 1 456 8 9                       1
3 1.0 3 3 456 7 10                      1
2 1.0 2 2 456 7 9                       1
1 1.0 1 1 456 7 8                       1
1 1.0 1 1 455 8 9                       1
2 1.0 2 2 455 7 9                       1
1 1.0 1 1 455 7 8                       1
3 1.0 3 3 455 6 9                       1
2 1.0 2 2 455 6 8                       1
1 1.0 1 1 455 6 7                       1
1 1.0 1 1 454 52 53                     1
2 1.0 2 2 454 51 53                     1
1 1.0 1 1 454 51 52                     1
3 1.0 3 3 454 50 53                     1
2 1.0 2 2 454 50 52                     1
1 1.0 1 1 454 50 51                     1
1 1.0 1 1 453 10 11                     1
2 1.0 2 2 453 9 11                      1
1 1.0 1 1 453 9 10                      1
3 1.0 5 5 453 8 11                      1
2 1.0 4 4 453 8 10                      1
1 1.0 3 3 453 8 9                       1
1 1.0 1 1 452 33 34                     1
2 1.0 3 3 452 32 34                     1
1 1.0 2 2 452 32 33                     1
1 1.0 1 1 451 11 12                     1
2 1.0 2 2 451 10 12                     1
1 1.0 1 1 451 10 11                     1
3 1.0 5 5 451 9 12                      1
2 1.0 4 4 451 9 11                      1
1 1.0 3 3 451 9 10                      1
1 1.0 1 1 450 21 22                     1
2 1.0 3 3 450 20 22                     1
1 1.0 2 2 450 20 21                     1
1 1.0 1 1 449 13 14                     1
2 1.0 2 2 449 12 14                     1
1 1.0 1 1 449 12 13                     1
3 1.0 3 3 449 11 14                     1
2 1.0 2 2 449 11 13                     1
1 1.0 1 1 449 11 12                     1
1 1.0 1 1 448 8 9                       1
2 1.0 2 2 448 7 9                       1
1 1.0 1 1 448 7 8                       1
3 1.0 3 3 448 6 9                       1
2 1.0 2 2 448 6 8                       1
1 1.0 1 1 448 6 7                       1
1 1.0 1 1 447 7 8                       1
2 1.0 3 3 447 6 8                       1
1 1.0 2 2 447 6 7                       1
3 1.0 4 4 447 5 8                       1
2 1.0 3 3 447 5 7                       1
1 1.0 1 1 447 5 6                       1
4 1.0 5 5 447 4 8                       1
3 1.0 4 4 447 4 7                       1
2 1.0 2 2 447 4 6                       1
1 1.0 1 1 447 4 5                       1
1 1.0 1 1 446 9 10                      1
2 1.0 2 2 446 8 10                      1
1 1.0 1 1 446 8 9                       1
3 1.0 3 3 446 7 10                      1
2 1.0 2 2 446 7 9                       1
1 1.0 1 1 446 7 8                       1
1 1.0 1 1 445 11 12                     1
2 1.0 3 3 445 10 12                     1
1 1.0 2 2 445 10 11                     1
1 1.0 1 1 444 11 12                     1
2 1.0 2 2 444 10 12                     1
1 1.0 1 1 444 10 11                     1
1 1.0 1 1 443 11 12                     1
2 1.0 3 3 443 10 12                     1
1 1.0 2 2 443 10 11                     1
1 1.0 1 1 442 18 19                     1
2 1.0 2 2 442 17 19                     1
1 1.0 1 1 442 17 18                     1
3 1.0 3 3 442 16 19                     1
2 1.0 2 2 442 16 18                     1
1 1.0 1 1 442 16 17                     1
1 1.0 1 1 441 22 23                     1
2 1.0 2 2 441 21 23                     1
1 1.0 1 1 441 21 22                     1
3 1.0 3 3 441 20 23                     1
2 1.0 2 2 441 20 22                     1
1 1.0 1 1 441 20 21                     1
1 1.0 1 1 440 20 21                     1
2 1.0 2 2 440 19 21                     1
1 1.0 1 1 440 19 20                     1
3 1.0 5 5 440 18 21                     1
2 1.0 4 4 440 18 20                     1
1 1.0 3 3 440 18 19                     1
1 1.0 1 1 439 42 43                     1
1 1.0 3 3 439 40 41                     1
1 1.0 1 1 438 8 9                       1
2 1.0 2 2 438 7 9                       1
1 1.0 1 1 438 7 8                       1
3 1.0 3 3 438 6 9                       1
2 1.0 2 2 438 6 8                       1
1 1.0 1 1 438 6 7                       1
1 1.0 1 1 437 38 39                     1
2 1.0 3 3 437 37 39                     1
1 1.0 2 2 437 37 38                     1
1 1.0 1 1 436 35 36                     1
2 1.0 2 2 436 34 36                     1
1 1.0 1 1 436 34 35                     1
3 1.0 5 5 436 33 36                     1
2 1.0 4 4 436 33 35                     1
1 1.0 3 3 436 33 34                     1
1 1.0 3 3 435 8 9                       1
1 1.0 1 1 434 33 34                     1
2 1.0 2 2 434 32 34                     1
1 1.0 1 1 434 32 33                     1
3 1.0 3 3 434 31 34                     1
2 1.0 2 2 434 31 33                     1
1 1.0 1 1 434 31 32                     1
6 1.0 0 0 434 14 20                     0
8 1.0 0 0 434 13 21                     0
1 1.0 1 3 433 17 18                     1
2 1.0 3 5 433 16 18                     1
1 1.0 2 2 433 16 17                     1
1 1.0 1 1 432 67 68                     1
2 1.0 2 2 432 66 68                     1
1 1.0 1 1 432 66 67                     1
3 1.0 3 3 432 65 68                     1
2 1.0 2 2 432 65 67                     1
1 1.0 1 1 432 65 66                     1
1 1.0 1 1 431 7 8                       1
2 1.0 2 2 431 6 8                       1
1 1.0 1 1 431 6 7                       1
3 1.0 3 3 431 5 8                       1
2 1.0 2 2 431 5 7                       1
1 1.0 1 1 431 5 6                       1
1 1.0 1 1 430 10 11                     1
2 1.0 2 2 430 9 11                      1
1 1.0 1 1 430 9 10                      1
3 1.0 3 3 430 8 11                      1
2 1.0 2 2 430 8 10                      1
1 1.0 1 1 430 8 9                       1
1 1.0 1 3 429 14 15                     1
2 1.0 3 5 429 13 15                     1
1 1.0 2 2 429 13 14                     1
1 1.0 1 1 429 11 12                     1
1 1.0 1 1 428 36 37                     1
2 1.0 2 2 428 35 37                     1
1 1.0 1 1 428 35 36                     1
3 1.0 5 5 428 34 37                     1
2 1.0 4 4 428 34 36                     1
1 1.0 3 3 428 34 35                     1
1 1.0 1 1 427 33 34                     1
2 1.0 3 3 427 32 34                     1
1 1.0 2 2 427 32 33                     1
1 1.0 1 1 426 21 22                     1
1 1.0 3 3 426 19 20                     1
1 1.0 1 1 425 280 281                   1
6 1.0 0 0 425 209 215                   0
12 1.0 0 0 425 205 217                  0
12 1.0 0 0 425 204 216                  0
12 1.0 0 0 425 203 215                  0
6 1.0 0 0 425 203 209                   0
6 1.0 0 0 425 168 174                   0
8 1.0 0 0 425 167 175                   0
10 1.0 0 0 425 166 176                  0
6 1.0 0 0 425 125 131                   0
18 1.0 0 0 425 120 138                  0
10 1.0 0 0 425 112 122                  0
18 1.0 0 0 425 111 129                  0
30 1.0 0 0 425 110 140                  0
30 1.0 0 0 425 109 139                  0
14 1.0 0 0 425 104 118                  0
16 1.0 0 0 425 103 119                  0
36 1.0 0 0 425 102 138                  0
18 1.0 0 0 425 102 120                  0
6 1.0 0 0 425 101 107                   0
30 1.0 0 0 425 96 126                   0
10 1.0 0 0 425 88 98                    0
18 1.0 0 0 425 87 105                   0
24 1.0 0 0 425 83 107                   0
18 1.0 0 0 425 83 101                   0
30 1.0 0 0 425 75 105                   0
12 1.0 0 0 425 75 87                    0
32 1.0 0 0 425 74 106                   0
34 1.0 0 0 425 73 107                   0
28 1.0 0 0 425 73 101                   0
10 1.0 0 0 425 73 83                    0
18 1.0 0 0 425 72 90                    0
18 1.0 0 0 425 71 89                    0
28 1.0 0 0 425 70 98                    0
18 1.0 0 0 425 70 88                    0
36 1.0 0 0 425 69 105                   0
18 1.0 0 0 425 69 87                    0
6 1.0 0 0 425 69 75                     0
18 1.0 0 0 425 68 86                    0
18 1.0 0 0 425 67 85                    0
18 1.0 0 0 425 62 80                    0
18 1.0 0 0 425 61 79                    0
18 1.0 0 0 425 60 78                    0
18 1.0 0 0 425 59 77                    0
18 1.0 0 0 425 58 76                    0
1 1.0 1 1 424 7 8                       1
2 1.0 2 2 424 6 8                       1
1 1.0 1 1 424 6 7                       1
3 1.0 3 3 424 5 8                       1
2 1.0 2 2 424 5 7                       1
1 1.0 1 1 424 5 6                       1
1 1.0 3 3 423 68 69                     1
2 1.0 5 5 423 67 69                     1
1 1.0 2 2 423 67 68                     1
1 1.0 1 1 422 21 22                     1
2 1.0 3 3 422 20 22                     1
1 1.0 2 2 422 20 21                     1
1 1.0 1 1 421 49 50                     1
2 1.0 2 2 421 48 50                     1
1 1.0 1 1 421 48 49                     1
3 1.0 5 5 421 47 50                     1
2 1.0 4 4 421 47 49                     1
1 1.0 3 3 421 47 48                     1
1 1.0 1 1 420 6 7                       1
2 1.0 2 2 420 5 7                       1
1 1.0 1 1 420 5 6                       1
3 1.0 3 3 420 4 7                       1
2 1.0 2 2 420 4 6                       1
1 1.0 1 1 420 4 5                       1
1 1.0 1 1 419 22 23                     1
6 1.0 0 0 419 5 11                      0
6 1.0 0 0 419 4 10                      0
1 1.0 1 1 418 64 65                     1
2 1.0 2 2 418 63 65                     1
1 1.0 1 1 418 63 64                     1
3 1.0 5 5 418 62 65                     1
2 1.0 4 4 418 62 64                     1
1 1.0 3 3 418 62 63                     1
1 1.0 1 1 417 78 79                     1
2 1.0 3 3 417 77 79                     1
1 1.0 2 2 417 77 78                     1
1 1.0 1 1 416 6 7                       1
2 1.0 2 2 416 5 7                       1
1 1.0 1 1 416 5 6                       1
3 1.0 3 3 416 4 7                       1
2 1.0 2 2 416 4 6                       1
1 1.0 1 1 416 4 5                       1
1 1.0 1 1 415 59 60                     1
1 1.0 1 1 414 5 6                       1
2 1.0 2 2 414 4 6                       1
1 1.0 1 1 414 4 5                       1
3 1.0 3 3 414 3 6                       1
2 1.0 2 2 414 3 5                       1
1 1.0 1 1 414 3 4                       1
1 1.0 1 1 413 34 35                     1
1 1.0 1 1 412 5 6                       1
2 1.0 2 2 412 4 6                       1
1 1.0 1 1 412 4 5                       1
3 1.0 3 3 412 3 6                       1
2 1.0 2 2 412 3 5                       1
1 1.0 1 1 412 3 4                       1
1 1.0 1 1 411 4 5                       1
2 1.0 2 2 411 3 5                       1
1 1.0 1 1 411 3 4                       1
3 1.0 5 5 411 2 5                       1
2 1.0 4 4 411 2 4                       1
1 1.0 3 3 411 2 3                       1
1 1.0 1 1 410 4 5                       1
2 1.0 2 2 410 3 5                       1
1 1.0 1 1 410 3 4                       1
3 1.0 5 5 410 2 5                       1
2 1.0 4 4 410 2 4                       1
1 1.0 3 3 410 2 3                       1
1 1.0 1 1 409 3 4                       1
2 1.0 3 3 409 2 4                       1
1 1.0 2 2 409 2 3                       1
1 1.0 1 1 408 3 4                       1
2 1.0 3 3 408 2 4                       1
1 1.0 2 2 408 2 3                       1
1 1.0 1 1 407 2 3                       1
1 1.0 1 1 406 9 10                      1
2 1.0 2 2 406 8 10                      1
1 1.0 1 1 406 8 9                       1
3 1.0 3 3 406 7 10                      1
2 1.0 2 2 406 7 9                       1
1 1.0 1 1 406 7 8                       1
1 1.0 3 3 405 230 231                   1
2 1.0 5 5 405 229 231                   1
1 1.0 2 2 405 229 230                   1
6 1.0 0 0 405 178 184                   0
10 1.0 0 0 405 151 161                  0
30 1.0 0 0 405 133 163                  0
6 1.0 0 0 405 132 138                   0
8 1.0 0 0 405 131 139                   0
10 1.0 0 0 405 130 140                  0
12 1.0 0 0 405 129 141                  0
6 1.0 0 0 405 116 122                   0
8 1.0 0 0 405 115 123                   0
14 1.0 0 0 405 110 124                  0
16 1.0 0 0 405 106 122                  0
10 1.0 0 0 405 106 116                  0
16 1.0 0 0 405 105 121                  0
16 1.0 0 0 405 104 120                  0
24 1.0 0 0 405 97 121                   0
8 1.0 0 0 405 97 105                    0
26 1.0 0 0 405 96 122                   0
20 1.0 0 0 405 96 116                   0
10 1.0 0 0 405 96 106                   0
28 1.0 0 0 405 95 123                   0
20 1.0 0 0 405 95 115                   0
20 1.0 0 0 405 94 114                   0
20 1.0 0 0 405 93 113                   0
20 1.0 0 0 405 92 112                   0
20 1.0 0 0 405 91 111                   0
34 1.0 0 0 405 90 124                   0
20 1.0 0 0 405 90 110                   0
34 1.0 0 0 405 89 123                   0
26 1.0 0 0 405 89 115                   0
6 1.0 0 0 405 89 95                     0
34 1.0 0 0 405 88 122                   0
28 1.0 0 0 405 88 116                   0
18 1.0 0 0 405 88 106                   0
8 1.0 0 0 405 88 96                     0
34 1.0 0 0 405 87 121                   0
18 1.0 0 0 405 87 105                   0
10 1.0 0 0 405 87 97                    0
34 1.0 0 0 405 86 120                   0
18 1.0 0 0 405 86 104                   0
34 1.0 0 0 405 85 119                   0
34 1.0 0 0 405 83 117                   0
40 1.0 0 0 405 82 122                   0
34 1.0 0 0 405 82 116                   0
24 1.0 0 0 405 82 106                   0
14 1.0 0 0 405 82 96                    0
6 1.0 0 0 405 82 88                     0
42 1.0 0 0 405 81 123                   0
34 1.0 0 0 405 81 115                   0
14 1.0 0 0 405 81 95                    0
8 1.0 0 0 405 81 89                     0
34 1.0 0 0 405 80 114                   0
14 1.0 0 0 405 80 94                    0
34 1.0 0 0 405 79 113                   0
14 1.0 0 0 405 79 93                    0
76 1.0 0 0 405 76 152                   0
6 1.0 0 0 405 64 70                     0
8 1.0 0 0 405 63 71                     0
14 1.0 0 0 405 42 56                    0
14 1.0 0 0 405 41 55                    0
14 1.0 0 0 405 40 54                    0
14 1.0 0 0 405 39 53                    0
14 1.0 0 0 405 38 52                    0
14 1.0 0 0 405 37 51                    0
14 1.0 0 0 405 36 50                    0
14 1.0 0 0 405 35 49                    0
14 1.0 0 0 405 34 48                    0
14 1.0 0 0 405 33 47                    0
14 1.0 0 0 405 32 46                    0
14 1.0 0 0 405 31 45                    0
14 1.0 0 0 405 30 44                    0
14 1.0 0 0 405 29 43                    0
28 1.0 0 0 405 28 56                    0
14 1.0 0 0 405 28 42                    0
30 1.0 0 0 405 27 57                    0
32 1.0 0 0 405 26 58                    0
34 1.0 0 0 405 25 59                    0
30 1.0 0 0 405 24 54                    0
16 1.0 0 0 405 24 40                    0
24 1.0 0 0 405 22 46                    0
10 1.0 0 0 405 22 32                    0
26 1.0 0 0 405 21 47                    0
12 1.0 0 0 405 21 33                    0
28 1.0 0 0 405 20 48                    0
14 1.0 0 0 405 20 34                    0
30 1.0 0 0 405 19 49                    0
16 1.0 0 0 405 19 35                    0
6 1.0 0 0 405 17 23                     0
38 1.0 0 0 405 16 54                    0
24 1.0 0 0 405 16 40                    0
8 1.0 0 0 405 16 24                     0
44 1.0 0 0 405 15 59                    0
10 1.0 0 0 405 15 25                    0
46 1.0 0 0 405 14 60                    0
42 1.0 0 0 405 10 52                    0
28 1.0 0 0 405 10 38                    0
44 1.0 0 0 405 9 53                     0
30 1.0 0 0 405 9 39                     0
46 1.0 0 0 405 8 54                     0
32 1.0 0 0 405 8 40                     0
16 1.0 0 0 405 8 24                     0
8 1.0 0 0 405 8 16                      0
48 1.0 0 0 405 7 55                     0
34 1.0 0 0 405 7 41                     0
50 1.0 0 0 405 6 56                     0
36 1.0 0 0 405 6 42                     0
22 1.0 0 0 405 6 28                     0
52 1.0 0 0 405 5 57                     0
22 1.0 0 0 405 5 27                     0
62 1.0 0 0 405 3 65                     0
64 1.0 0 0 405 2 66                     0
60 1.0 0 0 405 1 61                     0
1 1.0 1 1 404 9 10                      1
2 1.0 2 2 404 8 10                      1
1 1.0 1 1 404 8 9                       1
3 1.0 3 3 404 7 10                      1
2 1.0 2 2 404 7 9                       1
1 1.0 1 1 404 7 8                       1
1 1.0 1 1 403 7 8                       1
2 1.0 2 2 403 6 8                       1
1 1.0 1 1 403 6 7                       1
3 1.0 3 3 403 5 8                       1
2 1.0 2 2 403 5 7                       1
1 1.0 1 1 403 5 6                       1
1 1.0 1 1 402 63 64                     1
1 1.0 3 3 402 61 62                     1
22 1.0 0 0 402 32 54                    0
6 1.0 0 0 402 28 34                     0
1 1.0 1 1 401 17 18                     1
2 1.0 3 3 401 16 18                     1
1 1.0 2 2 401 16 17                     1
1 1.0 1 1 400 75 76                     1
1 1.0 3 3 400 73 74                     1
6 1.0 0 0 400 54 60                     0
6 1.0 0 0 400 53 59                     0
6 1.0 0 0 400 50 56                     0
1 1.0 1 1 399 89 90                     1
2 1.0 2 2 399 88 90                     1
1 1.0 1 1 399 88 89                     1
3 1.0 3 3 399 87 90                     1
2 1.0 2 2 399 87 89                     1
1 1.0 1 1 399 87 88                     1
6 1.0 0 0 399 34 40                     0
8 1.0 0 0 399 33 41                     0
1 1.0 1 1 398 15 16                     1
2 1.0 3 3 398 14 16                     1
1 1.0 2 2 398 14 15                     1
1 1.0 1 1 397 59 60                     1
2 1.0 3 3 397 58 60                     1
1 1.0 2 2 397 58 59                     1
6 1.0 0 0 397 19 25                     0
1 1.0 1 1 396 9 10                      1
2 1.0 2 2 396 8 10                      1
1 1.0 1 1 396 8 9                       1
3 1.0 3 3 396 7 10                      1
2 1.0 2 2 396 7 9                       1
1 1.0 1 1 396 7 8                       1
1 1.0 1 1 395 5 6                       1
2 1.0 2 2 395 4 6                       1
1 1.0 1 1 395 4 5                       1
3 1.0 5 5 395 3 6                       1
2 1.0 4 4 395 3 5                       1
1 1.0 3 3 395 3 4                       1
1 1.0 1 1 394 17 18                     1
2 1.0 3 3 394 16 18                     1
1 1.0 2 2 394 16 17                     1
3 1.0 4 4 394 15 18                     1
2 1.0 5 5 394 15 17                     1
1 1.0 3 3 394 15 16                     1
4 1.0 5 5 394 14 18                     1
3 1.0 6 6 394 14 17                     1
2 1.0 4 4 394 14 16                     1
1 1.0 1 1 394 14 15                     1
1 1.0 1 1 393 9 10                      1
2 1.0 2 2 393 8 10                      1
1 1.0 1 1 393 8 9                       1
3 1.0 3 3 393 7 10                      1
2 1.0 2 2 393 7 9                       1
1 1.0 1 1 393 7 8                       1
1 1.0 1 1 392 5 6                       1
2 1.0 3 3 392 4 6                       1
1 1.0 2 2 392 4 5                       1
1 1.0 1 1 391 7 8                       1
2 1.0 2 2 391 6 8                       1
1 1.0 1 1 391 6 7                       1
3 1.0 5 5 391 5 8                       1
2 1.0 4 4 391 5 7                       1
1 1.0 3 3 391 5 6                       1
1 1.0 1 1 390 5 6                       1
2 1.0 2 2 390 4 6                       1
1 1.0 1 1 390 4 5                       1
3 1.0 5 5 390 3 6                       1
2 1.0 4 4 390 3 5                       1
1 1.0 3 3 390 3 4                       1
1 1.0 1 1 389 23 24                     1
2 1.0 3 3 389 22 24                     1
1 1.0 2 2 389 22 23                     1
3 1.0 4 4 389 21 24                     1
2 1.0 3 3 389 21 23                     1
1 1.0 1 1 389 21 22                     1
4 1.0 5 5 389 20 24                     1
3 1.0 4 4 389 20 23                     1
2 1.0 2 2 389 20 22                     1
1 1.0 1 1 389 20 21                     1
1 1.0 1 1 388 12 13                     1
2 1.0 2 2 388 11 13                     1
1 1.0 1 1 388 11 12                     1
3 1.0 3 5 388 10 13                     1
2 1.0 2 4 388 10 12                     1
1 1.0 1 3 388 10 11                     1
1 1.0 1 1 387 78 79                     1
2 1.0 2 2 387 77 79                     1
1 1.0 1 1 387 77 78                     1
3 1.0 3 3 387 76 79                     1
2 1.0 2 2 387 76 78                     1
1 1.0 1 1 387 76 77                     1
16 1.0 0 0 387 17 33                    0
1 1.0 1 1 386 36 37                     1
1 1.0 3 3 386 34 35                     1
1 1.0 1 1 385 15 16                     1
2 1.0 2 2 385 14 16                     1
1 1.0 1 1 385 14 15                     1
3 1.0 5 5 385 13 16                     1
2 1.0 4 4 385 13 15                     1
1 1.0 3 3 385 13 14                     1
1 1.0 1 1 384 19 20                     1
2 1.0 3 3 384 18 20                     1
1 1.0 2 2 384 18 19                     1
1 1.0 1 1 383 32 33                     1
1 1.0 3 3 383 30 31                     1
1 1.0 1 1 382 8 9                       1
2 1.0 2 2 382 7 9                       1
1 1.0 1 1 382 7 8                       1
3 1.0 3 3 382 6 9                       1
2 1.0 2 2 382 6 8                       1
1 1.0 1 1 382 6 7                       1
1 1.0 1 1 381 81 82                     1
2 1.0 2 2 381 80 82                     1
1 1.0 1 1 381 80 81                     1
3 1.0 3 3 381 79 82                     1
2 1.0 2 2 381 79 81                     1
1 1.0 1 1 381 79 80                     1
6 1.0 0 0 381 30 36                     0
6 1.0 0 0 381 29 35                     0
12 1.0 0 0 381 23 35                    0
6 1.0 0 0 381 23 29                     0
1 1.0 1 1 380 5 6                       1
2 1.0 3 3 380 4 6                       1
1 1.0 2 2 380 4 5                       1
1 1.0 1 1 379 8 9                       1
2 1.0 3 3 379 7 9                       1
1 1.0 2 2 379 7 8                       1
1 1.0 1 1 379 5 6                       1
2 1.0 2 2 379 4 6                       1
1 1.0 1 1 379 4 5                       1
1 1.0 1 1 378 7 8                       1
2 1.0 2 2 378 6 8                       1
1 1.0 1 1 378 6 7                       1
3 1.0 5 5 378 5 8                       1
2 1.0 4 4 378 5 7                       1
1 1.0 3 3 378 5 6                       1
1 1.0 1 1 377 9 10                      1
2 1.0 2 2 377 8 10                      1
1 1.0 1 1 377 8 9                       1
3 1.0 3 3 377 7 10                      1
2 1.0 2 2 377 7 9                       1
1 1.0 1 1 377 7 8                       1
1 1.0 1 1 376 9 10                      1
2 1.0 2 2 376 8 10                      1
1 1.0 1 1 376 8 9                       1
3 1.0 3 3 376 7 10                      1
2 1.0 2 2 376 7 9                       1
1 1.0 1 1 376 7 8                       1
1 1.0 1 1 375 9 10                      1
2 1.0 2 2 375 8 10                      1
1 1.0 1 1 375 8 9                       1
3 1.0 3 3 375 7 10                      1
2 1.0 2 2 375 7 9                       1
1 1.0 1 1 375 7 8                       1
1 1.0 1 1 374 21 22                     1
2 1.0 2 2 374 20 22                     1
1 1.0 1 1 374 20 21                     1
3 1.0 3 3 374 19 22                     1
2 1.0 2 2 374 19 21                     1
1 1.0 1 1 374 19 20                     1
1 1.0 1 1 373 8 9                       1
1 1.0 1 1 372 9 10                      1
2 1.0 3 3 372 8 10                      1
1 1.0 2 2 372 8 9                       1
1 1.0 1 1 371 26 27                     1
2 1.0 2 2 371 25 27                     1
1 1.0 1 1 371 25 26                     1
3 1.0 3 5 371 24 27                     1
2 1.0 2 4 371 24 26                     1
1 1.0 3 3 371 24 25                     1
1 1.0 1 3 370 214 215                   1
2 1.0 3 5 370 213 215                   1
1 1.0 2 2 370 213 214                   1
6 1.0 0 0 370 162 168                   0
10 1.0 0 0 370 135 145                  0
14 1.0 0 0 370 125 139                  0
14 1.0 0 0 370 124 138                  0
6 1.0 0 0 370 123 129                   0
8 1.0 0 0 370 122 130                   0
14 1.0 0 0 370 120 134                  0
30 1.0 0 0 370 117 147                  0
6 1.0 0 0 370 100 106                   0
8 1.0 0 0 370 99 107                    0
14 1.0 0 0 370 94 108                   0
16 1.0 0 0 370 90 106                   0
10 1.0 0 0 370 90 100                   0
16 1.0 0 0 370 89 105                   0
16 1.0 0 0 370 88 104                   0
24 1.0 0 0 370 81 105                   0
8 1.0 0 0 370 81 89                     0
26 1.0 0 0 370 80 106                   0
20 1.0 0 0 370 80 100                   0
10 1.0 0 0 370 80 90                    0
28 1.0 0 0 370 79 107                   0
20 1.0 0 0 370 79 99                    0
20 1.0 0 0 370 78 98                    0
20 1.0 0 0 370 77 97                    0
20 1.0 0 0 370 76 96                    0
20 1.0 0 0 370 75 95                    0
34 1.0 0 0 370 74 108                   0
20 1.0 0 0 370 74 94                    0
34 1.0 0 0 370 73 107                   0
26 1.0 0 0 370 73 99                    0
6 1.0 0 0 370 73 79                     0
34 1.0 0 0 370 72 106                   0
28 1.0 0 0 370 72 100                   0
18 1.0 0 0 370 72 90                    0
8 1.0 0 0 370 72 80                     0
34 1.0 0 0 370 71 105                   0
18 1.0 0 0 370 71 89                    0
10 1.0 0 0 370 71 81                    0
34 1.0 0 0 370 70 104                   0
18 1.0 0 0 370 70 88                    0
34 1.0 0 0 370 69 103                   0
34 1.0 0 0 370 67 101                   0
40 1.0 0 0 370 66 106                   0
34 1.0 0 0 370 66 100                   0
24 1.0 0 0 370 66 90                    0
14 1.0 0 0 370 66 80                    0
6 1.0 0 0 370 66 72                     0
40 1.0 0 0 370 65 105                   0
24 1.0 0 0 370 65 89                    0
16 1.0 0 0 370 65 81                    0
6 1.0 0 0 370 65 71                     0
40 1.0 0 0 370 64 104                   0
24 1.0 0 0 370 64 88                    0
6 1.0 0 0 370 64 70                     0
24 1.0 0 0 370 63 87                    0
24 1.0 0 0 370 62 86                    0
46 1.0 0 0 370 51 97                    0
26 1.0 0 0 370 51 77                    0
66 1.0 0 0 370 50 116                   0
66 1.0 0 0 370 49 115                   0
94 1.0 0 0 370 48 142                   0
94 1.0 0 0 370 47 141                   0
68 1.0 0 0 370 44 112                   0
90 1.0 0 0 370 23 113                   0
94 1.0 0 0 370 13 107                   0
86 1.0 0 0 370 13 99                    0
66 1.0 0 0 370 13 79                    0
60 1.0 0 0 370 13 73                    0
92 1.0 0 0 370 10 102                   0
94 1.0 0 0 370 9 103                    0
60 1.0 0 0 370 9 69                     0
1 1.0 1 1 369 16 17                     1
2 1.0 2 2 369 15 17                     1
1 1.0 1 1 369 15 16                     1
3 1.0 5 5 369 14 17                     1
2 1.0 4 4 369 14 16                     1
1 1.0 3 3 369 14 15                     1
1 1.0 1 1 368 31 32                     1
2 1.0 3 3 368 30 32                     1
1 1.0 2 2 368 30 31                     1
3 1.0 4 4 368 29 32                     1
2 1.0 3 3 368 29 31                     1
1 1.0 1 1 368 29 30                     1
4 1.0 5 5 368 28 32                     1
3 1.0 4 4 368 28 31                     1
2 1.0 2 2 368 28 30                     1
1 1.0 1 1 368 28 29                     1
1 1.0 1 1 367 5 6                       1
2 1.0 2 2 367 4 6                       1
1 1.0 1 1 367 4 5                       1
3 1.0 5 5 367 3 6                       1
2 1.0 4 4 367 3 5                       1
1 1.0 3 3 367 3 4                       1
1 1.0 1 1 366 20 21                     1
2 1.0 2 2 366 19 21                     1
1 1.0 1 1 366 19 20                     1
3 1.0 3 3 366 18 21                     1
2 1.0 2 2 366 18 20                     1
1 1.0 1 1 366 18 19                     1
1 1.0 1 1 365 10 11                     1
2 1.0 3 3 365 9 11                      1
1 1.0 2 2 365 9 10                      1
1 1.0 3 3 364 83 84                     1
2 1.0 5 5 364 82 84                     1
1 1.0 2 2 364 82 83                     1
6 1.0 0 0 364 31 37                     0
10 1.0 0 0 364 4 14                     0
38 1.0 0 0 364 1 39                     0
1 1.0 1 1 363 79 80                     1
2 1.0 2 2 363 78 80                     1
1 1.0 1 1 363 78 79                     1
3 1.0 3 3 363 77 80                     1
2 1.0 2 2 363 77 79                     1
1 1.0 1 1 363 77 78                     1
6 1.0 0 0 363 28 34                     0
6 1.0 0 0 363 27 33                     0
12 1.0 0 0 363 21 33                    0
6 1.0 0 0 363 21 27                     0
24 1.0 0 0 363 2 26                     0
1 1.0 1 1 362 8 9                       1
2 1.0 2 2 362 7 9                       1
1 1.0 1 1 362 7 8                       1
3 1.0 5 5 362 6 9                       1
2 1.0 4 4 362 6 8                       1
1 1.0 3 3 362 6 7                       1
1 1.0 1 1 361 20 21                     1
2 1.0 2 2 361 19 21                     1
1 1.0 1 1 361 19 20                     1
3 1.0 5 5 361 18 21                     1
2 1.0 4 4 361 18 20                     1
1 1.0 3 3 361 18 19                     1
1 1.0 1 1 360 55 56                     1
2 1.0 2 2 360 54 56                     1
1 1.0 1 1 360 54 55                     1
3 1.0 3 3 360 53 56                     1
2 1.0 2 2 360 53 55                     1
1 1.0 1 1 360 53 54                     1
1 1.0 1 1 359 6 7                       1
2 1.0 2 2 359 5 7                       1
1 1.0 1 1 359 5 6                       1
3 1.0 3 3 359 4 7                       1
2 1.0 2 2 359 4 6                       1
1 1.0 1 1 359 4 5                       1
1 1.0 1 1 358 8 9                       1
2 1.0 2 2 358 7 9                       1
1 1.0 1 1 358 7 8                       1
3 1.0 3 3 358 6 9                       1
2 1.0 2 2 358 6 8                       1
1 1.0 1 1 358 6 7                       1
1 1.0 3 3 357 196 197                   1
2 1.0 5 5 357 195 197                   1
1 1.0 2 2 357 195 196                   1
6 1.0 0 0 357 144 150                   0
10 1.0 0 0 357 117 127                  0
38 1.0 0 0 357 114 152                  0
14 1.0 0 0 357 107 121                  0
14 1.0 0 0 357 106 120                  0
6 1.0 0 0 357 105 111                   0
8 1.0 0 0 357 104 112                   0
14 1.0 0 0 357 102 116                  0
14 1.0 0 0 357 99 113                   0
14 1.0 0 0 357 98 112                   0
6 1.0 0 0 357 98 104                    0
14 1.0 0 0 357 97 111                   0
8 1.0 0 0 357 97 105                    0
24 1.0 0 0 357 96 120                   0
10 1.0 0 0 357 96 106                   0
26 1.0 0 0 357 95 121                   0
12 1.0 0 0 357 95 107                   0
14 1.0 0 0 357 94 108                   0
16 1.0 0 0 357 93 109                   0
28 1.0 0 0 357 90 118                   0
6 1.0 0 0 357 82 88                     0
8 1.0 0 0 357 81 89                     0
42 1.0 0 0 357 76 118                   0
14 1.0 0 0 357 76 90                    0
16 1.0 0 0 357 72 88                    0
10 1.0 0 0 357 72 82                    0
16 1.0 0 0 357 71 87                    0
16 1.0 0 0 357 70 86                    0
24 1.0 0 0 357 63 87                    0
8 1.0 0 0 357 63 71                     0
26 1.0 0 0 357 62 88                    0
20 1.0 0 0 357 62 82                    0
10 1.0 0 0 357 62 72                    0
28 1.0 0 0 357 61 89                    0
20 1.0 0 0 357 61 81                    0
20 1.0 0 0 357 60 80                    0
20 1.0 0 0 357 59 79                    0
20 1.0 0 0 357 58 78                    0
20 1.0 0 0 357 57 77                    0
62 1.0 0 0 357 56 118                   0
34 1.0 0 0 357 56 90                    0
20 1.0 0 0 357 56 76                    0
34 1.0 0 0 357 55 89                    0
26 1.0 0 0 357 55 81                    0
6 1.0 0 0 357 55 61                     0
34 1.0 0 0 357 54 88                    0
28 1.0 0 0 357 54 82                    0
18 1.0 0 0 357 54 72                    0
8 1.0 0 0 357 54 62                     0
34 1.0 0 0 357 53 87                    0
18 1.0 0 0 357 53 71                    0
10 1.0 0 0 357 53 63                    0
34 1.0 0 0 357 52 86                    0
18 1.0 0 0 357 52 70                    0
34 1.0 0 0 357 51 85                    0
34 1.0 0 0 357 49 83                    0
40 1.0 0 0 357 48 88                    0
34 1.0 0 0 357 48 82                    0
24 1.0 0 0 357 48 72                    0
14 1.0 0 0 357 48 62                    0
6 1.0 0 0 357 48 54                     0
40 1.0 0 0 357 47 87                    0
24 1.0 0 0 357 47 71                    0
16 1.0 0 0 357 47 63                    0
6 1.0 0 0 357 47 53                     0
40 1.0 0 0 357 46 86                    0
24 1.0 0 0 357 46 70                    0
6 1.0 0 0 357 46 52                     0
24 1.0 0 0 357 45 69                    0
24 1.0 0 0 357 44 68                    0
46 1.0 0 0 357 33 79                    0
26 1.0 0 0 357 33 59                    0
80 1.0 0 0 357 32 112                   0
72 1.0 0 0 357 32 104                   0
66 1.0 0 0 357 32 98                    0
80 1.0 0 0 357 31 111                   0
74 1.0 0 0 357 31 105                   0
66 1.0 0 0 357 31 97                    0
80 1.0 0 0 357 30 110                   0
82 1.0 0 0 357 26 108                   0
68 1.0 0 0 357 26 94                    0
1 1.0 1 1 356 22 23                     1
2 1.0 3 3 356 21 23                     1
1 1.0 2 2 356 21 22                     1
3 1.0 4 4 356 20 23                     1
2 1.0 3 5 356 20 22                     1
1 1.0 3 3 356 20 21                     1
1 1.0 1 1 355 81 82                     1
2 1.0 2 2 355 80 82                     1
1 1.0 1 1 355 80 81                     1
3 1.0 3 3 355 79 82                     1
2 1.0 2 2 355 79 81                     1
1 1.0 1 1 355 79 80                     1
6 1.0 0 0 355 30 36                     0
6 1.0 0 0 355 29 35                     0
12 1.0 0 0 355 23 35                    0
6 1.0 0 0 355 23 29                     0
36 1.0 0 0 355 3 39                     0
42 1.0 0 0 355 1 43                     0
1 1.0 1 1 354 9 10                      1
1 1.0 1 1 353 8 9                       1
2 1.0 2 2 353 7 9                       1
1 1.0 1 1 353 7 8                       1
3 1.0 5 5 353 6 9                       1
2 1.0 4 4 353 6 8                       1
1 1.0 3 3 353 6 7                       1
1 1.0 1 1 352 6 7                       1
2 1.0 2 2 352 5 7                       1
1 1.0 1 1 352 5 6                       1
3 1.0 3 3 352 4 7                       1
2 1.0 2 2 352 4 6                       1
1 1.0 1 1 352 4 5                       1
1 1.0 3 3 351 30 31                     1
2 1.0 5 5 351 29 31                     1
1 1.0 2 2 351 29 30                     1
1 1.0 1 1 350 9 10                      1
1 1.0 1 1 349 60 61                     1
2 1.0 3 3 349 59 61                     1
1 1.0 2 2 349 59 60                     1
6 1.0 0 0 349 20 26                     0
1 1.0 1 1 348 67 68                     1
2 1.0 3 3 348 66 68                     1
1 1.0 2 2 348 66 67                     1
6 1.0 0 0 348 19 25                     0
8 1.0 0 0 348 18 26                     0
1 1.0 1 1 347 17 18                     1
2 1.0 3 3 347 16 18                     1
1 1.0 2 2 347 16 17                     1
1 1.0 1 1 346 11 12                     1
2 1.0 3 3 346 10 12                     1
1 1.0 2 2 346 10 11                     1
1 1.0 1 1 345 30 31                     1
2 1.0 2 2 345 29 31                     1
1 1.0 1 1 345 29 30                     1
3 1.0 3 3 345 28 31                     1
2 1.0 2 2 345 28 30                     1
1 1.0 1 1 345 28 29                     1
1 1.0 1 1 344 7 8                       1
2 1.0 2 2 344 6 8                       1
1 1.0 1 1 344 6 7                       1
3 1.0 3 3 344 5 8                       1
2 1.0 2 2 344 5 7                       1
1 1.0 1 1 344 5 6                       1
1 1.0 1 1 343 6 7                       1
2 1.0 3 3 343 5 7                       1
1 1.0 2 2 343 5 6                       1
3 1.0 4 4 343 4 7                       1
2 1.0 3 3 343 4 6                       1
1 1.0 1 1 343 4 5                       1
4 1.0 5 5 343 3 7                       1
3 1.0 4 4 343 3 6                       1
2 1.0 2 2 343 3 5                       1
1 1.0 1 1 343 3 4                       1
1 1.0 1 1 342 8 9                       1
2 1.0 2 2 342 7 9                       1
1 1.0 1 1 342 7 8                       1
3 1.0 3 3 342 6 9                       1
2 1.0 2 2 342 6 8                       1
1 1.0 1 1 342 6 7                       1
1 1.0 1 1 341 9 10                      1
2 1.0 2 2 341 8 10                      1
1 1.0 1 1 341 8 9                       1
3 1.0 5 5 341 7 10                      1
2 1.0 4 4 341 7 9                       1
1 1.0 3 3 341 7 8                       1
1 1.0 1 1 340 34 35                     1
2 1.0 3 3 340 33 35                     1
1 1.0 2 2 340 33 34                     1
1 1.0 1 3 339 89 90                     1
2 1.0 3 5 339 88 90                     1
1 1.0 2 2 339 88 89                     1
6 1.0 0 0 339 37 43                     0
10 1.0 0 0 339 10 20                    0
8 1.0 0 0 339 3 11                      0
1 1.0 1 1 338 21 22                     1
2 1.0 3 3 338 20 22                     1
1 1.0 2 2 338 20 21                     1
1 1.0 1 1 337 11 12                     1
1 1.0 1 1 336 9 10                      1
2 1.0 2 2 336 8 10                      1
1 1.0 1 1 336 8 9                       1
3 1.0 5 5 336 7 10                      1
2 1.0 4 4 336 7 9                       1
1 1.0 3 3 336 7 8                       1
1 1.0 1 1 335 35 36                     1
1 1.0 3 3 335 33 34                     1
1 1.0 1 1 334 56 57                     1
2 1.0 2 2 334 55 57                     1
1 1.0 1 1 334 55 56                     1
3 1.0 3 3 334 54 57                     1
2 1.0 2 2 334 54 56                     1
1 1.0 1 1 334 54 55                     1
1 1.0 1 1 333 9 10                      1
2 1.0 3 3 333 8 10                      1
1 1.0 2 2 333 8 9                       1
1 1.0 1 1 332 16 17                     1
2 1.0 3 3 332 15 17                     1
1 1.0 2 2 332 15 16                     1
3 1.0 4 4 332 14 17                     1
2 1.0 3 3 332 14 16                     1
1 1.0 1 1 332 14 15                     1
4 1.0 5 5 332 13 17                     1
3 1.0 4 4 332 13 16                     1
2 1.0 2 2 332 13 15                     1
1 1.0 1 1 332 13 14                     1
1 1.0 1 1 331 80 81                     1
2 1.0 2 2 331 79 81                     1
1 1.0 1 1 331 79 80                     1
3 1.0 3 3 331 78 81                     1
2 1.0 2 2 331 78 80                     1
1 1.0 1 1 331 78 79                     1
6 1.0 0 0 331 29 35                     0
6 1.0 0 0 331 28 34                     0
12 1.0 0 0 331 22 34                    0
6 1.0 0 0 331 22 28                     0
1 1.0 1 1 330 7 8                       1
2 1.0 2 2 330 6 8                       1
1 1.0 1 1 330 6 7                       1
3 1.0 3 3 330 5 8                       1
2 1.0 2 2 330 5 7                       1
1 1.0 1 1 330 5 6                       1
1 1.0 1 1 329 44 45                     1
2 1.0 3 3 329 43 45                     1
1 1.0 2 2 329 43 44                     1
1 1.0 3 3 329 41 42                     1
1 1.0 3 3 328 165 166                   1
2 1.0 5 5 328 164 166                   1
1 1.0 2 2 328 164 165                   1
6 1.0 0 0 328 113 119                   0
10 1.0 0 0 328 86 96                    0
38 1.0 0 0 328 83 121                   0
14 1.0 0 0 328 76 90                    0
14 1.0 0 0 328 75 89                    0
6 1.0 0 0 328 74 80                     0
8 1.0 0 0 328 73 81                     0
14 1.0 0 0 328 71 85                    0
14 1.0 0 0 328 68 82                    0
14 1.0 0 0 328 67 81                    0
6 1.0 0 0 328 67 73                     0
14 1.0 0 0 328 66 80                    0
8 1.0 0 0 328 66 74                     0
24 1.0 0 0 328 65 89                    0
10 1.0 0 0 328 65 75                    0
26 1.0 0 0 328 64 90                    0
12 1.0 0 0 328 64 76                    0
14 1.0 0 0 328 63 77                    0
16 1.0 0 0 328 62 78                    0
28 1.0 0 0 328 59 87                    0
6 1.0 0 0 328 51 57                     0
8 1.0 0 0 328 50 58                     0
42 1.0 0 0 328 45 87                    0
14 1.0 0 0 328 45 59                    0
16 1.0 0 0 328 41 57                    0
10 1.0 0 0 328 41 51                    0
16 1.0 0 0 328 40 56                    0
16 1.0 0 0 328 39 55                    0
24 1.0 0 0 328 32 56                    0
8 1.0 0 0 328 32 40                     0
26 1.0 0 0 328 31 57                    0
20 1.0 0 0 328 31 51                    0
10 1.0 0 0 328 31 41                    0
28 1.0 0 0 328 30 58                    0
20 1.0 0 0 328 30 50                    0
20 1.0 0 0 328 29 49                    0
20 1.0 0 0 328 28 48                    0
20 1.0 0 0 328 27 47                    0
20 1.0 0 0 328 26 46                    0
62 1.0 0 0 328 25 87                    0
34 1.0 0 0 328 25 59                    0
20 1.0 0 0 328 25 45                    0
34 1.0 0 0 328 24 58                    0
26 1.0 0 0 328 24 50                    0
6 1.0 0 0 328 24 30                     0
34 1.0 0 0 328 23 57                    0
28 1.0 0 0 328 23 51                    0
18 1.0 0 0 328 23 41                    0
8 1.0 0 0 328 23 31                     0
34 1.0 0 0 328 22 56                    0
18 1.0 0 0 328 22 40                    0
10 1.0 0 0 328 22 32                    0
34 1.0 0 0 328 21 55                    0
18 1.0 0 0 328 21 39                    0
34 1.0 0 0 328 20 54                    0
34 1.0 0 0 328 18 52                    0
40 1.0 0 0 328 17 57                    0
34 1.0 0 0 328 17 51                    0
24 1.0 0 0 328 17 41                    0
14 1.0 0 0 328 17 31                    0
6 1.0 0 0 328 17 23                     0
40 1.0 0 0 328 16 56                    0
24 1.0 0 0 328 16 40                    0
16 1.0 0 0 328 16 32                    0
6 1.0 0 0 328 16 22                     0
40 1.0 0 0 328 15 55                    0
24 1.0 0 0 328 15 39                    0
6 1.0 0 0 328 15 21                     0
24 1.0 0 0 328 14 38                    0
24 1.0 0 0 328 13 37                    0
46 1.0 0 0 328 2 48                     0
26 1.0 0 0 328 2 28                     0
80 1.0 0 0 328 1 81                     0
72 1.0 0 0 328 1 73                     0
66 1.0 0 0 328 1 67                     0
1 1.0 1 1 327 17 18                     1
1 1.0 1 1 326 11 12                     1
2 1.0 2 2 326 10 12                     1
1 1.0 1 1 326 10 11                     1
3 1.0 5 5 326 9 12                      1
2 1.0 4 4 326 9 11                      1
1 1.0 3 3 326 9 10                      1
1 1.0 1 3 325 18 19                     1
2 1.0 3 5 325 17 19                     1
1 1.0 2 2 325 17 18                     1
1 1.0 1 1 324 6 7                       1
2 1.0 2 2 324 5 7                       1
1 1.0 1 1 324 5 6                       1
3 1.0 3 3 324 4 7                       1
2 1.0 2 2 324 4 6                       1
1 1.0 1 1 324 4 5                       1
1 1.0 1 1 323 35 36                     1
1 1.0 3 3 323 33 34                     1
1 1.0 1 1 322 11 12                     1
2 1.0 2 2 322 10 12                     1
1 1.0 1 1 322 10 11                     1
3 1.0 5 5 322 9 12                      1
2 1.0 4 4 322 9 11                      1
1 1.0 3 3 322 9 10                      1
1 1.0 1 1 321 36 37                     1
2 1.0 3 3 321 35 37                     1
1 1.0 2 2 321 35 36                     1
1 1.0 1 1 320 18 19                     1
1 1.0 1 3 320 16 17                     1
1 1.0 1 1 319 12 13                     1
2 1.0 2 2 319 11 13                     1
1 1.0 1 1 319 11 12                     1
3 1.0 5 5 319 10 13                     1
2 1.0 4 4 319 10 12                     1
1 1.0 3 3 319 10 11                     1
1 1.0 1 1 318 6 7                       1
2 1.0 2 2 318 5 7                       1
1 1.0 1 1 318 5 6                       1
3 1.0 3 3 318 4 7                       1
2 1.0 2 2 318 4 6                       1
1 1.0 1 1 318 4 5                       1
1 1.0 1 3 317 18 19                     1
1 1.0 1 1 316 5 6                       1
2 1.0 2 2 316 4 6                       1
1 1.0 1 1 316 4 5                       1
3 1.0 3 3 316 3 6                       1
2 1.0 2 2 316 3 5                       1
1 1.0 1 1 316 3 4                       1
1 1.0 1 1 315 16 17                     1
1 1.0 1 1 314 5 6                       1
2 1.0 2 2 314 4 6                       1
1 1.0 1 1 314 4 5                       1
3 1.0 3 3 314 3 6                       1
2 1.0 2 2 314 3 5                       1
1 1.0 1 1 314 3 4                       1
1 1.0 1 1 313 4 5                       1
2 1.0 2 2 313 3 5                       1
1 1.0 1 1 313 3 4                       1
3 1.0 5 5 313 2 5                       1
2 1.0 4 4 313 2 4                       1
1 1.0 3 3 313 2 3                       1
1 1.0 1 1 312 4 5                       1
2 1.0 2 2 312 3 5                       1
1 1.0 1 1 312 3 4                       1
3 1.0 5 5 312 2 5                       1
2 1.0 4 4 312 2 4                       1
1 1.0 3 3 312 2 3                       1
1 1.0 1 1 311 3 4                       1
2 1.0 3 3 311 2 4                       1
1 1.0 2 2 311 2 3                       1
1 1.0 1 1 310 3 4                       1
2 1.0 3 3 310 2 4                       1
1 1.0 2 2 310 2 3                       1
1 1.0 1 1 309 2 3                       1
1 1.0 1 1 308 9 10                      1
1 1.0 1 1 307 9 10                      1
2 1.0 2 2 307 8 10                      1
1 1.0 1 1 307 8 9                       1
3 1.0 3 3 307 7 10                      1
2 1.0 2 2 307 7 9                       1
1 1.0 1 1 307 7 8                       1
1 1.0 1 1 306 7 8                       1
2 1.0 2 2 306 6 8                       1
1 1.0 1 1 306 6 7                       1
3 1.0 3 3 306 5 8                       1
2 1.0 2 2 306 5 7                       1
1 1.0 1 1 306 5 6                       1
1 1.0 1 1 305 92 93                     1
2 1.0 3 3 305 91 93                     1
1 1.0 2 2 305 91 92                     1
12 1.0 0 0 305 13 25                    0
12 1.0 0 0 305 12 24                    0
12 1.0 0 0 305 11 23                    0
12 1.0 0 0 305 10 22                    0
12 1.0 0 0 305 9 21                     0
12 1.0 0 0 305 8 20                     0
12 1.0 0 0 305 7 19                     0
12 1.0 0 0 305 6 18                     0
12 1.0 0 0 305 5 17                     0
12 1.0 0 0 305 4 16                     0
1 1.0 1 1 304 45 46                     1
2 1.0 3 3 304 44 46                     1
1 1.0 2 2 304 44 45                     1
1 1.0 1 1 303 9 10                      1
2 1.0 2 2 303 8 10                      1
1 1.0 1 1 303 8 9                       1
3 1.0 3 3 303 7 10                      1
2 1.0 2 2 303 7 9                       1
1 1.0 1 1 303 7 8                       1
1 1.0 1 1 302 5 6                       1
2 1.0 2 2 302 4 6                       1
1 1.0 1 1 302 4 5                       1
3 1.0 5 5 302 3 6                       1
2 1.0 4 4 302 3 5                       1
1 1.0 3 3 302 3 4                       1
1 1.0 1 1 301 7 8                       1
2 1.0 2 2 301 6 8                       1
1 1.0 1 1 301 6 7                       1
3 1.0 3 3 301 5 8                       1
2 1.0 2 2 301 5 7                       1
1 1.0 1 1 301 5 6                       1
1 1.0 1 1 300 51 52                     1
2 1.0 3 3 300 50 52                     1
1 1.0 2 2 300 50 51                     1
1 1.0 1 1 299 49 50                     1
2 1.0 3 3 299 48 50                     1
1 1.0 2 2 299 48 49                     1
1 1.0 1 1 298 49 50                     1
1 1.0 3 3 298 47 48                     1
22 1.0 0 0 298 18 40                    0
6 1.0 0 0 298 14 20                     0
1 1.0 1 1 297 12 13                     1
2 1.0 3 3 297 11 13                     1
1 1.0 2 2 297 11 12                     1
3 1.0 4 4 297 10 13                     1
2 1.0 5 5 297 10 12                     1
1 1.0 3 3 297 10 11                     1
4 1.0 5 5 297 9 13                      1
3 1.0 6 6 297 9 12                      1
2 1.0 4 4 297 9 11                      1
1 1.0 1 1 297 9 10                      1
1 1.0 1 1 296 3 4                       1
1 1.0 1 1 295 11 12                     1
1 1.0 1 1 294 9 10                      1
2 1.0 2 2 294 8 10                      1
1 1.0 1 1 294 8 9                       1
3 1.0 3 3 294 7 10                      1
2 1.0 2 2 294 7 9                       1
1 1.0 1 1 294 7 8                       1
1 1.0 1 3 293 49 50                     1
2 1.0 3 5 293 48 50                     1
1 1.0 2 2 293 48 49                     1
1 1.0 1 1 292 15 16                     1
2 1.0 3 3 292 14 16                     1
1 1.0 2 2 292 14 15                     1
1 1.0 1 3 291 7 8                       1
1 1.0 1 1 290 3 4                       1
1 1.0 1 1 289 63 64                     1
2 1.0 3 3 289 62 64                     1
1 1.0 2 2 289 62 63                     1
30 1.0 0 0 289 4 34                     0
32 1.0 0 0 289 3 35                     0
1 1.0 1 1 288 12 13                     1
2 1.0 3 3 288 11 13                     1
1 1.0 2 2 288 11 12                     1
1 1.0 1 1 287 63 64                     1
2 1.0 3 3 287 62 64                     1
1 1.0 2 2 287 62 63                     1
30 1.0 0 0 287 4 34                     0
32 1.0 0 0 287 3 35                     0
1 1.0 1 1 286 28 29                     1
2 1.0 3 3 286 27 29                     1
1 1.0 2 2 286 27 28                     1
1 1.0 1 3 285 50 51                     1
2 1.0 3 5 285 49 51                     1
1 1.0 2 2 285 49 50                     1
1 1.0 1 1 284 18 19                     1
2 1.0 2 2 284 17 19                     1
1 1.0 1 1 284 17 18                     1
3 1.0 3 3 284 16 19                     1
2 1.0 2 2 284 16 18                     1
1 1.0 1 1 284 16 17                     1
1 1.0 1 1 283 7 8                       1
2 1.0 2 2 283 6 8                       1
1 1.0 1 1 283 6 7                       1
3 1.0 3 3 283 5 8                       1
2 1.0 2 2 283 5 7                       1
1 1.0 1 1 283 5 6                       1
1 1.0 1 1 282 3 4                       1
1 1.0 1 1 281 7 8                       1
2 1.0 3 3 281 6 8                       1
1 1.0 2 2 281 6 7                       1
3 1.0 4 4 281 5 8                       1
2 1.0 3 3 281 5 7                       1
1 1.0 1 1 281 5 6                       1
4 1.0 5 5 281 4 8                       1
3 1.0 4 4 281 4 7                       1
2 1.0 2 2 281 4 6                       1
1 1.0 1 1 281 4 5                       1
1 1.0 1 1 280 5 6                       1
2 1.0 3 3 280 4 6                       1
1 1.0 2 2 280 4 5                       1
1 1.0 1 1 279 5 6                       1
2 1.0 2 2 279 4 6                       1
1 1.0 1 1 279 4 5                       1
3 1.0 5 5 279 3 6                       1
2 1.0 4 4 279 3 5                       1
1 1.0 3 3 279 3 4                       1
1 1.0 1 1 278 3 4                       1
1 1.0 1 1 277 10 11                     1
2 1.0 2 2 277 9 11                      1
1 1.0 1 1 277 9 10                      1
3 1.0 5 5 277 8 11                      1
2 1.0 4 4 277 8 10                      1
1 1.0 3 3 277 8 9                       1
1 1.0 1 1 276 13 14                     1
2 1.0 2 2 276 12 14                     1
1 1.0 1 1 276 12 13                     1
3 1.0 5 5 276 11 14                     1
2 1.0 4 4 276 11 13                     1
1 1.0 3 3 276 11 12                     1
1 1.0 1 1 275 8 9                       1
2 1.0 2 2 275 7 9                       1
1 1.0 1 1 275 7 8                       1
3 1.0 5 5 275 6 9                       1
2 1.0 4 4 275 6 8                       1
1 1.0 3 3 275 6 7                       1
1 1.0 1 1 274 14 15                     1
2 1.0 3 3 274 13 15                     1
1 1.0 2 2 274 13 14                     1
1 1.0 1 1 273 8 9                       1
2 1.0 2 2 273 7 9                       1
1 1.0 1 1 273 7 8                       1
3 1.0 3 3 273 6 9                       1
2 1.0 2 2 273 6 8                       1
1 1.0 1 1 273 6 7                       1
1 1.0 1 1 272 8 9                       1
2 1.0 2 2 272 7 9                       1
1 1.0 1 1 272 7 8                       1
3 1.0 3 3 272 6 9                       1
2 1.0 2 2 272 6 8                       1
1 1.0 1 1 272 6 7                       1
1 1.0 1 1 271 10 11                     1
2 1.0 2 2 271 9 11                      1
1 1.0 1 1 271 9 10                      1
3 1.0 3 3 271 8 11                      1
2 1.0 2 2 271 8 10                      1
1 1.0 1 1 271 8 9                       1
1 1.0 1 1 270 12 13                     1
2 1.0 3 3 270 11 13                     1
1 1.0 2 2 270 11 12                     1
1 1.0 1 1 269 12 13                     1
2 1.0 3 3 269 11 13                     1
1 1.0 2 2 269 11 12                     1
1 1.0 1 1 268 24 25                     1
1 1.0 3 3 268 22 23                     1
1 1.0 1 1 267 15 16                     1
2 1.0 3 3 267 14 16                     1
1 1.0 2 2 267 14 15                     1
3 1.0 4 4 267 13 16                     1
2 1.0 5 5 267 13 15                     1
1 1.0 3 3 267 13 14                     1
4 1.0 5 5 267 12 16                     1
3 1.0 6 6 267 12 15                     1
2 1.0 4 4 267 12 14                     1
1 1.0 1 1 267 12 13                     1
1 1.0 1 3 266 39 40                     1
2 1.0 3 5 266 38 40                     1
1 1.0 2 2 266 38 39                     1
1 1.0 1 1 265 53 54                     1
1 1.0 3 3 265 51 52                     1
22 1.0 0 0 265 22 44                    0
6 1.0 0 0 265 18 24                     0
1 1.0 1 1 264 3 4                       1
1 1.0 1 1 263 4 5                       1
2 1.0 3 3 263 3 5                       1
1 1.0 2 2 263 3 4                       1
1 1.0 1 1 262 4 5                       1
2 1.0 3 3 262 3 5                       1
1 1.0 2 2 262 3 4                       1
1 1.0 1 1 261 4 5                       1
1 1.0 1 1 260 6 7                       1
2 1.0 2 2 260 5 7                       1
1 1.0 1 1 260 5 6                       1
3 1.0 3 3 260 4 7                       1
2 1.0 2 2 260 4 6                       1
1 1.0 1 1 260 4 5                       1
1 1.0 1 1 259 4 5                       1
1 1.0 1 1 258 8 9                       1
2 1.0 2 2 258 7 9                       1
1 1.0 1 1 258 7 8                       1
3 1.0 3 3 258 6 9                       1
2 1.0 2 2 258 6 8                       1
1 1.0 1 1 258 6 7                       1
1 1.0 1 1 257 7 8                       1
2 1.0 2 2 257 6 8                       1
1 1.0 1 1 257 6 7                       1
3 1.0 5 5 257 5 8                       1
2 1.0 4 4 257 5 7                       1
1 1.0 3 3 257 5 6                       1
1 1.0 1 1 256 8 9                       1
2 1.0 2 2 256 7 9                       1
1 1.0 1 1 256 7 8                       1
3 1.0 3 3 256 6 9                       1
2 1.0 2 2 256 6 8                       1
1 1.0 1 1 256 6 7                       1
1 1.0 1 1 255 6 7                       1
2 1.0 2 2 255 5 7                       1
1 1.0 1 1 255 5 6                       1
3 1.0 3 3 255 4 7                       1
2 1.0 2 2 255 4 6                       1
1 1.0 1 1 255 4 5                       1
1 1.0 1 1 254 19 20                     1
2 1.0 2 2 254 18 20                     1
1 1.0 1 1 254 18 19                     1
3 1.0 5 5 254 17 20                     1
2 1.0 4 4 254 17 19                     1
1 1.0 3 3 254 17 18                     1
1 1.0 1 1 253 21 22                     1
2 1.0 2 2 253 20 22                     1
1 1.0 1 1 253 20 21                     1
3 1.0 5 5 253 19 22                     1
2 1.0 4 4 253 19 21                     1
1 1.0 3 3 253 19 20                     1
1 1.0 1 1 252 12 13                     1
2 1.0 3 3 252 11 13                     1
1 1.0 2 2 252 11 12                     1
3 1.0 4 4 252 10 13                     1
2 1.0 5 5 252 10 12                     1
1 1.0 3 3 252 10 11                     1
4 1.0 5 5 252 9 13                      1
3 1.0 6 6 252 9 12                      1
2 1.0 4 4 252 9 11                      1
1 1.0 1 1 252 9 10                      1
1 1.0 1 1 251 5 6                       1
2 1.0 2 2 251 4 6                       1
1 1.0 1 1 251 4 5                       1
3 1.0 5 5 251 3 6                       1
2 1.0 4 4 251 3 5                       1
1 1.0 3 3 251 3 4                       1
1 1.0 1 1 250 3 4                       1
1 1.0 1 1 249 21 22                     1
1 1.0 3 3 249 19 20                     1
6 1.0 0 0 249 5 11                      0
8 1.0 0 0 249 4 12                      0
1 1.0 1 1 248 10 11                     1
2 1.0 3 3 248 9 11                      1
1 1.0 2 2 248 9 10                      1
1 1.0 1 1 247 16 17                     1
2 1.0 2 2 247 15 17                     1
1 1.0 1 1 247 15 16                     1
3 1.0 5 5 247 14 17                     1
2 1.0 4 4 247 14 16                     1
1 1.0 3 3 247 14 15                     1
1 1.0 1 1 246 22 23                     1
1 1.0 3 3 246 20 21                     1
1 1.0 1 1 245 15 16                     1
2 1.0 2 2 245 14 16                     1
1 1.0 1 1 245 14 15                     1
3 1.0 3 3 245 13 16                     1
2 1.0 2 2 245 13 15                     1
1 1.0 1 1 245 13 14                     1
1 1.0 1 3 244 37 38                     1
2 1.0 3 5 244 36 38                     1
1 1.0 2 2 244 36 37                     1
1 1.0 1 1 243 9 10                      1
2 1.0 2 2 243 8 10                      1
1 1.0 1 1 243 8 9                       1
3 1.0 3 3 243 7 10                      1
2 1.0 2 2 243 7 9                       1
1 1.0 1 1 243 7 8                       1
1 1.0 1 1 242 51 52                     1
1 1.0 3 3 242 49 50                     1
22 1.0 0 0 242 20 42                    0
6 1.0 0 0 242 16 22                     0
1 1.0 1 1 241 4 5                       1
2 1.0 3 3 241 3 5                       1
1 1.0 2 2 241 3 4                       1
1 1.0 1 1 240 6 7                       1
2 1.0 2 2 240 5 7                       1
1 1.0 1 1 240 5 6                       1
3 1.0 3 3 240 4 7                       1
2 1.0 2 2 240 4 6                       1
1 1.0 1 1 240 4 5                       1
1 1.0 1 1 239 23 24                     1
2 1.0 2 2 239 22 24                     1
1 1.0 1 1 239 22 23                     1
3 1.0 3 3 239 21 24                     1
2 1.0 2 2 239 21 23                     1
1 1.0 1 1 239 21 22                     1
1 1.0 1 1 238 8 9                       1
2 1.0 2 2 238 7 9                       1
1 1.0 1 1 238 7 8                       1
3 1.0 3 3 238 6 9                       1
2 1.0 2 2 238 6 8                       1
1 1.0 1 1 238 6 7                       1
1 1.0 1 1 237 8 9                       1
2 1.0 2 2 237 7 9                       1
1 1.0 1 1 237 7 8                       1
3 1.0 5 5 237 6 9                       1
2 1.0 4 4 237 6 8                       1
1 1.0 3 3 237 6 7                       1
1 1.0 1 1 236 6 7                       1
2 1.0 2 2 236 5 7                       1
1 1.0 1 1 236 5 6                       1
3 1.0 3 3 236 4 7                       1
2 1.0 2 2 236 4 6                       1
1 1.0 1 1 236 4 5                       1
1 1.0 1 1 235 49 50                     1
1 1.0 3 3 235 47 48                     1
22 1.0 0 0 235 18 40                    0
6 1.0 0 0 235 14 20                     0
1 1.0 1 3 234 34 35                     1
2 1.0 3 5 234 33 35                     1
1 1.0 2 2 234 33 34                     1
1 1.0 1 1 233 20 21                     1
1 1.0 3 3 233 18 19                     1
6 1.0 0 0 233 4 10                      0
8 1.0 0 0 233 3 11                      0
1 1.0 1 1 232 14 15                     1
2 1.0 2 2 232 13 15                     1
1 1.0 1 1 232 13 14                     1
3 1.0 5 5 232 12 15                     1
2 1.0 4 4 232 12 14                     1
1 1.0 3 3 232 12 13                     1
1 1.0 1 1 231 62 63                     1
2 1.0 3 3 231 61 63                     1
1 1.0 2 2 231 61 62                     1
30 1.0 0 0 231 3 33                     0
32 1.0 0 0 231 2 34                     0
1 1.0 1 1 230 29 30                     1
2 1.0 3 3 230 28 30                     1
1 1.0 2 2 230 28 29                     1
1 1.0 1 1 229 8 9                       1
2 1.0 2 2 229 7 9                       1
1 1.0 1 1 229 7 8                       1
3 1.0 3 3 229 6 9                       1
2 1.0 2 2 229 6 8                       1
1 1.0 1 1 229 6 7                       1
1 1.0 1 1 228 4 5                       1
2 1.0 3 3 228 3 5                       1
1 1.0 2 2 228 3 4                       1
1 1.0 1 3 227 6 7                       1
1 1.0 1 1 226 5 6                       1
2 1.0 2 2 226 4 6                       1
1 1.0 1 1 226 4 5                       1
3 1.0 3 3 226 3 6                       1
2 1.0 2 2 226 3 5                       1
1 1.0 1 1 226 3 4                       1
1 1.0 1 1 225 6 7                       1
2 1.0 2 2 225 5 7                       1
1 1.0 1 1 225 5 6                       1
3 1.0 5 5 225 4 7                       1
2 1.0 4 4 225 4 6                       1
1 1.0 3 3 225 4 5                       1
1 1.0 1 1 224 4 5                       1
2 1.0 3 3 224 3 5                       1
1 1.0 2 2 224 3 4                       1
1 1.0 1 1 223 17 18                     1
2 1.0 2 2 223 16 18                     1
1 1.0 1 1 223 16 17                     1
3 1.0 3 3 223 15 18                     1
2 1.0 2 2 223 15 17                     1
1 1.0 1 1 223 15 16                     1
1 1.0 1 1 222 9 10                      1
2 1.0 3 3 222 8 10                      1
1 1.0 2 2 222 8 9                       1
1 1.0 1 1 221 7 8                       1
1 1.0 1 1 220 10 11                     1
2 1.0 3 3 220 9 11                      1
1 1.0 2 2 220 9 10                      1
1 1.0 1 1 219 7 8                       1
2 1.0 2 2 219 6 8                       1
1 1.0 1 1 219 6 7                       1
3 1.0 3 3 219 5 8                       1
2 1.0 2 2 219 5 7                       1
1 1.0 1 1 219 5 6                       1
1 1.0 1 1 218 21 22                     1
2 1.0 2 2 218 20 22                     1
1 1.0 1 1 218 20 21                     1
3 1.0 3 3 218 19 22                     1
2 1.0 2 2 218 19 21                     1
1 1.0 1 1 218 19 20                     1
1 1.0 1 1 217 24 25                     1
2 1.0 2 2 217 23 25                     1
1 1.0 1 1 217 23 24                     1
3 1.0 3 3 217 22 25                     1
2 1.0 2 2 217 22 24                     1
1 1.0 1 1 217 22 23                     1
1 1.0 1 1 216 3 4                       1
1 1.0 1 3 215 3 4                       1
1 1.0 1 1 214 6 7                       1
2 1.0 2 2 214 5 7                       1
1 1.0 1 1 214 5 6                       1
3 1.0 5 5 214 4 7                       1
2 1.0 4 4 214 4 6                       1
1 1.0 3 3 214 4 5                       1
1 1.0 1 1 213 5 6                       1
2 1.0 2 2 213 4 6                       1
1 1.0 1 1 213 4 5                       1
1 1.0 1 1 212 7 8                       1
2 1.0 2 2 212 6 8                       1
1 1.0 1 1 212 6 7                       1
3 1.0 3 3 212 5 8                       1
2 1.0 2 2 212 5 7                       1
1 1.0 1 1 212 5 6                       1
1 1.0 1 1 211 7 8                       1
2 1.0 2 2 211 6 8                       1
1 1.0 1 1 211 6 7                       1
3 1.0 3 3 211 5 8                       1
2 1.0 2 2 211 5 7                       1
1 1.0 1 1 211 5 6                       1
1 1.0 1 1 210 4 5                       1
2 1.0 3 3 210 3 5                       1
1 1.0 2 2 210 3 4                       1
1 1.0 1 1 209 14 15                     1
2 1.0 2 2 209 13 15                     1
1 1.0 1 1 209 13 14                     1
3 1.0 3 3 209 12 15                     1
2 1.0 2 2 209 12 14                     1
1 1.0 1 1 209 12 13                     1
1 1.0 1 1 208 8 9                       1
2 1.0 2 2 208 7 9                       1
1 1.0 1 1 208 7 8                       1
3 1.0 5 5 208 6 9                       1
2 1.0 4 4 208 6 8                       1
1 1.0 3 3 208 6 7                       1
1 1.0 1 1 207 13 14                     1
2 1.0 3 3 207 12 14                     1
1 1.0 2 2 207 12 13                     1
3 1.0 4 4 207 11 14                     1
2 1.0 5 5 207 11 13                     1
1 1.0 3 3 207 11 12                     1
4 1.0 5 5 207 10 14                     1
3 1.0 6 6 207 10 13                     1
2 1.0 4 4 207 10 12                     1
1 1.0 1 1 207 10 11                     1
1 1.0 1 1 206 19 20                     1
2 1.0 2 2 206 18 20                     1
1 1.0 1 1 206 18 19                     1
3 1.0 3 3 206 17 20                     1
2 1.0 2 2 206 17 19                     1
1 1.0 1 1 206 17 18                     1
1 1.0 1 1 205 9 10                      1
2 1.0 3 3 205 8 10                      1
1 1.0 2 2 205 8 9                       1
3 1.0 4 4 205 7 10                      1
2 1.0 3 3 205 7 9                       1
1 1.0 1 1 205 7 8                       1
1 1.0 1 1 204 22 23                     1
2 1.0 2 2 204 21 23                     1
1 1.0 1 1 204 21 22                     1
3 1.0 3 3 204 20 23                     1
2 1.0 2 2 204 20 22                     1
1 1.0 1 1 204 20 21                     1
1 1.0 1 1 203 11 12                     1
2 1.0 3 3 203 10 12                     1
1 1.0 2 2 203 10 11                     1
1 1.0 1 1 202 23 24                     1
1 1.0 3 3 202 21 22                     1
1 1.0 1 1 201 5 6                       1
2 1.0 2 2 201 4 6                       1
1 1.0 1 1 201 4 5                       1
3 1.0 5 5 201 3 6                       1
2 1.0 4 4 201 3 5                       1
1 1.0 3 3 201 3 4                       1
1 1.0 1 1 200 7 8                       1
2 1.0 2 2 200 6 8                       1
1 1.0 1 1 200 6 7                       1
3 1.0 3 3 200 5 8                       1
2 1.0 2 2 200 5 7                       1
1 1.0 1 1 200 5 6                       1
1 1.0 1 1 199 16 17                     1
2 1.0 2 2 199 15 17                     1
1 1.0 1 1 199 15 16                     1
3 1.0 5 5 199 14 17                     1
2 1.0 4 4 199 14 16                     1
1 1.0 3 3 199 14 15                     1
1 1.0 1 1 198 15 16                     1
2 1.0 2 2 198 14 16                     1
1 1.0 1 1 198 14 15                     1
3 1.0 3 3 198 13 16                     1
2 1.0 2 2 198 13 15                     1
1 1.0 1 1 198 13 14                     1
1 1.0 1 1 197 7 8                       1
2 1.0 2 2 197 6 8                       1
1 1.0 1 1 197 6 7                       1
3 1.0 5 5 197 5 8                       1
2 1.0 4 4 197 5 7                       1
1 1.0 3 3 197 5 6                       1
1 1.0 1 1 196 5 6                       1
2 1.0 2 2 196 4 6                       1
1 1.0 1 1 196 4 5                       1
3 1.0 5 5 196 3 6                       1
2 1.0 4 4 196 3 5                       1
1 1.0 3 3 196 3 4                       1
1 1.0 1 1 195 46 47                     1
1 1.0 3 3 195 44 45                     1
22 1.0 0 0 195 15 37                    0
6 1.0 0 0 195 11 17                     0
12 1.0 0 0 195 8 20                     0
36 1.0 0 0 195 1 37                     0
14 1.0 0 0 195 1 15                     0
1 1.0 1 1 194 8 9                       1
2 1.0 2 2 194 7 9                       1
1 1.0 1 1 194 7 8                       1
3 1.0 5 5 194 6 9                       1
2 1.0 4 4 194 6 8                       1
1 1.0 3 3 194 6 7                       1
1 1.0 1 1 193 11 12                     1
2 1.0 3 3 193 10 12                     1
1 1.0 2 2 193 10 11                     1
1 1.0 1 1 192 9 10                      1
2 1.0 2 2 192 8 10                      1
1 1.0 1 1 192 8 9                       1
3 1.0 5 5 192 7 10                      1
2 1.0 4 4 192 7 9                       1
1 1.0 3 3 192 7 8                       1
1 1.0 1 1 191 6 7                       1
2 1.0 2 2 191 5 7                       1
1 1.0 1 1 191 5 6                       1
3 1.0 3 3 191 4 7                       1
2 1.0 2 2 191 4 6                       1
1 1.0 1 1 191 4 5                       1
1 1.0 1 1 190 5 6                       1
2 1.0 3 3 190 4 6                       1
1 1.0 2 2 190 4 5                       1
3 1.0 4 4 190 3 6                       1
2 1.0 3 3 190 3 5                       1
1 1.0 1 1 190 3 4                       1
1 1.0 1 1 189 7 8                       1
2 1.0 2 2 189 6 8                       1
1 1.0 1 1 189 6 7                       1
3 1.0 3 3 189 5 8                       1
2 1.0 2 2 189 5 7                       1
1 1.0 1 1 189 5 6                       1
1 1.0 1 1 188 8 9                       1
2 1.0 3 3 188 7 9                       1
1 1.0 2 2 188 7 8                       1
3 1.0 4 4 188 6 9                       1
2 1.0 3 3 188 6 8                       1
1 1.0 1 1 188 6 7                       1
1 1.0 1 1 187 13 14                     1
2 1.0 2 2 187 12 14                     1
1 1.0 1 1 187 12 13                     1
3 1.0 5 5 187 11 14                     1
2 1.0 4 4 187 11 13                     1
1 1.0 3 3 187 11 12                     1
1 1.0 1 1 186 10 11                     1
2 1.0 3 3 186 9 11                      1
1 1.0 2 2 186 9 10                      1
1 1.0 1 1 185 10 11                     1
2 1.0 3 3 185 9 11                      1
1 1.0 2 2 185 9 10                      1
1 1.0 1 1 184 13 14                     1
2 1.0 3 3 184 12 14                     1
1 1.0 2 2 184 12 13                     1
3 1.0 4 4 184 11 14                     1
2 1.0 5 5 184 11 13                     1
1 1.0 3 3 184 11 12                     1
4 1.0 5 5 184 10 14                     1
3 1.0 6 6 184 10 13                     1
2 1.0 4 4 184 10 12                     1
1 1.0 1 1 184 10 11                     1
1 1.0 1 1 183 20 21                     1
2 1.0 2 2 183 19 21                     1
1 1.0 1 1 183 19 20                     1
3 1.0 3 3 183 18 21                     1
2 1.0 2 2 183 18 20                     1
1 1.0 1 1 183 18 19                     1
1 1.0 1 1 182 6 7                       1
2 1.0 2 2 182 5 7                       1
1 1.0 1 1 182 5 6                       1
3 1.0 3 3 182 4 7                       1
2 1.0 2 2 182 4 6                       1
1 1.0 1 1 182 4 5                       1
1 1.0 1 1 181 14 15                     1
2 1.0 3 3 181 13 15                     1
1 1.0 2 2 181 13 14                     1
1 1.0 1 3 180 8 9                       1
1 1.0 3 3 180 6 7                       1
1 1.0 1 1 179 5 6                       1
2 1.0 2 2 179 4 6                       1
1 1.0 1 1 179 4 5                       1
3 1.0 3 3 179 3 6                       1
2 1.0 2 2 179 3 5                       1
1 1.0 1 1 179 3 4                       1
1 1.0 1 1 178 8 9                       1
2 1.0 2 2 178 7 9                       1
1 1.0 1 1 178 7 8                       1
3 1.0 3 3 178 6 9                       1
2 1.0 2 2 178 6 8                       1
1 1.0 1 1 178 6 7                       1
1 1.0 1 1 177 11 12                     1
2 1.0 3 3 177 10 12                     1
1 1.0 2 2 177 10 11                     1
1 1.0 1 1 176 5 6                       1
2 1.0 2 2 176 4 6                       1
1 1.0 1 1 176 4 5                       1
3 1.0 3 3 176 3 6                       1
2 1.0 2 2 176 3 5                       1
1 1.0 1 1 176 3 4                       1
1 1.0 1 1 175 4 5                       1
2 1.0 2 2 175 3 5                       1
1 1.0 1 1 175 3 4                       1
3 1.0 5 5 175 2 5                       1
2 1.0 4 4 175 2 4                       1
1 1.0 3 3 175 2 3                       1
1 1.0 1 1 174 4 5                       1
2 1.0 2 2 174 3 5                       1
1 1.0 1 1 174 3 4                       1
3 1.0 5 5 174 2 5                       1
2 1.0 4 4 174 2 4                       1
1 1.0 3 3 174 2 3                       1
1 1.0 1 1 173 3 4                       1
2 1.0 3 3 173 2 4                       1
1 1.0 2 2 173 2 3                       1
1 1.0 1 1 172 3 4                       1
2 1.0 3 3 172 2 4                       1
1 1.0 2 2 172 2 3                       1
1 1.0 1 1 171 2 3                       1
1 1.0 1 1 170 9 10                      1
1 1.0 1 1 169 11 12                     1
2 1.0 2 2 169 10 12                     1
1 1.0 1 1 169 10 11                     1
3 1.0 3 3 169 9 12                      1
2 1.0 2 2 169 9 11                      1
1 1.0 1 1 169 9 10                      1
1 1.0 1 1 168 9 10                      1
2 1.0 2 2 168 8 10                      1
1 1.0 1 1 168 8 9                       1
3 1.0 3 3 168 7 10                      1
2 1.0 2 2 168 7 9                       1
1 1.0 1 1 168 7 8                       1
1 1.0 1 3 167 13 14                     1
1 1.0 1 3 166 11 12                     1
1 1.0 1 1 165 7 8                       1
1 1.0 1 1 164 5 6                       1
1 1.0 3 3 164 3 4                       1
1 1.0 1 1 163 9 10                      1
2 1.0 2 2 163 8 10                      1
1 1.0 1 1 163 8 9                       1
3 1.0 3 3 163 7 10                      1
2 1.0 2 2 163 7 9                       1
1 1.0 1 1 163 7 8                       1
1 1.0 1 1 162 7 8                       1
2 1.0 2 2 162 6 8                       1
1 1.0 1 1 162 6 7                       1
3 1.0 3 3 162 5 8                       1
2 1.0 2 2 162 5 7                       1
1 1.0 1 1 162 5 6                       1
1 1.0 1 1 161 9 10                      1
2 1.0 2 2 161 8 10                      1
1 1.0 1 1 161 8 9                       1
3 1.0 3 3 161 7 10                      1
2 1.0 2 2 161 7 9                       1
1 1.0 1 1 161 7 8                       1
1 1.0 1 1 160 7 8                       1
2 1.0 2 2 160 6 8                       1
1 1.0 1 1 160 6 7                       1
3 1.0 3 3 160 5 8                       1
2 1.0 2 2 160 5 7                       1
1 1.0 1 1 160 5 6                       1
1 1.0 1 1 159 5 6                       1
2 1.0 2 2 159 4 6                       1
1 1.0 1 1 159 4 5                       1
3 1.0 5 5 159 3 6                       1
2 1.0 4 4 159 3 5                       1
1 1.0 3 3 159 3 4                       1
1 1.0 1 1 158 4 5                       1
2 1.0 3 3 158 3 5                       1
1 1.0 2 2 158 3 4                       1
1 1.0 1 1 157 15 16                     1
1 1.0 1 1 156 13 14                     1
1 1.0 1 3 155 7 8                       1
1 1.0 1 3 154 5 6                       1
1 1.0 3 3 154 3 4                       1
1 1.0 1 1 153 11 12                     1
1 1.0 1 1 152 5 6                       1
2 1.0 3 3 152 4 6                       1
1 1.0 2 2 152 4 5                       1
1 1.0 1 1 151 13 14                     1
1 1.0 1 1 150 11 12                     1
1 1.0 1 3 149 7 8                       1
1 1.0 1 1 148 4 5                       1
2 1.0 3 3 148 3 5                       1
1 1.0 2 2 148 3 4                       1
1 1.0 1 1 147 11 12                     1
2 1.0 2 2 147 10 12                     1
1 1.0 1 1 147 10 11                     1
3 1.0 3 3 147 9 12                      1
2 1.0 2 2 147 9 11                      1
1 1.0 1 1 147 9 10                      1
1 1.0 1 1 146 9 10                      1
2 1.0 2 2 146 8 10                      1
1 1.0 1 1 146 8 9                       1
3 1.0 3 3 146 7 10                      1
2 1.0 2 2 146 7 9                       1
1 1.0 1 1 146 7 8                       1
1 1.0 1 1 145 17 18                     1
1 1.0 1 1 144 15 16                     1
1 1.0 1 1 143 13 14                     1
1 1.0 1 1 142 11 12                     1
1 1.0 1 1 141 7 8                       1
2 1.0 2 2 141 6 8                       1
1 1.0 1 1 141 6 7                       1
3 1.0 5 5 141 5 8                       1
2 1.0 4 4 141 5 7                       1
1 1.0 3 3 141 5 6                       1
1 1.0 1 1 140 5 6                       1
2 1.0 3 3 140 4 6                       1
1 1.0 2 2 140 4 5                       1
1 1.0 1 3 139 7 8                       1
1 1.0 1 3 138 5 6                       1
2 1.0 3 5 138 4 6                       1
1 1.0 2 2 138 4 5                       1
1 1.0 1 3 137 11 12                     1
1 1.0 1 1 136 9 10                      1
2 1.0 2 2 136 8 10                      1
1 1.0 1 1 136 8 9                       1
3 1.0 5 5 136 7 10                      1
2 1.0 4 4 136 7 9                       1
1 1.0 3 3 136 7 8                       1
1 1.0 1 1 135 7 8                       1
1 1.0 1 1 134 5 6                       1
2 1.0 3 3 134 4 6                       1
1 1.0 2 2 134 4 5                       1
1 1.0 1 1 133 7 8                       1
2 1.0 2 2 133 6 8                       1
1 1.0 1 1 133 6 7                       1
3 1.0 3 3 133 5 8                       1
2 1.0 2 2 133 5 7                       1
1 1.0 1 1 133 5 6                       1
1 1.0 1 1 132 4 5                       1
2 1.0 3 3 132 3 5                       1
1 1.0 2 2 132 3 4                       1
1 1.0 1 1 131 7 8                       1
2 1.0 2 2 131 6 8                       1
1 1.0 1 1 131 6 7                       1
3 1.0 5 5 131 5 8                       1
2 1.0 4 4 131 5 7                       1
1 1.0 3 3 131 5 6                       1
1 1.0 1 1 131 3 4                       1
1 1.0 1 1 130 5 6                       1
2 1.0 3 3 130 4 6                       1
1 1.0 2 2 130 4 5                       1
1 1.0 1 1 129 9 10                      1
2 1.0 2 2 129 8 10                      1
1 1.0 1 1 129 8 9                       1
3 1.0 5 5 129 7 10                      1
2 1.0 4 4 129 7 9                       1
1 1.0 3 3 129 7 8                       1
1 1.0 1 1 128 7 8                       1
2 1.0 2 2 128 6 8                       1
1 1.0 1 1 128 6 7                       1
3 1.0 5 5 128 5 8                       1
2 1.0 4 4 128 5 7                       1
1 1.0 3 3 128 5 6                       1
1 1.0 1 1 127 7 8                       1
2 1.0 2 2 127 6 8                       1
1 1.0 1 1 127 6 7                       1
3 1.0 5 5 127 5 8                       1
2 1.0 4 4 127 5 7                       1
1 1.0 3 3 127 5 6                       1
1 1.0 1 1 126 5 6                       1
2 1.0 3 3 126 4 6                       1
1 1.0 2 2 126 4 5                       1
1 1.0 1 1 125 5 6                       1
2 1.0 2 2 125 4 6                       1
1 1.0 1 1 125 4 5                       1
3 1.0 5 5 125 3 6                       1
2 1.0 4 4 125 3 5                       1
1 1.0 3 3 125 3 4                       1
1 1.0 1 1 124 4 5                       1
2 1.0 3 3 124 3 5                       1
1 1.0 2 2 124 3 4                       1
1 1.0 1 1 123 3 4                       1
1 1.0 1 1 122 4 5                       1
2 1.0 3 3 122 3 5                       1
1 1.0 2 2 122 3 4                       1
1 1.0 1 1 121 9 10                      1
2 1.0 3 3 121 8 10                      1
1 1.0 2 2 121 8 9                       1
3 1.0 4 4 121 7 10                      1
2 1.0 3 3 121 7 9                       1
1 1.0 1 1 121 7 8                       1
4 1.0 5 5 121 6 10                      1
3 1.0 4 4 121 6 9                       1
2 1.0 2 2 121 6 8                       1
1 1.0 1 1 121 6 7                       1
1 1.0 1 1 120 12 13                     1
2 1.0 2 2 120 11 13                     1
1 1.0 1 1 120 11 12                     1
3 1.0 3 3 120 10 13                     1
2 1.0 2 2 120 10 12                     1
1 1.0 1 1 120 10 11                     1
1 1.0 1 1 119 14 15                     1
2 1.0 2 2 119 13 15                     1
1 1.0 1 1 119 13 14                     1
3 1.0 3 3 119 12 15                     1
2 1.0 2 2 119 12 14                     1
1 1.0 1 1 119 12 13                     1
1 1.0 1 1 118 4 5                       1
2 1.0 3 3 118 3 5                       1
1 1.0 2 2 118 3 4                       1
1 1.0 1 1 117 8 9                       1
2 1.0 2 2 117 7 9                       1
1 1.0 1 1 117 7 8                       1
3 1.0 5 5 117 6 9                       1
2 1.0 4 4 117 6 8                       1
1 1.0 3 3 117 6 7                       1
1 1.0 1 1 116 10 11                     1
2 1.0 2 2 116 9 11                      1
1 1.0 1 1 116 9 10                      1
3 1.0 3 3 116 8 11                      1
2 1.0 2 2 116 8 10                      1
1 1.0 1 1 116 8 9                       1
1 1.0 1 1 115 10 11                     1
2 1.0 2 2 115 9 11                      1
1 1.0 1 1 115 9 10                      1
3 1.0 5 5 115 8 11                      1
2 1.0 4 4 115 8 10                      1
1 1.0 3 3 115 8 9                       1
1 1.0 1 1 114 12 13                     1
2 1.0 2 2 114 11 13                     1
1 1.0 1 1 114 11 12                     1
3 1.0 3 3 114 10 13                     1
2 1.0 2 2 114 10 12                     1
1 1.0 1 1 114 10 11                     1
1 1.0 1 1 113 6 7                       1
2 1.0 2 2 113 5 7                       1
1 1.0 1 1 113 5 6                       1
3 1.0 3 3 113 4 7                       1
2 1.0 2 2 113 4 6                       1
1 1.0 1 1 113 4 5                       1
1 1.0 1 1 112 4 5                       1
1 1.0 1 1 111 3 4                       1
1 1.0 1 1 110 4 5                       1
2 1.0 3 3 110 3 5                       1
1 1.0 2 2 110 3 4                       1
1 1.0 1 1 109 6 7                       1
2 1.0 3 3 109 5 7                       1
1 1.0 2 2 109 5 6                       1
1 1.0 1 1 108 8 9                       1
2 1.0 2 2 108 7 9                       1
1 1.0 1 1 108 7 8                       1
3 1.0 3 3 108 6 9                       1
2 1.0 2 2 108 6 8                       1
1 1.0 1 1 108 6 7                       1
1 1.0 1 1 107 6 7                       1
1 1.0 1 1 106 10 11                     1
2 1.0 2 2 106 9 11                      1
1 1.0 1 1 106 9 10                      1
3 1.0 3 3 106 8 11                      1
2 1.0 2 2 106 8 10                      1
1 1.0 1 1 106 8 9                       1
1 1.0 1 1 105 4 5                       1
2 1.0 3 3 105 3 5                       1
1 1.0 2 2 105 3 4                       1
1 1.0 1 1 104 6 7                       1
2 1.0 2 2 104 5 7                       1
1 1.0 1 1 104 5 6                       1
3 1.0 3 3 104 4 7                       1
2 1.0 2 2 104 4 6                       1
1 1.0 1 1 104 4 5                       1
1 1.0 1 1 103 10 11                     1
2 1.0 2 2 103 9 11                      1
1 1.0 1 1 103 9 10                      1
3 1.0 3 3 103 8 11                      1
2 1.0 2 2 103 8 10                      1
1 1.0 1 1 103 8 9                       1
1 1.0 1 1 102 17 18                     1
2 1.0 2 2 102 16 18                     1
1 1.0 1 1 102 16 17                     1
3 1.0 5 5 102 15 18                     1
2 1.0 4 4 102 15 17                     1
1 1.0 3 3 102 15 16                     1
1 1.0 1 1 101 19 20                     1
2 1.0 2 2 101 18 20                     1
1 1.0 1 1 101 18 19                     1
3 1.0 3 3 101 17 20                     1
2 1.0 2 2 101 17 19                     1
1 1.0 1 1 101 17 18                     1
1 1.0 1 1 100 5 6                       1
2 1.0 2 2 100 4 6                       1
1 1.0 1 1 100 4 5                       1
3 1.0 5 5 100 3 6                       1
2 1.0 4 4 100 3 5                       1
1 1.0 3 3 100 3 4                       1
1 1.0 1 1 99 5 6                        1
2 1.0 2 2 99 4 6                        1
1 1.0 1 1 99 4 5                        1
3 1.0 5 5 99 3 6                        1
2 1.0 4 4 99 3 5                        1
1 1.0 3 3 99 3 4                        1
1 1.0 1 1 98 4 5                        1
2 1.0 3 3 98 3 5                        1
1 1.0 2 2 98 3 4                        1
1 1.0 1 1 97 5 6                        1
2 1.0 2 2 97 4 6                        1
1 1.0 1 1 97 4 5                        1
3 1.0 5 5 97 3 6                        1
2 1.0 4 4 97 3 5                        1
1 1.0 3 3 97 3 4                        1
1 1.0 1 1 96 4 5                        1
2 1.0 3 3 96 3 5                        1
1 1.0 2 2 96 3 4                        1
1 1.0 1 1 95 6 7                        1
2 1.0 2 2 95 5 7                        1
1 1.0 1 1 95 5 6                        1
3 1.0 3 3 95 4 7                        1
2 1.0 2 2 95 4 6                        1
1 1.0 1 1 95 4 5                        1
1 1.0 1 1 94 6 7                        1
2 1.0 2 2 94 5 7                        1
1 1.0 1 1 94 5 6                        1
3 1.0 3 3 94 4 7                        1
2 1.0 2 2 94 4 6                        1
1 1.0 1 1 94 4 5                        1
1 1.0 1 1 93 5 6                        1
2 1.0 3 3 93 4 6                        1
1 1.0 2 2 93 4 5                        1
1 1.0 1 1 92 7 8                        1
2 1.0 2 2 92 6 8                        1
1 1.0 1 1 92 6 7                        1
3 1.0 5 5 92 5 8                        1
2 1.0 4 4 92 5 7                        1
1 1.0 3 3 92 5 6                        1
1 1.0 1 1 91 6 7                        1
2 1.0 2 2 91 5 7                        1
1 1.0 1 1 91 5 6                        1
3 1.0 5 5 91 4 7                        1
2 1.0 4 4 91 4 6                        1
1 1.0 3 3 91 4 5                        1
1 1.0 1 1 90 8 9                        1
2 1.0 2 2 90 7 9                        1
1 1.0 1 1 90 7 8                        1
3 1.0 3 3 90 6 9                        1
2 1.0 2 2 90 6 8                        1
1 1.0 1 1 90 6 7                        1
1 1.0 1 1 89 3 4                        1
1 1.0 1 1 88 6 7                        1
2 1.0 2 2 88 5 7                        1
1 1.0 1 1 88 5 6                        1
3 1.0 3 3 88 4 7                        1
2 1.0 2 2 88 4 6                        1
1 1.0 1 1 88 4 5                        1
1 1.0 1 1 87 6 7                        1
2 1.0 2 2 87 5 7                        1
1 1.0 1 1 87 5 6                        1
3 1.0 5 5 87 4 7                        1
2 1.0 4 4 87 4 6                        1
1 1.0 3 3 87 4 5                        1
1 1.0 1 1 86 8 9                        1
2 1.0 2 2 86 7 9                        1
1 1.0 1 1 86 7 8                        1
3 1.0 3 3 86 6 9                        1
2 1.0 2 2 86 6 8                        1
1 1.0 1 1 86 6 7                        1
1 1.0 1 1 85 6 7                        1
2 1.0 2 2 85 5 7                        1
1 1.0 1 1 85 5 6                        1
3 1.0 5 5 85 4 7                        1
2 1.0 4 4 85 4 6                        1
1 1.0 3 3 85 4 5                        1
1 1.0 1 1 84 11 12                      1
2 1.0 2 2 84 10 12                      1
1 1.0 1 1 84 10 11                      1
3 1.0 5 5 84 9 12                       1
2 1.0 4 4 84 9 11                       1
1 1.0 3 3 84 9 10                       1
1 1.0 1 1 83 15 16                      1
2 1.0 2 2 83 14 16                      1
1 1.0 1 1 83 14 15                      1
3 1.0 5 5 83 13 16                      1
2 1.0 4 4 83 13 15                      1
1 1.0 3 3 83 13 14                      1
1 1.0 1 1 82 4 5                        1
1 1.0 1 1 81 7 8                        1
2 1.0 3 3 81 6 8                        1
1 1.0 2 2 81 6 7                        1
1 1.0 1 1 80 6 7                        1
2 1.0 3 3 80 5 7                        1
1 1.0 2 2 80 5 6                        1
1 1.0 1 1 79 11 12                      1
2 1.0 2 2 79 10 12                      1
1 1.0 1 1 79 10 11                      1
3 1.0 5 5 79 9 12                       1
2 1.0 4 4 79 9 11                       1
1 1.0 3 3 79 9 10                       1
1 1.0 1 1 78 9 10                       1
2 1.0 2 2 78 8 10                       1
1 1.0 1 1 78 8 9                        1
3 1.0 5 5 78 7 10                       1
2 1.0 4 4 78 7 9                        1
1 1.0 3 3 78 7 8                        1
1 1.0 1 1 77 9 10                       1
2 1.0 2 2 77 8 10                       1
1 1.0 1 1 77 8 9                        1
3 1.0 5 5 77 7 10                       1
2 1.0 4 4 77 7 9                        1
1 1.0 3 3 77 7 8                        1
1 1.0 1 1 76 8 9                        1
2 1.0 2 2 76 7 9                        1
1 1.0 1 1 76 7 8                        1
3 1.0 3 3 76 6 9                        1
2 1.0 2 2 76 6 8                        1
1 1.0 1 1 76 6 7                        1
1 1.0 1 1 75 13 14                      1
2 1.0 2 2 75 12 14                      1
1 1.0 1 1 75 12 13                      1
3 1.0 3 3 75 11 14                      1
2 1.0 2 2 75 11 13                      1
1 1.0 1 1 75 11 12                      1
1 1.0 1 1 74 13 14                      1
2 1.0 2 2 74 12 14                      1
1 1.0 1 1 74 12 13                      1
3 1.0 5 5 74 11 14                      1
2 1.0 4 4 74 11 13                      1
1 1.0 3 3 74 11 12                      1
1 1.0 1 1 73 6 7                        1
2 1.0 2 2 73 5 7                        1
1 1.0 1 1 73 5 6                        1
3 1.0 5 5 73 4 7                        1
2 1.0 4 4 73 4 6                        1
1 1.0 3 3 73 4 5                        1
1 1.0 1 3 72 8 9                        1
1 1.0 1 3 71 10 11                      1
1 1.0 1 1 70 8 9                        1
2 1.0 2 2 70 7 9                        1
1 1.0 1 1 70 7 8                        1
3 1.0 5 5 70 6 9                        1
2 1.0 4 4 70 6 8                        1
1 1.0 3 3 70 6 7                        1
1 1.0 1 1 69 6 7                        1
2 1.0 2 2 69 5 7                        1
1 1.0 1 1 69 5 6                        1
3 1.0 3 3 69 4 7                        1
2 1.0 2 2 69 4 6                        1
1 1.0 1 1 69 4 5                        1
1 1.0 1 1 68 8 9                        1
2 1.0 2 2 68 7 9                        1
1 1.0 1 1 68 7 8                        1
3 1.0 3 3 68 6 9                        1
2 1.0 2 2 68 6 8                        1
1 1.0 1 1 68 6 7                        1
1 1.0 1 1 67 6 7                        1
2 1.0 2 2 67 5 7                        1
1 1.0 1 1 67 5 6                        1
3 1.0 3 3 67 4 7                        1
2 1.0 2 2 67 4 6                        1
1 1.0 1 1 67 4 5                        1
1 1.0 1 1 66 4 5                        1
2 1.0 3 3 66 3 5                        1
1 1.0 2 2 66 3 4                        1
1 1.0 1 1 65 12 13                      1
1 1.0 1 1 64 10 11                      1
1 1.0 1 3 63 6 7                        1
1 1.0 1 3 62 4 5                        1
2 1.0 3 5 62 3 5                        1
1 1.0 2 2 62 3 4                        1
1 1.0 1 1 61 8 9                        1
1 1.0 1 1 60 3 4                        1
1 1.0 1 1 59 10 11                      1
1 1.0 1 1 58 8 9                        1
2 1.0 2 2 58 7 9                        1
1 1.0 1 1 58 7 8                        1
3 1.0 5 5 58 6 9                        1
2 1.0 4 4 58 6 8                        1
1 1.0 3 3 58 6 7                        1
1 1.0 1 1 57 8 9                        1
2 1.0 2 2 57 7 9                        1
1 1.0 1 1 57 7 8                        1
3 1.0 5 5 57 6 9                        1
2 1.0 4 4 57 6 8                        1
1 1.0 3 3 57 6 7                        1
1 1.0 1 1 56 6 7                        1
2 1.0 2 2 56 5 7                        1
1 1.0 1 1 56 5 6                        1
3 1.0 5 5 56 4 7                        1
2 1.0 4 4 56 4 6                        1
1 1.0 3 3 56 4 5                        1
1 1.0 1 1 55 6 7                        1
2 1.0 2 2 55 5 7                        1
1 1.0 1 1 55 5 6                        1
3 1.0 3 3 55 4 7                        1
2 1.0 2 2 55 4 6                        1
1 1.0 1 1 55 4 5                        1
1 1.0 1 1 54 3 4                        1
1 1.0 1 1 53 4 5                        1
2 1.0 3 3 53 3 5                        1
1 1.0 2 2 53 3 4                        1
1 1.0 1 1 52 3 4                        1
1 1.0 1 1 51 8 9                        1
2 1.0 3 3 51 7 9                        1
1 1.0 2 2 51 7 8                        1
3 1.0 4 4 51 6 9                        1
2 1.0 3 3 51 6 8                        1
1 1.0 1 1 51 6 7                        1
1 1.0 1 1 50 9 10                       1
2 1.0 2 2 50 8 10                       1
1 1.0 1 1 50 8 9                        1
3 1.0 5 5 50 7 10                       1
2 1.0 4 4 50 7 9                        1
1 1.0 3 3 50 7 8                        1
1 1.0 1 1 49 11 12                      1
2 1.0 2 2 49 10 12                      1
1 1.0 1 1 49 10 11                      1
3 1.0 3 3 49 9 12                       1
2 1.0 2 2 49 9 11                       1
1 1.0 1 1 49 9 10                       1
1 1.0 1 1 48 3 4                        1
1 1.0 1 1 47 5 6                        1
1 1.0 1 1 46 7 8                        1
2 1.0 2 2 46 6 8                        1
1 1.0 1 1 46 6 7                        1
3 1.0 5 5 46 5 8                        1
2 1.0 4 4 46 5 7                        1
1 1.0 3 3 46 5 6                        1
1 1.0 1 1 45 7 8                        1
2 1.0 2 2 45 6 8                        1
1 1.0 1 1 45 6 7                        1
3 1.0 5 5 45 5 8                        1
2 1.0 4 4 45 5 7                        1
1 1.0 3 3 45 5 6                        1
1 1.0 1 1 44 9 10                       1
2 1.0 2 2 44 8 10                       1
1 1.0 1 1 44 8 9                        1
3 1.0 3 3 44 7 10                       1
2 1.0 2 2 44 7 9                        1
1 1.0 1 1 44 7 8                        1
1 1.0 1 1 43 5 6                        1
2 1.0 2 2 43 4 6                        1
1 1.0 1 1 43 4 5                        1
3 1.0 5 5 43 3 6                        1
2 1.0 4 4 43 3 5                        1
1 1.0 3 3 43 3 4                        1
1 1.0 1 1 42 4 5                        1
2 1.0 3 3 42 3 5                        1
1 1.0 2 2 42 3 4                        1
1 1.0 1 1 41 4 5                        1
2 1.0 3 3 41 3 5                        1
1 1.0 2 2 41 3 4                        1
1 1.0 1 1 40 3 4                        1
1 1.0 1 1 39 5 6                        1
2 1.0 2 2 39 4 6                        1
1 1.0 1 1 39 4 5                        1
3 1.0 5 5 39 3 6                        1
2 1.0 4 4 39 3 5                        1
1 1.0 3 3 39 3 4                        1
1 1.0 1 1 38 5 6                        1
2 1.0 2 2 38 4 6                        1
1 1.0 1 1 38 4 5                        1
3 1.0 5 5 38 3 6                        1
2 1.0 4 4 38 3 5                        1
1 1.0 3 3 38 3 4                        1
1 1.0 1 1 37 5 6                        1
2 1.0 3 3 37 4 6                        1
1 1.0 2 2 37 4 5                        1
1 1.0 1 1 36 7 8                        1
2 1.0 2 2 36 6 8                        1
1 1.0 1 1 36 6 7                        1
3 1.0 3 3 36 5 8                        1
2 1.0 2 2 36 5 7                        1
1 1.0 1 1 36 5 6                        1
1 1.0 1 1 35 3 4                        1
1 1.0 1 1 34 5 6                        1
2 1.0 2 2 34 4 6                        1
1 1.0 1 1 34 4 5                        1
3 1.0 5 5 34 3 6                        1
2 1.0 4 4 34 3 5                        1
1 1.0 3 3 34 3 4                        1
1 1.0 1 1 33 7 8                        1
2 1.0 2 2 33 6 8                        1
1 1.0 1 1 33 6 7                        1
3 1.0 5 5 33 5 8                        1
2 1.0 4 4 33 5 7                        1
1 1.0 3 3 33 5 6                        1
1 1.0 1 1 32 8 9                        1
2 1.0 2 2 32 7 9                        1
1 1.0 1 1 32 7 8                        1
3 1.0 5 5 32 6 9                        1
2 1.0 4 4 32 6 8                        1
1 1.0 3 3 32 6 7                        1
1 1.0 1 1 31 10 11                      1
2 1.0 2 2 31 9 11                       1
1 1.0 1 1 31 9 10                       1
3 1.0 5 5 31 8 11                       1
2 1.0 4 4 31 8 10                       1
1 1.0 3 3 31 8 9                        1
1 1.0 1 1 30 7 8                        1
1 1.0 1 1 29 7 8                        1
2 1.0 2 2 29 6 8                        1
1 1.0 1 1 29 6 7                        1
3 1.0 3 3 29 5 8                        1
2 1.0 2 2 29 5 7                        1
1 1.0 1 1 29 5 6                        1
1 1.0 1 1 28 5 6                        1
2 1.0 2 2 28 4 6                        1
1 1.0 1 1 28 4 5                        1
3 1.0 5 5 28 3 6                        1
2 1.0 4 4 28 3 5                        1
1 1.0 3 3 28 3 4                        1
1 1.0 1 1 27 9 10                       1
1 1.0 1 1 26 7 8                        1
2 1.0 2 2 26 6 8                        1
1 1.0 1 1 26 6 7                        1
3 1.0 5 5 26 5 8                        1
2 1.0 4 4 26 5 7                        1
1 1.0 3 3 26 5 6                        1
1 1.0 1 3 25 5 6                        1
1 1.0 3 3 25 3 4                        1
1 1.0 1 1 24 3 4                        1
1 1.0 1 1 23 5 6                        1
2 1.0 2 2 23 4 6                        1
1 1.0 1 1 23 4 5                        1
3 1.0 5 5 23 3 6                        1
2 1.0 4 4 23 3 5                        1
1 1.0 3 3 23 3 4                        1
1 1.0 1 1 22 3 4                        1
1 1.0 1 1 21 6 7                        1
2 1.0 2 2 21 5 7                        1
1 1.0 1 1 21 5 6                        1
3 1.0 3 3 21 4 7                        1
2 1.0 2 2 21 4 6                        1
1 1.0 1 1 21 4 5                        1
1 1.0 1 1 20 6 7                        1
2 1.0 2 2 20 5 7                        1
1 1.0 1 1 20 5 6                        1
3 1.0 5 5 20 4 7                        1
2 1.0 4 4 20 4 6                        1
1 1.0 3 3 20 4 5                        1
1 1.0 1 1 19 8 9                        1
2 1.0 2 2 19 7 9                        1
1 1.0 1 1 19 7 8                        1
3 1.0 5 5 19 6 9                        1
2 1.0 4 4 19 6 8                        1
1 1.0 3 3 19 6 7                        1
1 1.0 1 1 18 3 4                        1
1 1.0 1 1 17 4 5                        1
2 1.0 3 3 17 3 5                        1
1 1.0 2 2 17 3 4                        1
1 1.0 1 1 16 4 5                        1
2 1.0 3 3 16 3 5                        1
1 1.0 2 2 16 3 4                        1
1 1.0 1 1 15 4 5                        1
1 1.0 1 1 14 6 7                        1
2 1.0 2 2 14 5 7                        1
1 1.0 1 1 14 5 6                        1
3 1.0 5 5 14 4 7                        1
2 1.0 4 4 14 4 6                        1
1 1.0 3 3 14 4 5                        1
1 1.0 1 1 13 4 5                        1
2 1.0 3 3 13 3 5                        1
1 1.0 2 2 13 3 4                        1
1 1.0 1 1 12 6 7                        1
2 1.0 2 2 12 5 7                        1
1 1.0 1 1 12 5 6                        1
3 1.0 3 3 12 4 7                        1
2 1.0 2 2 12 4 6                        1
1 1.0 1 1 12 4 5                        1
1 1.0 1 1 11 6 7                        1
2 1.0 2 2 11 5 7                        1
1 1.0 1 1 11 5 6                        1
3 1.0 5 5 11 4 7                        1
2 1.0 4 4 11 4 6                        1
1 1.0 3 3 11 4 5                        1
1 1.0 1 1 10 4 5                        1
2 1.0 3 3 10 3 5                        1
1 1.0 2 2 10 3 4                        1
1 1.0 1 1 9 5 6                         1
2 1.0 2 2 9 4 6                         1
1 1.0 1 1 9 4 5                         1
3 1.0 3 3 9 3 6                         1
2 1.0 2 2 9 3 5                         1
1 1.0 1 1 9 3 4                         1
1 1.0 1 1 8 3 4                         1
1 1.0 1 1 7 5 6                         1
2 1.0 2 2 7 4 6                         1
1 1.0 1 1 7 4 5                         1
3 1.0 5 5 7 3 6                         1
2 1.0 4 4 7 3 5                         1
1 1.0 3 3 7 3 4                         1
1 1.0 1 1 6 5 6                         1
2 1.0 2 2 6 4 6                         1
1 1.0 1 1 6 4 5                         1
3 1.0 3 3 6 3 6                         1
2 1.0 2 2 6 3 5                         1
1 1.0 1 1 6 3 4                         1
1 1.0 1 1 5 4 5                         1
2 1.0 2 2 5 3 5                         1
1 1.0 1 1 5 3 4                         1
3 1.0 5 5 5 2 5                         1
2 1.0 4 4 5 2 4                         1
1 1.0 3 3 5 2 3                         1
1 1.0 1 1 4 4 5                         1
2 1.0 2 2 4 3 5                         1
1 1.0 1 1 4 3 4                         1
3 1.0 5 5 4 2 5                         1
2 1.0 4 4 4 2 4                         1
1 1.0 3 3 4 2 3                         1
1 1.0 1 1 3 3 4                         1
2 1.0 3 3 3 2 4                         1
1 1.0 2 2 3 2 3                         1
1 1.0 1 1 2 3 4                         1
2 1.0 3 3 2 2 4                         1
1 1.0 2 2 2 2 3                         1
1 1.0 1 1 1 2 3                         1
5 0.94545 1 1 465 55 60                 0
1 0.82769 2 2 515 29 30                 1
1 0.82769 2 2 513 34 35                 1
78 0.8254 0 2 357 6 84                  0
36 0.81255 6 4 370 119 155              0
20 0.80085 0 6 425 164 184              0
8 0.80085 0 12 405 165 173              0
8 0.80085 0 12 370 149 157              0
30 0.80085 6 12 370 118 148             0
8 0.80085 0 12 364 18 26                0
8 0.80085 0 12 357 131 139              0
8 0.80085 0 12 339 24 32                0
8 0.80085 0 12 328 100 108              0
26 0.80079 8 6 425 65 91                0
1 0.79375 1 1 169 3 4                   1
1 0.79365 1 1 396 3 4                   1
1 0.79365 1 1 307 2 3                   1
1 0.79365 1 1 303 3 4                   1
1 0.79365 1 1 271 4 5                   1
1 0.79365 1 1 258 2 3                   1
1 0.79365 1 1 256 2 3                   1
26 0.79221 0 2 357 8 34                 0
5 0.78993 1 1 465 90 95                 0
22 0.78947 0 6 425 163 185              0
34 0.78947 0 8 425 82 116               0
8 0.78947 0 8 364 21 29                 0
8 0.78947 0 8 357 134 142               0
8 0.78947 0 8 348 8 16                  0
8 0.78947 0 8 328 103 111               0
2 0.78571 4 4 413 27 29                 1
18 0.78127 0 2 425 64 82                0
106 0.78127 0 2 370 34 140              0
118 0.78127 0 2 370 29 147              0
88 0.78127 0 2 370 29 117               0
94 0.78127 0 2 370 14 108               0
80 0.78127 0 2 370 14 94                0
60 0.78127 0 2 370 14 74                0
70 0.78127 0 2 357 9 79                 0
50 0.78127 0 2 357 9 59                 0
24 0.78127 0 2 357 9 33                 0
6 0.77742 0 8 425 159 165               0
6 0.77742 0 12 405 166 172              0
6 0.77742 0 12 370 150 156              0
6 0.77742 0 12 364 19 25                0
6 0.77742 0 12 357 132 138              0
6 0.77742 0 12 348 6 12                 0
6 0.77742 0 12 339 25 31                0
6 0.77742 0 12 328 101 107              0
8 0.77742 0 6 305 42 50                 0
10 0.77742 0 6 305 41 51                0
8 0.77742 0 6 289 13 21                 0
10 0.77742 0 6 289 12 22                0
8 0.77742 0 6 287 13 21                 0
10 0.77742 0 6 287 12 22                0
8 0.77742 0 6 231 12 20                 0
10 0.77742 0 6 231 11 21                0
18 0.77709 0 10 425 162 180             0
24 0.77709 0 10 425 84 108              0
36 0.77709 0 8 425 81 117               0
6 0.77709 0 8 405 169 175               0
6 0.77709 0 8 370 153 159               0
6 0.77709 0 8 364 22 28                 0
6 0.77709 0 8 357 135 141               0
6 0.77709 0 8 348 9 15                  0
6 0.77709 0 8 339 28 34                 0
6 0.77709 0 8 328 104 110               0
28 0.77591 0 10 357 91 119              0
28 0.77591 0 10 328 60 88               0
1 0.77335 1 5 528 23 24                 1
1 0.77335 1 5 413 21 22                 1
3 0.771 1 1 405 69 72                   1
16 0.76912 8 2 425 91 107               0
10 0.76912 8 2 425 91 101               0
8 0.76912 8 2 425 83 91                 0
18 0.76912 8 2 425 73 91                0
42 0.76912 0 2 425 65 107               0
36 0.76912 0 2 425 65 101               0
18 0.76912 0 2 425 65 83                0
8 0.76912 0 2 425 65 73                 0
6 0.76912 2 2 405 61 67                 0
66 0.76912 2 2 405 1 67                 0
8 0.76912 0 2 402 1 9                   0
12 0.76667 2 2 425 122 134              0
22 0.76667 2 2 425 112 134              0
8 0.76667 0 2 425 107 115               0
14 0.76667 0 2 425 101 115              0
32 0.76667 0 2 425 83 115               0
42 0.76667 0 2 425 73 115               0
18 0.76667 0 2 425 63 81                0
52 0.76667 0 2 405 134 186              0
10 0.76667 0 2 364 26 36                0
10 0.76667 0 2 364 20 30                0
18 0.76667 0 2 364 18 36                0
10 0.76667 0 2 357 139 149              0
10 0.76667 0 2 357 133 143              0
18 0.76667 0 2 357 131 149              0
14 0.76667 0 2 357 101 115              0
52 0.76667 0 2 357 100 152              0
14 0.76667 0 2 357 100 114              0
10 0.76667 0 2 348 7 17                 0
10 0.76667 0 2 328 108 118              0
10 0.76667 0 2 328 102 112              0
18 0.76667 0 2 328 100 118              0
14 0.76667 0 2 328 70 84                0
52 0.76667 0 2 328 69 121               0
14 0.76667 0 2 328 69 83                0
6 0.76316 6 10 510 17 23                0
6 0.76316 0 10 425 238 244              0
6 0.76316 0 10 305 22 28                0
18 0.76316 0 10 305 10 28               0
6 0.76316 0 10 298 2 8                  0
34 0.76296 0 2 405 84 118               0
34 0.76296 2 2 370 68 102               0
58 0.76296 2 2 370 10 68                0
78 0.76296 0 2 370 6 84                 0
34 0.76296 0 2 357 50 84                0
34 0.76296 0 2 328 19 53                0
5 0.7619 1 1 465 95 100                 0
1 0.75862 5 5 413 28 29                 1
1 0.75776 1 1 509 39 40                 1
1 0.75776 1 1 456 3 4                   1
1 0.75776 1 1 404 3 4                   1
1 0.75776 1 1 169 4 5                   1
1 0.75776 1 1 163 2 3                   1
1 0.75776 1 1 161 2 3                   1
1 0.75776 1 1 147 4 5                   1
1 0.75776 1 1 119 8 9                   1
1 0.75776 1 1 114 6 7                   1
1 0.75776 1 1 106 4 5                   1
1 0.75776 1 1 90 2 3                    1
18 0.75554 0 2 425 158 176              0
8 0.75554 0 2 425 158 166               0
14 0.75554 8 2 425 92 106               0
18 0.75554 8 2 425 74 92                0
6 0.75554 0 2 357 1 7                   0
20 0.75554 0 2 348 5 25                 0
14 0.75554 0 2 348 5 19                 0
2 0.75 4 4 465 121 123                  1
1 0.75 1 3 157 5 6                      1
1 0.75 1 3 145 7 8                      1
8 0.74902 0 2 514 7 15                  0
10 0.74902 0 2 425 106 116              0
24 0.74902 0 2 425 82 106               0
42 0.74902 0 2 425 74 116               0
8 0.74902 0 2 425 74 82                 0
96 0.74902 2 2 370 8 104                0
80 0.74902 2 2 370 8 88                 0
62 0.74902 2 2 370 8 70                 0
56 0.74902 2 2 370 8 64                 0
78 0.74902 0 2 370 5 83                 0
8 0.74902 0 2 364 27 35                 0
8 0.74902 0 2 357 140 148               0
8 0.74902 0 2 348 14 22                 0
8 0.74902 0 2 328 109 117               0
1 0.74774 1 3 308 1 2                   1
1 0.74774 1 3 295 3 4                   1
14 0.74561 0 2 405 111 125              0
34 0.74561 0 2 405 91 125               0
14 0.74561 6 2 370 95 109               0
34 0.74561 6 2 370 75 109               0
14 0.74561 0 2 357 77 91                0
34 0.74561 0 2 357 57 91                0
14 0.74561 0 2 328 46 60                0
34 0.74561 0 2 328 26 60                0
18 0.74474 0 2 425 66 84                0
5 0.74324 1 1 465 92 97                 0
7 0.74324 1 1 405 117 124               0
7 0.74324 1 1 405 110 117               0
27 0.74324 1 1 405 90 117               0
41 0.74324 1 1 405 83 124               0
27 0.74324 1 1 405 83 110               0
7 0.74324 1 1 405 83 90                 0
41 0.74324 1 1 405 72 113               0
21 0.74324 1 1 405 72 93                0
7 0.74324 1 1 405 72 79                 0
7 0.74324 1 1 370 101 108               0
7 0.74324 1 1 370 94 101                0
27 0.74324 1 1 370 74 101               0
41 0.74324 1 1 370 67 108               0
27 0.74324 1 1 370 67 94                0
7 0.74324 1 1 370 67 74                 0
133 0.74324 1 1 370 3 136               0
35 0.74324 1 1 357 83 118               0
7 0.74324 1 1 357 83 90                 0
7 0.74324 1 1 357 76 83                 0
27 0.74324 1 1 357 56 83                0
69 0.74324 1 1 357 49 118               0
41 0.74324 1 1 357 49 90                0
27 0.74324 1 1 357 49 76                0
7 0.74324 1 1 357 49 56                 0
77 0.74324 1 1 357 2 79                 0
57 0.74324 1 1 357 2 59                 0
31 0.74324 1 1 357 2 33                 0
35 0.74324 1 1 328 52 87                0
7 0.74324 1 1 328 52 59                 0
7 0.74324 1 1 328 45 52                 0
27 0.74324 1 1 328 25 52                0
69 0.74324 1 1 328 18 87                0
41 0.74324 1 1 328 18 59                0
27 0.74324 1 1 328 18 45                0
7 0.74324 1 1 328 18 25                 0
106 0.74026 0 2 370 33 139              0
92 0.74026 0 2 370 33 125               0
112 0.74026 0 2 370 32 144              0
114 0.74026 0 2 370 31 145              0
104 0.74026 0 2 370 31 135              0
116 0.74026 0 2 370 30 146              0
1 0.74026 2 2 269 7 8                   1
1 0.74026 2 2 203 6 7                   1
1 0.74026 2 2 186 5 6                   1
1 0.73952 1 5 528 24 25                 1
1 0.73952 1 5 413 22 23                 1
8 0.7375 0 2 530 126 134                0
10 0.7375 6 2 510 22 32                 0
10 0.7375 6 2 510 21 31                 0
10 0.7375 0 2 425 243 253               0
10 0.7375 0 2 425 242 252               0
12 0.7375 0 2 425 165 177               0
18 0.7375 0 2 425 159 177               0
6 0.7375 2 2 425 129 135                0
24 0.7375 2 2 425 111 135               0
12 0.7375 0 2 425 93 105                0
6 0.7375 0 2 425 87 93                  0
18 0.7375 0 2 425 75 93                 0
24 0.7375 0 2 425 69 93                 0
12 0.7375 0 2 364 25 37                 0
6 0.7375 0 2 364 25 31                  0
18 0.7375 0 2 364 19 37                 0
12 0.7375 0 2 364 19 31                 0
12 0.7375 0 2 357 138 150               0
6 0.7375 0 2 357 138 144                0
18 0.7375 0 2 357 132 150               0
12 0.7375 0 2 357 132 144               0
14 0.7375 0 2 348 12 26                 0
6 0.7375 0 2 348 12 18                  0
20 0.7375 0 2 348 6 26                  0
12 0.7375 0 2 348 6 18                  0
12 0.7375 0 2 328 107 119               0
6 0.7375 0 2 328 107 113                0
18 0.7375 0 2 328 101 119               0
12 0.7375 0 2 328 101 113               0
18 0.7375 0 2 305 3 21                  0
6 0.7375 0 2 305 3 9                    0
8 0.7375 0 2 265 8 16                   0
8 0.7375 0 2 242 6 14                   0
10 0.73333 0 2 425 180 190              0
6 0.73333 0 2 425 171 177               0
28 0.73333 0 2 425 162 190              0
30 0.73333 0 2 425 108 138              0
12 0.73333 0 2 425 108 120              0
12 0.73333 0 2 425 105 117              0
6 0.73333 0 2 425 102 108               0
30 0.73333 0 2 425 87 117               0
54 0.73333 0 2 425 84 138               0
36 0.73333 0 2 425 84 120               0
18 0.73333 0 2 425 84 102               0
24 0.73333 0 2 425 81 105               0
6 0.73333 0 2 425 81 87                 0
42 0.73333 0 2 425 75 117               0
6 0.73333 0 2 425 75 81                 0
48 0.73333 0 2 425 69 117               0
12 0.73333 0 2 425 69 81                0
12 0.73333 0 2 405 175 187              0
18 0.73333 0 2 405 169 187              0
14 0.73333 0 2 387 18 32                0
30 0.73333 0 2 381 5 35                 0
24 0.73333 0 2 381 5 29                 0
18 0.73333 0 2 381 5 23                 0
32 0.73333 0 2 381 4 36                 0
26 0.73333 0 2 381 4 30                 0
12 0.73333 0 2 370 159 171              0
18 0.73333 0 2 370 153 171              0
30 0.73333 0 2 363 3 33                 0
24 0.73333 0 2 363 3 27                 0
18 0.73333 0 2 363 3 21                 0
10 0.73333 6 2 355 5 15                 0
12 0.73333 0 2 339 34 46                0
18 0.73333 0 2 339 28 46                0
30 0.73333 0 2 331 4 34                 0
24 0.73333 0 2 331 4 28                 0
18 0.73333 0 2 331 4 22                 0
32 0.73333 0 2 331 3 35                 0
26 0.73333 0 2 331 3 29                 0
12 0.73333 0 2 305 18 30                0
12 0.73333 0 2 305 17 29                0
24 0.73333 0 2 305 6 30                 0
24 0.73333 0 2 305 5 29                 0
6 0.73333 0 2 304 1 7                   0
12 0.73333 0 2 298 9 21                 0
6 0.73333 0 2 293 1 7                   0
8 0.73333 0 2 289 1 9                   0
28 0.73333 0 2 265 11 39                0
28 0.73333 0 2 242 9 37                 0
12 0.73333 0 2 235 9 21                 0
1 0.73197 1 3 167 4 5                   1
1 0.72727 4 4 317 15 16                 1
2 0.72727 4 4 157 9 11                  1
2 0.72727 4 4 145 11 13                 1
8 0.72656 0 2 405 145 153               0
32 0.72656 0 2 405 126 158              0
14 0.72656 0 2 405 125 139              0
6 0.72656 0 2 405 125 131               0
8 0.72656 4 2 370 129 137               0
14 0.72656 4 2 370 123 137              0
32 0.72656 0 2 370 110 142              0
6 0.72656 0 2 370 109 115               0
60 0.72656 0 2 370 49 109               0
62 0.72656 0 2 370 48 110               0
88 0.72656 0 2 370 38 126               0
106 0.72656 0 2 370 35 141              0
12 0.72656 0 2 370 35 47                0
20 0.72656 0 2 370 21 41                0
94 0.72656 6 2 370 18 112               0
26 0.72656 6 2 370 18 44                0
96 0.72656 6 2 370 17 113               0
6 0.72656 6 2 370 17 23                 0
8 0.72656 0 2 357 111 119               0
14 0.72656 0 2 357 105 119              0
22 0.72656 0 2 357 97 119               0
18 0.72656 0 2 357 92 110               0
20 0.72656 0 2 357 91 111               0
14 0.72656 0 2 357 91 105               0
6 0.72656 0 2 357 91 97                 0
88 0.72656 0 2 357 31 119               0
60 0.72656 0 2 357 31 91                0
62 0.72656 0 2 357 30 92                0
100 0.72656 4 2 357 23 123              0
12 0.72656 0 2 357 17 29                0
8 0.72656 4 2 339 4 12                  0
8 0.72656 0 2 328 80 88                 0
14 0.72656 0 2 328 74 88                0
22 0.72656 0 2 328 66 88                0
18 0.72656 0 2 328 61 79                0
20 0.72656 0 2 328 60 80                0
14 0.72656 0 2 328 60 74                0
6 0.72656 0 2 328 60 66                 0
5 0.72492 1 1 465 91 96                 0
1 0.72 5 5 465 122 123                  1
2 0.7193 2 4 157 5 7                    1
2 0.7193 2 4 145 7 9                    1
6 0.71556 0 2 530 127 133               0
10 0.71556 0 2 530 125 135              0
6 0.71556 0 2 510 20 26                 0
6 0.71556 0 2 508 30 36                 0
14 0.71556 0 2 467 113 127              0
6 0.71556 0 2 427 5 11                  0
6 0.71556 0 2 425 241 247               0
12 0.71556 0 2 381 19 31                0
16 0.71556 0 2 381 6 22                 0
12 0.71556 0 2 363 17 29                0
16 0.71556 0 2 363 4 20                 0
12 0.71556 2 2 355 19 31                0
10 0.71556 6 2 355 6 16                 0
12 0.71556 0 2 331 18 30                0
16 0.71556 0 2 331 5 21                 0
10 0.71556 0 2 329 21 31                0
12 0.71556 0 2 305 16 28                0
6 0.71556 0 2 305 16 22                 0
6 0.71556 0 2 305 10 16                 0
24 0.71556 0 2 305 4 28                 0
18 0.71556 0 2 305 4 22                 0
6 0.71556 0 2 305 4 10                  0
12 0.71556 0 2 298 8 20                 0
6 0.71556 0 2 298 8 14                  0
18 0.71556 0 2 298 2 20                 0
12 0.71556 0 2 298 2 14                 0
6 0.71556 0 2 289 26 32                 0
34 0.71556 0 2 289 2 36                 0
6 0.71556 0 2 289 2 8                   0
6 0.71556 0 2 287 26 32                 0
34 0.71556 0 2 287 2 36                 0
6 0.71556 0 2 287 2 8                   0
28 0.71556 0 2 265 12 40                0
8 0.71556 0 2 265 7 15                  0
28 0.71556 0 2 242 10 38                0
8 0.71556 0 2 242 5 13                  0
12 0.71556 0 2 235 8 20                 0
6 0.71556 0 2 235 8 14                  0
6 0.71556 0 2 231 25 31                 0
34 0.71556 0 2 231 1 35                 0
6 0.71556 0 2 231 1 7                   0
1 0.71037 1 3 170 1 2                   1
1 0.71037 1 3 156 5 6                   1
1 0.71037 1 3 153 3 4                   1
1 0.71037 1 3 151 5 6                   1
1 0.71037 1 3 144 7 8                   1
1 0.71037 1 3 143 5 6                   1
1 0.71037 1 3 65 4 5                    1
1 0.70968 5 5 528 29 30                 1
2 0.70909 2 4 308 1 3                   1
2 0.70909 2 4 295 3 5                   1
5 0.70857 1 1 465 97 102                0
73 0.70857 1 1 405 113 186              0
93 0.70857 1 1 405 93 186               0
107 0.70857 1 1 405 79 186              0
73 0.70857 1 1 370 97 170               0
93 0.70857 1 1 370 77 170               0
119 0.70857 1 1 370 51 170              0
73 0.70857 1 1 357 79 152               0
35 0.70857 1 1 357 79 114               0
93 0.70857 1 1 357 59 152               0
55 0.70857 1 1 357 59 114               0
119 0.70857 1 1 357 33 152              0
81 0.70857 1 1 357 33 114               0
73 0.70857 1 1 328 48 121               0
35 0.70857 1 1 328 48 83                0
93 0.70857 1 1 328 28 121               0
55 0.70857 1 1 328 28 83                0
119 0.70857 1 1 328 2 121               0
81 0.70857 1 1 328 2 83                 0
2 0.7 4 4 315 11 13                     1
2 0.7 4 4 170 4 6                       1
2 0.7 4 4 167 8 10                      1
2 0.7 4 4 165 2 4                       1
2 0.7 4 4 156 8 10                      1
2 0.7 4 4 155 2 4                       1
2 0.7 4 4 153 6 8                       1
2 0.7 4 4 151 8 10                      1
2 0.7 4 4 144 10 12                     1
2 0.7 4 4 143 8 10                      1
2 0.7 4 4 65 7 9                        1
1 0.69907 3 3 479 26 27                 1
10 0.69697 2 2 465 90 100               0
1 0.69669 1 1 533 3 4                   1
1 0.69669 1 1 517 3 4                   1
1 0.69669 1 1 493 3 4                   1
1 0.69669 1 1 458 3 4                   1
1 0.69669 1 1 406 3 4                   1
2 0.69654 2 8 528 23 25                 1
2 0.69654 2 8 413 21 23                 1
1 0.69524 2 2 515 28 29                 1
8 0.69524 0 2 514 30 38                 0
6 0.69524 0 2 508 31 37                 0
12 0.69524 0 2 329 20 32                0
14 0.69524 0 2 329 19 33                0
6 0.69524 0 2 293 29 35                 0
2 0.69492 2 4 167 4 6                   1
1 0.69444 1 1 509 40 41                 1
1 0.69444 1 1 456 4 5                   1
1 0.69444 1 1 442 13 14                 1
1 0.69444 1 1 404 4 5                   1
1 0.69444 1 1 353 3 4                   1
1 0.69444 1 1 237 3 4                   1
1 0.69444 1 1 168 3 4                   1
1 0.69444 1 1 163 3 4                   1
1 0.69444 1 1 147 5 6                   1
1 0.69444 1 1 120 7 8                   1
1 0.69444 1 1 116 5 6                   1
1 0.69444 1 1 108 3 4                   1
1 0.69444 1 1 103 5 6                   1
1 0.69444 1 1 101 14 15                 1
1 0.69444 1 1 86 3 4                    1
1 0.69444 1 1 75 8 9                    1
1 0.69444 1 1 68 2 3                    1
1 0.69444 1 1 49 6 7                    1
1 0.69444 1 1 44 4 5                    1
1 0.69444 1 1 36 2 3                    1
5 0.69189 1 1 465 96 101                0
5 0.69189 1 1 465 94 99                 0
13 0.69189 1 1 405 44 57                0
27 0.69189 1 1 405 30 57                0
17 0.69189 1 1 405 27 44                0
3 0.69189 1 1 405 27 30                 1
39 0.69189 1 1 405 5 44                 0
25 0.69189 1 1 405 5 30                 0
1 0.68793 1 5 157 6 7                   1
1 0.68793 1 5 145 8 9                   1
6 0.6875 2 2 400 52 58                  0
6 0.6875 2 2 400 51 57                  0
22 0.6875 0 2 400 44 66                 0
6 0.6875 0 2 400 18 24                  0
8 0.6875 0 2 298 7 15                   0
8 0.6875 0 2 235 7 15                   0
44 0.68542 2 2 405 69 113               0
24 0.68542 2 2 405 69 93                0
10 0.68542 2 2 405 69 79                0
1 0.68333 1 3 166 4 5                   1
1 0.68333 1 3 137 4 5                   1
1 0.68333 1 3 72 1 2                    1
1 0.68333 1 3 71 3 4                    1
5 0.67849 1 1 387 35 40                 0
5 0.67849 1 1 381 38 43                 0
5 0.67849 1 1 363 36 41                 0
5 0.67849 1 1 355 38 43                 0
37 0.67849 1 1 355 1 38                 0
5 0.67849 1 1 331 37 42                 0
5 0.67582 1 1 465 93 98                 0
87 0.67582 1 5 370 14 101               0
53 0.67582 1 5 370 14 67                0
13 0.67097 1 1 265 4 17                 0
13 0.67097 1 1 242 2 15                 0
2 0.66667 4 4 530 145 147               1
2 0.66667 2 4 528 8 10                  1
1 0.66667 2 2 508 54 55                 1
1 0.66667 6 10 506 4 5                  1
3 0.66667 7 7 465 120 123               1
1 0.66667 5 5 435 3 4                   1
1 0.66667 5 5 429 9 10                  1
1 0.66667 5 5 413 27 28                 1
1 0.66667 2 2 397 55 56                 1
1 0.66667 5 5 389 16 17                 1
1 0.66667 7 5 368 24 25                 1
1 0.66667 2 2 349 56 57                 1
1 0.66667 4 4 317 12 13                 1
1 0.66667 5 5 315 12 13                 1
1 0.66667 6 6 308 4 5                   1
2 0.66667 6 6 308 3 5                   1
1 0.66667 6 6 295 6 7                   1
2 0.66667 6 6 295 5 7                   1
1 0.66667 5 5 291 3 4                   1
1 0.66667 4 4 227 3 4                   1
1 0.66667 5 5 170 5 6                   1
2 0.66667 4 4 169 5 7                   1
1 0.66667 5 5 167 9 10                  1
1 0.66667 4 4 166 8 9                   1
2 0.66667 4 4 166 7 9                   1
1 0.66667 5 5 165 3 4                   1
2 0.66667 4 4 161 3 5                   1
1 0.66667 6 6 157 10 11                 1
1 0.66667 5 5 156 9 10                  1
1 0.66667 5 5 155 3 4                   1
1 0.66667 5 5 153 7 8                   1
1 0.66667 5 5 151 9 10                  1
1 0.66667 4 4 150 8 9                   1
2 0.66667 4 4 150 7 9                   1
1 0.66667 4 4 149 4 5                   1
2 0.66667 4 4 149 3 5                   1
1 0.66667 6 6 145 12 13                 1
1 0.66667 5 5 144 11 12                 1
1 0.66667 5 5 143 9 10                  1
1 0.66667 4 4 142 8 9                   1
2 0.66667 4 4 142 7 9                   1
1 0.66667 4 4 139 4 5                   1
2 0.66667 4 4 139 3 5                   1
1 0.66667 4 4 137 8 9                   1
2 0.66667 4 4 137 7 9                   1
1 0.66667 4 4 135 4 5                   1
2 0.66667 4 4 135 3 5                   1
1 0.66667 3 3 80 2 3                    1
1 0.66667 4 4 72 5 6                    1
2 0.66667 4 4 72 4 6                    1
1 0.66667 4 4 71 7 8                    1
2 0.66667 4 4 71 6 8                    1
1 0.66667 5 5 65 8 9                    1
1 0.66667 4 4 64 7 8                    1
2 0.66667 4 4 64 6 8                    1
1 0.66667 4 4 63 3 4                    1
2 0.66667 4 4 63 2 4                    1
1 0.66667 4 4 61 5 6                    1
2 0.66667 4 4 61 4 6                    1
1 0.66667 4 4 59 7 8                    1
2 0.66667 4 4 59 6 8                    1
1 0.66667 4 4 30 4 5                    1
2 0.66667 4 4 30 3 5                    1
1 0.66667 4 4 27 6 7                    1
2 0.66667 4 4 27 5 7                    1
2 0.66434 2 4 170 1 3                   1
2 0.66434 2 4 156 5 7                   1
2 0.66434 2 4 153 3 5                   1
2 0.66434 2 4 151 5 7                   1
2 0.66434 2 4 144 7 9                   1
2 0.66434 2 4 143 5 7                   1
2 0.66434 2 4 65 4 6                    1
13 0.66247 1 1 405 57 70                0
7 0.66247 1 1 405 57 64                 0
7 0.66247 1 1 405 54 61                 0
21 0.66247 1 1 405 40 61                0
43 0.66247 1 1 405 27 70                0
37 0.66247 1 1 405 27 64                0
37 0.66247 1 1 405 24 61                0
45 0.66247 1 1 405 16 61                0
39 0.66247 1 1 405 12 51                0
25 0.66247 1 1 405 12 37                0
53 0.66247 1 1 405 8 61                 0
65 0.66247 1 1 405 5 70                 0
59 0.66247 1 1 405 5 64                 0
53 0.66247 1 1 405 1 54                 0
39 0.66247 1 1 405 1 40                 0
23 0.66247 1 1 405 1 24                 0
15 0.66247 1 1 405 1 16                 0
7 0.66247 1 1 405 1 8                   0
1 0.65857 1 5 167 5 6                   1
10 0.65714 2 2 465 92 102               0
114 0.65714 2 2 405 72 186              0
150 0.65714 2 2 357 2 152               0
112 0.65714 2 2 357 2 114               0
80 0.65562 0 4 425 51 131               0
74 0.65562 0 4 425 51 125               0
5 0.65307 3 3 397 35 40                 0
5 0.65307 3 3 349 36 41                 0
34 0.65179 0 10 530 11 45               0
20 0.64901 6 14 476 4 24                0
27 0.64815 1 1 381 31 58                0
27 0.64815 1 1 363 29 56                0
27 0.64815 1 1 355 31 58                0
27 0.64815 1 1 331 30 57                0
19 0.64696 1 5 405 152 171              0
21 0.64696 1 3 405 113 134              0
41 0.64696 1 3 405 93 134               0
55 0.64696 1 3 405 79 134               0
95 0.64696 1 5 405 76 171               0
19 0.64696 1 5 370 136 155              0
17 0.64696 7 5 370 119 136              0
19 0.64696 1 5 364 5 24                 0
19 0.64696 1 5 357 118 137              0
47 0.64696 1 5 357 90 137               0
21 0.64696 1 3 357 79 100               0
61 0.64696 1 5 357 76 137               0
41 0.64696 1 3 357 59 100               0
81 0.64696 1 5 357 56 137               0
67 0.64696 1 3 357 33 100               0
19 0.64696 1 5 339 11 30                0
27 0.64696 1 5 339 3 30                 0
19 0.64696 1 5 328 87 106               0
47 0.64696 1 5 328 59 106               0
21 0.64696 1 3 328 48 69                0
61 0.64696 1 5 328 45 106               0
41 0.64696 1 3 328 28 69                0
81 0.64696 1 5 328 25 106               0
67 0.64696 1 3 328 2 69                 0
1 0.64674 1 3 150 5 6                   1
1 0.64674 1 3 142 5 6                   1
1 0.64674 1 3 64 4 5                    1
1 0.64674 1 3 61 2 3                    1
1 0.64674 1 3 59 4 5                    1
1 0.64674 1 3 30 1 2                    1
1 0.64674 1 3 27 3 4                    1
10 0.64531 2 2 465 91 101               0
6 0.64474 0 4 425 23 29                 0
39 0.6447 3 3 465 33 72                 0
1 0.64403 1 7 308 2 3                   1
1 0.64403 1 7 295 4 5                   1
82 0.64394 0 10 370 27 109              0
84 0.64394 0 10 370 26 110              0
42 0.64394 0 12 357 77 119              0
62 0.64394 0 12 357 57 119              0
80 0.64394 0 12 357 12 92               0
42 0.64394 0 12 328 46 88               0
62 0.64394 0 12 328 26 88               0
9 0.64286 2 2 516 35 44                 0
9 0.64286 2 2 477 29 38                 0
35 0.64286 2 2 467 99 134               0
5 0.64286 2 2 417 66 71                 0
9 0.64286 2 2 321 21 30                 0
1 0.64151 7 13 530 40 41                1
13 0.63843 5 1 405 61 74                0
73 0.63843 5 1 405 1 74                 0
53 0.63843 1 1 370 1 54                 0
1 0.6383 7 11 513 6 7                   1
5 0.63684 1 1 101 3 8                   0
2 0.63636 6 6 291 2 4                   1
2 0.63636 6 6 238 1 3                   1
2 0.63542 2 2 169 3 5                   1
1 0.63415 5 7 515 3 4                   1
1 0.63415 3 7 489 4 5                   1
1 0.63415 7 9 425 85 86                 1
17 0.63415 7 9 425 68 85                0
19 0.63415 7 9 425 67 86                0
1 0.63415 7 9 425 67 68                 1
21 0.63415 1 1 400 46 67                0
3 0.63415 1 1 387 64 67                 1
3 0.63415 1 1 381 67 70                 1
25 0.63415 1 1 381 32 57                0
3 0.63415 1 1 363 65 68                 1
25 0.63415 1 1 363 30 55                0
3 0.63415 1 1 355 67 70                 1
25 0.63415 1 1 355 32 57                0
3 0.63415 1 1 331 66 69                 1
25 0.63415 1 1 331 31 56                0
7 0.63415 1 1 249 6 13                  0
7 0.63415 1 1 233 5 12                  0
42 0.63399 0 12 425 66 108              0
1 0.63158 8 10 417 43 44                1
1 0.63158 6 8 417 40 41                 1
1 0.63158 6 8 417 37 38                 1
1 0.63158 8 10 417 34 35                1
58 0.62891 0 12 530 8 66                0
1 0.62857 1 1 533 4 5                   1
1 0.62857 1 1 532 3 4                   1
1 0.62857 1 1 531 3 4                   1
1 0.62857 1 1 517 4 5                   1
1 0.62857 1 1 512 3 4                   1
1 0.62857 7 7 509 22 23                 1
1 0.62857 1 1 507 3 4                   1
1 0.62857 1 1 493 4 5                   1
1 0.62857 1 1 485 3 4                   1
1 0.62857 1 1 478 3 4                   1
1 0.62857 1 1 458 4 5                   1
1 0.62857 1 1 448 3 4                   1
1 0.62857 1 1 438 3 4                   1
1 0.62857 7 9 418 49 50                 1
1 0.62857 7 9 415 31 32                 1
1 0.62857 1 1 406 4 5                   1
1 0.62857 1 1 382 3 4                   1
1 0.62857 1 1 358 3 4                   1
1 0.62857 1 1 273 3 4                   1
1 0.62857 1 1 238 3 4                   1
2 0.62682 4 4 515 28 30                 1
62 0.62649 2 4 405 72 134               0
152 0.62649 2 6 370 3 155               0
116 0.62649 6 6 370 3 119               0
54 0.62649 2 6 357 83 137               0
88 0.62649 2 6 357 49 137               0
98 0.62649 2 4 357 2 100                0
54 0.62649 2 6 328 52 106               0
88 0.62649 2 6 328 18 106               0
13 0.62644 2 2 418 16 29                0
2 0.625 4 4 509 41 43                   1
78 0.625 0 4 425 52 130                 0
8 0.625 0 4 425 46 54                   0
2 0.625 4 4 168 4 6                     1
2 0.625 4 4 164 2 4                     1
2 0.625 4 4 163 4 6                     1
2 0.625 4 4 162 2 4                     1
2 0.625 4 4 160 2 4                     1
2 0.625 4 4 154 2 4                     1
2 0.625 4 4 147 6 8                     1
2 0.625 4 4 133 2 4                     1
2 0.625 4 4 68 3 5                      1
2 0.625 4 4 25 2 4                      1
2 0.625 4 4 12 1 3                      1
2 0.62366 2 4 166 4 6                   1
2 0.62366 2 4 137 4 6                   1
2 0.62366 2 4 72 1 3                    1
2 0.62366 2 4 71 3 5                    1
47 0.62258 1 1 405 138 185              0
53 0.62258 1 1 405 132 185              0
87 0.62258 1 1 405 74 161               0
77 0.62258 1 1 405 74 151               0
53 0.62258 1 1 370 116 169              0
91 0.62258 1 1 370 54 145               0
81 0.62258 1 1 370 54 135               0
119 0.62258 1 1 370 50 169              0
105 0.62258 1 1 370 11 116              0
39 0.62258 1 1 370 11 50                0
39 0.62258 1 1 357 112 151              0
47 0.62258 1 1 357 104 151              0
53 0.62258 1 1 357 98 151               0
39 0.62258 1 1 357 88 127               0
29 0.62258 1 1 357 88 117               0
45 0.62258 1 1 357 82 127               0
35 0.62258 1 1 357 82 117               0
55 0.62258 1 1 357 72 127               0
45 0.62258 1 1 357 72 117               0
65 0.62258 1 1 357 62 127               0
55 0.62258 1 1 357 62 117               0
73 0.62258 1 1 357 54 127               0
63 0.62258 1 1 357 54 117               0
79 0.62258 1 1 357 48 127               0
69 0.62258 1 1 357 48 117               0
119 0.62258 1 1 357 32 151              0
111 0.62258 1 1 357 1 112               0
103 0.62258 1 1 357 1 104               0
97 0.62258 1 1 357 1 98                 0
31 0.62258 1 1 357 1 32                 0
19 0.62258 1 1 339 1 20                 0
9 0.62258 1 1 339 1 10                  0
39 0.62258 1 1 328 81 120               0
47 0.62258 1 1 328 73 120               0
53 0.62258 1 1 328 67 120               0
39 0.62258 1 1 328 57 96                0
29 0.62258 1 1 328 57 86                0
45 0.62258 1 1 328 51 96                0
35 0.62258 1 1 328 51 86                0
55 0.62258 1 1 328 41 96                0
45 0.62258 1 1 328 41 86                0
65 0.62258 1 1 328 31 96                0
55 0.62258 1 1 328 31 86                0
73 0.62258 1 1 328 23 96                0
63 0.62258 1 1 328 23 86                0
79 0.62258 1 1 328 17 96                0
69 0.62258 1 1 328 17 86                0
119 0.62258 1 1 328 1 120               0
3 0.62222 1 1 465 99 102                1
1 0.62222 1 5 170 2 3                   1
1 0.62222 1 5 156 6 7                   1
1 0.62222 1 5 153 4 5                   1
1 0.62222 1 5 151 6 7                   1
1 0.62222 1 5 144 8 9                   1
1 0.62222 1 5 143 6 7                   1
1 0.62222 1 5 65 5 6                    1
26 0.62162 2 2 465 80 106               0
26 0.62162 2 2 405 44 70                0
20 0.62162 2 2 405 44 64                0
40 0.62162 2 2 405 30 70                0
34 0.62162 2 2 405 30 64                0
6 0.62088 0 14 530 19 25                0
10 0.62088 0 14 530 17 27               0
14 0.62088 0 14 530 15 29               0
1 0.62069 7 7 508 52 53                 1
1 0.62069 7 7 492 30 31                 1
1 0.62069 7 7 489 7 8                   1
1 0.62069 5 5 483 17 18                 1
1 0.62069 5 5 465 121 122               1
1 0.62069 5 7 429 6 7                   1
1 0.62069 7 7 397 53 54                 1
1 0.62069 5 5 395 1 2                   1
1 0.62069 5 5 390 1 2                   1
1 0.62069 5 7 374 9 10                  1
1 0.62069 5 5 367 1 2                   1
1 0.62069 3 3 352 1 2                   1
1 0.62069 7 7 349 54 55                 1
1 0.62069 3 5 326 4 5                   1
6 0.61935 0 6 465 22 28                 0
1 0.61929 1 5 157 7 8                   1
3 0.61929 3 5 157 5 8                   1
1 0.61929 1 5 145 9 10                  1
3 0.61929 3 5 145 7 10                  1
1 0.61905 2 2 510 55 56                 1
1 0.61905 2 2 475 19 20                 1
1 0.61905 2 2 437 34 35                 1
1 0.61905 2 2 436 28 29                 1
1 0.61905 2 2 427 29 30                 1
1 0.61905 2 2 425 276 277               1
1 0.61905 2 2 419 18 19                 1
1 0.61905 2 2 418 57 58                 1
1 0.61905 2 2 417 74 75                 1
1 0.61905 2 2 415 54 55                 1
1 0.61905 2 2 398 10 11                 1
1 0.61905 2 2 384 15 16                 1
1 0.61905 2 2 346 6 7                   1
1 0.61905 2 2 327 12 13                 1
1 0.61905 2 2 321 32 33                 1
1 0.61905 2 2 269 6 7                   1
1 0.61905 2 2 254 12 13                 1
1 0.61905 2 2 222 5 6                   1
1 0.61905 2 2 203 5 6                   1
1 0.61905 2 2 193 6 7                   1
1 0.61905 2 2 186 4 5                   1
1 0.61818 7 13 530 46 47                1
1 0.61818 13 17 530 1 2                 1
6 0.61718 2 4 439 2 8                   0
117 0.61634 3 3 405 69 186              0
1 0.61538 8 8 533 2 3                   1
1 0.61538 8 12 530 53 54                1
1 0.61538 8 12 530 42 43                1
1 0.61538 8 8 517 2 3                   1
1 0.61538 4 4 504 20 21                 1
2 0.61538 4 4 504 19 21                 1
1 0.61538 8 8 493 2 3                   1
1 0.61538 8 8 458 2 3                   1
1 0.61538 8 8 406 2 3                   1
2 0.61538 8 8 406 1 3                   1
26 0.61497 0 4 405 112 138              0
20 0.61497 0 4 405 112 132              0
28 0.61497 0 4 405 111 139              0
20 0.61497 0 4 405 111 131              0
46 0.61497 0 4 405 92 138               0
40 0.61497 0 4 405 92 132               0
48 0.61497 0 4 405 91 139               0
40 0.61497 0 4 405 91 131               0
82 0.61497 0 4 405 78 160               0
84 0.61497 0 4 405 77 161               0
74 0.61497 0 4 405 77 151               0
20 0.61497 6 4 370 96 116               0
20 0.61497 6 4 370 95 115               0
40 0.61497 6 4 370 76 116               0
40 0.61497 6 4 370 75 115               0
46 0.61497 6 4 370 50 96                0
26 0.61497 6 4 370 50 76                0
46 0.61497 6 4 370 49 95                0
26 0.61497 6 4 370 49 75                0
88 0.61497 0 4 370 28 116               0
22 0.61497 0 4 370 28 50                0
88 0.61497 0 4 370 27 115               0
22 0.61497 0 4 370 27 49                0
116 0.61497 0 4 370 26 142              0
22 0.61497 0 4 370 26 48                0
34 0.61497 0 4 357 78 112               0
26 0.61497 0 4 357 78 104               0
20 0.61497 0 4 357 78 98                0
34 0.61497 0 4 357 77 111               0
28 0.61497 0 4 357 77 105               0
20 0.61497 0 4 357 77 97                0
54 0.61497 0 4 357 58 112               0
46 0.61497 0 4 357 58 104               0
40 0.61497 0 4 357 58 98                0
54 0.61497 0 4 357 57 111               0
48 0.61497 0 4 357 57 105               0
40 0.61497 0 4 357 57 97                0
46 0.61497 0 4 357 32 78                0
26 0.61497 0 4 357 32 58                0
46 0.61497 0 4 357 31 77                0
26 0.61497 0 4 357 31 57                0
98 0.61497 0 4 357 12 110               0
18 0.61497 0 4 357 12 30                0
34 0.61497 0 4 328 47 81                0
26 0.61497 0 4 328 47 73                0
20 0.61497 0 4 328 47 67                0
34 0.61497 0 4 328 46 80                0
28 0.61497 0 4 328 46 74                0
20 0.61497 0 4 328 46 66                0
54 0.61497 0 4 328 27 81                0
46 0.61497 0 4 328 27 73                0
40 0.61497 0 4 328 27 67                0
54 0.61497 0 4 328 26 80                0
48 0.61497 0 4 328 26 74                0
40 0.61497 0 4 328 26 66                0
46 0.61497 0 4 328 1 47                 0
26 0.61497 0 4 328 1 27                 0
20 0.61476 0 14 476 5 25                0
56 0.61345 0 12 530 9 65                0
2 0.61266 2 4 436 9 11                  1
1 0.61224 9 11 516 4 5                  1
2 0.61111 6 8 509 21 23                 1
14 0.61003 4 4 425 15 29                0
44 0.61003 0 4 357 6 50                 0
97 0.60909 3 3 405 49 146               0
115 0.60909 3 3 405 46 161              0
105 0.60909 3 3 405 46 151              0
95 0.60909 3 3 405 43 138               0
89 0.60909 3 3 405 43 132               0
111 0.60909 3 3 405 35 146              0
129 0.60909 3 3 405 32 161              0
119 0.60909 3 3 405 32 151              0
109 0.60909 3 3 405 29 138              0
103 0.60909 3 3 405 29 132              0
139 0.60909 3 3 405 22 161              0
129 0.60909 3 3 405 22 151              0
127 0.60909 3 3 405 19 146              0
1 0.6087 7 7 532 2 3                    1
1 0.6087 7 7 531 2 3                    1
1 0.6087 7 7 512 2 3                    1
1 0.6087 7 7 507 2 3                    1
1 0.6087 7 7 485 2 3                    1
1 0.6087 5 5 480 10 11                  1
1 0.6087 7 7 478 2 3                    1
1 0.6087 7 5 476 52 53                  1
1 0.6087 5 5 473 13 14                  1
1 0.6087 7 7 455 2 3                    1
1 0.6087 7 7 448 2 3                    1
1 0.6087 7 5 440 16 17                  1
1 0.6087 7 7 438 2 3                    1
1 0.6087 5 5 421 45 46                  1
1 0.6087 5 5 394 12 13                  1
1 0.6087 5 5 385 11 12                  1
1 0.6087 7 7 382 2 3                    1
1 0.6087 5 5 371 22 23                  1
1 0.6087 7 5 369 12 13                  1
1 0.6087 7 7 358 2 3                    1
1 0.6087 7 5 332 11 12                  1
1 0.6087 5 5 326 7 8                    1
1 0.6087 7 7 296 1 2                    1
1 0.6087 7 7 290 1 2                    1
1 0.6087 5 5 288 9 10                   1
1 0.6087 7 7 282 1 2                    1
1 0.6087 7 7 278 1 2                    1
1 0.6087 5 5 277 6 7                    1
1 0.6087 7 5 276 9 10                   1
1 0.6087 5 5 274 11 12                  1
1 0.6087 7 7 273 2 3                    1
1 0.6087 7 7 264 1 2                    1
1 0.6087 5 5 259 2 3                    1
1 0.6087 7 7 250 1 2                    1
1 0.6087 7 7 238 2 3                    1
1 0.6087 5 5 228 1 2                    1
1 0.6087 5 5 224 1 2                    1
1 0.6087 5 5 216 1 2                    1
1 0.6087 5 5 210 1 2                    1
1 0.6087 3 3 196 1 2                    1
1 0.6087 3 3 180 3 4                    1
1 0.6087 5 5 121 4 5                    1
1 0.6087 3 3 76 2 3                     1
5 0.60839 2 2 510 48 53                 0
5 0.60839 2 2 425 269 274               0
5 0.60839 2 2 419 11 16                 0
11 0.60839 2 2 419 5 16                 0
7 0.60829 3 3 479 16 23                 0
3 0.60731 1 1 465 94 97                 1
8 0.6063 0 14 530 18 26                 0
12 0.6063 0 14 530 16 28                0
16 0.6063 0 14 530 14 30                0
2 0.6063 2 4 439 4 6                    1
1 0.60513 2 6 320 13 14                 1
1 0.60465 9 13 477 1 2                  1
1 0.60465 11 13 467 1 2                 1
1 0.60465 9 13 465 26 27                1
1 0.60465 11 13 465 23 24               1
1 0.60465 9 13 465 3 4                  1
1 0.60465 9 13 425 56 57                1
1 0.60465 9 11 402 7 8                  1
5 0.6045 1 1 428 21 26                  0
5 0.6045 1 1 423 56 61                  0
5 0.6045 3 1 405 218 223                0
5 0.6045 1 1 370 202 207                0
5 0.6045 1 1 364 71 76                  0
5 0.6045 1 1 357 184 189                0
5 0.6045 3 1 351 18 23                  0
5 0.6045 1 1 339 77 82                  0
5 0.6045 1 1 328 153 158                0
7 0.6045 3 1 285 23 30                  0
7 0.6045 3 1 266 12 19                  0
5 0.6045 1 1 254 4 9                    0
7 0.6045 3 1 244 10 17                  0
7 0.6045 3 1 234 7 14                   0
3 0.60417 1 3 305 32 35                 1
20 0.60372 4 2 405 54 74                0
34 0.60372 4 2 405 40 74                0
50 0.60372 4 2 405 24 74                0
58 0.60372 4 2 405 16 74                0
66 0.60372 4 2 405 8 74                 0
35 0.60348 1 1 355 2 37                 0
72 0.60294 0 4 425 66 138               0
54 0.60294 0 4 425 66 120               0
36 0.60294 0 4 425 66 102               0
76 0.60294 0 4 425 53 129               0
58 0.60294 0 4 425 53 111               0
1 0.60239 3 5 480 2 3                   1
21 0.6022 3 3 465 51 72                 0
2 0.60204 2 4 513 10 12                 1
2 0.60204 2 4 513 8 10                  1
3 0.60004 1 1 402 14 17                 1
1 0.6 2 2 530 145 146                   1
1 0.6 6 6 529 2 3                       1
1 0.6 10 12 528 9 10                    1
1 0.6 6 6 527 2 3                       1
2 0.6 6 8 508 29 31                     1
1 0.6 6 6 505 2 3                       1
1 0.6 6 6 503 2 3                       1
1 0.6 6 8 487 5 6                       1
1 0.6 6 8 476 21 22                     1
1 0.6 8 8 476 16 17                     1
1 0.6 6 6 474 2 3                       1
1 0.6 6 6 470 2 3                       1
2 0.6 6 8 467 112 114                   1
1 0.6 8 10 467 63 64                    1
1 0.6 6 6 454 47 48                     1
1 0.6 6 6 446 4 5                       1
1 0.6 6 4 444 8 9                       1
1 0.6 6 6 431 2 3                       1
1 0.6 6 10 425 6 7                      1
1 0.6 6 6 424 2 3                       1
1 0.6 6 6 377 4 5                       1
1 0.6 6 6 376 4 5                       1
1 0.6 6 6 375 4 5                       1
1 0.6 2 2 347 13 14                     1
1 0.6 2 2 346 7 8                       1
1 0.6 6 6 344 2 3                       1
1 0.6 6 6 330 2 3                       1
1 0.6 6 6 307 4 5                       1
2 0.6 6 6 307 3 5                       1
1 0.6 6 6 284 13 14                     1
2 0.6 6 6 227 2 4                       1
1 0.6 6 6 223 12 13                     1
1 0.6 2 2 220 6 7                       1
1 0.6 6 6 219 2 3                       1
1 0.6 4 4 205 5 6                       1
1 0.6 6 6 200 2 3                       1
2 0.6 6 6 200 1 3                       1
1 0.6 4 4 188 4 5                       1
1 0.6 6 6 169 6 7                       1
1 0.6 6 6 161 4 5                       1
1 0.6 4 4 51 4 5                        1
181 0.59876 3 3 405 4 185               0
4 0.59664 4 4 320 9 13                  1
1 0.59649 11 15 530 63 64               1
158 0.59615 2 2 370 11 169              0
150 0.59615 2 2 357 1 151               0
1 0.59596 2 4 415 55 56                 1
1 0.59596 2 4 327 13 14                 1
2 0.59578 2 10 516 20 22                1
2 0.59578 2 10 492 6 8                  1
1 0.59561 8 12 530 6 7                  1
1 0.595 1 5 166 5 6                     1
1 0.595 1 5 137 5 6                     1
1 0.595 1 5 72 2 3                      1
1 0.595 1 5 71 4 5                      1
1 0.59459 3 7 515 13 14                 1
1 0.59459 5 9 514 3 4                   1
1 0.59459 5 7 509 21 22                 1
1 0.59459 5 7 488 14 15                 1
1 0.59459 5 7 481 2 3                   1
1 0.59459 3 7 476 40 41                 1
1 0.59459 7 11 453 1 2                  1
1 0.59459 3 7 451 2 3                   1
1 0.59459 5 7 442 3 4                   1
1 0.59459 7 9 425 219 220               1
1 0.59459 11 11 425 216 217             1
1 0.59459 7 9 425 213 214               1
1 0.59459 7 9 425 210 211               1
11 0.59459 11 11 425 205 216            0
13 0.59459 11 11 425 204 217            0
1 0.59459 11 11 425 204 205             1
1 0.59459 7 9 425 201 202               1
1 0.59459 7 11 425 191 192              1
1 0.59459 7 11 425 178 179              1
1 0.59459 7 11 425 172 173              1
1 0.59459 7 11 425 169 170              1
1 0.59459 5 9 425 139 140               1
1 0.59459 5 9 425 136 137               1
1 0.59459 5 9 425 118 119               1
29 0.59459 5 9 425 110 139              0
31 0.59459 5 9 425 109 140              0
1 0.59459 5 9 425 109 110               1
15 0.59459 5 9 425 104 119              0
15 0.59459 5 9 425 103 118              0
1 0.59459 5 9 425 103 104               1
1 0.59459 7 9 425 94 95                 1
1 0.59459 7 9 425 91 92                 1
1 0.59459 7 9 423 24 25                 1
1 0.59459 13 11 418 15 16               1
1 0.59459 9 11 418 12 13                1
1 0.59459 9 11 418 5 6                  1
1 0.59459 5 9 417 53 54                 1
1 0.59459 5 9 400 6 7                   1
1 0.59459 7 11 370 45 46                1
1 0.59459 5 9 370 42 43                 1
1 0.59459 7 9 370 33 34                 1
1 0.59459 7 9 370 29 30                 1
1 0.59459 5 9 370 24 25                 1
1 0.59459 7 11 370 19 20                1
1 0.59459 7 11 357 27 28                1
1 0.59459 7 9 357 24 25                 1
1 0.59459 9 9 357 15 16                 1
1 0.59459 5 9 357 13 14                 1
1 0.59459 3 9 348 4 5                   1
68 0.59451 4 2 405 70 138               0
62 0.59451 4 2 405 70 132               0
74 0.59451 4 2 405 64 138               0
68 0.59451 4 2 405 64 132               0
100 0.59451 4 2 405 61 161              0
90 0.59451 4 2 405 61 151               0
134 0.59451 2 2 405 12 146              0
160 0.59451 4 2 405 1 161               0
150 0.59451 4 2 405 1 151               0
144 0.59451 2 2 370 1 145               0
134 0.59451 2 2 370 1 135               0
4 0.5942 2 2 465 56 60                  1
65 0.59371 3 5 405 69 134               0
1 0.59229 3 3 403 1 2                   1
1 0.59229 3 3 359 1 2                   1
1 0.59129 1 5 167 6 7                   1
3 0.59129 3 5 167 4 7                   1
1 0.59129 1 5 157 8 9                   1
1 0.59129 1 5 145 10 11                 1
6 0.59091 2 4 530 25 31                 0
6 0.59091 2 4 530 13 19                 0
18 0.59055 0 14 530 13 31               0
2 0.59003 0 14 476 19 21                1
4 0.58974 2 2 465 98 102                1
4 0.58974 2 2 465 96 100                1
68 0.58863 6 12 370 28 96               0
48 0.58863 6 12 370 28 76               0
68 0.58863 6 12 370 27 95               0
48 0.58863 6 12 370 27 75               0
13 0.58856 1 1 415 33 46                0
1 0.58824 9 15 530 51 52                1
1 0.58824 5 5 526 2 3                   1
1 0.58824 5 5 525 2 3                   1
1 0.58824 3 3 515 32 33                 1
1 0.58824 3 3 510 57 58                 1
1 0.58824 6 8 510 24 25                 1
1 0.58824 6 8 510 21 22                 1
1 0.58824 5 5 509 42 43                 1
1 0.58824 4 8 506 24 25                 1
1 0.58824 5 5 502 2 3                   1
1 0.58824 5 5 501 2 3                   1
1 0.58824 5 5 491 10 11                 1
1 0.58824 5 5 490 45 46                 1
1 0.58824 6 8 487 21 22                 1
1 0.58824 3 5 483 19 20                 1
1 0.58824 5 5 481 32 33                 1
1 0.58824 10 10 481 11 12               1
1 0.58824 6 10 479 11 12                1
1 0.58824 10 10 479 5 6                 1
1 0.58824 8 6 475 4 5                   1
1 0.58824 4 6 472 2 3                   1
1 0.58824 5 5 471 43 44                 1
1 0.58824 6 8 471 11 12                 1
1 0.58824 6 8 471 4 5                   1
1 0.58824 5 5 469 2 3                   1
1 0.58824 5 5 468 2 3                   1
1 0.58824 5 5 467 144 145               1
1 0.58824 5 5 449 9 10                  1
1 0.58824 2 6 442 5 6                   1
1 0.58824 6 8 434 8 9                   1
1 0.58824 5 5 432 63 64                 1
1 0.58824 8 10 432 25 26                1
1 0.58824 10 10 428 4 5                 1
1 0.58824 3 3 425 278 279               1
1 0.58824 6 8 425 245 246               1
1 0.58824 6 8 425 242 243               1
1 0.58824 5 5 420 2 3                   1
1 0.58824 3 3 419 20 21                 1
1 0.58824 5 5 416 2 3                   1
1 0.58824 3 3 415 57 58                 1
1 0.58824 10 10 405 202 203             1
1 0.58824 6 8 405 199 200               1
1 0.58824 5 5 403 3 4                   1
1 0.58824 12 10 400 38 39               1
1 0.58824 8 8 400 35 36                 1
1 0.58824 5 5 399 85 86                 1
1 0.58824 6 10 399 37 38                1
1 0.58824 3 3 398 12 13                 1
1 0.58824 5 5 396 5 6                   1
1 0.58824 4 8 387 26 27                 1
1 0.58824 6 10 387 23 24                1
1 0.58824 6 8 386 22 23                 1
1 0.58824 8 8 383 18 19                 1
1 0.58824 4 8 381 20 21                 1
1 0.58824 6 10 381 17 18                1
3 0.58824 1 3 379 3 6                   1
1 0.58824 3 3 373 6 7                   1
1 0.58824 10 10 370 186 187             1
1 0.58824 6 8 370 183 184               1
1 0.58824 4 6 368 13 14                 1
1 0.58824 5 5 366 16 17                 1
1 0.58824 12 10 364 55 56               1
1 0.58824 6 8 364 52 53                 1
1 0.58824 4 8 363 18 19                 1
1 0.58824 6 10 363 15 16                1
1 0.58824 5 5 360 51 52                 1
1 0.58824 6 8 360 29 30                 1
1 0.58824 6 10 360 23 24                1
1 0.58824 12 10 357 168 169             1
1 0.58824 6 8 357 165 166               1
1 0.58824 4 8 355 20 21                 1
1 0.58824 6 10 355 17 18                1
1 0.58824 3 3 354 7 8                   1
1 0.58824 3 3 350 7 8                   1
1 0.58824 5 5 348 64 65                 1
1 0.58824 5 5 345 26 27                 1
1 0.58824 5 5 342 4 5                   1
1 0.58824 10 10 339 61 62               1
1 0.58824 6 8 339 58 59                 1
1 0.58824 3 3 337 9 10                  1
1 0.58824 6 8 335 21 22                 1
1 0.58824 5 5 334 52 53                 1
1 0.58824 6 8 334 30 31                 1
1 0.58824 6 10 334 24 25                1
1 0.58824 4 8 331 19 20                 1
1 0.58824 6 10 331 16 17                1
1 0.58824 12 10 328 137 138             1
1 0.58824 6 8 328 134 135               1
1 0.58824 3 3 327 15 16                 1
1 0.58824 5 5 324 2 3                   1
1 0.58824 8 8 323 21 22                 1
1 0.58824 5 5 318 2 3                   1
1 0.58824 5 5 306 3 4                   1
1 0.58824 6 8 305 71 72                 1
1 0.58824 4 8 305 59 60                 1
1 0.58824 6 8 305 50 51                 1
1 0.58824 6 8 305 41 42                 1
2 0.58824 2 6 305 40 42                 1
1 0.58824 6 8 305 40 41                 1
1 0.58824 6 8 305 35 36                 1
1 0.58824 6 10 305 26 27                1
1 0.58824 6 10 305 23 24                1
1 0.58824 6 8 305 14 15                 1
11 0.58824 6 10 305 12 23               0
13 0.58824 6 10 305 11 24               0
1 0.58824 6 10 305 11 12                1
1 0.58824 5 5 303 5 6                   1
1 0.58824 5 5 301 3 4                   1
1 0.58824 4 8 300 14 15                 1
1 0.58824 8 8 299 28 29                 1
1 0.58824 8 8 299 6 7                   1
1 0.58824 5 5 294 5 6                   1
1 0.58824 6 8 289 42 43                 1
1 0.58824 6 8 289 21 22                 1
1 0.58824 6 8 289 12 13                 1
2 0.58824 2 6 289 11 13                 1
1 0.58824 6 8 289 11 12                 1
1 0.58824 6 8 289 6 7                   1
1 0.58824 6 8 287 42 43                 1
1 0.58824 6 8 287 21 22                 1
1 0.58824 6 8 287 12 13                 1
2 0.58824 2 6 287 11 13                 1
1 0.58824 6 8 287 11 12                 1
1 0.58824 6 8 287 6 7                   1
1 0.58824 6 8 285 21 22                 1
1 0.58824 6 8 285 18 19                 1
1 0.58824 5 5 283 3 4                   1
1 0.58824 5 5 272 4 5                   1
1 0.58824 5 5 271 6 7                   1
1 0.58824 1 3 269 9 10                  1
1 0.58824 6 8 266 10 11                 1
1 0.58824 8 10 265 13 14                1
1 0.58824 6 8 265 5 6                   1
1 0.58824 5 5 258 4 5                   1
1 0.58824 5 5 256 4 5                   1
1 0.58824 5 5 245 11 12                 1
1 0.58824 6 8 244 8 9                   1
1 0.58824 8 10 242 11 12                1
1 0.58824 6 8 242 3 4                   1
1 0.58824 6 8 235 3 4                   1
2 0.58824 8 10 235 2 4                  1
1 0.58824 4 8 235 2 3                   1
1 0.58824 8 8 234 5 6                   1
1 0.58824 6 8 234 2 3                   1
1 0.58824 6 8 231 41 42                 1
1 0.58824 6 8 231 20 21                 1
1 0.58824 6 8 231 11 12                 1
2 0.58824 2 6 231 10 12                 1
1 0.58824 6 8 231 10 11                 1
1 0.58824 6 8 231 5 6                   1
1 0.58824 5 5 229 4 5                   1
1 0.58824 3 3 221 5 6                   1
1 0.58824 5 5 218 17 18                 1
1 0.58824 5 5 212 3 4                   1
1 0.58824 5 5 211 3 4                   1
1 0.58824 5 5 209 10 11                 1
1 0.58824 5 5 206 15 16                 1
1 0.58824 1 3 203 8 9                   1
1 0.58824 5 5 198 11 12                 1
1 0.58824 3 3 193 8 9                   1
1 0.58824 5 5 191 2 3                   1
1 0.58824 1 3 186 7 8                   1
1 0.58824 5 5 183 16 17                 1
1 0.58824 5 5 182 2 3                   1
1 0.58824 5 5 168 5 6                   1
1 0.58824 5 5 163 5 6                   1
1 0.58824 5 5 162 3 4                   1
1 0.58824 5 5 160 3 4                   1
1 0.58824 3 3 152 2 3                   1
1 0.58824 5 5 147 7 8                   1
1 0.58824 3 3 140 2 3                   1
1 0.58824 3 3 134 2 3                   1
1 0.58824 5 5 133 3 4                   1
1 0.58824 3 3 130 2 3                   1
1 0.58824 3 3 126 2 3                   1
1 0.58824 5 5 119 10 11                 1
1 0.58824 5 5 114 8 9                   1
1 0.58824 3 3 112 2 3                   1
1 0.58824 3 3 107 4 5                   1
1 0.58824 5 5 106 6 7                   1
1 0.58824 3 3 93 2 3                    1
1 0.58824 5 5 90 4 5                    1
1 0.58824 3 3 82 2 3                    1
1 0.58824 3 3 81 4 5                    1
1 0.58824 5 5 68 4 5                    1
1 0.58824 3 3 47 3 4                    1
1 0.58824 5 5 24 1 2                    1
1 0.58824 5 5 22 1 2                    1
1 0.58824 5 5 21 2 3                    1
1 0.58824 5 5 18 1 2                    1
1 0.58824 3 3 15 2 3                    1
1 0.58824 5 5 12 2 3                    1
1 0.58824 3 3 10 1 2                    1
1 0.58824 3 3 8 1 2                     1
1 0.58712 3 7 530 21 22                 1
5 0.58696 1 1 102 4 9                   0
5 0.58696 1 1 83 2 7                    0
3 0.58678 1 1 465 100 103               1
3 0.58678 1 1 465 97 100                1
11 0.58678 1 1 399 32 43                0
3 0.58678 1 1 387 33 36                 1
19 0.58678 1 1 387 17 36                0
20 0.58665 6 6 476 3 23                 0
6 0.58623 0 16 530 59 65                0
3 0.58621 4 6 513 10 13                 1
5 0.58621 2 6 513 8 13                  0
6 0.58563 2 8 509 11 17                 0
21 0.58533 7 3 465 49 70                0
2 0.58442 2 2 509 39 41                 1
2 0.58442 2 2 456 3 5                   1
2 0.58442 2 2 404 3 5                   1
2 0.58442 2 2 163 2 4                   1
2 0.58442 2 2 147 4 6                   1
2 0.58437 2 4 440 5 7                   1
2 0.58333 2 4 482 25 27                 1
2 0.58333 2 4 457 10 12                 1
2 0.58333 2 4 443 6 8                   1
2 0.58333 2 4 365 5 7                   1
2 0.58333 8 8 358 1 3                   1
2 0.58333 2 4 333 4 6                   1
2 0.58333 2 4 305 87 89                 1
2 0.58333 2 4 299 44 46                 1
2 0.58333 2 4 292 10 12                 1
2 0.58333 2 4 289 58 60                 1
2 0.58333 2 4 287 58 60                 1
2 0.58333 6 6 259 1 3                   1
2 0.58333 2 4 231 57 59                 1
2 0.58333 2 4 181 9 11                  1
3 0.58252 1 11 357 7 10                 1
2 0.58214 2 4 506 8 10                  1
2 0.58214 2 4 506 6 8                   1
52 0.58183 0 10 425 64 116              0
1 0.58169 9 9 516 20 21                 1
1 0.58169 9 9 516 19 20                 1
1 0.58169 9 9 492 6 7                   1
4 0.58117 2 8 513 8 12                  1
2 0.58109 2 4 516 6 8                   1
1 0.58095 6 8 454 13 14                 1
1 0.58095 6 8 454 7 8                   1
1 0.58095 6 8 454 6 7                   1
1 0.58065 5 7 530 127 128               1
1 0.58065 5 7 530 121 122               1
1 0.58065 7 7 515 16 17                 1
1 0.58065 7 7 514 31 32                 1
11 0.58065 5 9 514 7 18                 0
1 0.58065 3 7 509 24 25                 1
1 0.58065 7 7 508 30 31                 1
1 0.58065 5 7 508 29 30                 1
1 0.58065 7 9 508 25 26                 1
1 0.58065 7 9 508 19 20                 1
5 0.58065 7 9 508 17 22                 0
1 0.58065 7 9 508 16 17                 1
1 0.58065 7 9 491 3 4                   1
3 0.58065 9 11 490 25 28                1
1 0.58065 7 7 487 31 32                 1
1 0.58065 5 7 487 29 30                 1
1 0.58065 7 9 482 14 15                 1
1 0.58065 7 9 482 8 9                   1
1 0.58065 5 7 467 113 114               1
1 0.58065 5 7 467 112 113               1
1 0.58065 7 9 467 108 109               1
1 0.58065 9 9 467 99 100                1
1 0.58065 7 9 467 96 97                 1
1 0.58065 5 5 465 120 121               1
1 0.58065 7 9 454 32 33                 1
1 0.58065 7 9 452 12 13                 1
1 0.58065 5 9 433 3 4                   1
1 0.58065 3 7 429 3 4                   1
1 0.58065 5 9 428 16 17                 1
1 0.58065 7 7 428 8 9                   1
1 0.58065 3 7 423 52 53                 1
1 0.58065 5 7 422 9 10                  1
1 0.58065 5 7 422 3 4                   1
1 0.58065 5 9 421 35 36                 1
1 0.58065 7 9 417 61 62                 1
1 0.58065 5 9 405 213 214               1
1 0.58065 5 7 402 30 31                 1
1 0.58065 7 9 400 25 26                 1
1 0.58065 7 7 400 19 20                 1
1 0.58065 7 9 400 16 17                 1
1 0.58065 7 9 394 1 2                   1
1 0.58065 9 9 392 1 2                   1
1 0.58065 5 9 370 197 198               1
1 0.58065 9 7 368 15 16                 1
1 0.58065 7 7 368 11 12                 1
1 0.58065 5 9 364 66 67                 1
1 0.58065 5 9 357 179 180               1
1 0.58065 5 9 356 9 10                  1
1 0.58065 5 9 350 1 2                   1
1 0.58065 7 9 348 45 46                 1
1 0.58065 5 5 347 5 6                   1
3 0.58065 5 9 347 3 6                   1
1 0.58065 5 5 346 4 5                   1
1 0.58065 5 9 339 72 73                 1
1 0.58065 5 7 329 20 21                 1
1 0.58065 5 7 329 18 19                 1
1 0.58065 5 7 329 15 16                 1
1 0.58065 5 9 328 148 149               1
1 0.58065 5 9 325 5 6                   1
1 0.58065 7 9 321 14 15                 1
1 0.58065 7 9 321 11 12                 1
1 0.58065 7 9 321 4 5                   1
1 0.58065 3 7 319 2 3                   1
1 0.58065 7 9 305 76 77                 1
1 0.58065 5 9 305 73 74                 1
1 0.58065 3 7 304 26 27                 1
1 0.58065 5 9 304 24 25                 1
1 0.58065 3 7 300 32 33                 1
1 0.58065 5 9 300 30 31                 1
1 0.58065 5 9 299 33 34                 1
1 0.58065 7 9 299 30 31                 1
1 0.58065 5 7 298 16 17                 1
1 0.58065 7 7 293 33 34                 1
1 0.58065 7 9 289 47 48                 1
1 0.58065 5 9 289 44 45                 1
1 0.58065 7 9 287 47 48                 1
1 0.58065 5 9 287 44 45                 1
1 0.58065 5 9 286 8 9                   1
1 0.58065 7 9 285 33 34                 1
1 0.58065 7 9 266 22 23                 1
1 0.58065 5 7 265 20 21                 1
1 0.58065 5 9 253 6 7                   1
1 0.58065 7 9 247 5 6                   1
1 0.58065 5 9 247 2 3                   1
1 0.58065 7 9 244 20 21                 1
1 0.58065 5 7 242 18 19                 1
1 0.58065 5 7 235 16 17                 1
1 0.58065 7 9 234 17 18                 1
1 0.58065 7 9 231 46 47                 1
1 0.58065 5 9 231 43 44                 1
1 0.58065 5 9 230 9 10                  1
1 0.58065 3 7 230 6 7                   1
1 0.58065 7 9 199 5 6                   1
1 0.58065 5 9 199 2 3                   1
1 0.58065 5 7 195 13 14                 1
1 0.58065 7 9 195 2 3                   1
15 0.57974 3 3 399 47 62                0
31 0.57929 3 5 405 46 77                0
45 0.57929 3 5 405 32 77                0
55 0.57929 3 5 405 22 77                0
5 0.57916 3 5 530 12 17                 0
5 0.57916 3 5 530 10 15                 0
2 0.57895 6 10 515 12 14                1
10 0.57895 6 8 425 206 216              0
2 0.57895 6 8 425 204 206               1
2 0.57895 4 8 357 7 9                   1
7 0.5788 2 2 467 89 96                  0
2 0.57817 2 4 439 3 5                   1
4 0.57809 2 2 465 100 104               1
2 0.57797 2 4 465 57 59                 1
1 0.57778 9 13 492 1 2                  1
1 0.57778 7 11 488 4 5                  1
1 0.57778 9 13 488 1 2                  1
1 0.57778 7 11 454 11 12                1
1 0.57778 5 11 454 9 10                 1
2 0.57719 2 4 513 9 11                  1
4 0.57688 2 2 465 93 97                 1
4 0.57688 2 2 465 91 95                 1
5 0.57665 3 5 530 26 31                 0
5 0.57665 3 5 530 13 18                 0
5 0.57665 3 5 530 11 16                 0
5 0.57665 3 5 530 9 14                  0
15 0.57625 3 3 423 41 56                0
1 0.57624 4 8 513 12 13                 1
1 0.57624 4 8 488 12 13                 1
1 0.57624 6 8 425 50 51                 1
28 0.57623 8 8 425 64 92                0
1 0.57573 3 7 477 12 13                 1
1 0.57561 1 5 167 7 8                   1
5 0.57561 1 1 101 5 10                  0
6 0.57547 2 4 465 44 50                 0
1 0.57406 3 5 465 55 56                 1
3 0.57348 1 3 402 27 30                 1
15 0.57348 1 3 298 1 16                 0
3 0.57348 1 3 265 17 20                 1
3 0.57348 1 3 242 15 18                 1
5 0.57312 2 6 516 6 11                  0
115 0.57273 5 3 405 70 185              0
121 0.57273 5 3 405 64 185              0
91 0.57273 7 5 370 15 106               0
85 0.57273 7 5 370 15 100               0
75 0.57273 7 5 370 15 90                0
65 0.57273 7 5 370 15 80                0
57 0.57273 7 5 370 15 72                0
51 0.57273 7 5 370 15 66                0
6 0.5727 2 4 465 45 51                  0
6 0.5727 2 4 465 39 45                  0
3 0.57207 1 1 465 98 101                1
3 0.57207 1 1 465 92 95                 1
13 0.57207 1 1 405 123 136              0
21 0.57207 1 1 405 115 136              0
39 0.57207 1 1 405 108 147              0
41 0.57207 1 1 405 95 136               0
47 0.57207 1 1 405 89 136               0
55 0.57207 1 1 405 81 136               0
75 0.57207 1 1 405 75 150               0
111 0.57207 3 9 405 59 170              0
3 0.57207 5 1 405 49 52                 1
13 0.57207 1 1 405 46 59                0
11 0.57207 5 1 405 38 49                0
17 0.57207 5 1 405 35 52                0
3 0.57207 5 1 405 35 38                 1
27 0.57207 1 1 405 32 59                0
145 0.57207 3 9 405 25 170              0
21 0.57207 1 1 405 25 46                0
7 0.57207 1 1 405 25 32                 0
37 0.57207 1 1 405 22 59                0
3 0.57207 1 1 405 22 25                 1
33 0.57207 5 1 405 19 52                0
19 0.57207 5 1 405 19 38                0
155 0.57207 3 9 405 15 170              0
31 0.57207 1 1 405 15 46                0
17 0.57207 1 1 405 15 32                0
7 0.57207 1 1 405 15 22                 0
39 0.57207 5 1 405 10 49                0
25 0.57207 5 1 405 10 35                0
9 0.57207 5 1 405 10 19                 0
39 0.57207 1 1 405 4 43                 0
25 0.57207 1 1 405 4 29                 0
39 0.57207 1 1 370 92 131               0
95 0.57207 1 1 370 52 147               0
65 0.57207 1 1 370 52 117               0
27 0.57207 1 1 357 89 116               0
13 0.57207 1 1 357 89 102               0
35 0.57207 1 1 357 81 116               0
21 0.57207 1 1 357 81 102               0
55 0.57207 1 1 357 74 129               0
55 0.57207 1 1 357 61 116               0
41 0.57207 1 1 357 61 102               0
61 0.57207 1 1 357 55 116               0
47 0.57207 1 1 357 55 102               0
79 0.57207 1 1 357 34 113               0
65 0.57207 1 1 357 34 99                0
7 0.57207 1 1 339 2 9                   0
27 0.57207 1 1 328 58 85                0
13 0.57207 1 1 328 58 71                0
35 0.57207 1 1 328 50 85                0
21 0.57207 1 1 328 50 71                0
55 0.57207 1 1 328 43 98                0
55 0.57207 1 1 328 30 85                0
41 0.57207 1 1 328 30 71                0
61 0.57207 1 1 328 24 85                0
47 0.57207 1 1 328 24 71                0
79 0.57207 1 1 328 3 82                 0
65 0.57207 1 1 328 3 68                 0
3 0.57207 1 9 293 8 11                  1
2 0.57173 2 10 454 6 8                  1
1 0.57143 10 12 528 8 9                 1
1 0.57143 4 4 524 2 3                   1
1 0.57143 4 4 523 2 3                   1
2 0.57143 4 4 511 15 17                 1
1 0.57143 6 8 509 33 34                 1
2 0.57143 4 4 506 32 34                 1
1 0.57143 4 4 500 2 3                   1
1 0.57143 4 4 499 2 3                   1
1 0.57143 10 12 490 6 7                 1
2 0.57143 4 4 487 46 48                 1
1 0.57143 6 8 477 10 11                 1
1 0.57143 6 12 476 13 14                1
1 0.57143 6 10 476 7 8                  1
1 0.57143 6 8 473 5 6                   1
2 0.57143 2 4 473 4 6                   1
1 0.57143 10 12 467 2 3                 1
1 0.57143 4 4 466 2 3                   1
3 0.57143 1 1 465 57 60                 1
21 0.57143 3 3 465 50 71                0
21 0.57143 3 3 465 48 69                0
1 0.57143 12 12 465 28 29               1
1 0.57143 10 12 465 25 26               1
5 0.57143 10 12 465 23 28               0
1 0.57143 12 12 465 5 6                 1
1 0.57143 10 12 465 2 3                 1
1 0.57143 4 4 464 2 3                   1
2 0.57143 10 10 458 1 3                 1
1 0.57143 4 4 456 6 7                   1
1 0.57143 6 8 454 44 45                 1
1 0.57143 4 4 442 15 16                 1
1 0.57143 4 4 441 19 20                 1
1 0.57143 6 8 436 21 22                 1
1 0.57143 6 8 436 18 19                 1
1 0.57143 8 12 436 4 5                  1
1 0.57143 4 4 434 30 31                 1
2 0.57143 4 4 433 15 17                 1
1 0.57143 4 4 430 7 8                   1
2 0.57143 4 4 430 6 8                   1
1 0.57143 8 12 425 47 48                1
1 0.57143 8 10 425 15 16                1
2 0.57143 4 4 423 66 68                 1
1 0.57143 4 4 414 2 3                   1
1 0.57143 4 4 412 2 3                   1
2 0.57143 4 4 405 228 230               1
1 0.57143 4 4 404 6 7                   1
1 0.57143 6 12 402 3 4                  1
1 0.57143 2 4 393 6 7                   1
1 0.57143 8 8 389 12 13                 1
1 0.57143 4 4 387 75 76                 1
1 0.57143 4 4 381 78 79                 1
1 0.57143 6 6 380 1 2                   1
1 0.57143 4 4 374 18 19                 1
2 0.57143 4 4 370 212 214               1
1 0.57143 8 8 368 20 21                 1
1 0.57143 4 6 365 3 4                   1
2 0.57143 4 4 364 81 83                 1
1 0.57143 4 4 363 76 77                 1
1 0.57143 6 6 361 13 14                 1
2 0.57143 6 6 361 12 14                 1
1 0.57143 4 4 359 3 4                   1
2 0.57143 4 4 357 194 196               1
1 0.57143 6 8 356 13 14                 1
1 0.57143 4 4 355 78 79                 1
1 0.57143 4 6 354 2 3                   1
1 0.57143 4 4 352 3 4                   1
2 0.57143 4 4 351 28 30                 1
1 0.57143 6 8 348 51 52                 1
2 0.57143 4 4 339 87 89                 1
1 0.57143 4 6 337 2 3                   1
1 0.57143 4 6 336 2 3                   1
1 0.57143 4 6 333 2 3                   1
1 0.57143 4 6 332 9 10                  1
5 0.57143 6 8 332 5 10                  0
1 0.57143 4 4 331 77 78                 1
2 0.57143 4 4 328 163 165               1
1 0.57143 8 8 327 6 7                   1
2 0.57143 4 4 325 16 18                 1
1 0.57143 4 4 316 2 3                   1
1 0.57143 4 4 314 2 3                   1
1 0.57143 6 8 305 82 83                 1
1 0.57143 6 8 299 39 40                 1
2 0.57143 4 4 293 47 49                 1
1 0.57143 6 8 292 5 6                   1
1 0.57143 8 8 289 53 54                 1
1 0.57143 8 8 287 53 54                 1
2 0.57143 4 4 285 48 50                 1
1 0.57143 8 8 285 39 40                 1
1 0.57143 6 8 284 10 11                 1
1 0.57143 6 8 267 5 6                   1
2 0.57143 4 4 266 37 39                 1
1 0.57143 8 8 266 28 29                 1
1 0.57143 4 4 260 3 4                   1
1 0.57143 4 4 255 3 4                   1
2 0.57143 4 4 244 35 37                 1
1 0.57143 8 8 244 26 27                 1
1 0.57143 4 4 243 6 7                   1
2 0.57143 4 4 243 5 7                   1
1 0.57143 4 4 240 3 4                   1
1 0.57143 4 4 239 20 21                 1
2 0.57143 4 6 239 13 15                 1
1 0.57143 4 8 239 13 14                 1
1 0.57143 6 8 239 12 13                 1
1 0.57143 4 4 236 3 4                   1
2 0.57143 4 4 234 32 34                 1
1 0.57143 6 8 234 23 24                 1
1 0.57143 8 8 231 52 53                 1
1 0.57143 6 8 223 9 10                  1
1 0.57143 4 4 217 21 22                 1
2 0.57143 4 6 217 14 16                 1
1 0.57143 4 8 217 14 15                 1
1 0.57143 6 8 217 13 14                 1
1 0.57143 4 4 204 19 20                 1
2 0.57143 4 6 204 12 14                 1
1 0.57143 4 8 204 12 13                 1
1 0.57143 6 8 204 11 12                 1
1 0.57143 4 4 189 4 5                   1
1 0.57143 6 8 184 3 4                   1
1 0.57143 6 8 181 4 5                   1
1 0.57143 4 4 179 2 3                   1
1 0.57143 4 4 178 5 6                   1
2 0.57143 4 4 178 4 6                   1
1 0.57143 4 4 176 2 3                   1
1 0.57143 6 6 157 9 10                  1
1 0.57143 4 4 146 6 7                   1
2 0.57143 4 4 146 5 7                   1
1 0.57143 6 6 145 11 12                 1
2 0.57143 4 4 138 3 5                   1
1 0.57143 4 4 120 9 10                  1
1 0.57143 4 4 116 7 8                   1
1 0.57143 4 4 113 3 4                   1
1 0.57143 4 4 108 5 6                   1
1 0.57143 4 4 104 3 4                   1
1 0.57143 4 4 103 7 8                   1
1 0.57143 4 4 101 16 17                 1
1 0.57143 4 4 95 3 4                    1
1 0.57143 4 4 94 3 4                    1
1 0.57143 4 4 88 3 4                    1
1 0.57143 4 4 86 5 6                    1
1 0.57143 4 4 76 5 6                    1
1 0.57143 4 4 75 10 11                  1
1 0.57143 4 4 69 3 4                    1
2 0.57143 4 4 69 2 4                    1
1 0.57143 4 4 67 3 4                    1
2 0.57143 4 4 67 2 4                    1
2 0.57143 4 4 62 2 4                    1
1 0.57143 4 4 55 3 4                    1
2 0.57143 4 4 55 2 4                    1
1 0.57143 4 4 49 8 9                    1
1 0.57143 4 4 44 6 7                    1
1 0.57143 4 4 36 4 5                    1
1 0.57143 4 4 29 4 5                    1
2 0.57143 4 4 29 3 5                    1
1 0.57143 4 4 9 2 3                     1
1 0.57143 4 4 6 2 3                     1
2 0.57143 4 4 6 1 3                     1
9 0.57071 1 5 405 161 170               0
19 0.57071 1 5 405 151 170              0
81 0.57071 5 3 405 57 138               0
75 0.57071 5 3 405 57 132               0
107 0.57071 5 3 405 54 161              0
97 0.57071 5 3 405 54 151               0
95 0.57071 3 3 405 51 146               0
121 0.57071 5 3 405 40 161              0
111 0.57071 5 3 405 40 151              0
109 0.57071 3 3 405 37 146              0
111 0.57071 5 3 405 27 138              0
105 0.57071 5 3 405 27 132              0
137 0.57071 5 3 405 24 161              0
127 0.57071 5 3 405 24 151              0
145 0.57071 5 3 405 16 161              0
135 0.57071 5 3 405 16 151              0
153 0.57071 5 3 405 8 161               0
143 0.57071 5 3 405 8 151               0
133 0.57071 5 3 405 5 138               0
127 0.57071 5 3 405 5 132               0
9 0.57071 3 5 370 145 154               0
19 0.57071 3 5 370 135 154              0
9 0.57071 1 5 364 14 23                 0
19 0.57071 1 5 364 4 23                 0
9 0.57071 1 5 357 127 136               0
19 0.57071 1 5 357 117 136              0
9 0.57071 3 5 339 20 29                 0
19 0.57071 3 5 339 10 29                0
9 0.57071 1 5 328 96 105                0
19 0.57071 1 5 328 86 105               0
1 0.57033 5 7 477 14 15                 1
1 0.56984 7 7 509 15 16                 1
1 0.56984 9 7 487 3 4                   1
1 0.56984 7 7 425 77 78                 1
17 0.56984 7 7 425 60 77                0
19 0.56984 7 7 425 59 78                0
1 0.56984 7 7 425 59 60                 1
1 0.56984 5 7 425 53 54                 1
1 0.56984 3 7 425 52 53                 1
1 0.56955 7 7 515 6 7                   1
1 0.56889 7 13 530 57 58                1
6 0.56751 2 4 465 33 39                 0
2 0.5671 2 4 506 7 9                    1
1 0.56667 1 1 455 3 4                   1
42 0.56667 4 2 405 70 112               0
22 0.56667 4 2 405 70 92                0
48 0.56667 4 2 405 64 112               0
28 0.56667 4 2 405 64 92                0
11 0.56667 3 1 293 29 40                0
29 0.56667 1 1 265 15 44                0
7 0.56667 1 1 265 15 22                 0
29 0.56667 1 1 242 13 42                0
7 0.56667 1 1 242 13 20                 0
39 0.56667 1 1 235 1 40                 0
17 0.56667 1 1 235 1 18                 0
1 0.56604 11 15 530 37 38               1
1 0.56604 9 15 530 4 5                  1
4 0.56552 2 6 506 6 10                  1
6 0.56522 6 6 530 8 14                  0
9 0.56522 2 2 516 36 45                 0
4 0.56522 4 4 515 27 31                 1
5 0.56522 2 2 514 42 47                 0
4 0.56522 4 4 513 32 36                 1
2 0.56522 8 12 490 3 5                  1
5 0.56522 2 2 488 29 34                 0
5 0.56522 2 2 482 19 24                 0
9 0.56522 2 2 477 30 39                 0
6 0.56522 2 4 465 42 48                 0
6 0.56522 2 4 465 40 46                 0
6 0.56522 2 4 465 38 44                 0
4 0.56522 4 4 329 36 40                 1
9 0.56522 2 2 321 22 31                 0
2 0.56522 4 4 269 6 8                   1
2 0.56522 4 4 203 5 7                   1
2 0.56522 4 4 186 4 6                   1
82 0.56453 6 4 405 56 138               0
76 0.56453 6 4 405 56 132               0
96 0.56453 4 4 405 50 146               0
96 0.56453 6 4 405 42 138               0
90 0.56453 6 4 405 42 132               0
110 0.56453 4 4 405 36 146              0
110 0.56453 6 4 405 28 138              0
104 0.56453 6 4 405 28 132              0
138 0.56453 6 4 405 23 161              0
128 0.56453 6 4 405 23 151              0
144 0.56453 6 4 405 17 161              0
134 0.56453 6 4 405 17 151              0
132 0.56453 6 4 405 6 138               0
126 0.56453 6 4 405 6 132               0
1 0.5641 9 11 530 80 81                 1
1 0.5641 9 9 516 24 25                  1
1 0.5641 5 9 515 12 13                  1
1 0.5641 5 9 510 3 4                    1
1 0.5641 5 7 509 19 20                  1
1 0.5641 7 9 509 12 13                  1
1 0.5641 7 9 508 12 13                  1
1 0.5641 5 7 506 12 13                  1
1 0.5641 9 11 490 17 18                 1
1 0.5641 5 11 483 3 4                   1
1 0.5641 7 9 482 4 5                    1
2 0.5641 2 4 479 25 27                  1
1 0.5641 5 11 477 4 5                   1
1 0.5641 11 9 476 3 4                   1
1 0.5641 9 11 467 65 66                 1
1 0.5641 7 11 457 1 2                   1
1 0.5641 11 9 454 26 27                 1
1 0.5641 9 9 452 6 7                    1
1 0.5641 9 11 441 5 6                   1
1 0.5641 7 11 439 13 14                 1
1 0.5641 7 11 439 10 11                 1
1 0.5641 7 11 439 7 8                   1
11 0.5641 11 11 425 206 217             0
1 0.5641 11 11 425 205 206              1
1 0.5641 9 11 425 132 133               1
1 0.5641 9 11 425 123 124               1
1 0.5641 9 11 425 113 114               1
1 0.5641 9 11 425 99 100                1
1 0.5641 9 11 425 89 90                 1
17 0.5641 9 11 425 72 89                0
19 0.5641 9 11 425 71 90                0
1 0.5641 9 11 425 71 72                 1
1 0.5641 7 9 425 64 65                  1
1 0.5641 9 11 423 4 5                   1
1 0.5641 7 11 423 3 4                   1
1 0.5641 7 11 423 2 3                   1
1 0.5641 9 11 423 1 2                   1
1 0.5641 7 11 417 12 13                 1
1 0.5641 7 11 405 68 69                 1
1 0.5641 7 11 405 65 66                 1
9 0.5641 7 11 405 62 71                 0
1 0.5641 7 11 405 62 63                 1
47 0.5641 7 11 405 13 60                0
1 0.5641 7 11 405 13 14                 1
63 0.5641 7 11 405 3 66                 0
63 0.5641 7 11 405 2 65                 0
1 0.5641 7 11 405 2 3                   1
1 0.5641 7 11 370 39 40                 1
1 0.5641 7 11 370 36 37                 1
1 0.5641 9 11 361 2 3                   1
1 0.5641 5 11 357 21 22                 1
1 0.5641 9 11 357 18 19                 1
1 0.5641 5 9 357 7 8                    1
1 0.5641 5 9 357 4 5                    1
18 0.5641 2 2 265 1 19                  0
21 0.56395 3 3 465 47 68                0
1 0.56376 3 5 465 57 58                 1
1 0.56375 9 9 516 21 22                 1
1 0.56375 9 9 492 7 8                   1
6 0.56364 0 4 492 14 20                 0
6 0.56364 0 4 475 4 10                  0
2 0.56364 2 4 150 5 7                   1
2 0.56364 2 4 142 5 7                   1
2 0.56364 2 4 64 4 6                    1
2 0.56364 2 4 61 2 4                    1
2 0.56364 2 4 59 4 6                    1
2 0.56364 2 4 30 1 3                    1
2 0.56364 2 4 27 3 5                    1
2 0.5625 8 10 514 16 18                 1
2 0.5625 6 10 514 11 13                 1
12 0.5625 8 10 514 6 18                 0
2 0.5625 6 8 467 99 101                 1
2 0.5625 4 6 465 120 122                1
6 0.5625 2 2 465 97 103                 0
2 0.5625 4 6 427 3 5                    1
2 0.5625 6 8 417 60 62                  1
2 0.5625 6 8 405 146 148                1
48 0.5625 4 8 405 138 186               0
54 0.5625 4 8 405 132 186               0
2 0.5625 6 6 400 12 14                  1
6 0.5625 6 8 387 34 40                  0
6 0.5625 4 8 381 37 43                  0
2 0.5625 6 8 370 130 132                1
10 0.5625 6 8 370 122 132               0
12 0.5625 6 8 370 121 133               0
54 0.5625 4 8 370 116 170               0
120 0.5625 4 8 370 50 170               0
6 0.5625 4 8 363 35 41                  0
40 0.5625 4 8 357 112 152               0
2 0.5625 4 8 357 112 114                1
48 0.5625 4 8 357 104 152               0
10 0.5625 4 8 357 104 114               0
12 0.5625 4 8 357 103 115               0
54 0.5625 4 8 357 98 152                0
16 0.5625 4 8 357 98 114                0
120 0.5625 4 8 357 32 152               0
82 0.5625 4 8 357 32 114                0
6 0.5625 4 8 355 37 43                  0
36 0.5625 4 8 355 1 37                  0
12 0.5625 8 10 349 1 13                 0
2 0.5625 4 8 347 4 6                    1
2 0.5625 4 6 347 3 5                    1
2 0.5625 4 8 340 1 3                    1
2 0.5625 6 8 339 5 7                    1
2 0.5625 4 8 335 1 3                    1
6 0.5625 4 8 331 36 42                  0
40 0.5625 4 8 328 81 121                0
2 0.5625 4 8 328 81 83                  1
48 0.5625 4 8 328 73 121                0
10 0.5625 4 8 328 73 83                 0
12 0.5625 4 8 328 72 84                 0
54 0.5625 4 8 328 67 121                0
16 0.5625 4 8 328 67 83                 0
120 0.5625 4 8 328 1 121                0
82 0.5625 4 8 328 1 83                  0
2 0.5625 6 8 327 3 5                    1
2 0.5625 6 8 323 1 3                    1
2 0.5625 2 6 305 37 39                  1
2 0.5625 6 8 298 8 10                   1
2 0.5625 2 6 289 8 10                   1
2 0.5625 2 6 287 8 10                   1
2 0.5625 6 8 235 8 10                   1
2 0.5625 2 6 231 7 9                    1
5 0.56246 1 1 101 4 9                   0
1 0.56239 2 6 492 13 14                 1
6 0.56238 2 4 465 43 49                 0
6 0.56098 2 2 465 94 100                0
2 0.56044 2 8 157 6 8                   1
2 0.56044 2 8 145 8 10                  1
1 0.56039 1 1 393 3 4                   1
1 0.56039 1 5 150 6 7                   1
1 0.56039 1 5 142 6 7                   1
1 0.56039 1 5 64 5 6                    1
1 0.56039 1 5 61 3 4                    1
1 0.56039 1 5 59 5 6                    1
1 0.56039 1 5 30 2 3                    1
1 0.56039 1 5 27 4 5                    1
24 0.56022 8 4 425 91 115               0
50 0.56022 0 4 425 65 115               0
6 0.56019 2 4 465 46 52                 0
6 0.56019 2 4 465 36 42                 0
6 0.56019 2 4 465 34 40                 0
1 0.56 7 7 530 143 144                  1
1 0.56 14 14 530 3 4                    1
1 0.56 3 3 514 48 49                    1
1 0.56 3 3 511 13 14                    1
1 0.56 3 3 506 30 31                    1
1 0.56 5 7 490 42 43                    1
1 0.56 7 7 488 35 36                    1
1 0.56 3 3 487 44 45                    1
1 0.56 7 7 482 26 27                    1
1 0.56 7 7 482 25 26                    1
1 0.56 7 7 481 29 30                    1
1 0.56 5 7 475 16 17                    1
1 0.56 7 7 472 19 20                    1
1 0.56 7 7 472 16 17                    1
1 0.56 7 7 457 11 12                    1
1 0.56 7 7 457 10 11                    1
1 0.56 7 7 454 46 47                    1
1 0.56 5 7 453 4 5                      1
1 0.56 5 7 452 28 29                    1
13 0.56 9 9 452 15 28                   0
1 0.56 7 7 451 5 6                      1
1 0.56 7 7 450 17 18                    1
1 0.56 5 7 450 14 15                    1
1 0.56 9 7 446 3 4                      1
1 0.56 3 3 444 6 7                      1
1 0.56 7 7 443 7 8                      1
1 0.56 7 7 443 6 7                      1
1 0.56 5 7 442 11 12                    1
1 0.56 3 3 433 13 14                    1
1 0.56 5 7 433 10 11                    1
1 0.56 5 7 430 3 4                      1
1 0.56 3 3 423 64 65                    1
1 0.56 3 3 422 17 18                    1
1 0.56 5 7 417 71 72                    1
1 0.56 3 3 405 226 227                  1
1 0.56 7 7 401 10 11                    1
1 0.56 5 7 398 5 6                      1
1 0.56 3 5 387 73 74                    1
1 0.56 5 7 384 12 13                    1
1 0.56 3 5 381 76 77                    1
1 0.56 5 5 377 3 4                      1
1 0.56 3 7 374 14 15                    1
1 0.56 3 3 372 5 6                      1
1 0.56 5 3 370 210 211                  1
1 0.56 5 7 366 11 12                    1
1 0.56 7 7 365 6 7                      1
1 0.56 9 7 365 5 6                      1
1 0.56 3 3 364 79 80                    1
1 0.56 3 5 363 74 75                    1
1 0.56 3 3 357 192 193                  1
1 0.56 5 5 355 76 77                    1
1 0.56 3 3 351 26 27                    1
1 0.56 3 5 350 4 5                      1
1 0.56 7 7 347 11 12                    1
1 0.56 5 7 347 10 11                    1
1 0.56 7 7 340 30 31                    1
1 0.56 7 7 340 27 28                    1
1 0.56 5 3 339 85 86                    1
1 0.56 5 7 337 6 7                      1
1 0.56 7 7 333 5 6                      1
1 0.56 9 7 333 4 5                      1
1 0.56 3 5 331 75 76                    1
1 0.56 3 3 328 161 162                  1
1 0.56 3 3 325 14 15                    1
1 0.56 3 5 322 2 3                      1
1 0.56 5 3 320 14 15                    1
1 0.56 5 7 319 7 8                      1
1 0.56 5 5 315 11 12                    1
1 0.56 3 3 305 88 89                    1
1 0.56 5 7 305 87 88                    1
1 0.56 5 7 304 38 39                    1
1 0.56 5 5 302 1 2                      1
1 0.56 5 7 300 44 45                    1
1 0.56 3 3 299 45 46                    1
1 0.56 5 7 299 44 45                    1
1 0.56 3 3 297 7 8                      1
1 0.56 3 3 293 45 46                    1
1 0.56 3 3 292 11 12                    1
1 0.56 5 7 292 10 11                    1
1 0.56 3 3 289 59 60                    1
1 0.56 5 7 289 58 59                    1
1 0.56 7 7 288 7 8                      1
1 0.56 3 3 287 59 60                    1
1 0.56 5 7 287 58 59                    1
1 0.56 5 7 286 21 22                    1
1 0.56 3 3 285 46 47                    1
1 0.56 5 7 285 43 44                    1
1 0.56 7 7 284 12 13                    1
1 0.56 3 3 281 2 3                      1
1 0.56 5 5 279 1 2                      1
1 0.56 7 7 274 9 10                     1
1 0.56 7 7 270 7 8                      1
1 0.56 3 3 267 10 11                    1
1 0.56 5 3 266 35 36                    1
1 0.56 5 7 266 32 33                    1
1 0.56 7 7 263 1 2                      1
1 0.56 5 5 262 1 2                      1
1 0.56 3 3 257 2 3                      1
1 0.56 7 7 253 17 18                    1
1 0.56 3 3 252 7 8                      1
1 0.56 5 5 251 1 2                      1
1 0.56 7 7 248 5 6                      1
1 0.56 7 7 247 12 13                    1
1 0.56 5 7 245 8 9                      1
1 0.56 5 3 244 33 34                    1
1 0.56 5 7 244 30 31                    1
1 0.56 5 5 241 1 2                      1
1 0.56 3 3 236 1 2                      1
1 0.56 3 3 234 30 31                    1
1 0.56 5 7 234 27 28                    1
1 0.56 3 3 232 4 5                      1
1 0.56 3 3 231 58 59                    1
1 0.56 5 7 231 57 58                    1
1 0.56 7 7 230 22 23                    1
1 0.56 7 7 226 1 2                      1
1 0.56 3 3 225 1 2                      1
1 0.56 7 7 223 11 12                    1
1 0.56 5 7 220 4 5                      1
1 0.56 7 7 218 14 15                    1
1 0.56 5 7 215 1 2                      1
1 0.56 3 3 214 1 2                      1
1 0.56 5 7 209 7 8                      1
1 0.56 3 3 207 8 9                      1
1 0.56 7 7 206 12 13                    1
1 0.56 3 3 201 1 2                      1
1 0.56 7 7 199 12 13                    1
1 0.56 5 7 198 8 9                      1
1 0.56 5 7 194 1 2                      1
1 0.56 3 5 192 2 3                      1
1 0.56 3 3 187 3 4                      1
1 0.56 5 7 185 3 4                      1
1 0.56 3 3 184 8 9                      1
1 0.56 7 7 183 13 14                    1
1 0.56 3 3 181 10 11                    1
1 0.56 5 7 181 9 10                     1
1 0.56 7 7 177 6 7                      1
1 0.56 5 5 170 4 5                      1
1 0.56 5 5 167 8 9                      1
1 0.56 5 5 165 2 3                      1
1 0.56 5 5 156 8 9                      1
1 0.56 5 5 155 2 3                      1
1 0.56 5 5 153 6 7                      1
1 0.56 5 5 151 8 9                      1
1 0.56 5 5 144 10 11                    1
1 0.56 5 5 143 8 9                      1
1 0.56 5 5 101 12 13                    1
1 0.56 5 5 75 6 7                       1
1 0.56 5 5 65 7 8                       1
2 0.55918 2 8 157 7 9                   1
2 0.55918 2 8 145 9 11                  1
1 0.55913 3 7 530 10 11                 1
1 0.55913 5 7 530 8 9                   1
3 0.55902 1 1 465 93 96                 1
9 0.55902 1 1 405 56 65                 0
23 0.55902 1 1 405 42 65                0
37 0.55902 1 1 405 28 65                0
37 0.55902 1 1 405 23 60                0
43 0.55902 1 1 405 17 60                0
9 0.55902 1 1 405 14 23                 0
3 0.55902 1 1 405 14 17                 1
39 0.55902 7 1 405 11 50                0
25 0.55902 7 1 405 11 36                0
59 0.55902 1 1 405 6 65                 0
53 0.55902 1 1 405 3 56                 0
39 0.55902 1 1 405 3 42                 0
25 0.55902 1 1 405 3 28                 0
3 0.55902 1 1 405 3 6                   1
1 0.55768 3 7 530 34 35                 1
6 0.55731 2 4 465 41 47                 0
3 0.55714 3 5 473 10 13                 1
73 0.55714 1 3 405 112 185              0
93 0.55714 1 3 405 92 185               0
3 0.55714 3 5 394 9 12                  1
73 0.55714 7 3 370 96 169               0
93 0.55714 7 3 370 76 169               0
85 0.55714 7 3 370 11 96                0
65 0.55714 7 3 370 11 76                0
73 0.55714 1 3 357 78 151               0
93 0.55714 1 3 357 58 151               0
77 0.55714 1 3 357 1 78                 0
57 0.55714 1 3 357 1 58                 0
73 0.55714 1 3 328 47 120               0
93 0.55714 1 3 328 27 120               0
3 0.55714 3 5 315 8 11                  1
1 0.55714 1 5 170 3 4                   1
3 0.55714 3 5 170 1 4                   1
1 0.55714 1 5 156 7 8                   1
3 0.55714 3 5 156 5 8                   1
1 0.55714 1 5 153 5 6                   1
3 0.55714 3 5 153 3 6                   1
1 0.55714 1 5 151 7 8                   1
3 0.55714 3 5 151 5 8                   1
1 0.55714 1 5 144 9 10                  1
3 0.55714 3 5 144 7 10                  1
1 0.55714 1 5 143 7 8                   1
3 0.55714 3 5 143 5 8                   1
3 0.55714 5 5 121 1 4                   1
1 0.55714 1 5 65 6 7                    1
3 0.55714 3 5 65 4 7                    1
1 0.55709 3 7 530 24 25                 1
7 0.55709 1 3 402 3 10                  0
1 0.55691 6 8 516 11 12                 1
1 0.55691 6 8 516 10 11                 1
3 0.55691 2 8 516 8 11                  1
1 0.55691 4 8 513 11 12                 1
1 0.55691 6 8 513 10 11                 1
1 0.55691 4 8 513 9 10                  1
1 0.55691 6 8 513 8 9                   1
1 0.55691 6 8 488 7 8                   1
1 0.55685 13 11 490 3 4                 1
3 0.55667 2 6 385 5 8                   1
12 0.55614 0 10 425 171 183             0
54 0.55614 0 10 425 63 117              0
1 0.55576 5 7 530 61 62                 1
1 0.55576 3 7 530 35 36                 1
1 0.55576 3 7 530 31 32                 1
1 0.55576 3 7 530 30 31                 1
1 0.55576 3 7 530 13 14                 1
1 0.55576 3 7 530 12 13                 1
1 0.55576 3 7 530 11 12                 1
1 0.55576 3 7 530 9 10                  1
2 0.55556 4 4 515 31 33                 1
2 0.55556 4 8 492 12 14                 1
3 0.55556 4 8 492 11 14                 1
1 0.55556 6 10 490 23 24                1
2 0.55556 6 6 486 19 21                 1
15 0.55556 2 2 477 22 37                0
29 0.55556 2 2 467 107 136              0
1 0.55556 6 10 454 28 29                1
1 0.55556 6 10 452 8 9                  1
2 0.55556 4 4 445 7 9                   1
2 0.55556 6 6 439 39 41                 1
1 0.55556 4 10 432 8 9                  1
2 0.55556 6 6 426 18 20                 1
1 0.55556 10 10 425 186 187             1
1 0.55556 8 8 425 164 165               1
1 0.55556 6 8 425 159 160               1
1 0.55556 6 8 425 134 135               1
1 0.55556 8 10 425 26 27                1
2 0.55556 4 4 415 56 58                 1
1 0.55556 6 10 405 180 181              1
1 0.55556 4 8 405 172 173               1
1 0.55556 6 8 405 171 172               1
1 0.55556 6 8 405 166 167               1
1 0.55556 4 8 405 165 166               1
2 0.55556 8 10 405 164 166              1
1 0.55556 10 10 405 118 119             1
1 0.55556 8 10 405 117 118              1
2 0.55556 6 8 405 107 109               1
1 0.55556 6 10 405 107 108              1
23 0.55556 6 10 405 98 121              0
7 0.55556 6 10 405 98 105               0
1 0.55556 6 10 405 97 98                1
11 0.55556 6 10 405 87 98               0
33 0.55556 10 10 405 85 118             0
35 0.55556 8 10 405 83 118              0
1 0.55556 8 10 405 72 73                1
2 0.55556 6 6 402 60 62                 1
1 0.55556 6 10 402 21 22                1
2 0.55556 6 6 400 72 74                 1
1 0.55556 4 8 400 8 9                   1
2 0.55556 6 6 386 33 35                 1
1 0.55556 6 8 386 3 4                   1
2 0.55556 6 6 383 29 31                 1
2 0.55556 0 2 379 3 5                   1
1 0.55556 4 10 370 164 165              1
1 0.55556 4 8 370 156 157               1
1 0.55556 6 8 370 155 156               1
1 0.55556 6 8 370 150 151               1
1 0.55556 4 8 370 149 150               1
2 0.55556 8 10 370 148 150              1
1 0.55556 8 10 370 102 103              1
1 0.55556 6 10 370 101 102              1
2 0.55556 4 8 370 91 93                 1
1 0.55556 6 10 370 91 92                1
23 0.55556 8 10 370 82 105              0
7 0.55556 8 10 370 82 89                0
1 0.55556 8 10 370 81 82                1
11 0.55556 8 10 370 71 82               0
33 0.55556 8 10 370 69 102              0
35 0.55556 6 10 370 67 102              0
17 0.55556 8 10 370 65 82               0
1 0.55556 8 10 370 60 61                1
1 0.55556 6 10 370 57 58                1
1 0.55556 6 10 370 52 53                1
95 0.55556 6 10 370 12 107              0
87 0.55556 6 10 370 12 99               0
86 0.55556 4 8 370 12 98                0
67 0.55556 6 10 370 12 79               0
66 0.55556 4 8 370 12 78                0
61 0.55556 6 10 370 12 73               0
1 0.55556 6 10 370 12 13                1
93 0.55556 8 10 370 10 103              0
91 0.55556 6 10 370 10 101              0
59 0.55556 8 10 370 10 69               0
57 0.55556 6 10 370 10 67               0
93 0.55556 8 10 370 9 102               0
1 0.55556 8 10 370 9 10                 1
79 0.55556 10 10 370 6 85               0
1 0.55556 6 10 370 6 7                  1
1 0.55556 6 10 370 3 4                  1
1 0.55556 8 10 368 3 4                  1
1 0.55556 4 10 364 33 34                1
1 0.55556 8 8 364 25 26                 1
1 0.55556 6 8 364 24 25                 1
1 0.55556 6 8 364 19 20                 1
1 0.55556 8 8 364 18 19                 1
2 0.55556 8 10 364 17 19                1
1 0.55556 4 10 357 146 147              1
1 0.55556 8 8 357 138 139               1
1 0.55556 6 8 357 137 138               1
1 0.55556 6 8 357 132 133               1
1 0.55556 8 8 357 131 132               1
2 0.55556 8 10 357 130 132              1
1 0.55556 10 10 357 84 85               1
1 0.55556 8 10 357 83 84                1
2 0.55556 4 8 357 73 75                 1
1 0.55556 8 10 357 73 74                1
23 0.55556 10 10 357 64 87              0
7 0.55556 10 10 357 64 71               0
1 0.55556 10 10 357 63 64               1
11 0.55556 10 10 357 53 64              0
33 0.55556 10 10 357 51 84              0
35 0.55556 8 10 357 49 84               0
17 0.55556 10 10 357 47 64              0
1 0.55556 8 10 357 42 43                1
1 0.55556 6 10 357 39 40                1
1 0.55556 6 10 357 34 35                1
35 0.55556 6 10 357 2 37                0
1 0.55556 6 10 356 2 3                  1
2 0.55556 4 4 348 63 65                 1
1 0.55556 4 10 348 23 24                1
1 0.55556 4 10 348 20 21                1
1 0.55556 8 8 348 12 13                 1
1 0.55556 6 8 348 11 12                 1
1 0.55556 6 8 348 6 7                   1
1 0.55556 4 10 339 39 40                1
1 0.55556 4 8 339 31 32                 1
1 0.55556 6 8 339 30 31                 1
1 0.55556 6 8 339 25 26                 1
1 0.55556 4 8 339 24 25                 1
2 0.55556 8 10 339 23 25                1
2 0.55556 6 6 335 32 34                 1
2 0.55556 4 4 329 40 42                 1
1 0.55556 4 10 328 115 116              1
1 0.55556 8 8 328 107 108               1
1 0.55556 6 8 328 106 107               1
1 0.55556 6 8 328 101 102               1
1 0.55556 8 8 328 100 101               1
2 0.55556 8 10 328 99 101               1
1 0.55556 10 10 328 53 54               1
1 0.55556 8 10 328 52 53                1
2 0.55556 4 8 328 42 44                 1
1 0.55556 8 10 328 42 43                1
23 0.55556 10 10 328 33 56              0
7 0.55556 10 10 328 33 40               0
1 0.55556 10 10 328 32 33               1
11 0.55556 10 10 328 22 33              0
33 0.55556 10 10 328 20 53              0
35 0.55556 8 10 328 18 53               0
17 0.55556 10 10 328 16 33              0
1 0.55556 8 10 328 11 12                1
1 0.55556 6 10 328 8 9                  1
1 0.55556 6 10 328 3 4                  1
2 0.55556 4 4 327 14 16                 1
2 0.55556 6 6 323 32 34                 1
2 0.55556 2 6 320 15 17                 1
2 0.55556 6 6 306 2 4                   1
2 0.55556 6 6 301 2 4                   1
2 0.55556 6 6 298 46 48                 1
2 0.55556 6 6 283 2 4                   1
2 0.55556 6 6 268 21 23                 1
2 0.55556 6 6 265 50 52                 1
2 0.55556 6 6 249 18 20                 1
2 0.55556 6 6 246 19 21                 1
2 0.55556 6 6 242 48 50                 1
2 0.55556 6 6 235 46 48                 1
2 0.55556 6 6 233 17 19                 1
2 0.55556 6 6 202 20 22                 1
2 0.55556 6 6 195 43 45                 1
2 0.55556 6 6 182 1 3                   1
2 0.55556 4 4 131 2 4                   1
2 0.55556 4 4 107 3 5                   1
2 0.55556 4 4 47 2 4                    1
2 0.55556 4 4 15 1 3                    1
129 0.55533 3 3 405 57 186              0
97 0.55533 5 3 405 51 148               0
111 0.55533 5 3 405 37 148              0
159 0.55533 3 3 405 27 186              0
181 0.55533 3 3 405 5 186               0
19 0.55533 1 7 387 19 38                0
2 0.55521 2 4 465 56 58                 1
17 0.55517 3 3 265 2 19                 0
5 0.55495 2 6 516 9 14                  0
1 0.55494 5 7 490 14 15                 1
1 0.55494 5 7 351 3 4                   1
1 0.55425 9 11 530 70 71                1
1 0.55425 3 7 530 29 30                 1
1 0.55425 3 7 530 28 29                 1
1 0.55425 3 7 530 27 28                 1
1 0.55425 3 7 530 26 27                 1
1 0.55425 5 7 530 25 26                 1
1 0.55425 5 7 530 18 19                 1
1 0.55425 3 7 530 17 18                 1
1 0.55425 3 7 530 16 17                 1
1 0.55425 3 7 530 15 16                 1
1 0.55425 3 7 530 14 15                 1
28 0.55422 2 4 465 78 106               0
1 0.5542 3 5 449 2 3                    1
1 0.5542 5 5 347 4 5                    1
1 0.5542 5 5 347 3 4                    1
1 0.55338 11 13 530 55 56               1
3 0.55319 9 15 516 19 22                1
1 0.55319 9 13 465 29 30                1
14 0.5528 2 4 465 8 22                  0
3 0.55278 4 4 332 7 10                  1
18 0.55275 0 8 425 165 183              0
24 0.55275 0 12 425 159 183             0
30 0.55275 0 8 425 63 93                0
2 0.55256 2 4 465 100 102               1
2 0.55231 2 4 465 55 57                 1
6 0.55231 2 4 465 47 53                 0
6 0.55231 2 4 465 37 43                 0
6 0.55231 2 4 465 35 41                 0
2 0.55204 2 4 332 6 8                   1
96 0.55182 2 6 405 74 170               0
128 0.55182 6 4 405 57 185              0
158 0.55182 6 4 405 27 185              0
180 0.55182 6 4 405 5 185               0
100 0.55182 4 6 370 54 154              0
48 0.55182 2 6 357 88 136               0
54 0.55182 2 6 357 82 136               0
64 0.55182 2 6 357 72 136               0
74 0.55182 2 6 357 62 136               0
82 0.55182 2 6 357 54 136               0
88 0.55182 2 6 357 48 136               0
28 0.55182 4 6 339 1 29                 0
48 0.55182 2 6 328 57 105               0
54 0.55182 2 6 328 51 105               0
64 0.55182 2 6 328 41 105               0
74 0.55182 2 6 328 31 105               0
82 0.55182 2 6 328 23 105               0
88 0.55182 2 6 328 17 105               0
120 0.55056 6 4 405 65 185              0
182 0.55056 6 4 405 3 185               0
2 0.5503 2 6 167 6 8                    1
1 0.55022 5 7 506 10 11                 1
1 0.55022 3 7 506 9 10                  1
1 0.55022 3 7 506 8 9                   1
1 0.55022 3 7 506 7 8                   1
1 0.55022 3 7 506 6 7                   1
1 0.55022 5 7 476 11 12                 1
1 0.55022 5 7 436 10 11                 1
2 0.55 8 10 530 79 81                   1
2 0.55 10 12 467 64 66                  1
2 0.55 8 10 426 1 3                     1
2 0.55 8 12 425 52 54                   1
2 0.55 6 12 402 15 17                   1
2 0.55 4 10 351 3 5                     1
16 0.55 2 4 265 4 20                    0
16 0.55 2 4 242 2 18                    0
94 0.54987 6 4 405 44 138               0
88 0.54987 6 4 405 44 132               0
108 0.54987 6 4 405 30 138              0
102 0.54987 6 4 405 30 132              0
2 0.54921 8 10 516 9 11                 1
3 0.54921 4 10 513 9 12                 1
5 0.54902 8 6 516 7 12                  0
1 0.54885 7 5 465 9 10                  1
7 0.54879 1 1 415 39 46                 0
3 0.54879 1 1 399 70 73                 1
45 0.54879 1 1 305 1 46                 0
3 0.54879 1 1 254 2 5                   1
3 0.54879 3 1 253 2 5                   1
1 0.54878 11 11 454 15 16               1
1 0.54835 4 6 405 134 135               1
1 0.54835 4 6 370 118 119               1
1 0.54835 4 6 357 100 101               1
1 0.54835 4 6 328 69 70                 1
5 0.54826 5 7 439 3 8                   0
2 0.54803 6 12 454 15 17                1
92 0.54747 2 2 405 71 163               0
62 0.54747 2 2 405 71 133               0
100 0.54747 2 2 405 63 163              0
70 0.54747 2 2 405 63 133               0
132 0.54747 2 2 370 2 134               0
118 0.54747 2 2 370 2 120               0
1 0.54728 10 12 530 59 60               1
3 0.54603 3 3 319 5 8                   1
1 0.54577 3 7 530 67 68                 1
1 0.54558 5 9 357 8 9                   1
1 0.54545 5 7 530 124 125               1
1 0.54545 9 9 530 100 101               1
1 0.54545 9 9 530 99 100                1
2 0.54545 2 4 516 45 47                 1
3 0.54545 8 12 516 11 14                1
2 0.54545 8 12 516 11 13                1
1 0.54545 5 9 514 17 18                 1
3 0.54545 5 11 514 15 18                1
7 0.54545 7 9 514 12 19                 0
1 0.54545 7 9 514 11 12                 1
9 0.54545 5 9 514 9 18                  0
1 0.54545 7 9 514 9 10                  1
9 0.54545 5 9 514 7 16                  0
1 0.54545 5 9 514 6 7                   1
2 0.54545 6 14 513 11 13                1
4 0.54545 6 14 513 9 13                 1
3 0.54545 6 12 513 8 11                 1
1 0.54545 7 7 510 29 30                 1
1 0.54545 3 7 510 19 20                 1
1 0.54545 5 7 510 17 18                 1
1 0.54545 5 9 510 12 13                 1
1 0.54545 5 9 510 9 10                  1
3 0.54545 5 11 510 6 9                  1
1 0.54545 5 7 504 11 12                 1
1 0.54545 6 6 491 9 10                  1
1 0.54545 6 6 490 44 45                 1
1 0.54545 11 9 490 27 28                1
1 0.54545 8 12 490 5 6                  1
2 0.54545 6 12 488 6 8                  1
1 0.54545 5 7 487 16 17                 1
1 0.54545 5 7 487 13 14                 1
1 0.54545 5 7 486 5 6                   1
1 0.54545 3 7 484 2 3                   1
1 0.54545 7 7 483 8 9                   1
1 0.54545 6 6 481 31 32                 1
1 0.54545 5 7 481 5 6                   1
1 0.54545 7 7 479 3 4                   1
2 0.54545 2 4 477 39 41                 1
1 0.54545 7 9 477 20 21                 1
2 0.54545 2 4 475 18 20                 1
1 0.54545 6 6 471 42 43                 1
1 0.54545 3 7 471 21 22                 1
1 0.54545 7 9 471 6 7                   1
1 0.54545 6 6 467 143 144               1
1 0.54545 9 9 467 100 101               1
1 0.54545 7 9 465 107 108               1
1 0.54545 11 9 454 30 31                1
1 0.54545 9 9 452 10 11                 1
1 0.54545 6 6 449 8 9                   1
1 0.54545 4 4 441 16 17                 1
1 0.54545 7 9 439 23 24                 1
2 0.54545 2 4 437 33 35                 1
1 0.54545 7 9 437 19 20                 1
1 0.54545 5 7 437 10 11                 1
1 0.54545 5 7 437 8 9                   1
1 0.54545 3 7 437 5 6                   1
1 0.54545 4 6 436 29 30                 1
3 0.54545 4 2 436 27 30                 1
2 0.54545 2 4 436 27 29                 1
1 0.54545 6 6 432 62 63                 1
1 0.54545 2 6 428 30 31                 1
3 0.54545 2 2 428 28 31                 1
2 0.54545 2 4 428 28 30                 1
2 0.54545 2 4 427 28 30                 1
1 0.54545 5 7 427 8 9                   1
1 0.54545 5 7 427 7 8                   1
1 0.54545 7 7 427 5 6                   1
3 0.54545 7 9 427 3 6                   1
1 0.54545 7 9 426 9 10                  1
1 0.54545 5 7 425 250 251               1
1 0.54545 5 7 425 240 241               1
1 0.54545 5 7 425 238 239               1
1 0.54545 5 9 425 233 234               1
1 0.54545 7 9 425 228 229               1
1 0.54545 5 9 425 194 195               1
1 0.54545 7 9 425 188 189               1
1 0.54545 5 9 425 175 176               1
9 0.54545 5 9 425 167 176               0
9 0.54545 5 9 425 166 175               0
1 0.54545 5 9 425 166 167               1
1 0.54545 7 9 425 130 131               1
1 0.54545 7 9 425 127 128               1
5 0.54545 7 9 425 125 130               0
1 0.54545 7 9 425 121 122               1
9 0.54545 7 9 425 112 121               0
1 0.54545 7 9 425 106 107               1
5 0.54545 7 9 425 101 106               0
1 0.54545 7 9 425 97 98                 1
9 0.54545 7 9 425 88 97                 0
23 0.54545 7 9 425 83 106               0
33 0.54545 7 9 425 74 107               0
27 0.54545 7 9 425 74 101               0
9 0.54545 7 9 425 74 83                 0
33 0.54545 7 9 425 73 106               0
1 0.54545 7 9 425 73 74                 1
27 0.54545 7 9 425 70 97                0
1 0.54545 4 6 418 58 59                 1
1 0.54545 9 9 418 29 30                 1
2 0.54545 2 4 417 73 75                 1
1 0.54545 5 9 417 60 61                 1
1 0.54545 9 7 405 197 198               1
1 0.54545 3 9 405 185 186               1
1 0.54545 3 9 405 182 183               1
1 0.54545 3 9 405 176 177               1
1 0.54545 7 9 405 162 163               1
1 0.54545 9 9 405 159 160               1
1 0.54545 5 9 405 158 159               1
1 0.54545 5 9 405 156 157               1
1 0.54545 7 9 405 155 156               1
1 0.54545 5 9 405 154 155               1
9 0.54545 5 9 405 152 161               0
1 0.54545 5 9 405 151 152               1
11 0.54545 5 9 405 150 161              0
1 0.54545 5 9 405 150 151               1
1 0.54545 9 9 405 146 147               1
9 0.54545 5 9 405 145 154               0
7 0.54545 7 9 405 145 152               0
1 0.54545 7 9 405 142 143               1
1 0.54545 9 9 405 141 142               1
1 0.54545 7 9 405 140 141               1
1 0.54545 9 9 405 139 140               1
25 0.54545 5 9 405 138 163              0
1 0.54545 7 9 405 136 137               1
29 0.54545 7 9 405 133 162              0
5 0.54545 5 9 405 133 138               0
31 0.54545 5 9 405 132 163              0
1 0.54545 5 9 405 132 133               1
9 0.54545 9 9 405 131 140               0
11 0.54545 7 9 405 130 141              0
9 0.54545 9 9 405 130 139               0
1 0.54545 9 9 405 130 131               1
13 0.54545 9 9 405 129 142              0
11 0.54545 7 9 405 129 140              0
1 0.54545 7 9 405 129 130               1
31 0.54545 7 9 405 127 158              0
1 0.54545 7 9 405 127 128               1
15 0.54545 7 9 405 124 139              0
7 0.54545 7 9 405 124 131               0
47 0.54545 7 9 405 113 160              0
25 0.54545 5 9 405 113 138              0
19 0.54545 5 9 405 113 132              0
29 0.54545 7 9 405 110 139              0
21 0.54545 7 9 405 110 131              0
67 0.54545 7 9 405 93 160               0
45 0.54545 5 9 405 93 138               0
39 0.54545 5 9 405 93 132               0
49 0.54545 7 9 405 90 139               0
41 0.54545 7 9 405 90 131               0
81 0.54545 7 9 405 79 160               0
59 0.54545 5 9 405 79 138               0
53 0.54545 5 9 405 79 132               0
85 0.54545 5 9 405 76 161               0
75 0.54545 5 9 405 76 151               0
69 0.54545 7 9 405 76 145               0
2 0.54545 2 4 401 12 14                 1
1 0.54545 5 9 401 1 2                   1
1 0.54545 7 7 400 33 34                 1
1 0.54545 5 7 400 31 32                 1
1 0.54545 5 7 400 13 14                 1
1 0.54545 8 6 399 84 85                 1
1 0.54545 3 7 399 41 42                 1
9 0.54545 3 7 399 33 42                 0
9 0.54545 3 9 399 32 41                 0
1 0.54545 3 9 399 32 33                 1
1 0.54545 5 9 399 28 29                 1
1 0.54545 5 9 399 19 20                 1
31 0.54545 9 11 399 14 45               0
1 0.54545 3 7 399 14 15                 1
1 0.54545 5 9 399 11 12                 1
1 0.54545 5 9 399 7 8                   1
1 0.54545 5 9 399 3 4                   1
2 0.54545 2 4 398 9 11                  1
1 0.54545 5 9 397 26 27                 1
1 0.54545 5 9 397 20 21                 1
1 0.54545 5 7 397 12 13                 1
11 0.54545 11 9 397 1 12                0
1 0.54545 4 4 388 7 8                   1
1 0.54545 5 9 388 1 2                   1
1 0.54545 5 7 387 34 35                 1
7 0.54545 3 7 387 33 40                 0
1 0.54545 3 9 387 33 34                 1
1 0.54545 3 9 387 30 31                 1
1 0.54545 5 7 387 21 22                 1
23 0.54545 3 7 387 17 40                0
17 0.54545 3 9 387 17 34                0
1 0.54545 5 9 387 15 16                 1
1 0.54545 7 9 387 12 13                 1
1 0.54545 7 9 387 3 4                   1
39 0.54545 5 9 387 1 40                 0
33 0.54545 9 11 387 1 34                0
1 0.54545 3 9 386 5 6                   1
1 0.54545 5 9 386 1 2                   1
1 0.54545 7 9 385 3 4                   1
2 0.54545 2 4 384 14 16                 1
1 0.54545 5 7 384 3 4                   1
1 0.54545 3 7 381 37 38                 1
1 0.54545 5 9 381 33 34                 1
1 0.54545 5 9 381 27 28                 1
1 0.54545 5 9 381 24 25                 1
1 0.54545 3 9 381 10 11                 1
1 0.54545 5 7 381 5 6                   1
1 0.54545 5 7 381 2 3                   1
1 0.54545 3 9 381 1 2                   1
1 0.54545 2 6 373 4 5                   1
1 0.54545 7 9 371 4 5                   1
1 0.54545 7 7 370 181 182               1
1 0.54545 5 9 370 169 170               1
1 0.54545 5 9 370 166 167               1
1 0.54545 5 9 370 160 161               1
1 0.54545 7 9 370 146 147               1
1 0.54545 7 9 370 143 144               1
1 0.54545 5 9 370 142 143               1
1 0.54545 5 9 370 140 141               1
1 0.54545 7 9 370 139 140               1
1 0.54545 7 9 370 138 139               1
9 0.54545 7 9 370 136 145               0
1 0.54545 7 9 370 135 136               1
11 0.54545 9 9 370 134 145              0
1 0.54545 9 9 370 134 135               1
1 0.54545 9 9 370 130 131               1
9 0.54545 7 9 370 129 138               0
7 0.54545 7 9 370 129 136               0
1 0.54545 7 9 370 127 128               1
1 0.54545 5 9 370 126 127               1
15 0.54545 7 9 370 125 140              0
13 0.54545 7 9 370 125 138              0
15 0.54545 7 9 370 124 139              0
5 0.54545 7 9 370 124 129               0
1 0.54545 7 9 370 124 125               1
15 0.54545 7 9 370 123 138              0
13 0.54545 7 9 370 123 136              0
1 0.54545 7 9 370 123 124               1
9 0.54545 9 9 370 122 131               0
13 0.54545 7 9 370 121 134              0
25 0.54545 9 9 370 120 145              0
15 0.54545 9 9 370 120 135              0
1 0.54545 7 9 370 120 121               1
29 0.54545 7 9 370 117 146              0
31 0.54545 7 9 370 116 147              0
1 0.54545 7 9 370 116 117               1
1 0.54545 7 9 370 114 115               1
1 0.54545 5 9 370 113 114               1
31 0.54545 5 9 370 111 142              0
1 0.54545 5 9 370 111 112               1
7 0.54545 7 9 370 108 115               0
47 0.54545 7 9 370 97 144               0
19 0.54545 5 9 370 97 116               0
21 0.54545 7 9 370 94 115               0
67 0.54545 7 9 370 77 144               0
39 0.54545 5 9 370 77 116               0
41 0.54545 7 9 370 74 115               0
93 0.54545 7 9 370 51 144               0
65 0.54545 5 9 370 51 116               0
97 0.54545 7 9 370 50 147               0
67 0.54545 7 9 370 50 117               0
47 0.54545 5 9 370 50 97                0
27 0.54545 5 9 370 50 77                0
1 0.54545 5 9 370 50 51                 1
65 0.54545 7 9 370 49 114               0
59 0.54545 7 9 370 49 108               0
45 0.54545 7 9 370 49 94                0
25 0.54545 7 9 370 49 74                0
95 0.54545 5 9 370 48 143               0
63 0.54545 5 9 370 48 111               0
93 0.54545 5 9 370 47 140               0
67 0.54545 5 9 370 44 111               0
91 0.54545 5 9 370 23 114               0
91 0.54545 5 9 370 22 113               0
1 0.54545 5 9 370 22 23                 1
1 0.54545 5 9 370 21 22                 1
159 0.54545 3 7 370 11 170              0
1 0.54545 5 9 369 2 3                   1
1 0.54545 7 7 368 9 10                  1
1 0.54545 6 6 366 15 16                 1
1 0.54545 7 7 366 3 4                   1
1 0.54545 5 9 365 1 2                   1
1 0.54545 7 7 364 50 51                 1
1 0.54545 3 9 364 38 39                 1
1 0.54545 3 9 364 35 36                 1
1 0.54545 7 9 364 15 16                 1
1 0.54545 9 9 364 12 13                 1
1 0.54545 7 9 364 11 12                 1
1 0.54545 7 9 364 9 10                  1
1 0.54545 7 9 364 8 9                   1
1 0.54545 5 9 364 7 8                   1
9 0.54545 5 9 364 5 14                  0
1 0.54545 5 9 364 4 5                   1
11 0.54545 5 9 364 3 14                 0
1 0.54545 5 9 364 3 4                   1
37 0.54545 3 9 364 1 38                 0
1 0.54545 3 7 363 35 36                 1
1 0.54545 5 9 363 31 32                 1
1 0.54545 5 9 363 25 26                 1
1 0.54545 5 9 363 22 23                 1
1 0.54545 3 9 363 8 9                   1
1 0.54545 5 7 363 3 4                   1
23 0.54545 5 9 363 2 25                 0
1 0.54545 8 6 360 50 51                 1
1 0.54545 3 7 360 21 22                 1
1 0.54545 5 9 360 12 13                 1
1 0.54545 7 9 360 3 4                   1
1 0.54545 7 7 357 163 164               1
1 0.54545 3 9 357 151 152               1
1 0.54545 3 9 357 148 149               1
1 0.54545 7 9 357 128 129               1
1 0.54545 9 9 357 125 126               1
1 0.54545 7 9 357 124 125               1
1 0.54545 7 9 357 122 123               1
1 0.54545 7 9 357 121 122               1
1 0.54545 5 9 357 120 121               1
9 0.54545 5 9 357 118 127               0
1 0.54545 5 9 357 117 118               1
11 0.54545 5 9 357 116 127              0
1 0.54545 5 9 357 116 117               1
37 0.54545 3 9 357 114 151              0
1 0.54545 5 9 357 112 113               1
9 0.54545 9 9 357 111 120               0
7 0.54545 7 9 357 111 118               0
1 0.54545 7 9 357 109 110               1
1 0.54545 5 9 357 108 109               1
15 0.54545 7 9 357 107 122              0
13 0.54545 5 9 357 107 120              0
15 0.54545 5 9 357 106 121              0
5 0.54545 9 9 357 106 111               0
1 0.54545 5 9 357 106 107               1
15 0.54545 9 9 357 105 120              0
13 0.54545 7 9 357 105 118              0
1 0.54545 9 9 357 105 106               1
9 0.54545 5 9 357 104 113               0
13 0.54545 7 9 357 103 116              0
25 0.54545 5 9 357 102 127              0
15 0.54545 5 9 357 102 117              0
1 0.54545 7 9 357 102 103               1
13 0.54545 5 9 357 99 112               0
5 0.54545 5 9 357 99 104                0
15 0.54545 5 9 357 98 113               0
1 0.54545 5 9 357 98 99                 1
23 0.54545 9 9 357 97 120               0
21 0.54545 7 9 357 97 118               0
9 0.54545 9 9 357 97 106                0
25 0.54545 5 9 357 96 121               0
15 0.54545 9 9 357 96 111               0
11 0.54545 5 9 357 96 107               0
9 0.54545 9 9 357 96 105                0
1 0.54545 9 9 357 96 97                 1
27 0.54545 7 9 357 95 122               0
25 0.54545 5 9 357 95 120               0
11 0.54545 5 9 357 95 106               0
1 0.54545 5 9 357 95 96                 1
15 0.54545 5 9 357 94 109               0
17 0.54545 7 9 357 93 110               0
15 0.54545 5 9 357 93 108               0
1 0.54545 5 9 357 93 94                 1
37 0.54545 5 9 357 90 127               0
27 0.54545 5 9 357 90 117               0
21 0.54545 7 9 357 90 111               0
15 0.54545 7 9 357 90 105               0
7 0.54545 7 9 357 90 97                 0
33 0.54545 5 9 357 79 112               0
25 0.54545 5 9 357 79 104               0
19 0.54545 5 9 357 79 98                0
51 0.54545 5 9 357 76 127               0
41 0.54545 5 9 357 76 117               0
35 0.54545 7 9 357 76 111               0
29 0.54545 7 9 357 76 105               0
21 0.54545 7 9 357 76 97                0
53 0.54545 5 9 357 59 112               0
45 0.54545 5 9 357 59 104               0
39 0.54545 5 9 357 59 98                0
71 0.54545 5 9 357 56 127               0
61 0.54545 5 9 357 56 117               0
55 0.54545 7 9 357 56 111               0
49 0.54545 7 9 357 56 105               0
41 0.54545 7 9 357 56 97                0
79 0.54545 5 9 357 33 112               0
71 0.54545 5 9 357 33 104               0
65 0.54545 5 9 357 33 98                0
81 0.54545 5 9 357 32 113               0
67 0.54545 5 9 357 32 99                0
47 0.54545 5 9 357 32 79                0
27 0.54545 5 9 357 32 59                0
1 0.54545 5 9 357 32 33                 1
89 0.54545 9 9 357 31 120               0
87 0.54545 7 9 357 31 118               0
75 0.54545 9 9 357 31 106               0
65 0.54545 9 9 357 31 96                0
59 0.54545 7 9 357 31 90                0
45 0.54545 7 9 357 31 76                0
25 0.54545 7 9 357 31 56                0
79 0.54545 7 9 357 30 109               0
63 0.54545 7 9 357 30 93                0
83 0.54545 5 9 357 26 109               0
67 0.54545 5 9 357 26 93                0
151 0.54545 3 7 357 1 152               0
113 0.54545 3 7 357 1 114               0
1 0.54545 4 4 356 18 19                 1
1 0.54545 7 9 356 6 7                   1
1 0.54545 3 7 355 37 38                 1
1 0.54545 7 9 355 33 34                 1
1 0.54545 5 9 355 27 28                 1
1 0.54545 5 9 355 24 25                 1
1 0.54545 5 9 355 10 11                 1
1 0.54545 3 7 355 5 6                   1
41 0.54545 5 9 355 2 43                 0
1 0.54545 5 9 355 1 2                   1
1 0.54545 2 6 354 5 6                   1
1 0.54545 5 9 349 27 28                 1
1 0.54545 5 9 349 21 22                 1
1 0.54545 5 7 349 13 14                 1
11 0.54545 11 9 349 2 13                0
13 0.54545 7 11 349 1 14                0
1 0.54545 5 9 349 1 2                   1
2 0.54545 2 4 348 61 63                 1
1 0.54545 5 7 348 34 35                 1
1 0.54545 3 9 348 1 2                   1
2 0.54545 4 4 347 12 14                 1
2 0.54545 4 4 346 6 8                   1
1 0.54545 7 9 346 1 2                   1
1 0.54545 6 6 345 25 26                 1
1 0.54545 5 9 345 3 4                   1
1 0.54545 8 6 342 3 4                   1
1 0.54545 5 9 340 5 6                   1
1 0.54545 7 7 339 56 57                 1
1 0.54545 5 9 339 44 45                 1
1 0.54545 5 9 339 41 42                 1
1 0.54545 5 9 339 35 36                 1
1 0.54545 7 9 339 21 22                 1
1 0.54545 7 9 339 18 19                 1
1 0.54545 5 9 339 17 18                 1
1 0.54545 5 9 339 15 16                 1
1 0.54545 7 9 339 14 15                 1
1 0.54545 7 9 339 13 14                 1
9 0.54545 7 9 339 11 20                 0
1 0.54545 7 9 339 10 11                 1
11 0.54545 9 9 339 9 20                 0
1 0.54545 9 9 339 9 10                  1
1 0.54545 9 9 339 5 6                   1
9 0.54545 7 9 339 4 13                  0
7 0.54545 7 9 339 4 11                  0
17 0.54545 7 9 339 3 20                 0
7 0.54545 7 9 339 3 10                  0
1 0.54545 7 9 339 3 4                   1
2 0.54545 2 4 338 16 18                 1
1 0.54545 5 7 335 13 14                 1
1 0.54545 8 6 334 51 52                 1
1 0.54545 3 7 334 22 23                 1
1 0.54545 5 9 334 13 14                 1
1 0.54545 7 9 334 4 5                   1
1 0.54545 5 9 334 1 2                   1
1 0.54545 5 9 332 3 4                   1
1 0.54545 3 7 331 36 37                 1
1 0.54545 5 9 331 32 33                 1
1 0.54545 5 9 331 26 27                 1
1 0.54545 5 9 331 23 24                 1
1 0.54545 3 9 331 9 10                  1
1 0.54545 5 7 331 4 5                   1
1 0.54545 5 7 331 1 2                   1
2 0.54545 8 8 330 1 3                   1
1 0.54545 7 9 329 4 5                   1
1 0.54545 5 9 329 3 4                   1
1 0.54545 5 9 329 2 3                   1
1 0.54545 7 9 329 1 2                   1
1 0.54545 7 7 328 132 133               1
1 0.54545 3 9 328 120 121               1
1 0.54545 3 9 328 117 118               1
1 0.54545 7 9 328 97 98                 1
1 0.54545 9 9 328 94 95                 1
1 0.54545 7 9 328 93 94                 1
1 0.54545 7 9 328 91 92                 1
1 0.54545 7 9 328 90 91                 1
1 0.54545 5 9 328 89 90                 1
9 0.54545 5 9 328 87 96                 0
1 0.54545 5 9 328 86 87                 1
11 0.54545 5 9 328 85 96                0
1 0.54545 5 9 328 85 86                 1
37 0.54545 3 9 328 83 120               0
1 0.54545 5 9 328 81 82                 1
9 0.54545 9 9 328 80 89                 0
7 0.54545 7 9 328 80 87                 0
1 0.54545 7 9 328 78 79                 1
1 0.54545 5 9 328 77 78                 1
15 0.54545 7 9 328 76 91                0
13 0.54545 5 9 328 76 89                0
15 0.54545 5 9 328 75 90                0
5 0.54545 9 9 328 75 80                 0
1 0.54545 5 9 328 75 76                 1
15 0.54545 9 9 328 74 89                0
13 0.54545 7 9 328 74 87                0
1 0.54545 9 9 328 74 75                 1
9 0.54545 5 9 328 73 82                 0
13 0.54545 7 9 328 72 85                0
25 0.54545 5 9 328 71 96                0
15 0.54545 5 9 328 71 86                0
1 0.54545 7 9 328 71 72                 1
13 0.54545 5 9 328 68 81                0
5 0.54545 5 9 328 68 73                 0
15 0.54545 5 9 328 67 82                0
1 0.54545 5 9 328 67 68                 1
23 0.54545 9 9 328 66 89                0
21 0.54545 7 9 328 66 87                0
9 0.54545 9 9 328 66 75                 0
25 0.54545 5 9 328 65 90                0
15 0.54545 9 9 328 65 80                0
11 0.54545 5 9 328 65 76                0
9 0.54545 9 9 328 65 74                 0
1 0.54545 9 9 328 65 66                 1
27 0.54545 7 9 328 64 91                0
25 0.54545 5 9 328 64 89                0
11 0.54545 5 9 328 64 75                0
1 0.54545 5 9 328 64 65                 1
15 0.54545 5 9 328 63 78                0
17 0.54545 7 9 328 62 79                0
15 0.54545 5 9 328 62 77                0
1 0.54545 5 9 328 62 63                 1
37 0.54545 5 9 328 59 96                0
27 0.54545 5 9 328 59 86                0
21 0.54545 7 9 328 59 80                0
15 0.54545 7 9 328 59 74                0
7 0.54545 7 9 328 59 66                 0
33 0.54545 5 9 328 48 81                0
25 0.54545 5 9 328 48 73                0
19 0.54545 5 9 328 48 67                0
51 0.54545 5 9 328 45 96                0
41 0.54545 5 9 328 45 86                0
35 0.54545 7 9 328 45 80                0
29 0.54545 7 9 328 45 74                0
21 0.54545 7 9 328 45 66                0
53 0.54545 5 9 328 28 81                0
45 0.54545 5 9 328 28 73                0
39 0.54545 5 9 328 28 67                0
71 0.54545 5 9 328 25 96                0
61 0.54545 5 9 328 25 86                0
55 0.54545 7 9 328 25 80                0
49 0.54545 7 9 328 25 74                0
41 0.54545 7 9 328 25 66                0
79 0.54545 5 9 328 2 81                 0
71 0.54545 5 9 328 2 73                 0
65 0.54545 5 9 328 2 67                 0
81 0.54545 5 9 328 1 82                 0
67 0.54545 5 9 328 1 68                 0
47 0.54545 5 9 328 1 48                 0
27 0.54545 5 9 328 1 28                 0
1 0.54545 5 9 328 1 2                   1
1 0.54545 9 7 327 3 4                   1
1 0.54545 7 7 323 13 14                 1
1 0.54545 9 9 323 1 2                   1
2 0.54545 2 4 321 31 33                 1
1 0.54545 5 7 305 67 68                 1
1 0.54545 5 7 305 65 66                 1
1 0.54545 3 7 305 61 62                 1
1 0.54545 5 7 305 57 58                 1
1 0.54545 7 7 305 52 53                 1
1 0.54545 3 7 305 48 49                 1
1 0.54545 5 7 305 38 39                 1
1 0.54545 3 7 305 37 38                 1
1 0.54545 7 9 305 31 32                 1
1 0.54545 7 7 305 28 29                 1
1 0.54545 7 7 305 19 20                 1
11 0.54545 7 7 305 8 19                 0
13 0.54545 7 7 305 7 20                 0
1 0.54545 7 7 305 7 8                   1
2 0.54545 2 4 304 40 42                 1
1 0.54545 5 7 304 14 15                 1
1 0.54545 3 7 304 12 13                 1
1 0.54545 3 7 304 11 12                 1
1 0.54545 3 7 304 8 9                   1
1 0.54545 5 7 304 7 8                   1
1 0.54545 5 7 304 2 3                   1
2 0.54545 2 4 300 46 48                 1
1 0.54545 5 7 300 20 21                 1
1 0.54545 3 7 300 18 19                 1
1 0.54545 7 9 300 8 9                   1
1 0.54545 7 9 300 5 6                   1
1 0.54545 9 9 300 2 3                   1
1 0.54545 3 7 299 24 25                 1
1 0.54545 5 7 299 21 22                 1
1 0.54545 3 7 299 18 19                 1
1 0.54545 3 7 299 17 18                 1
1 0.54545 3 7 299 14 15                 1
1 0.54545 3 7 299 4 5                   1
1 0.54545 7 7 299 2 3                   1
1 0.54545 5 7 298 9 10                  1
1 0.54545 5 7 298 8 9                   1
1 0.54545 3 7 298 4 5                   1
1 0.54545 5 7 298 2 3                   1
1 0.54545 5 7 293 20 21                 1
1 0.54545 5 7 289 38 39                 1
1 0.54545 5 7 289 36 37                 1
1 0.54545 3 7 289 32 33                 1
1 0.54545 7 7 289 31 32                 1
1 0.54545 7 9 289 29 30                 1
1 0.54545 7 7 289 23 24                 1
1 0.54545 3 7 289 19 20                 1
1 0.54545 5 7 289 9 10                  1
1 0.54545 3 7 289 8 9                   1
29 0.54545 7 9 289 5 34                 0
1 0.54545 7 9 289 4 5                   1
1 0.54545 5 7 287 38 39                 1
1 0.54545 5 7 287 36 37                 1
1 0.54545 3 7 287 32 33                 1
1 0.54545 7 7 287 31 32                 1
1 0.54545 7 9 287 29 30                 1
1 0.54545 7 7 287 23 24                 1
1 0.54545 3 7 287 19 20                 1
1 0.54545 5 7 287 9 10                  1
1 0.54545 3 7 287 8 9                   1
29 0.54545 7 9 287 5 34                 0
1 0.54545 7 9 287 4 5                   1
2 0.54545 2 4 286 23 25                 1
3 0.54545 2 6 269 5 8                   1
2 0.54545 2 4 269 5 7                   1
1 0.54545 3 7 266 6 7                   1
1 0.54545 5 7 266 4 5                   1
1 0.54545 5 7 265 11 12                 1
1 0.54545 3 7 265 9 10                  1
1 0.54545 2 6 254 13 14                 1
3 0.54545 2 2 254 11 14                 1
2 0.54545 2 4 254 11 13                 1
1 0.54545 6 6 245 10 11                 1
1 0.54545 3 7 244 4 5                   1
1 0.54545 5 7 244 2 3                   1
1 0.54545 5 7 242 9 10                  1
1 0.54545 3 7 242 7 8                   1
1 0.54545 5 7 235 9 10                  1
1 0.54545 5 7 235 8 9                   1
1 0.54545 2 6 232 6 7                   1
1 0.54545 5 7 231 37 38                 1
1 0.54545 5 7 231 35 36                 1
1 0.54545 3 7 231 31 32                 1
1 0.54545 7 7 231 30 31                 1
1 0.54545 7 9 231 28 29                 1
1 0.54545 7 7 231 22 23                 1
1 0.54545 3 7 231 18 19                 1
1 0.54545 5 7 231 8 9                   1
1 0.54545 3 7 231 7 8                   1
29 0.54545 7 9 231 4 33                 0
1 0.54545 7 9 231 3 4                   1
2 0.54545 2 4 230 24 26                 1
2 0.54545 2 4 222 4 6                   1
1 0.54545 2 6 221 3 4                   1
2 0.54545 4 4 220 5 7                   1
1 0.54545 8 6 218 16 17                 1
1 0.54545 4 4 213 2 3                   1
1 0.54545 6 6 209 9 10                  1
1 0.54545 8 6 206 14 15                 1
3 0.54545 2 6 203 4 7                   1
2 0.54545 2 4 203 4 6                   1
1 0.54545 6 6 198 10 11                 1
1 0.54545 5 7 195 5 6                   1
2 0.54545 2 4 193 5 7                   1
1 0.54545 4 4 190 1 2                   1
1 0.54545 2 6 187 5 6                   1
3 0.54545 2 6 186 3 6                   1
2 0.54545 2 4 186 3 5                   1
2 0.54545 2 4 185 5 7                   1
1 0.54545 8 6 183 15 16                 1
1 0.54545 4 4 166 7 8                   1
1 0.54545 4 4 150 7 8                   1
1 0.54545 4 4 149 3 4                   1
1 0.54545 4 4 142 7 8                   1
1 0.54545 4 4 139 3 4                   1
1 0.54545 4 4 137 7 8                   1
1 0.54545 4 4 136 3 4                   1
1 0.54545 4 4 135 3 4                   1
1 0.54545 4 4 129 3 4                   1
1 0.54545 6 6 119 9 10                  1
1 0.54545 6 6 114 7 8                   1
1 0.54545 6 6 106 5 6                   1
1 0.54545 4 4 102 11 12                 1
1 0.54545 6 6 90 3 4                    1
1 0.54545 4 4 84 5 6                    1
1 0.54545 4 4 83 9 10                   1
1 0.54545 4 4 79 5 6                    1
1 0.54545 4 4 78 3 4                    1
1 0.54545 4 4 74 7 8                    1
1 0.54545 4 4 72 4 5                    1
1 0.54545 4 4 71 6 7                    1
1 0.54545 4 4 70 2 3                    1
1 0.54545 4 4 64 6 7                    1
1 0.54545 4 4 63 2 3                    1
1 0.54545 4 4 61 4 5                    1
1 0.54545 4 4 59 6 7                    1
1 0.54545 4 4 57 2 3                    1
1 0.54545 4 4 31 4 5                    1
1 0.54545 4 4 30 3 4                    1
1 0.54545 4 4 27 5 6                    1
1 0.54545 6 6 21 1 2                    1
1 0.54529 3 5 530 77 78                 1
55 0.54484 5 3 405 57 112               0
35 0.54484 5 3 405 57 92                0
85 0.54484 5 3 405 27 112               0
65 0.54484 5 3 405 27 92                0
107 0.54484 5 3 405 5 112               0
87 0.54484 5 3 405 5 92                 0
1 0.54481 3 5 465 20 21                 1
1 0.54481 3 5 465 19 20                 1
1 0.54481 3 5 465 18 19                 1
1 0.54481 3 5 465 17 18                 1
1 0.54481 3 5 465 16 17                 1
1 0.54481 5 5 465 15 16                 1
1 0.54481 3 5 465 14 15                 1
1 0.54481 3 5 465 13 14                 1
1 0.54481 3 5 465 12 13                 1
1 0.54481 5 5 465 11 12                 1
1 0.54481 3 5 465 10 11                 1
1 0.54472 4 4 486 17 18                 1
19 0.54472 4 4 471 8 27                 0
1 0.54472 6 4 439 37 38                 1
13 0.54472 4 4 434 4 17                 0
1 0.54472 6 4 426 16 17                 1
1 0.54472 4 4 402 58 59                 1
1 0.54472 4 4 400 70 71                 1
7 0.54472 4 4 399 6 13                  0
1 0.54472 4 4 386 31 32                 1
1 0.54472 6 4 383 27 28                 1
12 0.54472 2 4 383 2 14                 0
53 0.54472 6 4 381 14 67                0
52 0.54472 2 4 381 14 66                0
53 0.54472 6 4 363 12 65                0
52 0.54472 2 4 363 12 64                0
53 0.54472 6 4 355 14 67                0
52 0.54472 2 4 355 14 66                0
1 0.54472 4 4 335 30 31                 1
4 0.54472 4 4 332 5 9                   1
53 0.54472 6 4 331 13 66                0
52 0.54472 2 4 331 13 65                0
1 0.54472 6 4 323 30 31                 1
1 0.54472 4 4 298 44 45                 1
1 0.54472 4 4 268 19 20                 1
1 0.54472 4 4 265 48 49                 1
1 0.54472 4 4 249 16 17                 1
1 0.54472 4 4 246 17 18                 1
1 0.54472 4 4 242 46 47                 1
1 0.54472 4 4 235 44 45                 1
1 0.54472 4 4 233 15 16                 1
1 0.54472 4 4 202 18 19                 1
1 0.54472 4 4 195 41 42                 1
1 0.54457 3 5 465 7 8                   1
1 0.54451 4 8 516 12 13                 1
1 0.54451 4 8 488 6 7                   1
8 0.54422 4 8 425 15 23                 0
7 0.54329 1 3 357 2 9                   0
1 0.54286 4 4 391 1 2                   1
1 0.54286 6 4 379 1 2                   1
1 0.54286 4 4 378 1 2                   1
1 0.54265 2 6 492 12 13                 1
1 0.54265 4 6 492 11 12                 1
1 0.54265 4 6 405 111 112               1
19 0.54265 4 6 405 92 111               0
21 0.54265 4 6 405 91 112               0
1 0.54265 4 6 405 91 92                 1
1 0.54265 4 6 405 77 78                 1
1 0.54265 4 6 389 5 6                   1
1 0.54265 4 6 370 95 96                 1
19 0.54265 4 6 370 76 95                0
21 0.54265 4 6 370 75 96                0
1 0.54265 4 6 370 75 76                 1
1 0.54265 4 6 370 27 28                 1
1 0.54265 4 6 370 26 27                 1
1 0.54265 4 6 357 77 78                 1
19 0.54265 4 6 357 58 77                0
21 0.54265 4 6 357 57 78                0
1 0.54265 4 6 357 57 58                 1
1 0.54265 4 6 328 46 47                 1
19 0.54265 4 6 328 27 46                0
21 0.54265 4 6 328 26 47                0
1 0.54265 4 6 328 26 27                 1
2 0.54217 2 4 465 97 99                 1
8 0.54217 2 4 465 95 103                0
2 0.54217 2 4 465 95 97                 1
1 0.54212 1 1 361 14 15                 1
1 0.54178 12 14 530 2 3                 1
15 0.54167 2 2 516 30 45                0
2 0.54167 6 14 516 19 21                1
3 0.54167 2 2 514 44 47                 1
3 0.54167 2 2 488 31 34                 1
3 0.54167 2 2 482 21 24                 1
15 0.54167 2 2 477 24 39                0
15 0.54167 2 2 321 16 31                0
1 0.54156 10 14 530 50 51               1
1 0.5414 3 5 530 76 77                  1
1 0.5414 3 5 530 75 76                  1
1 0.5414 3 5 530 74 75                  1
1 0.54136 7 9 492 9 10                  1
1 0.54136 5 9 357 9 10                  1
8 0.54118 2 4 465 94 102                0
8 0.54118 2 4 465 92 100                0
1 0.54113 4 8 516 17 18                 1
1 0.54113 6 8 516 16 17                 1
1 0.54113 4 8 516 13 14                 1
1 0.54113 6 8 516 9 10                  1
1 0.54113 6 8 516 8 9                   1
3 0.54113 6 8 516 6 9                   1
1 0.54104 7 9 513 18 19                 1
1 0.54104 9 9 476 26 27                 1
1 0.54104 7 9 454 24 25                 1
1 0.54104 7 9 452 4 5                   1
1 0.54104 7 9 436 9 10                  1
1 0.54104 9 9 426 6 7                   1
1 0.54104 5 9 351 4 5                   1
1 0.5409 3 5 465 100 101                1
9 0.5409 3 5 465 95 104                 0
1 0.5409 7 9 361 11 12                  1
1 0.54088 9 9 490 10 11                 1
1 0.54088 7 9 402 15 16                 1
1 0.54088 7 9 402 14 15                 1
1 0.54088 5 9 402 9 10                  1
1 0.54062 3 5 530 73 74                 1
1 0.54062 3 5 465 21 22                 1
1 0.54062 3 5 465 8 9                   1
9 0.54054 3 3 465 94 103                0
107 0.54054 3 3 405 56 163              0
77 0.54054 3 3 405 56 133               0
97 0.54054 5 3 405 50 147               0
69 0.54054 3 3 405 44 113               0
49 0.54054 3 3 405 44 93                0
35 0.54054 3 3 405 44 79                0
121 0.54054 3 3 405 42 163              0
91 0.54054 3 3 405 42 133               0
111 0.54054 5 3 405 36 147              0
83 0.54054 3 3 405 30 113               0
63 0.54054 3 3 405 30 93                0
49 0.54054 3 3 405 30 79                0
135 0.54054 3 3 405 28 163              0
105 0.54054 3 3 405 28 133              0
127 0.54054 3 3 405 23 150              0
133 0.54054 3 3 405 17 150              0
157 0.54054 3 3 405 6 163               0
127 0.54054 3 3 405 6 133               0
108 0.54027 0 4 357 11 119              0
50 0.54014 0 16 530 9 59                0
1 0.54 11 11 454 16 17                  1
3 0.53965 5 7 439 5 8                   1
5 0.53951 5 9 530 8 13                  0
46 0.53916 4 4 425 201 247              0
2 0.53846 5 5 524 2 4                   1
2 0.53846 5 5 523 2 4                   1
2 0.53846 6 8 513 27 29                 1
4 0.53846 6 8 513 26 30                 1
2 0.53846 5 5 500 2 4                   1
2 0.53846 5 5 499 2 4                   1
3 0.53846 5 5 489 10 13                 1
6 0.53846 6 8 488 22 28                 0
2 0.53846 6 8 488 20 22                 1
2 0.53846 6 8 472 8 10                  1
2 0.53846 6 8 471 37 39                 1
8 0.53846 4 2 471 25 33                 0
2 0.53846 6 8 467 138 140               1
4 0.53846 6 8 467 129 133               1
6 0.53846 6 8 467 128 134               0
2 0.53846 5 5 466 2 4                   1
2 0.53846 5 5 464 2 4                   1
2 0.53846 5 5 456 6 8                   1
6 0.53846 4 4 454 35 41                 0
2 0.53846 6 6 453 3 5                   1
12 0.53846 6 6 452 16 28                0
14 0.53846 6 6 452 15 29                0
2 0.53846 6 8 450 5 7                   1
2 0.53846 6 6 444 5 7                   1
4 0.53846 4 6 443 4 8                   1
2 0.53846 2 4 443 4 6                   1
2 0.53846 5 5 442 15 17                 1
2 0.53846 5 5 441 19 21                 1
2 0.53846 10 10 438 1 3                 1
2 0.53846 5 5 434 30 32                 1
6 0.53846 2 4 434 21 27                 0
14 0.53846 2 4 434 13 27                0
2 0.53846 4 6 433 7 9                   1
2 0.53846 6 8 432 57 59                 1
2 0.53846 5 5 430 7 9                   1
3 0.53846 5 5 430 6 9                   1
2 0.53846 6 6 430 2 4                   1
6 0.53846 8 6 428 20 26                 0
6 0.53846 4 6 423 55 61                 0
6 0.53846 6 8 419 3 9                   0
2 0.53846 5 5 414 2 4                   1
2 0.53846 5 5 412 2 4                   1
6 0.53846 6 6 405 217 223               0
2 0.53846 5 5 404 6 8                   1
2 0.53846 4 6 401 7 9                   1
2 0.53846 6 8 399 79 81                 1
2 0.53846 1 5 393 6 8                   1
2 0.53846 5 5 387 75 77                 1
2 0.53846 4 6 384 9 11                  1
2 0.53846 5 5 381 78 80                 1
2 0.53846 5 5 374 18 20                 1
2 0.53846 2 4 374 11 13                 1
6 0.53846 8 6 370 201 207               0
2 0.53846 6 8 366 7 9                   1
6 0.53846 6 6 364 70 76                 0
2 0.53846 5 5 363 76 78                 1
2 0.53846 6 8 360 45 47                 1
2 0.53846 5 5 359 3 5                   1
6 0.53846 6 6 357 183 189               0
2 0.53846 5 5 355 78 80                 1
2 0.53846 5 5 352 3 5                   1
6 0.53846 6 6 351 17 23                 0
2 0.53846 4 6 347 10 12                 1
2 0.53846 6 8 345 20 22                 1
6 0.53846 8 6 339 76 82                 0
2 0.53846 6 8 334 46 48                 1
2 0.53846 5 5 331 77 79                 1
2 0.53846 6 8 329 28 30                 1
6 0.53846 6 6 328 152 158               0
2 0.53846 6 6 319 6 8                   1
2 0.53846 5 5 316 2 4                   1
2 0.53846 5 5 314 2 4                   1
2 0.53846 4 6 304 35 37                 1
2 0.53846 4 6 300 41 43                 1
2 0.53846 4 4 297 6 8                   1
2 0.53846 4 6 286 18 20                 1
6 0.53846 6 6 285 41 47                 0
2 0.53846 6 6 270 2 4                   1
2 0.53846 4 4 267 9 11                  1
6 0.53846 8 6 266 30 36                 0
2 0.53846 5 5 260 3 5                   1
2 0.53846 5 5 255 3 5                   1
6 0.53846 4 6 254 3 9                   0
2 0.53846 4 4 252 6 8                   1
6 0.53846 8 6 244 28 34                 0
2 0.53846 5 5 243 6 8                   1
3 0.53846 5 5 243 5 8                   1
2 0.53846 5 5 240 3 5                   1
2 0.53846 5 5 239 20 22                 1
2 0.53846 5 5 236 3 5                   1
6 0.53846 6 6 234 25 31                 0
2 0.53846 4 6 230 19 21                 1
2 0.53846 5 5 217 21 23                 1
2 0.53846 4 4 207 7 9                   1
2 0.53846 6 6 207 1 3                   1
2 0.53846 5 5 204 19 21                 1
2 0.53846 5 5 189 4 6                   1
2 0.53846 4 4 184 7 9                   1
2 0.53846 5 5 179 2 4                   1
2 0.53846 5 5 178 5 7                   1
3 0.53846 5 5 178 4 7                   1
2 0.53846 6 6 177 1 3                   1
2 0.53846 5 5 176 2 4                   1
2 0.53846 5 5 146 6 8                   1
3 0.53846 5 5 146 5 8                   1
3 0.53846 5 5 131 3 6                   1
2 0.53846 5 5 120 9 11                  1
2 0.53846 5 5 116 7 9                   1
2 0.53846 5 5 113 3 5                   1
2 0.53846 5 5 108 5 7                   1
2 0.53846 5 5 104 3 5                   1
2 0.53846 5 5 103 7 9                   1
2 0.53846 5 5 101 16 18                 1
2 0.53846 5 5 95 3 5                    1
2 0.53846 5 5 94 3 5                    1
2 0.53846 5 5 88 3 5                    1
2 0.53846 5 5 86 5 7                    1
2 0.53846 5 5 76 5 7                    1
2 0.53846 5 5 75 10 12                  1
2 0.53846 5 5 69 3 5                    1
3 0.53846 5 5 69 2 5                    1
2 0.53846 5 5 67 3 5                    1
3 0.53846 5 5 67 2 5                    1
2 0.53846 5 5 55 3 5                    1
3 0.53846 5 5 55 2 5                    1
2 0.53846 5 5 49 8 10                   1
2 0.53846 5 5 44 6 8                    1
2 0.53846 5 5 36 4 6                    1
2 0.53846 5 5 29 4 6                    1
3 0.53846 5 5 29 3 6                    1
2 0.53846 5 5 9 2 4                     1
2 0.53846 5 5 6 2 4                     1
3 0.53846 5 5 6 1 4                     1
11 0.53836 3 3 465 89 100               0
27 0.53836 3 3 465 79 106               0
4 0.53778 4 10 530 9 13                 1
2 0.53763 2 4 465 92 94                 1
116 0.53688 4 6 405 70 186              0
122 0.53688 4 6 405 64 186              0
136 0.53688 6 6 405 12 148              0
2 0.53688 4 6 304 7 9                   1
2 0.53688 6 6 293 7 9                   1
2 0.53665 4 6 405 196 198               1
28 0.53665 4 6 405 46 74                0
142 0.53665 4 6 405 43 185              0
42 0.53665 4 6 405 32 74                0
156 0.53665 4 6 405 29 185              0
52 0.53665 4 6 405 22 74                0
2 0.53665 4 6 370 180 182               1
2 0.53665 4 6 364 49 51                 1
2 0.53665 4 6 357 162 164               1
2 0.53665 4 6 339 55 57                 1
2 0.53665 4 6 328 131 133               1
2 0.53665 8 6 304 6 8                   1
3 0.53659 5 11 506 8 11                 1
3 0.53659 5 13 506 7 10                 1
5 0.53659 5 11 506 6 11                 0
3 0.53659 5 11 506 6 9                  1
1 0.53659 7 11 490 8 9                  1
1 0.53659 11 9 476 23 24                1
1 0.53659 7 7 476 9 10                  1
1 0.53659 9 11 465 76 77                1
1 0.53659 7 11 454 21 22                1
1 0.53659 7 11 454 1 2                  1
1 0.53659 7 11 440 1 2                  1
9 0.53659 11 11 439 6 15                0
1 0.53659 5 11 439 6 7                  1
3 0.53659 5 11 439 4 7                  1
5 0.53659 7 13 439 2 7                  0
1 0.53659 7 11 439 1 2                  1
1 0.53659 9 11 436 6 7                  1
1 0.53659 7 11 426 3 4                  1
1 0.53659 11 11 426 1 2                 1
16 0.53659 4 2 265 3 19                 0
16 0.53659 4 2 242 1 17                 0
1 0.53635 8 12 530 33 34                1
13 0.53608 2 2 530 104 117              0
102 0.53604 4 6 405 59 161              0
92 0.53604 4 6 405 59 151               0
94 0.53604 8 6 405 52 146               0
98 0.53604 4 6 405 48 146               0
108 0.53604 8 6 405 38 146              0
112 0.53604 4 6 405 34 146              0
136 0.53604 4 6 405 25 161              0
126 0.53604 4 6 405 25 151              0
126 0.53604 4 6 405 20 146              0
146 0.53604 4 6 405 15 161              0
136 0.53604 4 6 405 15 151              0
136 0.53604 8 6 405 10 146              0
134 0.53604 4 6 405 4 138               0
128 0.53604 4 6 405 4 132               0
12 0.53593 2 6 465 38 50                0
2 0.53571 2 8 167 5 7                   1
1 0.53571 1 5 166 6 7                   1
3 0.53571 3 5 166 4 7                   1
4 0.53571 4 6 157 5 9                   1
4 0.53571 4 6 145 7 11                  1
1 0.53571 1 5 137 6 7                   1
3 0.53571 3 5 137 4 7                   1
3 0.53571 3 1 102 8 11                  1
5 0.53571 1 1 102 6 11                  0
3 0.53571 3 1 83 6 9                    1
5 0.53571 1 1 83 4 9                    0
3 0.53571 3 1 74 4 7                    1
5 0.53571 1 1 74 2 7                    0
1 0.53571 1 5 72 3 4                    1
3 0.53571 3 5 72 1 4                    1
1 0.53571 1 5 71 5 6                    1
3 0.53571 3 5 71 3 6                    1
3 0.53571 5 5 51 1 4                    1
2 0.53529 2 12 530 26 28                1
2 0.53529 2 12 530 16 18                1
1 0.53503 6 8 516 7 8                   1
8 0.53488 4 4 465 96 104                0
20 0.53488 2 4 465 86 106               0
16 0.53488 4 4 465 86 102               0
24 0.53488 2 4 465 80 104               0
20 0.53488 4 4 465 80 100               0
3 0.53481 1 11 405 74 77                1
141 0.53481 1 9 370 28 169              0
17 0.53481 1 9 370 11 28                0
1 0.53463 3 5 465 95 96                 1
1 0.53458 9 15 530 23 24                1
2 0.53449 6 10 516 10 12                1
7 0.53448 5 9 530 24 31                 0
1 0.53414 3 5 530 71 72                 1
1 0.534 5 7 425 23 24                   1
1 0.534 9 7 425 22 23                   1
1 0.53398 3 5 465 105 106               1
1 0.53398 3 5 465 104 105               1
1 0.53398 3 5 465 103 104               1
1 0.53398 3 5 465 102 103               1
1 0.53398 3 5 465 101 102               1
1 0.53398 3 5 465 99 100                1
7 0.53398 3 5 465 97 104                0
7 0.53398 3 5 465 95 102                0
109 0.53398 5 7 405 61 170              0
169 0.53398 5 7 405 1 170               0
153 0.53398 5 7 370 1 154               0
1 0.53389 9 13 465 6 7                  1
1 0.53386 11 7 530 68 69                1
1 0.53356 5 3 444 5 6                   1
3 0.53356 5 3 434 24 27                 1
15 0.53356 3 3 405 201 216              0
5 0.53356 3 3 400 57 62                 0
3 0.53356 3 3 387 69 72                 1
3 0.53356 3 3 381 72 75                 1
15 0.53356 3 3 370 185 200              0
15 0.53356 7 3 364 54 69                0
3 0.53356 3 3 363 70 73                 1
9 0.53356 3 3 360 28 37                 0
15 0.53356 7 3 357 167 182              0
3 0.53356 5 3 355 72 75                 1
15 0.53356 3 3 339 60 75                0
9 0.53356 3 3 334 29 38                 0
3 0.53356 3 3 331 71 74                 1
15 0.53356 7 3 328 136 151              0
7 0.53346 1 1 415 38 45                 0
7 0.53346 5 1 415 37 44                 0
7 0.53346 3 3 340 10 17                 0
1 0.53333 4 6 513 23 24                 1
2 0.53333 6 8 513 22 24                 1
1 0.53333 4 6 513 22 23                 1
1 0.53333 8 8 510 44 45                 1
1 0.53333 6 8 510 41 42                 1
1 0.53333 4 8 510 38 39                 1
1 0.53333 6 8 510 31 32                 1
1 0.53333 6 8 510 27 28                 1
1 0.53333 6 8 509 30 31                 1
3 0.53333 6 8 509 28 31                 1
2 0.53333 4 8 509 28 30                 1
1 0.53333 4 6 508 42 43                 1
1 0.53333 4 4 504 19 20                 1
2 0.53333 12 12 493 1 3                 1
1 0.53333 6 8 490 32 33                 1
1 0.53333 4 6 487 37 38                 1
1 0.53333 6 8 487 18 19                 1
1 0.53333 6 8 481 19 20                 1
1 0.53333 4 6 479 24 25                 1
1 0.53333 6 8 479 8 9                   1
1 0.53333 6 8 476 45 46                 1
1 0.53333 4 6 476 42 43                 1
1 0.53333 8 6 475 7 8                   1
1 0.53333 6 8 473 4 5                   1
1 0.53333 4 6 471 31 32                 1
1 0.53333 4 6 471 26 27                 1
1 0.53333 4 8 471 23 24                 1
18 0.53333 10 8 471 9 27                0
17 0.53333 6 8 471 9 26                 0
18 0.53333 4 8 471 8 26                 0
1 0.53333 8 8 471 8 9                   1
1 0.53333 2 6 467 125 126               1
1 0.53333 8 8 467 117 118               1
1 0.53333 4 8 457 8 9                   1
1 0.53333 4 6 454 37 38                 1
1 0.53333 4 6 452 17 18                 1
1 0.53333 4 8 445 2 3                   1
1 0.53333 2 6 441 11 12                 1
2 0.53333 6 8 441 10 12                 1
1 0.53333 6 6 441 10 11                 1
1 0.53333 4 6 440 9 10                  1
2 0.53333 8 8 440 8 10                  1
1 0.53333 6 6 440 8 9                   1
1 0.53333 8 8 439 30 31                 1
1 0.53333 4 6 439 27 28                 1
1 0.53333 4 6 437 23 24                 1
1 0.53333 4 6 434 16 17                 1
12 0.53333 8 8 434 4 16                 0
1 0.53333 8 8 432 42 43                 1
1 0.53333 4 6 428 22 23                 1
1 0.53333 4 6 427 18 19                 1
1 0.53333 8 8 425 265 266               1
1 0.53333 4 8 425 262 263               1
1 0.53333 4 8 425 259 260               1
1 0.53333 6 8 425 252 253               1
1 0.53333 8 8 425 248 249               1
1 0.53333 4 6 423 57 58                 1
1 0.53333 4 6 422 5 6                   1
1 0.53333 4 6 405 219 220               1
1 0.53333 4 8 405 209 210               1
1 0.53333 4 6 402 51 52                 1
1 0.53333 6 8 402 46 47                 1
1 0.53333 4 8 402 41 42                 1
1 0.53333 4 8 402 38 39                 1
13 0.53333 4 8 402 36 49                0
14 0.53333 10 10 402 35 49              0
1 0.53333 6 8 402 35 36                 1
1 0.53333 6 8 400 63 64                 1
1 0.53333 4 8 400 60 61                 1
6 0.53333 6 8 400 55 61                 0
5 0.53333 6 8 400 55 60                 0
7 0.53333 4 8 400 54 61                 0
1 0.53333 6 8 400 54 55                 1
1 0.53333 4 6 400 51 52                 1
15 0.53333 4 6 400 49 64                0
14 0.53333 6 8 400 49 63                0
1 0.53333 4 8 400 46 47                 1
1 0.53333 4 6 400 43 44                 1
1 0.53333 4 8 400 29 30                 1
1 0.53333 4 6 399 73 74                 1
1 0.53333 6 8 399 68 69                 1
1 0.53333 4 6 399 65 66                 1
5 0.53333 4 8 399 35 40                 0
1 0.53333 4 8 399 34 35                 1
1 0.53333 6 8 397 41 42                 1
2 0.53333 4 8 397 40 42                 1
1 0.53333 4 6 397 40 41                 1
1 0.53333 6 8 387 63 64                 1
1 0.53333 6 8 386 17 18                 1
1 0.53333 6 8 383 13 14                 1
11 0.53333 6 8 383 2 13                 0
1 0.53333 8 8 381 66 67                 1
1 0.53333 4 8 381 35 36                 1
5 0.53333 4 8 381 30 35                 0
7 0.53333 4 8 381 29 36                 0
1 0.53333 4 8 381 29 30                 1
38 0.53333 6 8 381 26 64                0
13 0.53333 4 8 381 23 36                0
7 0.53333 4 8 381 23 30                 0
52 0.53333 6 8 381 15 67                0
51 0.53333 6 8 381 15 66                0
1 0.53333 6 8 381 14 15                 1
1 0.53333 6 8 374 1 2                   1
1 0.53333 4 6 370 203 204               1
1 0.53333 4 8 370 193 194               1
1 0.53333 4 6 369 5 6                   1
2 0.53333 8 8 369 4 6                   1
1 0.53333 6 6 369 4 5                   1
1 0.53333 4 6 364 72 73                 1
1 0.53333 6 8 364 62 63                 1
1 0.53333 8 8 363 64 65                 1
1 0.53333 4 8 363 33 34                 1
5 0.53333 4 8 363 28 33                 0
7 0.53333 4 8 363 27 34                 0
1 0.53333 4 8 363 27 28                 1
38 0.53333 6 8 363 24 62                0
13 0.53333 4 8 363 21 34                0
7 0.53333 4 8 363 21 28                 0
52 0.53333 6 8 363 13 65                0
51 0.53333 6 8 363 13 64                0
1 0.53333 6 8 363 12 13                 1
1 0.53333 4 6 360 39 40                 1
1 0.53333 4 8 360 26 27                 1
1 0.53333 4 6 357 185 186               1
1 0.53333 6 8 357 175 176               1
5 0.53333 4 6 356 11 16                 0
1 0.53333 6 8 355 66 67                 1
1 0.53333 4 8 355 35 36                 1
5 0.53333 4 8 355 30 35                 0
7 0.53333 4 8 355 29 36                 0
1 0.53333 4 8 355 29 30                 1
38 0.53333 6 8 355 26 64                0
13 0.53333 4 8 355 23 36                0
7 0.53333 4 8 355 23 30                 0
52 0.53333 6 8 355 15 67                0
51 0.53333 8 8 355 15 66                0
1 0.53333 8 8 355 14 15                 1
1 0.53333 4 6 351 19 20                 1
1 0.53333 6 8 349 42 43                 1
2 0.53333 4 8 349 41 43                 1
1 0.53333 4 6 349 41 42                 1
1 0.53333 6 8 348 54 55                 1
1 0.53333 8 8 345 11 12                 1
1 0.53333 4 6 340 16 17                 1
5 0.53333 8 8 340 14 19                 0
1 0.53333 4 8 340 11 12                 1
1 0.53333 4 6 339 78 79                 1
1 0.53333 4 8 339 68 69                 1
11 0.53333 4 8 335 4 15                 0
1 0.53333 4 6 334 40 41                 1
1 0.53333 4 8 334 27 28                 1
2 0.53333 8 8 332 8 10                  1
4 0.53333 8 8 332 6 10                  1
6 0.53333 6 8 332 4 10                  0
1 0.53333 8 8 331 65 66                 1
1 0.53333 4 8 331 34 35                 1
5 0.53333 4 8 331 29 34                 0
7 0.53333 4 8 331 28 35                 0
1 0.53333 4 8 331 28 29                 1
38 0.53333 6 8 331 25 63                0
13 0.53333 4 8 331 22 35                0
7 0.53333 4 8 331 22 29                 0
52 0.53333 6 8 331 14 66                0
51 0.53333 6 8 331 14 65                0
1 0.53333 6 8 331 13 14                 1
1 0.53333 4 6 329 22 23                 1
1 0.53333 4 6 328 154 155               1
1 0.53333 6 8 328 144 145               1
1 0.53333 6 8 327 5 6                   1
11 0.53333 6 8 323 4 15                 0
1 0.53333 6 6 319 4 5                   1
1 0.53333 6 6 308 3 4                   1
1 0.53333 6 8 305 44 45                 1
1 0.53333 6 8 305 17 18                 1
11 0.53333 6 8 305 6 17                 0
13 0.53333 6 8 305 5 18                 0
1 0.53333 6 8 305 5 6                   1
2 0.53333 8 10 305 1 3                  1
1 0.53333 4 6 304 28 29                 1
1 0.53333 6 8 304 16 17                 1
1 0.53333 6 6 303 1 2                   1
1 0.53333 4 6 300 34 35                 1
1 0.53333 6 8 300 22 23                 1
1 0.53333 4 8 299 12 13                 1
1 0.53333 8 8 299 9 10                  1
1 0.53333 4 6 298 37 38                 1
1 0.53333 6 8 298 32 33                 1
1 0.53333 4 8 298 27 28                 1
1 0.53333 4 8 298 24 25                 1
13 0.53333 4 8 298 22 35                0
14 0.53333 10 10 298 21 35              0
1 0.53333 6 8 298 21 22                 1
1 0.53333 6 8 298 12 13                 1
2 0.53333 6 8 298 11 13                 1
1 0.53333 6 8 298 11 12                 1
1 0.53333 4 6 298 6 7                   1
1 0.53333 4 6 297 5 6                   1
1 0.53333 6 6 295 5 6                   1
1 0.53333 4 6 293 38 39                 1
1 0.53333 6 8 293 31 32                 1
1 0.53333 4 8 289 27 28                 1
1 0.53333 6 8 289 15 16                 1
17 0.53333 6 8 289 1 18                 0
1 0.53333 6 8 288 1 2                   1
1 0.53333 4 8 287 27 28                 1
1 0.53333 6 8 287 15 16                 1
24 0.53333 8 10 287 1 25                0
1 0.53333 4 6 286 11 12                 1
2 0.53333 6 8 286 10 12                 1
1 0.53333 4 6 286 10 11                 1
1 0.53333 6 8 286 2 3                   1
2 0.53333 6 8 286 1 3                   1
1 0.53333 6 8 286 1 2                   1
1 0.53333 4 8 285 27 28                 1
1 0.53333 6 8 285 24 25                 1
1 0.53333 8 8 285 13 14                 1
2 0.53333 8 10 285 12 14                1
1 0.53333 4 8 285 12 13                 1
1 0.53333 4 8 285 9 10                  1
1 0.53333 8 8 285 6 7                   1
1 0.53333 6 8 285 3 4                   1
1 0.53333 6 8 284 3 4                   1
1 0.53333 6 8 274 3 4                   1
1 0.53333 8 8 273 1 2                   1
1 0.53333 4 6 268 12 13                 1
1 0.53333 6 8 268 7 8                   1
1 0.53333 6 8 268 4 5                   1
2 0.53333 6 8 268 3 5                   1
1 0.53333 4 6 268 3 4                   1
1 0.53333 6 6 267 8 9                   1
1 0.53333 6 8 266 16 17                 1
1 0.53333 6 8 266 13 14                 1
1 0.53333 4 6 265 41 42                 1
1 0.53333 8 8 265 36 37                 1
1 0.53333 4 8 265 31 32                 1
1 0.53333 6 8 265 28 29                 1
1 0.53333 6 8 265 25 26                 1
1 0.53333 6 8 265 16 17                 1
1 0.53333 4 6 254 5 6                   1
1 0.53333 6 6 253 15 16                 1
1 0.53333 4 8 253 10 11                 1
1 0.53333 4 6 252 5 6                   1
1 0.53333 4 6 249 9 10                  1
1 0.53333 6 8 249 6 7                   1
1 0.53333 4 6 247 10 11                 1
1 0.53333 6 8 247 7 8                   1
1 0.53333 4 6 246 10 11                 1
1 0.53333 6 8 246 5 6                   1
1 0.53333 6 8 246 2 3                   1
2 0.53333 6 8 246 1 3                   1
1 0.53333 4 6 246 1 2                   1
1 0.53333 6 8 244 14 15                 1
1 0.53333 6 8 244 11 12                 1
1 0.53333 4 6 242 39 40                 1
1 0.53333 8 8 242 34 35                 1
1 0.53333 4 8 242 29 30                 1
1 0.53333 6 8 242 26 27                 1
1 0.53333 6 8 242 23 24                 1
1 0.53333 6 8 242 14 15                 1
1 0.53333 4 6 239 14 15                 1
3 0.53333 4 6 239 12 15                 1
2 0.53333 8 8 239 12 14                 1
1 0.53333 6 8 239 3 4                   1
1 0.53333 4 6 235 37 38                 1
1 0.53333 8 8 235 32 33                 1
1 0.53333 4 8 235 27 28                 1
1 0.53333 6 8 235 24 25                 1
13 0.53333 4 8 235 22 35                0
14 0.53333 8 10 235 21 35               0
1 0.53333 6 8 235 21 22                 1
1 0.53333 6 8 235 12 13                 1
2 0.53333 6 8 235 11 13                 1
1 0.53333 6 8 235 11 12                 1
1 0.53333 4 6 235 6 7                   1
1 0.53333 4 8 234 11 12                 1
1 0.53333 6 8 234 8 9                   1
1 0.53333 4 6 233 8 9                   1
1 0.53333 6 8 233 5 6                   1
1 0.53333 4 8 231 26 27                 1
1 0.53333 6 8 231 14 15                 1
1 0.53333 4 6 230 12 13                 1
2 0.53333 6 8 230 11 13                 1
1 0.53333 6 6 230 11 12                 1
1 0.53333 6 8 230 2 3                   1
1 0.53333 6 8 223 2 3                   1
1 0.53333 6 8 218 4 5                   1
1 0.53333 4 6 217 15 16                 1
3 0.53333 4 6 217 13 16                 1
2 0.53333 8 8 217 13 15                 1
1 0.53333 6 8 217 4 5                   1
1 0.53333 4 6 207 6 7                   1
1 0.53333 6 8 206 2 3                   1
1 0.53333 4 6 204 13 14                 1
3 0.53333 4 6 204 11 14                 1
2 0.53333 8 8 204 11 13                 1
1 0.53333 6 8 204 2 3                   1
1 0.53333 4 6 202 11 12                 1
1 0.53333 6 8 202 6 7                   1
1 0.53333 6 8 202 3 4                   1
2 0.53333 6 8 202 2 4                   1
1 0.53333 4 6 202 2 3                   1
1 0.53333 4 6 199 10 11                 1
1 0.53333 6 8 199 7 8                   1
1 0.53333 4 6 195 34 35                 1
1 0.53333 8 8 195 29 30                 1
1 0.53333 4 8 195 24 25                 1
1 0.53333 6 8 195 21 22                 1
13 0.53333 4 8 195 19 32                0
14 0.53333 8 10 195 18 32               0
1 0.53333 6 8 195 18 19                 1
1 0.53333 6 8 195 9 10                  1
1 0.53333 6 6 184 6 7                   1
1 0.53333 6 8 183 3 4                   1
141 0.53297 7 5 405 44 185              0
155 0.53297 7 5 405 30 185              0
12 0.53295 2 6 465 39 51                0
9 0.5327 3 5 465 91 100                 0
17 0.53249 3 3 434 10 27                0
7 0.53249 3 3 399 55 62                 0
3 0.53249 3 5 304 30 33                 1
3 0.53249 3 5 300 36 39                 1
3 0.53249 3 5 286 13 16                 1
2 0.53216 2 4 465 90 92                 1
69 0.53213 3 9 405 43 112               0
49 0.53213 3 9 405 43 92                0
83 0.53213 3 9 405 29 112               0
63 0.53213 3 9 405 29 92                0
24 0.53208 8 4 425 92 116               0
10 0.53208 8 4 425 82 92                0
42 0.53208 0 4 425 64 106               0
10 0.53208 0 4 425 64 74                0
34 0.53191 6 4 299 2 36                 0
1 0.53189 3 3 306 1 2                   1
1 0.53189 3 3 301 1 2                   1
35 0.53189 5 3 299 1 36                 0
1 0.53189 3 3 260 1 2                   1
1 0.53189 3 3 240 1 2                   1
2 0.53171 2 12 530 11 13                1
2 0.53171 4 12 530 9 11                 1
3 0.53165 2 8 516 7 10                  1
1 0.53165 4 8 516 6 7                   1
1 0.53164 6 8 515 10 11                 1
1 0.53164 8 8 425 183 184               1
1 0.53164 4 8 425 182 183               1
1 0.53164 6 8 405 164 165               1
2 0.53164 6 8 405 117 119               1
32 0.53164 6 8 405 85 117               0
36 0.53164 6 8 405 83 119               0
2 0.53164 6 8 405 83 85                 1
1 0.53164 6 8 370 148 149               1
2 0.53164 8 8 370 101 103               1
32 0.53164 8 8 370 69 101               0
36 0.53164 8 8 370 67 103               0
2 0.53164 8 8 370 67 69                 1
92 0.53164 8 8 370 9 101                0
58 0.53164 8 8 370 9 67                 0
78 0.53164 10 8 370 7 85                0
1 0.53164 10 8 364 17 18                1
1 0.53164 10 8 357 130 131              1
2 0.53164 6 8 357 83 85                 1
32 0.53164 6 8 357 51 83                0
36 0.53164 6 8 357 49 85                0
2 0.53164 6 8 357 49 51                 1
1 0.53164 6 8 339 23 24                 1
1 0.53164 10 8 328 99 100               1
2 0.53164 6 8 328 52 54                 1
32 0.53164 6 8 328 20 52                0
36 0.53164 6 8 328 18 54                0
2 0.53164 6 8 328 18 20                 1
6 0.53124 8 10 516 8 14                 0
179 0.53069 5 5 425 36 215              0
173 0.53069 5 5 425 36 209              0
167 0.53069 5 5 425 36 203              0
1 0.53043 4 6 426 7 8                   1
1 0.53043 4 6 417 7 8                   1
1 0.53023 11 11 490 4 5                 1
1 0.53005 5 7 454 18 19                 1
1 0.53005 5 7 439 5 6                   1
1 0.53005 5 7 439 4 5                   1
10 0.52941 10 10 514 8 18               0
10 0.52941 10 10 514 7 17               0
2 0.52941 6 10 514 7 9                  1
2 0.52941 6 10 510 7 9                  1
4 0.52941 8 12 510 6 10                 1
2 0.52941 6 10 490 26 28                1
2 0.52941 6 8 490 25 27                 1
2 0.52941 6 8 477 19 21                 1
2 0.52941 4 8 465 104 106               1
4 0.52941 6 10 465 102 106              1
2 0.52941 4 8 465 102 104               1
6 0.52941 6 8 465 100 106               0
2 0.52941 6 10 454 29 31                1
2 0.52941 6 10 452 9 11                 1
2 0.52941 4 10 427 7 9                  1
2 0.52941 6 10 423 38 40                1
2 0.52941 8 10 418 7 9                  1
2 0.52941 8 10 417 5 7                  1
22 0.52941 6 12 405 163 185             0
2 0.52941 4 10 405 162 164              1
10 0.52941 4 8 405 161 171              0
20 0.52941 4 8 405 151 171              0
2 0.52941 4 10 405 135 137              1
4 0.52941 4 10 405 134 138              1
52 0.52941 6 12 405 133 185             0
2 0.52941 4 10 405 132 134              1
14 0.52941 8 12 405 122 136             0
2 0.52941 6 8 405 122 124               1
20 0.52941 8 12 405 116 136             0
8 0.52941 6 8 405 116 124               0
46 0.52941 10 12 405 114 160            0
72 0.52941 4 10 405 113 185             0
12 0.52941 6 8 405 110 122              0
6 0.52941 6 8 405 110 116               0
30 0.52941 10 12 405 109 139            0
22 0.52941 10 12 405 109 131            0
38 0.52941 10 12 405 108 146            0
30 0.52941 8 12 405 106 136             0
18 0.52941 6 8 405 106 124              0
4 0.52941 6 8 405 106 110               1
40 0.52941 8 12 405 96 136              0
28 0.52941 6 8 405 96 124               0
14 0.52941 6 8 405 96 110               0
66 0.52941 10 12 405 94 160             0
92 0.52941 4 10 405 93 185              0
32 0.52941 6 8 405 90 122               0
26 0.52941 6 8 405 90 116               0
16 0.52941 6 8 405 90 106               0
6 0.52941 6 8 405 90 96                 0
48 0.52941 8 12 405 88 136              0
36 0.52941 6 8 405 88 124               0
22 0.52941 6 8 405 88 110               0
2 0.52941 6 8 405 88 90                 1
54 0.52941 8 12 405 82 136              0
42 0.52941 6 8 405 82 124               0
28 0.52941 6 8 405 82 110               0
8 0.52941 6 8 405 82 90                 0
80 0.52941 10 12 405 80 160             0
106 0.52941 4 10 405 79 185             0
86 0.52941 6 12 405 75 161              0
76 0.52941 6 12 405 75 151              0
78 0.52941 4 8 405 74 152               0
76 0.52941 6 12 405 74 150              0
2 0.52941 4 8 405 74 76                 1
66 0.52941 6 10 405 72 138              0
60 0.52941 6 10 405 72 132              0
2 0.52941 6 8 402 23 25                 1
2 0.52941 4 10 399 41 43                1
10 0.52941 4 10 399 33 43               0
10 0.52941 4 8 399 32 42                0
30 0.52941 6 10 399 15 45               0
2 0.52941 4 10 397 12 14                1
12 0.52941 10 12 397 1 13               0
2 0.52941 4 10 389 7 9                  1
4 0.52941 4 8 387 36 40                 1
2 0.52941 4 10 387 34 36                1
2 0.52941 2 8 387 33 35                 1
2 0.52941 2 8 387 18 20                 1
18 0.52941 2 8 387 17 35                0
38 0.52941 8 10 387 2 40                0
32 0.52941 10 12 387 2 34               0
2 0.52941 8 10 387 2 4                  1
34 0.52941 6 10 387 1 35                0
32 0.52941 8 12 387 1 33                0
16 0.52941 8 12 387 1 17                0
2 0.52941 6 10 384 2 4                  1
4 0.52941 6 8 381 39 43                 1
2 0.52941 4 10 381 37 39                1
2 0.52941 2 8 381 1 3                   1
22 0.52941 8 12 370 147 169             0
2 0.52941 6 10 370 146 148              1
10 0.52941 6 8 370 145 155              0
20 0.52941 6 8 370 135 155              0
26 0.52941 6 10 370 119 145             0
16 0.52941 6 10 370 119 135             0
28 0.52941 6 10 370 118 146             0
52 0.52941 8 12 370 117 169             0
2 0.52941 4 8 370 106 108               1
8 0.52941 4 8 370 100 108               0
46 0.52941 10 12 370 98 144             0
72 0.52941 6 10 370 97 169              0
12 0.52941 4 8 370 94 106               0
6 0.52941 4 8 370 94 100                0
22 0.52941 10 12 370 93 115             0
38 0.52941 10 12 370 92 130             0
30 0.52941 10 12 370 92 122             0
18 0.52941 4 8 370 90 108               0
4 0.52941 4 8 370 90 94                 1
28 0.52941 4 8 370 80 108               0
14 0.52941 4 8 370 80 94                0
66 0.52941 10 12 370 78 144             0
92 0.52941 6 10 370 77 169              0
32 0.52941 4 8 370 74 106               0
26 0.52941 4 8 370 74 100               0
16 0.52941 4 8 370 74 90                0
6 0.52941 4 8 370 74 80                 0
36 0.52941 4 8 370 72 108               0
22 0.52941 4 8 370 72 94                0
2 0.52941 4 8 370 72 74                 1
42 0.52941 4 8 370 66 108               0
28 0.52941 4 8 370 66 94                0
8 0.52941 4 8 370 66 74                 0
82 0.52941 6 8 370 54 136               0
80 0.52941 8 12 370 54 134              0
66 0.52941 8 12 370 54 120              0
64 0.52941 8 12 370 52 116              0
118 0.52941 6 10 370 51 169             0
2 0.52941 8 12 370 50 52                1
44 0.52941 10 12 370 49 93              0
136 0.52941 6 12 370 11 147             0
106 0.52941 6 12 370 11 117             0
86 0.52941 4 8 370 11 97                0
66 0.52941 4 8 370 11 77                0
40 0.52941 4 8 370 11 51                0
142 0.52941 8 10 370 3 145              0
132 0.52941 8 10 370 3 135              0
2 0.52941 8 8 368 5 7                   1
2 0.52941 4 10 364 15 17                1
10 0.52941 4 8 364 14 24                0
20 0.52941 4 8 364 4 24                 0
4 0.52941 6 8 363 37 41                 1
2 0.52941 4 10 363 35 37                1
2 0.52941 4 10 357 128 130              1
10 0.52941 4 8 357 127 137              0
20 0.52941 4 8 357 117 137              0
38 0.52941 6 12 357 113 151             0
2 0.52941 4 10 357 101 103              1
12 0.52941 4 10 357 100 112             0
4 0.52941 4 10 357 100 104              1
52 0.52941 6 12 357 99 151              0
2 0.52941 4 10 357 98 100               1
38 0.52941 6 12 357 89 127              0
28 0.52941 6 12 357 89 117              0
30 0.52941 4 8 357 88 118               0
28 0.52941 6 12 357 88 116              0
14 0.52941 6 12 357 88 102              0
2 0.52941 4 8 357 88 90                 1
44 0.52941 6 10 357 83 127              0
34 0.52941 6 10 357 83 117              0
36 0.52941 4 8 357 82 118               0
34 0.52941 6 12 357 82 116              0
20 0.52941 6 12 357 82 102              0
8 0.52941 4 8 357 82 90                 0
46 0.52941 6 12 357 81 127              0
36 0.52941 6 12 357 81 117              0
72 0.52941 4 10 357 79 151              0
12 0.52941 4 8 357 76 88                0
6 0.52941 4 8 357 76 82                 0
36 0.52941 10 12 357 75 111             0
30 0.52941 10 12 357 75 105             0
22 0.52941 10 12 357 75 97              0
46 0.52941 4 8 357 72 118               0
44 0.52941 6 12 357 72 116              0
30 0.52941 6 12 357 72 102              0
18 0.52941 4 8 357 72 90                0
4 0.52941 4 8 357 72 76                 1
56 0.52941 4 8 357 62 118               0
54 0.52941 6 12 357 62 116              0
40 0.52941 6 12 357 62 102              0
28 0.52941 4 8 357 62 90                0
14 0.52941 4 8 357 62 76                0
66 0.52941 6 12 357 61 127              0
56 0.52941 6 12 357 61 117              0
92 0.52941 4 10 357 59 151              0
32 0.52941 4 8 357 56 88                0
26 0.52941 4 8 357 56 82                0
16 0.52941 4 8 357 56 72                0
6 0.52941 4 8 357 56 62                 0
72 0.52941 6 12 357 55 127              0
62 0.52941 6 12 357 55 117              0
64 0.52941 4 8 357 54 118               0
62 0.52941 6 12 357 54 116              0
48 0.52941 6 12 357 54 102              0
36 0.52941 4 8 357 54 90                0
22 0.52941 4 8 357 54 76                0
2 0.52941 4 8 357 54 56                 1
78 0.52941 6 10 357 49 127              0
68 0.52941 6 10 357 49 117              0
70 0.52941 4 8 357 48 118               0
68 0.52941 6 12 357 48 116              0
54 0.52941 6 12 357 48 102              0
42 0.52941 4 8 357 48 90                0
28 0.52941 4 8 357 48 76                0
8 0.52941 4 8 357 48 56                 0
78 0.52941 6 12 357 34 112              0
70 0.52941 6 12 357 34 104              0
64 0.52941 6 12 357 34 98               0
118 0.52941 4 10 357 33 151             0
68 0.52941 4 10 357 32 100              0
2 0.52941 6 12 357 32 34                1
44 0.52941 10 12 357 31 75              0
110 0.52941 6 10 357 2 112              0
102 0.52941 6 10 357 2 104              0
96 0.52941 6 10 357 2 98                0
30 0.52941 6 10 357 2 32                0
112 0.52941 6 12 357 1 113              0
98 0.52941 6 12 357 1 99                0
78 0.52941 4 8 357 1 79                 0
58 0.52941 4 8 357 1 59                 0
32 0.52941 4 8 357 1 33                 0
2 0.52941 6 10 356 4 6                  1
4 0.52941 4 8 355 39 43                 1
2 0.52941 6 10 355 37 39                1
36 0.52941 4 8 355 4 40                 0
40 0.52941 4 8 355 3 43                 0
34 0.52941 6 10 355 3 37                0
36 0.52941 4 8 355 2 38                 0
38 0.52941 4 8 355 1 39                 0
2 0.52941 4 8 355 1 3                   1
2 0.52941 4 10 349 13 15                1
12 0.52941 10 12 349 2 14               0
14 0.52941 8 12 349 1 15                0
22 0.52941 8 12 339 22 44               0
2 0.52941 6 10 339 21 23                1
10 0.52941 6 8 339 20 30                0
20 0.52941 6 8 339 10 30                0
18 0.52941 10 12 339 2 20               0
8 0.52941 10 12 339 2 10                0
10 0.52941 6 8 339 1 11                 0
8 0.52941 8 12 339 1 9                  0
2 0.52941 6 8 339 1 3                   1
2 0.52941 8 8 338 1 3                   1
2 0.52941 4 10 335 12 14                1
4 0.52941 6 8 331 38 42                 1
2 0.52941 4 10 331 36 38                1
2 0.52941 4 10 328 97 99                1
10 0.52941 4 8 328 96 106               0
20 0.52941 4 8 328 86 106               0
38 0.52941 6 12 328 82 120              0
2 0.52941 4 10 328 70 72                1
12 0.52941 4 10 328 69 81               0
4 0.52941 4 10 328 69 73                1
52 0.52941 6 12 328 68 120              0
2 0.52941 4 10 328 67 69                1
38 0.52941 6 12 328 58 96               0
28 0.52941 6 12 328 58 86               0
30 0.52941 4 8 328 57 87                0
28 0.52941 6 12 328 57 85               0
14 0.52941 6 12 328 57 71               0
2 0.52941 4 8 328 57 59                 1
44 0.52941 6 10 328 52 96               0
34 0.52941 6 10 328 52 86               0
36 0.52941 4 8 328 51 87                0
34 0.52941 6 12 328 51 85               0
20 0.52941 6 12 328 51 71               0
8 0.52941 4 8 328 51 59                 0
46 0.52941 6 12 328 50 96               0
36 0.52941 6 12 328 50 86               0
72 0.52941 4 10 328 48 120              0
12 0.52941 4 8 328 45 57                0
6 0.52941 4 8 328 45 51                 0
36 0.52941 10 12 328 44 80              0
30 0.52941 10 12 328 44 74              0
22 0.52941 10 12 328 44 66              0
46 0.52941 4 8 328 41 87                0
44 0.52941 6 12 328 41 85               0
30 0.52941 6 12 328 41 71               0
18 0.52941 4 8 328 41 59                0
4 0.52941 4 8 328 41 45                 1
56 0.52941 4 8 328 31 87                0
54 0.52941 6 12 328 31 85               0
40 0.52941 6 12 328 31 71               0
28 0.52941 4 8 328 31 59                0
14 0.52941 4 8 328 31 45                0
66 0.52941 6 12 328 30 96               0
56 0.52941 6 12 328 30 86               0
92 0.52941 4 10 328 28 120              0
32 0.52941 4 8 328 25 57                0
26 0.52941 4 8 328 25 51                0
16 0.52941 4 8 328 25 41                0
6 0.52941 4 8 328 25 31                 0
72 0.52941 6 12 328 24 96               0
62 0.52941 6 12 328 24 86               0
64 0.52941 4 8 328 23 87                0
62 0.52941 6 12 328 23 85               0
48 0.52941 6 12 328 23 71               0
36 0.52941 4 8 328 23 59                0
22 0.52941 4 8 328 23 45                0
2 0.52941 4 8 328 23 25                 1
78 0.52941 6 10 328 18 96               0
68 0.52941 6 10 328 18 86               0
70 0.52941 4 8 328 17 87                0
68 0.52941 6 12 328 17 85               0
54 0.52941 6 12 328 17 71               0
42 0.52941 4 8 328 17 59                0
28 0.52941 4 8 328 17 45                0
8 0.52941 4 8 328 17 25                 0
78 0.52941 6 12 328 3 81                0
70 0.52941 6 12 328 3 73                0
64 0.52941 6 12 328 3 67                0
118 0.52941 4 10 328 2 120              0
68 0.52941 4 10 328 1 69                0
2 0.52941 6 12 328 1 3                  1
2 0.52941 4 10 323 12 14                1
2 0.52941 4 8 304 11 13                 1
2 0.52941 6 10 299 17 19                1
2 0.52941 6 10 289 31 33                1
2 0.52941 6 10 287 31 33                1
2 0.52941 6 10 231 30 32                1
1 0.52913 3 7 530 66 67                 1
1 0.52907 3 7 530 44 45                 1
2 0.52907 6 10 530 30 32                1
21 0.52885 3 3 479 5 26                 0
1 0.52882 8 12 530 78 79                1
4 0.52806 4 6 483 12 16                 1
4 0.52803 8 12 516 8 12                 1
8 0.52803 8 12 516 6 14                 0
2 0.52795 6 10 439 5 7                  1
2 0.52781 6 10 506 9 11                 1
1 0.52774 3 5 465 90 91                 1
2 0.52774 10 10 439 6 8                 1
4 0.52774 10 10 439 4 8                 1
23 0.52774 1 9 370 29 52                0
1 0.52724 5 7 293 8 9                   1
3 0.52721 5 11 530 8 11                 1
4 0.52704 4 8 504 15 19                 1
1 0.52692 3 5 465 61 62                 1
1 0.52692 3 5 465 59 60                 1
1 0.52658 3 7 440 6 7                   1
3 0.52637 5 7 439 3 6                   1
3 0.52637 5 7 439 2 5                   1
1 0.52632 5 5 516 47 48                 1
1 0.52632 5 5 514 49 50                 1
1 0.52632 3 3 513 36 37                 1
2 0.52632 4 10 492 11 13                1
1 0.52632 5 5 488 36 37                 1
1 0.52632 3 5 484 9 10                  1
1 0.52632 5 5 482 27 28                 1
1 0.52632 3 3 479 28 29                 1
1 0.52632 5 5 477 41 42                 1
1 0.52632 6 10 477 18 19                1
1 0.52632 7 5 475 20 21                 1
1 0.52632 5 5 472 20 21                 1
1 0.52632 5 5 457 12 13                 1
1 0.52632 5 5 456 5 6                   1
1 0.52632 7 5 452 30 31                 1
1 0.52632 5 5 450 18 19                 1
1 0.52632 5 5 445 8 9                   1
3 0.52632 5 7 445 6 9                   1
5 0.52632 7 7 445 4 9                   0
1 0.52632 5 5 443 8 9                   1
1 0.52632 5 5 442 14 15                 1
1 0.52632 7 5 441 18 19                 1
1 0.52632 6 10 440 3 4                  1
1 0.52632 3 9 440 2 3                   1
1 0.52632 6 10 439 19 20                1
1 0.52632 7 5 437 35 36                 1
1 0.52632 5 5 436 31 32                 1
1 0.52632 5 5 434 29 30                 1
1 0.52632 3 5 428 32 33                 1
1 0.52632 5 5 427 30 31                 1
2 0.52632 10 10 425 182 184             1
1 0.52632 8 10 425 25 26                1
1 0.52632 5 5 422 18 19                 1
1 0.52632 5 5 418 60 61                 1
1 0.52632 5 5 417 75 76                 1
2 0.52632 6 10 405 171 173              1
2 0.52632 8 12 405 165 167              1
3 0.52632 8 12 405 164 167              1
9 0.52632 8 10 405 114 123              0
1 0.52632 8 10 405 114 115              1
1 0.52632 8 10 405 108 109              1
1 0.52632 8 10 405 100 101              1
19 0.52632 8 10 405 95 114              0
29 0.52632 8 10 405 94 123              0
21 0.52632 8 10 405 94 115              0
1 0.52632 8 10 405 94 95                1
25 0.52632 8 10 405 89 114              0
5 0.52632 8 10 405 89 94                0
35 0.52632 10 10 405 84 119             0
33 0.52632 8 10 405 84 117              0
1 0.52632 10 10 405 84 85               1
1 0.52632 8 10 405 83 84                1
33 0.52632 8 10 405 81 114              0
13 0.52632 8 10 405 81 94               0
43 0.52632 8 10 405 80 123              0
35 0.52632 8 10 405 80 115              0
15 0.52632 8 10 405 80 95               0
9 0.52632 8 10 405 80 89                0
1 0.52632 8 10 405 80 81                1
1 0.52632 8 10 405 58 59                1
1 0.52632 8 10 405 55 56                1
1 0.52632 8 10 405 52 53                1
1 0.52632 8 10 405 47 48                1
1 0.52632 8 10 405 44 45                1
13 0.52632 8 10 405 42 55               0
15 0.52632 8 10 405 41 56               0
1 0.52632 8 10 405 41 42                1
13 0.52632 8 10 405 39 52               0
15 0.52632 8 10 405 38 53               0
1 0.52632 8 10 405 38 39                1
13 0.52632 8 10 405 34 47               0
15 0.52632 8 10 405 33 48               0
1 0.52632 8 10 405 33 34                1
13 0.52632 8 10 405 31 44               0
15 0.52632 8 10 405 30 45               0
1 0.52632 8 10 405 30 31                1
27 0.52632 8 10 405 28 55               0
13 0.52632 8 10 405 28 41               0
33 0.52632 8 10 405 26 59               0
33 0.52632 8 10 405 25 58               0
1 0.52632 8 10 405 25 26                1
27 0.52632 8 10 405 21 48               0
13 0.52632 8 10 405 21 34               0
27 0.52632 8 10 405 20 47               0
13 0.52632 8 10 405 20 33               0
1 0.52632 8 10 405 20 21                1
5 0.52632 8 10 405 18 23                0
1 0.52632 8 10 405 17 18                1
43 0.52632 8 10 405 15 58               0
11 0.52632 8 10 405 15 26               0
43 0.52632 8 10 405 10 53               0
29 0.52632 8 10 405 10 39               0
43 0.52632 8 10 405 9 52                0
29 0.52632 8 10 405 9 38                0
1 0.52632 8 10 405 9 10                 1
49 0.52632 8 10 405 7 56                0
35 0.52632 8 10 405 7 42                0
21 0.52632 8 10 405 7 28                0
49 0.52632 8 10 405 6 55                0
35 0.52632 8 10 405 6 41                0
1 0.52632 8 10 405 6 7                  1
1 0.52632 5 5 404 5 6                   1
1 0.52632 6 10 402 18 19                1
1 0.52632 5 9 402 16 17                 1
1 0.52632 5 5 401 14 15                 1
1 0.52632 1 1 393 5 6                   1
1 0.52632 1 1 391 3 4                   1
1 0.52632 7 5 384 16 17                 1
1 0.52632 1 1 379 3 4                   1
1 0.52632 1 1 378 3 4                   1
1 0.52632 5 5 374 17 18                 1
1 0.52632 5 5 372 6 7                   1
2 0.52632 8 10 370 155 157              1
2 0.52632 8 12 370 149 151              1
3 0.52632 6 12 370 148 151              1
9 0.52632 8 10 370 98 107               0
1 0.52632 8 10 370 98 99                1
1 0.52632 8 10 370 92 93                1
1 0.52632 10 10 370 84 85               1
19 0.52632 8 10 370 79 98               0
29 0.52632 8 10 370 78 107              0
21 0.52632 8 10 370 78 99               0
1 0.52632 8 10 370 78 79                1
25 0.52632 8 10 370 73 98               0
5 0.52632 8 10 370 73 78                0
35 0.52632 10 10 370 68 103             0
33 0.52632 8 10 370 68 101              0
1 0.52632 10 10 370 68 69               1
1 0.52632 8 10 370 67 68                1
2 0.52632 6 10 370 26 28                1
85 0.52632 8 10 370 13 98               0
65 0.52632 8 10 370 13 78               0
59 0.52632 10 10 370 9 68               0
77 0.52632 6 12 370 7 84                0
1 0.52632 5 5 365 7 8                   1
2 0.52632 10 10 364 24 26               1
2 0.52632 8 12 364 18 20                1
3 0.52632 6 12 364 17 20                1
2 0.52632 10 10 357 137 139             1
2 0.52632 8 12 357 131 133              1
3 0.52632 6 12 357 130 133              1
9 0.52632 8 10 357 80 89                0
1 0.52632 8 10 357 80 81                1
1 0.52632 8 10 357 74 75                1
1 0.52632 8 10 357 66 67                1
19 0.52632 8 10 357 61 80               0
29 0.52632 8 10 357 60 89               0
21 0.52632 8 10 357 60 81               0
1 0.52632 8 10 357 60 61                1
25 0.52632 8 10 357 55 80               0
5 0.52632 8 10 357 55 60                0
35 0.52632 10 10 357 50 85              0
33 0.52632 8 10 357 50 83               0
1 0.52632 10 10 357 50 51               1
1 0.52632 8 10 357 49 50                1
27 0.52632 6 12 357 8 35                0
33 0.52632 6 12 357 4 37                0
34 0.52632 12 14 357 3 37               0
1 0.52632 1 1 353 4 5                   1
2 0.52632 10 10 348 11 13               1
1 0.52632 3 3 341 4 5                   1
1 0.52632 5 5 340 31 32                 1
2 0.52632 8 10 339 30 32                1
2 0.52632 8 12 339 24 26                1
3 0.52632 6 12 339 23 26                1
1 0.52632 5 5 338 18 19                 1
1 0.52632 5 5 333 6 7                   1
1 0.52632 3 3 329 40 41                 1
2 0.52632 10 10 328 106 108             1
2 0.52632 8 12 328 100 102              1
3 0.52632 6 12 328 99 102               1
9 0.52632 8 10 328 49 58                0
1 0.52632 8 10 328 49 50                1
1 0.52632 8 10 328 43 44                1
1 0.52632 8 10 328 35 36                1
19 0.52632 8 10 328 30 49               0
29 0.52632 8 10 328 29 58               0
21 0.52632 8 10 328 29 50               0
1 0.52632 8 10 328 29 30                1
25 0.52632 8 10 328 24 49               0
5 0.52632 8 10 328 24 29                0
35 0.52632 10 10 328 19 54              0
33 0.52632 8 10 328 19 52               0
1 0.52632 10 10 328 19 20               1
1 0.52632 8 10 328 18 19                1
1 0.52632 3 5 322 7 8                   1
1 0.52632 5 5 321 33 34                 1
1 0.52632 5 5 305 89 90                 1
1 0.52632 5 5 304 42 43                 1
1 0.52632 5 5 300 48 49                 1
1 0.52632 5 5 299 46 47                 1
1 0.52632 8 8 293 16 17                 1
1 0.52632 4 8 293 11 12                 1
1 0.52632 5 5 292 12 13                 1
1 0.52632 5 5 289 60 61                 1
1 0.52632 5 5 287 60 61                 1
1 0.52632 5 5 286 25 26                 1
1 0.52632 5 5 280 2 3                   1
1 0.52632 3 5 275 4 5                   1
1 0.52632 5 5 270 9 10                  1
1 0.52632 5 5 261 2 3                   1
1 0.52632 3 5 254 15 16                 1
1 0.52632 5 5 248 7 8                   1
1 0.52632 3 5 243 4 5                   1
1 0.52632 5 5 239 19 20                 1
1 0.52632 1 1 237 4 5                   1
1 0.52632 3 5 232 10 11                 1
1 0.52632 5 5 231 59 60                 1
1 0.52632 5 5 230 26 27                 1
1 0.52632 5 5 222 6 7                   1
1 0.52632 5 5 217 20 21                 1
1 0.52632 5 5 208 4 5                   1
1 0.52632 5 5 204 18 19                 1
1 0.52632 1 1 197 3 4                   1
1 0.52632 3 5 194 4 5                   1
1 0.52632 5 5 192 5 6                   1
1 0.52632 7 5 189 3 4                   1
1 0.52632 3 5 187 9 10                  1
1 0.52632 5 5 185 7 8                   1
1 0.52632 5 5 181 11 12                 1
1 0.52632 3 5 178 3 4                   1
1 0.52632 5 5 177 8 9                   1
1 0.52632 3 3 164 2 3                   1
1 0.52632 3 3 154 2 3                   1
1 0.52632 1 1 146 4 5                   1
1 0.52632 3 3 141 2 3                   1
1 0.52632 1 1 136 5 6                   1
1 0.52632 5 5 131 2 3                   1
1 0.52632 1 1 129 5 6                   1
1 0.52632 3 3 128 3 4                   1
1 0.52632 3 3 127 2 3                   1
1 0.52632 7 7 123 1 2                   1
1 0.52632 5 5 120 8 9                   1
1 0.52632 3 5 117 4 5                   1
1 0.52632 5 5 116 6 7                   1
1 0.52632 1 1 115 6 7                   1
1 0.52632 5 5 113 2 3                   1
1 0.52632 7 7 111 1 2                   1
1 0.52632 5 5 109 3 4                   1
1 0.52632 5 5 108 4 5                   1
3 0.52632 5 5 107 2 5                   1
1 0.52632 5 5 104 2 3                   1
1 0.52632 5 5 103 6 7                   1
1 0.52632 1 1 102 13 14                 1
1 0.52632 5 5 101 15 16                 1
1 0.52632 3 3 95 2 3                    1
1 0.52632 5 5 94 2 3                    1
1 0.52632 3 3 92 2 3                    1
1 0.52632 7 7 89 1 2                    1
1 0.52632 5 5 88 2 3                    1
1 0.52632 3 5 87 2 3                    1
1 0.52632 5 5 86 4 5                    1
1 0.52632 1 1 84 7 8                    1
1 0.52632 1 1 83 11 12                  1
1 0.52632 1 1 79 7 8                    1
1 0.52632 1 1 78 5 6                    1
1 0.52632 3 3 77 4 5                    1
1 0.52632 5 5 75 9 10                   1
1 0.52632 1 1 74 9 10                   1
1 0.52632 3 5 73 2 3                    1
1 0.52632 1 1 70 4 5                    1
1 0.52632 5 5 66 1 2                    1
1 0.52632 7 5 60 1 2                    1
1 0.52632 3 3 58 3 4                    1
1 0.52632 1 1 57 4 5                    1
1 0.52632 3 3 56 2 3                    1
1 0.52632 5 5 54 1 2                    1
1 0.52632 5 5 53 1 2                    1
1 0.52632 5 5 52 1 2                    1
1 0.52632 1 1 50 5 6                    1
1 0.52632 5 5 49 7 8                    1
1 0.52632 5 5 48 1 2                    1
3 0.52632 5 5 47 1 4                    1
1 0.52632 1 1 46 3 4                    1
1 0.52632 3 5 45 3 4                    1
1 0.52632 5 5 44 5 6                    1
1 0.52632 5 5 42 1 2                    1
1 0.52632 5 5 41 1 2                    1
1 0.52632 5 5 40 1 2                    1
1 0.52632 5 5 37 2 3                    1
1 0.52632 5 5 36 3 4                    1
1 0.52632 5 5 35 1 2                    1
1 0.52632 1 1 33 3 4                    1
1 0.52632 3 3 32 3 4                    1
1 0.52632 1 1 31 6 7                    1
1 0.52632 1 1 29 2 3                    1
1 0.52632 3 3 28 1 2                    1
1 0.52632 3 3 26 2 3                    1
1 0.52632 3 3 25 2 3                    1
1 0.52632 5 5 23 1 2                    1
1 0.52632 3 5 20 2 3                    1
1 0.52632 1 1 19 4 5                    1
1 0.52632 5 5 17 1 2                    1
1 0.52632 3 3 16 1 2                    1
1 0.52632 1 1 14 2 3                    1
1 0.52632 3 3 13 1 2                    1
1 0.52632 3 3 11 1 2                    1
1 0.52632 5 5 9 1 2                     1
1 0.52632 3 5 7 1 2                     1
1 0.52614 5 7 530 64 65                 1
2 0.52601 2 12 530 29 31                1
2 0.52601 2 12 530 13 15                1
2 0.52601 2 12 530 12 14                1
28 0.52593 6 4 465 45 73                0
1 0.52586 4 6 357 11 12                 1
26 0.52584 2 4 465 79 105               0
1 0.52523 11 15 530 20 21               1
8 0.525 2 4 479 15 23                   0
2 0.525 2 4 434 24 26                   1
2 0.525 2 4 387 69 71                   1
2 0.525 2 4 381 72 74                   1
2 0.525 2 4 363 70 72                   1
2 0.525 2 4 356 15 17                   1
2 0.525 2 4 355 72 74                   1
2 0.525 2 4 331 71 73                   1
2 0.52487 6 12 516 12 14                1
4 0.52487 6 12 516 10 14                1
3 0.52487 6 12 516 10 13                1
4 0.52487 6 12 516 9 13                 1
5 0.52487 8 12 516 8 13                 0
7 0.52487 8 12 516 6 13                 0
4 0.52487 4 12 516 6 10                 1
1 0.52487 8 12 454 3 4                  1
68 0.52478 6 4 405 44 112               0
48 0.52478 6 4 405 44 92                0
82 0.52478 6 4 405 30 112               0
62 0.52478 6 4 405 30 92                0
1 0.52448 2 6 417 9 10                  1
1 0.52448 2 6 417 8 9                   1
2 0.52445 6 10 530 24 26                1
16 0.5241 6 4 434 11 27                 0
4 0.52381 6 14 506 7 11                 1
2 0.52381 8 14 454 1 3                  1
4 0.52381 6 12 439 3 7                  1
2 0.52381 6 8 402 14 16                 1
2 0.52381 6 6 385 6 8                   1
9 0.52381 4 4 383 5 14                  0
1 0.52381 4 4 377 1 2                   1
2 0.52381 6 12 357 8 10                 1
3 0.52381 4 4 332 6 9                   1
6 0.52363 2 4 465 54 60                 0
6 0.52326 4 6 465 95 101                0
1 0.52326 9 9 425 21 22                 1
1 0.52317 3 5 465 97 98                 1
1 0.52317 3 5 465 94 95                 1
11 0.52317 3 5 465 92 103               0
7 0.52317 3 5 465 92 99                 0
13 0.52317 3 5 465 90 103               0
7 0.52317 3 5 465 90 97                 0
14 0.52273 4 6 465 90 104               0
5 0.52273 1 1 102 5 10                  0
5 0.52273 3 1 101 7 12                  0
3 0.52273 1 1 101 7 10                  1
5 0.52273 1 1 83 3 8                    0
8 0.52184 2 2 415 37 45                 0
34 0.52184 2 2 299 1 35                 0
2 0.52174 10 16 516 16 18               1
3 0.52174 8 14 516 9 12                 1
2 0.52174 6 14 516 8 10                 1
4 0.52174 6 16 516 7 11                 1
6 0.52174 8 14 516 6 12                 0
9 0.52173 3 5 465 93 102                0
1 0.52161 5 7 530 65 66                 1
2 0.52153 2 4 465 96 98                 1
6 0.52153 2 4 465 82 88                 0
6 0.52153 2 4 465 80 86                 0
1 0.52142 10 12 530 69 70               1
4 0.52137 4 6 167 4 8                   1
9 0.52127 5 13 530 9 18                 0
1 0.52068 5 7 514 14 15                 1
3 0.52068 5 7 465 101 104               1
8 0.52068 2 4 465 93 101                0
6 0.52068 4 4 465 89 95                 0
20 0.52068 4 4 465 81 101               0
1 0.52068 5 7 425 180 181               1
1 0.52068 5 7 425 162 163               1
1 0.52068 3 7 425 161 162               1
1 0.52068 3 7 425 116 117               1
1 0.52068 3 7 425 81 82                 1
1 0.52068 7 7 425 80 81                 1
19 0.52068 7 7 425 62 81                0
1 0.52068 7 7 418 45 46                 1
1 0.52068 5 7 417 55 56                 1
1 0.52068 9 7 405 196 197               1
1 0.52068 5 7 405 174 175               1
1 0.52068 5 7 405 169 170               1
1 0.52068 3 7 405 168 169               1
43 0.52068 3 7 405 70 113               0
23 0.52068 3 7 405 70 93                0
9 0.52068 3 7 405 70 79                 0
49 0.52068 3 7 405 64 113               0
29 0.52068 3 7 405 64 93                0
15 0.52068 3 7 405 64 79                0
91 0.52068 3 7 405 61 152               0
15 0.52068 3 7 405 61 76                0
110 0.52068 6 6 405 60 170              0
15 0.52068 3 7 405 46 61                0
27 0.52068 3 7 405 43 70                0
21 0.52068 3 7 405 43 64                0
29 0.52068 3 7 405 32 61                0
41 0.52068 3 7 405 29 70                0
35 0.52068 3 7 405 29 64                0
39 0.52068 3 7 405 22 61                0
156 0.52068 6 6 405 14 170              0
37 0.52068 3 7 405 12 49                0
23 0.52068 3 7 405 12 35                0
7 0.52068 3 7 405 12 19                 0
151 0.52068 3 7 405 1 152               0
75 0.52068 3 7 405 1 76                 0
45 0.52068 3 7 405 1 46                 0
31 0.52068 3 7 405 1 32                 0
21 0.52068 3 7 405 1 22                 0
1 0.52068 5 7 402 25 26                 1
1 0.52068 5 7 400 10 11                 1
1 0.52068 5 7 399 43 44                 1
1 0.52068 5 7 399 42 43                 1
1 0.52068 5 7 397 14 15                 1
1 0.52068 3 7 397 13 14                 1
1 0.52068 5 7 387 36 37                 1
1 0.52068 3 7 387 35 36                 1
1 0.52068 5 7 387 19 20                 1
1 0.52068 5 7 387 18 19                 1
1 0.52068 9 7 386 14 15                 1
1 0.52068 3 7 384 2 3                   1
1 0.52068 7 7 383 10 11                 1
1 0.52068 5 7 381 39 40                 1
1 0.52068 5 7 381 38 39                 1
1 0.52068 7 7 370 180 181               1
1 0.52068 7 7 370 158 159               1
1 0.52068 3 7 370 153 154               1
1 0.52068 3 7 370 152 153               1
135 0.52068 7 7 370 1 136               0
1 0.52068 7 7 364 49 50                 1
1 0.52068 3 7 364 28 29                 1
1 0.52068 7 7 364 27 28                 1
1 0.52068 3 7 364 22 23                 1
1 0.52068 3 7 364 21 22                 1
1 0.52068 5 7 363 37 38                 1
1 0.52068 5 7 363 36 37                 1
1 0.52068 7 7 357 162 163               1
1 0.52068 3 7 357 141 142               1
1 0.52068 7 7 357 140 141               1
1 0.52068 3 7 357 135 136               1
1 0.52068 3 7 357 134 135               1
1 0.52068 5 7 355 39 40                 1
1 0.52068 3 7 355 38 39                 1
37 0.52068 5 7 355 3 40                 0
35 0.52068 3 7 355 3 38                 0
1 0.52068 5 7 351 9 10                  1
1 0.52068 5 7 349 15 16                 1
1 0.52068 3 7 349 14 15                 1
1 0.52068 3 7 348 15 16                 1
1 0.52068 7 7 348 14 15                 1
1 0.52068 3 7 348 9 10                  1
1 0.52068 3 7 348 8 9                   1
1 0.52068 7 7 339 55 56                 1
1 0.52068 7 7 339 33 34                 1
1 0.52068 3 7 339 28 29                 1
1 0.52068 3 7 339 27 28                 1
1 0.52068 7 7 335 11 12                 1
1 0.52068 5 7 331 38 39                 1
1 0.52068 5 7 331 37 38                 1
1 0.52068 7 7 328 131 132               1
1 0.52068 3 7 328 110 111               1
1 0.52068 7 7 328 109 110               1
1 0.52068 3 7 328 104 105               1
1 0.52068 3 7 328 103 104               1
1 0.52068 7 7 327 4 5                   1
1 0.52068 9 7 323 11 12                 1
3 0.52068 5 7 304 6 9                   1
1 0.52068 5 7 304 6 7                   1
1 0.52068 3 7 293 18 19                 1
1 0.52068 3 7 293 9 10                  1
1 0.52068 3 7 293 7 8                   1
1 0.52068 9 7 293 6 7                   1
1 0.52068 9 7 293 3 4                   1
1 0.52051 3 5 465 33 34                 1
1 0.52036 7 7 427 4 5                   1
1 0.52036 7 7 427 3 4                   1
15 0.52036 5 7 405 59 74                0
129 0.52036 7 7 405 56 185              0
143 0.52036 7 7 405 42 185              0
157 0.52036 7 7 405 28 185              0
49 0.52036 5 7 405 25 74                0
51 0.52036 7 7 405 23 74                0
57 0.52036 7 7 405 17 74                0
59 0.52036 5 7 405 15 74                0
179 0.52036 7 7 405 6 185               0
1 0.52036 3 7 389 8 9                   1
2 0.52027 4 8 530 75 77                 1
2 0.52027 4 8 423 2 4                   1
27 0.52006 7 5 465 43 70                0
7 0.52 2 2 530 114 121                  0
7 0.52 2 2 530 113 120                  0
2 0.52 4 12 530 34 36                   1
6 0.52 6 12 530 26 32                   0
6 0.52 6 12 530 11 17                   0
1 0.52 4 2 516 46 47                    1
3 0.52 2 2 516 44 47                    1
11 0.52 2 2 516 36 47                   0
1 0.52 2 6 515 30 31                    1
2 0.52 4 6 515 29 31                    1
7 0.52 2 2 514 40 47                    0
1 0.52 2 6 513 35 36                    1
2 0.52 4 6 513 34 36                    1
7 0.52 2 2 488 27 34                    0
7 0.52 2 2 482 17 24                    0
1 0.52 4 2 477 40 41                    1
3 0.52 2 2 477 38 41                    1
11 0.52 2 2 477 30 41                   0
1 0.52 4 2 452 29 30                    1
3 0.52 6 2 437 32 35                    1
1 0.52 2 2 428 29 30                    1
3 0.52 2 2 428 27 30                    1
3 0.52 2 2 427 27 30                    1
16 0.52 2 4 423 40 56                   0
2 0.52 4 6 415 54 56                    1
1 0.52 4 2 401 13 14                    1
1 0.52 4 2 348 62 63                    1
1 0.52 4 2 347 12 13                    1
1 0.52 4 2 338 17 18                    1
3 0.52 2 2 338 15 18                    1
1 0.52 2 2 337 7 8                      1
38 0.52 2 4 334 1 39                    0
2 0.52 4 6 329 38 40                    1
2 0.52 4 6 327 12 14                    1
3 0.52 6 2 321 30 33                    1
11 0.52 2 2 321 22 33                   0
1 0.52 2 2 304 41 42                    1
1 0.52 2 2 300 47 48                    1
1 0.52 2 2 286 24 25                    1
1 0.52 2 2 270 8 9                      1
4 0.52 4 4 269 4 8                      1
3 0.52 2 2 269 4 7                      1
3 0.52 2 2 254 10 13                    1
1 0.52 2 2 248 6 7                      1
1 0.52 4 2 230 25 26                    1
3 0.52 2 2 222 3 6                      1
1 0.52 2 2 220 5 6                      1
4 0.52 4 4 203 3 7                      1
3 0.52 2 2 203 3 6                      1
4 0.52 4 4 186 2 6                      1
3 0.52 2 2 186 2 5                      1
1 0.52 4 2 185 6 7                      1
1 0.52 2 2 177 7 8                      1
73 0.51981 7 7 405 65 138               0
67 0.51981 7 7 405 65 132               0
101 0.51981 7 7 405 60 161              0
91 0.51981 7 7 405 60 151               0
147 0.51981 7 7 405 14 161              0
137 0.51981 7 7 405 14 151              0
135 0.51981 9 7 405 11 146              0
135 0.51981 7 7 405 3 138               0
129 0.51981 7 7 405 3 132               0
1 0.51915 7 9 439 3 4                   1
1 0.51915 5 9 439 2 3                   1
12 0.51906 2 6 465 33 45                0
1 0.51886 7 11 490 11 12                1
7 0.5188 2 2 530 108 115                0
7 0.5188 2 2 516 32 39                  0
13 0.5188 2 2 514 24 37                 0
15 0.5188 2 2 514 23 38                 0
2 0.5188 2 4 513 33 35                  1
3 0.5188 2 2 510 49 52                  1
3 0.5188 2 2 488 30 33                  1
7 0.5188 2 2 477 26 33                  0
27 0.5188 2 2 467 107 134               0
27 0.5188 4 2 467 106 133               0
15 0.5188 2 2 467 95 110                0
3 0.5188 2 2 419 12 15                  1
7 0.5188 2 2 371 9 16                   0
3 0.5188 2 2 340 24 27                  1
7 0.5188 2 2 321 23 30                  0
3 0.5188 2 2 321 19 22                  1
1 0.51852 7 7 530 138 139               1
1 0.51852 5 7 530 137 138               1
1 0.51852 5 7 530 135 136               1
3 0.51852 9 11 530 132 135              1
1 0.51852 5 7 530 132 133               1
1 0.51852 3 7 530 130 131               1
1 0.51852 5 7 530 129 130               1
1 0.51852 5 7 516 42 43                 1
1 0.51852 3 7 516 41 42                 1
1 0.51852 5 7 516 40 41                 1
1 0.51852 5 7 516 39 40                 1
1 0.51852 7 7 515 22 23                 1
1 0.51852 5 7 515 21 22                 1
1 0.51852 5 7 515 19 20                 1
1 0.51852 5 7 515 18 19                 1
1 0.51852 7 7 514 39 40                 1
1 0.51852 5 7 514 38 39                 1
1 0.51852 5 7 514 36 37                 1
1 0.51852 5 7 514 35 36                 1
1 0.51852 5 7 513 28 29                 1
1 0.51852 5 7 513 27 28                 1
5 0.51852 7 7 513 25 30                 0
1 0.51852 9 7 513 25 26                 1
1 0.51852 5 7 511 5 6                   1
1 0.51852 9 7 510 54 55                 1
1 0.51852 5 5 510 53 54                 1
1 0.51852 5 7 510 46 47                 1
5 0.51852 5 7 509 30 35                 0
1 0.51852 7 7 508 47 48                 1
1 0.51852 5 7 508 46 47                 1
1 0.51852 5 7 508 44 45                 1
1 0.51852 5 7 508 38 39                 1
7 0.51852 9 11 508 37 44                0
1 0.51852 7 7 508 36 37                 1
1 0.51852 7 7 508 35 36                 1
7 0.51852 9 11 508 34 41                0
5 0.51852 5 7 508 34 39                 0
5 0.51852 5 7 508 33 38                 0
1 0.51852 5 7 508 33 34                 1
7 0.51852 5 7 508 32 39                 0
1 0.51852 5 7 508 32 33                 1
1 0.51852 5 7 506 26 27                 1
1 0.51852 3 7 490 39 40                 1
1 0.51852 3 7 490 38 39                 1
1 0.51852 3 7 490 36 37                 1
1 0.51852 5 7 490 35 36                 1
1 0.51852 5 7 490 34 35                 1
1 0.51852 3 7 490 30 31                 1
1 0.51852 9 7 488 26 27                 1
1 0.51852 5 7 488 23 24                 1
7 0.51852 7 7 488 21 28                 0
1 0.51852 5 7 488 21 22                 1
1 0.51852 7 7 488 20 21                 1
9 0.51852 5 7 488 19 28                 0
3 0.51852 9 11 488 19 22                1
1 0.51852 5 7 488 19 20                 1
1 0.51852 9 7 488 18 19                 1
1 0.51852 3 7 487 39 40                 1
1 0.51852 5 7 487 35 36                 1
1 0.51852 7 7 486 18 19                 1
3 0.51852 3 7 486 13 16                 1
1 0.51852 5 7 486 13 14                 1
1 0.51852 5 7 484 4 5                   1
1 0.51852 5 7 481 26 27                 1
1 0.51852 3 7 481 25 26                 1
1 0.51852 3 7 481 23 24                 1
1 0.51852 5 7 481 22 23                 1
1 0.51852 5 7 481 21 22                 1
1 0.51852 3 7 481 17 18                 1
1 0.51852 5 7 480 5 6                   1
1 0.51852 5 7 477 36 37                 1
1 0.51852 3 7 477 35 36                 1
1 0.51852 5 7 477 34 35                 1
1 0.51852 5 7 477 33 34                 1
1 0.51852 5 7 476 47 48                 1
1 0.51852 5 7 475 9 10                  1
1 0.51852 7 7 472 9 10                  1
1 0.51852 7 7 472 8 9                   1
1 0.51852 5 7 472 6 7                   1
3 0.51852 9 11 472 4 7                  1
1 0.51852 3 7 471 38 39                 1
1 0.51852 3 7 471 37 38                 1
1 0.51852 5 7 471 35 36                 1
1 0.51852 7 7 471 34 35                 1
1 0.51852 3 7 471 33 34                 1
1 0.51852 7 7 471 29 30                 1
1 0.51852 7 7 471 28 29                 1
1 0.51852 3 7 467 139 140               1
1 0.51852 3 7 467 138 139               1
1 0.51852 5 7 467 132 133               1
3 0.51852 5 9 467 130 133               1
3 0.51852 9 11 467 129 132              1
1 0.51852 5 7 467 129 130               1
7 0.51852 7 7 467 127 134               0
1 0.51852 7 7 467 127 128               1
1 0.51852 5 7 467 123 124               1
1 0.51852 5 7 467 121 122               1
15 0.51852 5 7 467 115 130              0
1 0.51852 5 7 467 115 116               1
3 0.51852 7 7 457 9 12                  1
1 0.51852 7 7 457 9 10                  1
1 0.51852 9 7 456 2 3                   1
1 0.51852 5 7 454 42 43                 1
1 0.51852 9 7 454 39 40                 1
5 0.51852 5 9 454 36 41                 0
1 0.51852 5 7 454 35 36                 1
1 0.51852 5 7 452 25 26                 1
7 0.51852 9 11 452 19 26                0
13 0.51852 7 9 452 16 29                0
1 0.51852 7 7 452 15 16                 1
1 0.51852 5 7 450 6 7                   1
1 0.51852 5 7 450 5 6                   1
3 0.51852 5 9 450 4 7                   1
1 0.51852 5 7 450 4 5                   1
1 0.51852 5 7 449 4 5                   1
1 0.51852 9 7 446 2 3                   1
1 0.51852 5 7 445 3 4                   1
3 0.51852 7 7 443 5 8                   1
1 0.51852 7 7 443 5 6                   1
3 0.51852 7 7 443 4 7                   1
1 0.51852 3 5 442 9 10                  1
1 0.51852 5 7 441 12 13                 1
1 0.51852 5 7 440 11 12                 1
1 0.51852 9 7 439 38 39                 1
1 0.51852 7 7 439 33 34                 1
1 0.51852 7 7 439 32 33                 1
1 0.51852 5 7 439 25 26                 1
1 0.51852 5 7 437 30 31                 1
1 0.51852 3 7 437 29 30                 1
1 0.51852 3 7 437 28 29                 1
1 0.51852 5 7 437 27 28                 1
1 0.51852 3 7 437 25 26                 1
1 0.51852 5 7 436 23 24                 1
1 0.51852 3 7 436 14 15                 1
1 0.51852 5 7 434 26 27                 1
5 0.51852 7 9 434 22 27                 0
5 0.51852 5 7 434 21 26                 0
3 0.51852 5 7 434 21 24                 1
1 0.51852 7 7 434 21 22                 1
1 0.51852 7 7 434 18 19                 1
5 0.51852 5 7 434 15 20                 0
1 0.51852 5 7 434 14 15                 1
13 0.51852 5 7 434 13 26                0
11 0.51852 5 7 434 13 24                0
9 0.51852 7 7 434 13 22                 0
1 0.51852 5 5 433 8 9                   1
1 0.51852 5 5 433 7 8                   1
1 0.51852 3 7 432 58 59                 1
1 0.51852 5 7 432 57 58                 1
1 0.51852 7 7 432 52 53                 1
1 0.51852 5 7 432 51 52                 1
1 0.51852 7 7 432 49 50                 1
3 0.51852 9 11 432 46 49                1
1 0.51852 5 7 432 46 47                 1
1 0.51852 5 7 432 44 45                 1
1 0.51852 3 7 428 24 25                 1
1 0.51852 7 7 428 20 21                 1
1 0.51852 3 7 428 14 15                 1
1 0.51852 5 7 428 13 14                 1
1 0.51852 3 7 428 11 12                 1
1 0.51852 5 7 428 10 11                 1
1 0.51852 5 7 427 25 26                 1
1 0.51852 3 7 427 24 25                 1
1 0.51852 3 7 427 23 24                 1
1 0.51852 5 7 427 22 23                 1
1 0.51852 3 7 427 20 21                 1
1 0.51852 9 7 426 17 18                 1
3 0.51852 5 7 426 12 15                 1
1 0.51852 5 7 426 12 13                 1
1 0.51852 7 7 425 275 276               1
1 0.51852 5 5 425 274 275               1
1 0.51852 5 7 425 267 268               1
1 0.51852 3 7 423 59 60                 1
1 0.51852 3 7 423 55 56                 1
1 0.51852 5 7 422 13 14                 1
1 0.51852 7 7 422 12 13                 1
1 0.51852 9 7 419 17 18                 1
1 0.51852 5 5 419 16 17                 1
1 0.51852 7 7 419 10 11                 1
1 0.51852 7 7 419 9 10                  1
1 0.51852 5 7 419 7 8                   1
1 0.51852 5 7 419 6 7                   1
5 0.51852 7 7 419 5 10                  0
7 0.51852 7 7 419 4 11                  0
5 0.51852 7 7 419 4 9                   0
1 0.51852 7 7 419 4 5                   1
7 0.51852 5 7 419 3 10                  0
1 0.51852 5 7 419 3 4                   1
1 0.51852 5 5 415 50 51                 1
1 0.51852 3 7 415 49 50                 1
1 0.51852 3 7 415 48 49                 1
1 0.51852 3 7 405 221 222               1
1 0.51852 3 7 405 217 218               1
1 0.51852 9 7 404 2 3                   1
1 0.51852 7 7 402 59 60                 1
1 0.51852 3 7 402 54 55                 1
1 0.51852 5 7 402 53 54                 1
1 0.51852 5 7 402 33 34                 1
23 0.51852 3 7 402 32 55                0
21 0.51852 5 7 402 32 53                0
5 0.51852 5 7 402 29 34                 0
5 0.51852 5 7 402 28 33                 0
1 0.51852 5 7 402 28 29                 1
1 0.51852 5 5 401 8 9                   1
1 0.51852 5 5 401 7 8                   1
3 0.51852 7 9 401 6 9                   1
1 0.51852 5 5 401 6 7                   1
5 0.51852 5 5 401 4 9                   0
3 0.51852 7 9 401 4 7                   1
1 0.51852 7 7 400 71 72                 1
1 0.51852 3 7 400 66 67                 1
1 0.51852 3 7 400 65 66                 1
1 0.51852 7 7 400 58 59                 1
1 0.51852 5 7 400 56 57                 1
5 0.51852 7 7 400 53 58                 0
7 0.51852 5 7 400 50 57                 0
1 0.51852 5 7 400 23 24                 1
1 0.51852 7 7 400 22 23                 1
7 0.51852 7 5 400 21 28                 0
1 0.51852 3 7 399 80 81                 1
1 0.51852 3 7 399 79 80                 1
1 0.51852 5 7 399 77 78                 1
1 0.51852 5 7 399 76 77                 1
1 0.51852 3 7 399 75 76                 1
1 0.51852 5 7 399 71 72                 1
1 0.51852 3 7 399 70 71                 1
1 0.51852 3 7 399 63 64                 1
1 0.51852 5 7 398 2 3                   1
1 0.51852 5 7 397 43 44                 1
1 0.51852 7 5 393 2 3                   1
1 0.51852 3 7 389 10 11                 1
1 0.51852 7 7 388 6 7                   1
1 0.51852 3 7 387 71 72                 1
5 0.51852 5 9 387 67 72                 0
1 0.51852 3 7 387 66 67                 1
1 0.51852 3 7 387 65 66                 1
1 0.51852 7 7 387 59 60                 1
1 0.51852 5 7 387 57 58                 1
1 0.51852 7 7 387 56 57                 1
1 0.51852 5 7 387 54 55                 1
1 0.51852 7 7 386 32 33                 1
3 0.51852 7 7 386 27 30                 1
1 0.51852 5 7 386 27 28                 1
1 0.51852 5 7 385 9 10                  1
5 0.51852 9 9 384 10 15                 0
1 0.51852 5 5 384 10 11                 1
1 0.51852 5 5 384 9 10                  1
3 0.51852 7 9 384 8 11                  1
1 0.51852 5 5 384 8 9                   1
5 0.51852 5 5 384 6 11                  0
3 0.51852 7 9 384 6 9                   1
1 0.51852 9 7 383 28 29                 1
3 0.51852 5 7 383 23 26                 1
1 0.51852 5 7 383 23 24                 1
1 0.51852 3 7 381 74 75                 1
5 0.51852 7 9 381 70 75                 0
1 0.51852 3 7 381 69 70                 1
1 0.51852 3 7 381 68 69                 1
1 0.51852 7 7 381 62 63                 1
1 0.51852 5 7 381 60 61                 1
1 0.51852 5 7 381 59 60                 1
1 0.51852 3 7 381 57 58                 1
1 0.51852 5 5 377 2 3                   1
1 0.51852 9 7 376 3 4                   1
1 0.51852 9 7 375 3 4                   1
1 0.51852 7 7 374 12 13                 1
1 0.51852 7 7 374 11 12                 1
1 0.51852 5 7 373 2 3                   1
1 0.51852 5 7 372 2 3                   1
1 0.51852 5 7 371 17 18                 1
1 0.51852 5 7 371 16 17                 1
1 0.51852 3 7 370 205 206               1
1 0.51852 7 7 370 201 202               1
1 0.51852 5 7 369 7 8                   1
1 0.51852 3 7 368 18 19                 1
1 0.51852 5 7 366 8 9                   1
1 0.51852 3 7 366 6 7                   1
1 0.51852 3 7 364 74 75                 1
1 0.51852 5 7 364 70 71                 1
1 0.51852 3 7 363 72 73                 1
5 0.51852 7 9 363 68 73                 0
1 0.51852 3 7 363 67 68                 1
1 0.51852 3 7 363 66 67                 1
1 0.51852 7 7 363 60 61                 1
1 0.51852 5 7 363 58 59                 1
1 0.51852 5 7 363 57 58                 1
1 0.51852 3 7 363 55 56                 1
1 0.51852 3 5 362 2 3                   1
1 0.51852 3 7 360 46 47                 1
1 0.51852 3 7 360 45 46                 1
1 0.51852 5 7 360 43 44                 1
1 0.51852 5 7 360 42 43                 1
1 0.51852 3 7 360 41 42                 1
1 0.51852 5 7 360 37 38                 1
1 0.51852 3 7 360 35 36                 1
1 0.51852 3 7 360 34 35                 1
1 0.51852 3 7 357 187 188               1
1 0.51852 5 7 357 183 184               1
1 0.51852 7 7 356 17 18                 1
1 0.51852 5 7 356 11 12                 1
1 0.51852 5 7 355 74 75                 1
5 0.51852 7 9 355 70 75                 0
1 0.51852 3 7 355 69 70                 1
1 0.51852 5 7 355 68 69                 1
1 0.51852 7 7 355 62 63                 1
1 0.51852 3 7 355 60 61                 1
1 0.51852 5 7 355 59 60                 1
1 0.51852 3 7 355 57 58                 1
1 0.51852 3 7 351 21 22                 1
1 0.51852 3 7 351 17 18                 1
1 0.51852 5 7 349 44 45                 1
1 0.51852 5 7 348 56 57                 1
1 0.51852 5 7 348 53 54                 1
9 0.51852 5 7 348 48 57                 0
3 0.51852 7 7 348 47 50                 1
1 0.51852 5 7 348 47 48                 1
1 0.51852 3 7 345 21 22                 1
1 0.51852 5 7 345 20 21                 1
1 0.51852 5 7 345 13 14                 1
9 0.51852 5 9 345 10 19                 0
1 0.51852 5 5 343 1 2                   1
1 0.51852 5 7 340 20 21                 1
7 0.51852 5 9 340 15 22                 0
13 0.51852 5 9 340 13 26                0
1 0.51852 3 7 339 80 81                 1
1 0.51852 7 7 339 76 77                 1
1 0.51852 5 7 338 13 14                 1
1 0.51852 7 7 335 31 32                 1
3 0.51852 3 7 335 26 29                 1
1 0.51852 5 7 335 26 27                 1
1 0.51852 3 7 334 47 48                 1
1 0.51852 3 7 334 46 47                 1
1 0.51852 5 7 334 44 45                 1
1 0.51852 5 7 334 43 44                 1
1 0.51852 3 7 334 42 43                 1
1 0.51852 5 7 334 38 39                 1
1 0.51852 3 7 334 36 37                 1
1 0.51852 3 7 334 35 36                 1
1 0.51852 3 7 331 73 74                 1
5 0.51852 7 9 331 69 74                 0
1 0.51852 3 7 331 68 69                 1
1 0.51852 3 7 331 67 68                 1
1 0.51852 7 7 331 61 62                 1
1 0.51852 5 7 331 59 60                 1
1 0.51852 5 7 331 58 59                 1
1 0.51852 3 7 331 56 57                 1
1 0.51852 5 7 329 31 32                 1
1 0.51852 5 7 329 30 31                 1
1 0.51852 7 7 329 29 30                 1
3 0.51852 9 11 329 28 31                1
1 0.51852 5 7 329 28 29                 1
1 0.51852 5 7 329 26 27                 1
1 0.51852 3 7 328 156 157               1
1 0.51852 5 7 328 152 153               1
1 0.51852 5 5 327 10 11                 1
1 0.51852 5 7 327 9 10                  1
1 0.51852 5 7 327 8 9                   1
1 0.51852 7 7 323 31 32                 1
3 0.51852 3 7 323 26 29                 1
1 0.51852 5 7 323 26 27                 1
1 0.51852 5 7 321 28 29                 1
1 0.51852 3 7 321 27 28                 1
1 0.51852 3 7 321 26 27                 1
1 0.51852 5 7 321 25 26                 1
1 0.51852 3 7 319 6 7                   1
1 0.51852 5 7 305 84 85                 1
1 0.51852 7 7 305 78 79                 1
1 0.51852 5 5 304 36 37                 1
1 0.51852 5 5 304 35 36                 1
1 0.51852 5 7 304 32 33                 1
5 0.51852 5 7 304 18 23                 0
1 0.51852 5 5 300 42 43                 1
1 0.51852 5 5 300 41 42                 1
1 0.51852 5 7 300 38 39                 1
5 0.51852 5 7 300 24 29                 0
1 0.51852 5 7 299 41 42                 1
1 0.51852 7 7 299 35 36                 1
1 0.51852 7 7 298 45 46                 1
1 0.51852 3 7 298 40 41                 1
1 0.51852 5 7 298 39 40                 1
1 0.51852 5 7 298 19 20                 1
23 0.51852 3 7 298 18 41                0
21 0.51852 5 7 298 18 39                0
5 0.51852 5 7 298 15 20                 0
5 0.51852 5 7 298 14 19                 0
1 0.51852 5 7 298 14 15                 1
1 0.51852 7 7 297 4 5                   1
1 0.51852 5 7 297 1 2                   1
1 0.51852 5 5 294 2 3                   1
1 0.51852 3 7 293 40 41                 1
1 0.51852 7 7 293 36 37                 1
1 0.51852 3 7 293 29 30                 1
1 0.51852 5 7 293 28 29                 1
1 0.51852 5 7 293 27 28                 1
1 0.51852 5 7 292 7 8                   1
1 0.51852 7 7 292 1 2                   1
1 0.51852 5 5 291 2 3                   1
1 0.51852 5 7 289 55 56                 1
1 0.51852 7 7 289 49 50                 1
1 0.51852 3 7 288 3 4                   1
1 0.51852 5 7 287 55 56                 1
1 0.51852 7 7 287 49 50                 1
1 0.51852 5 5 286 19 20                 1
1 0.51852 5 5 286 18 19                 1
1 0.51852 5 7 286 15 16                 1
5 0.51852 3 7 285 41 46                 0
1 0.51852 3 7 285 41 42                 1
1 0.51852 7 7 285 35 36                 1
1 0.51852 5 7 284 8 9                   1
1 0.51852 9 7 284 5 6                   1
1 0.51852 5 7 283 1 2                   1
1 0.51852 7 7 280 1 2                   1
1 0.51852 3 7 277 2 3                   1
1 0.51852 5 7 276 4 5                   1
1 0.51852 5 7 276 3 4                   1
1 0.51852 3 7 276 2 3                   1
1 0.51852 5 7 275 1 2                   1
1 0.51852 3 7 274 5 6                   1
1 0.51852 9 7 274 2 3                   1
1 0.51852 7 7 274 1 2                   1
1 0.51852 3 7 272 2 3                   1
1 0.51852 5 7 270 4 5                   1
1 0.51852 9 7 270 2 3                   1
1 0.51852 5 7 270 1 2                   1
1 0.51852 5 7 269 2 3                   1
1 0.51852 7 7 268 20 21                 1
1 0.51852 3 7 268 15 16                 1
1 0.51852 3 7 268 14 15                 1
1 0.51852 9 7 267 7 8                   1
5 0.51852 3 7 266 30 35                 0
1 0.51852 3 7 266 30 31                 1
1 0.51852 7 7 266 24 25                 1
1 0.51852 7 7 265 49 50                 1
1 0.51852 3 7 265 44 45                 1
1 0.51852 3 7 265 43 44                 1
1 0.51852 5 7 265 23 24                 1
23 0.51852 3 7 265 22 45                0
21 0.51852 3 7 265 22 43                0
5 0.51852 3 7 265 19 24                 0
5 0.51852 5 7 265 18 23                 0
1 0.51852 3 7 265 18 19                 1
1 0.51852 7 7 261 1 2                   1
1 0.51852 3 5 255 1 2                   1
1 0.51852 3 7 254 7 8                   1
1 0.51852 5 7 254 3 4                   1
7 0.51852 3 5 254 2 9                   0
1 0.51852 3 7 254 2 3                   1
1 0.51852 7 7 252 4 5                   1
1 0.51852 5 7 252 1 2                   1
1 0.51852 7 7 249 17 18                 1
1 0.51852 3 7 249 12 13                 1
1 0.51852 5 7 249 11 12                 1
7 0.51852 5 7 249 5 12                  0
9 0.51852 3 7 249 4 13                  0
7 0.51852 5 7 249 4 11                  0
1 0.51852 5 7 249 4 5                   1
1 0.51852 5 7 249 2 3                   1
1 0.51852 5 7 248 2 3                   1
1 0.51852 7 7 246 18 19                 1
1 0.51852 3 7 246 13 14                 1
1 0.51852 3 7 246 12 13                 1
1 0.51852 3 7 245 5 6                   1
1 0.51852 3 7 245 4 5                   1
1 0.51852 3 7 245 2 3                   1
5 0.51852 3 7 244 28 33                 0
1 0.51852 3 7 244 28 29                 1
1 0.51852 7 7 244 22 23                 1
1 0.51852 5 7 243 1 2                   1
1 0.51852 7 7 242 47 48                 1
1 0.51852 3 7 242 42 43                 1
1 0.51852 3 7 242 41 42                 1
1 0.51852 5 7 242 21 22                 1
23 0.51852 3 7 242 20 43                0
21 0.51852 3 7 242 20 41                0
5 0.51852 3 7 242 17 22                 0
5 0.51852 5 7 242 16 21                 0
1 0.51852 3 7 242 16 17                 1
1 0.51852 3 7 239 16 17                 1
1 0.51852 5 5 237 1 2                   1
1 0.51852 7 7 235 45 46                 1
1 0.51852 3 7 235 40 41                 1
1 0.51852 5 7 235 39 40                 1
1 0.51852 5 7 235 19 20                 1
23 0.51852 3 7 235 18 41                0
21 0.51852 5 7 235 18 39                0
5 0.51852 5 7 235 15 20                 0
5 0.51852 5 7 235 14 19                 0
1 0.51852 5 7 235 14 15                 1
5 0.51852 3 7 234 25 30                 0
1 0.51852 3 7 234 25 26                 1
1 0.51852 7 7 234 19 20                 1
1 0.51852 7 7 233 16 17                 1
1 0.51852 3 7 233 11 12                 1
1 0.51852 5 7 233 10 11                 1
7 0.51852 5 7 233 4 11                  0
9 0.51852 3 7 233 3 12                  0
7 0.51852 5 7 233 3 10                  0
1 0.51852 5 7 233 3 4                   1
1 0.51852 5 7 233 1 2                   1
1 0.51852 5 7 232 1 2                   1
1 0.51852 5 7 231 54 55                 1
1 0.51852 7 7 231 48 49                 1
1 0.51852 5 5 230 20 21                 1
1 0.51852 5 5 230 19 20                 1
1 0.51852 5 7 230 16 17                 1
1 0.51852 5 5 229 1 2                   1
1 0.51852 3 7 227 1 2                   1
1 0.51852 5 7 223 7 8                   1
1 0.51852 9 7 223 4 5                   1
1 0.51852 5 7 222 1 2                   1
1 0.51852 3 7 221 1 2                   1
1 0.51852 5 7 220 1 2                   1
1 0.51852 7 7 219 1 2                   1
1 0.51852 7 7 218 11 12                 1
1 0.51852 3 7 218 10 11                 1
1 0.51852 3 7 218 8 9                   1
1 0.51852 5 7 218 7 8                   1
1 0.51852 5 7 218 6 7                   1
1 0.51852 5 7 218 2 3                   1
1 0.51852 3 7 218 1 2                   1
1 0.51852 3 7 217 17 18                 1
1 0.51852 3 7 213 1 2                   1
1 0.51852 3 5 212 1 2                   1
1 0.51852 3 7 211 1 2                   1
1 0.51852 3 7 209 4 5                   1
1 0.51852 3 7 209 3 4                   1
1 0.51852 3 7 209 1 2                   1
1 0.51852 5 7 208 1 2                   1
1 0.51852 7 7 207 5 6                   1
1 0.51852 5 7 207 2 3                   1
1 0.51852 7 7 206 9 10                  1
1 0.51852 3 7 206 8 9                   1
1 0.51852 3 7 206 6 7                   1
1 0.51852 5 7 206 5 6                   1
1 0.51852 5 7 206 4 5                   1
1 0.51852 3 7 205 1 2                   1
1 0.51852 3 7 204 15 16                 1
1 0.51852 5 7 203 1 2                   1
1 0.51852 7 7 202 19 20                 1
1 0.51852 3 7 202 14 15                 1
1 0.51852 3 7 202 13 14                 1
1 0.51852 3 7 198 5 6                   1
1 0.51852 3 7 198 4 5                   1
1 0.51852 3 7 198 2 3                   1
1 0.51852 5 7 198 1 2                   1
1 0.51852 7 7 195 42 43                 1
1 0.51852 3 7 195 37 38                 1
1 0.51852 5 7 195 36 37                 1
1 0.51852 5 7 195 16 17                 1
23 0.51852 3 7 195 15 38                0
21 0.51852 5 7 195 15 36                0
5 0.51852 5 7 195 12 17                 0
5 0.51852 5 7 195 11 16                 0
1 0.51852 5 7 195 11 12                 1
37 0.51852 3 7 195 1 38                 0
35 0.51852 5 7 195 1 36                 0
1 0.51852 9 7 184 5 6                   1
1 0.51852 7 7 183 10 11                 1
1 0.51852 3 7 183 9 10                  1
1 0.51852 3 7 183 7 8                   1
1 0.51852 5 7 183 6 7                   1
1 0.51852 5 7 183 5 6                   1
1 0.51852 5 7 183 1 2                   1
1 0.51852 5 7 181 6 7                   1
1 0.51852 5 7 177 3 4                   1
1 0.51852 9 7 177 1 2                   1
3 0.51835 3 13 530 28 31                1
3 0.51835 3 13 530 13 16                1
3 0.51835 5 13 530 11 14                1
16 0.51829 4 12 405 61 77               0
76 0.51829 4 12 405 1 77                0
1 0.51799 3 5 465 92 93                 1
15 0.51795 3 7 465 7 22                 0
1 0.51795 5 7 454 17 18                 1
1 0.51786 3 5 530 72 73                 1
1 0.51786 3 7 530 38 39                 1
1 0.51761 3 5 465 98 99                 1
7 0.51761 3 5 465 96 103                0
1 0.51761 3 5 465 96 97                 1
19 0.51761 3 5 465 86 105               0
17 0.51761 3 5 465 84 101               0
19 0.51761 3 5 465 82 101               0
77 0.51761 3 7 405 57 134               0
117 0.51761 3 9 405 54 171              0
131 0.51761 3 9 405 40 171              0
107 0.51761 3 7 405 27 134              0
147 0.51761 3 9 405 24 171              0
155 0.51761 3 9 405 16 171              0
163 0.51761 3 9 405 8 171               0
129 0.51761 3 7 405 5 134               0
1 0.51761 7 5 361 10 11                 1
12 0.51754 2 6 465 40 52                0
12 0.51754 2 6 465 36 48                0
12 0.51754 2 6 465 34 46                0
4 0.51724 4 6 465 99 103                1
2 0.51724 2 6 465 99 101                1
4 0.51724 2 6 465 95 99                 1
56 0.51724 4 6 405 57 113               0
36 0.51724 4 6 405 57 93                0
22 0.51724 4 6 405 57 79                0
116 0.51724 6 8 405 54 170              0
98 0.51724 4 6 405 54 152               0
22 0.51724 4 6 405 54 76                0
130 0.51724 6 8 405 40 170              0
112 0.51724 4 6 405 40 152              0
36 0.51724 4 6 405 40 76                0
86 0.51724 4 6 405 27 113               0
66 0.51724 4 6 405 27 93                0
52 0.51724 4 6 405 27 79                0
146 0.51724 6 8 405 24 170              0
128 0.51724 4 6 405 24 152              0
52 0.51724 4 6 405 24 76                0
154 0.51724 6 8 405 16 170              0
136 0.51724 4 6 405 16 152              0
60 0.51724 4 6 405 16 76                0
162 0.51724 6 8 405 8 170               0
144 0.51724 4 6 405 8 152               0
68 0.51724 4 6 405 8 76                 0
108 0.51724 4 6 405 5 113               0
88 0.51724 4 6 405 5 93                 0
74 0.51724 4 6 405 5 79                 0
2 0.51724 6 6 293 8 10                  1
2 0.51705 4 12 530 28 30                1
1 0.51705 10 14 530 19 20               1
2 0.51705 4 12 530 14 16                1
4 0.51705 4 12 530 12 16                1
10 0.51705 6 14 530 8 18                0
1 0.51695 6 8 357 2 3                   1
10 0.51685 4 6 465 94 104               0
12 0.51685 4 6 465 90 102               0
12 0.51685 4 6 465 88 100               0
16 0.51685 4 6 465 84 100               0
20 0.51685 4 6 465 82 102               0
18 0.51685 4 8 465 82 100               0
142 0.51685 4 6 405 44 186              0
156 0.51685 4 6 405 30 186              0
40 0.51653 4 4 465 32 72                0
7 0.5164 3 5 465 93 100                 0
17 0.5164 5 5 465 87 104                0
17 0.5164 3 5 465 85 102                0
25 0.5164 3 5 465 81 106                0
6 0.51636 4 6 465 90 96                 0
12 0.5163 0 8 530 53 65                 0
12 0.51628 0 12 530 35 47               0
1 0.51599 3 5 465 50 51                 1
1 0.51599 3 5 465 39 40                 1
1 0.51563 7 11 492 2 3                  1
1 0.51563 9 11 488 2 3                  1
7 0.51547 5 15 530 11 18                0
3 0.51547 3 15 530 10 13                1
3 0.51547 3 15 530 9 12                 1
1 0.51544 7 11 425 24 25                1
7 0.51534 8 12 516 7 14                 0
22 0.51515 6 6 479 5 27                 0
4 0.51454 4 6 465 55 59                 1
12 0.51454 2 6 465 37 49                0
1 0.51429 5 9 514 16 17                 1
1 0.51429 5 9 514 15 16                 1
1 0.51429 5 9 514 12 13                 1
7 0.51429 11 13 514 9 16                0
1 0.51429 5 9 514 7 8                   1
11 0.51429 5 9 514 6 17                 0
9 0.51429 5 9 514 6 15                  0
3 0.51429 11 13 514 6 9                 1
1 0.51429 5 9 510 8 9                   1
3 0.51429 9 13 510 7 10                 1
1 0.51429 5 9 510 6 7                   1
1 0.51429 9 9 508 13 14                 1
1 0.51429 9 9 490 25 26                 1
1 0.51429 7 9 483 5 6                   1
1 0.51429 9 9 482 5 6                   1
1 0.51429 9 9 476 33 34                 1
5 0.51429 9 11 476 29 34                0
3 0.51429 7 11 465 103 106              1
3 0.51429 5 11 465 102 105              1
5 0.51429 7 9 465 101 106               0
5 0.51429 5 9 465 100 105               0
7 0.51429 7 11 465 99 106               0
5 0.51429 5 9 465 99 104                0
9 0.51429 7 11 465 97 106               0
11 0.51429 7 9 465 95 106               0
1 0.51429 3 9 440 5 6                   1
1 0.51429 9 9 436 11 12                 1
1 0.51429 7 9 432 7 8                   1
13 0.51429 7 11 425 121 134             0
9 0.51429 7 13 425 107 116              0
9 0.51429 7 13 425 106 115              0
15 0.51429 7 13 425 101 116             0
33 0.51429 7 13 425 83 116              0
25 0.51429 7 9 425 82 107               0
19 0.51429 7 9 425 82 101               0
1 0.51429 7 9 425 82 83                 1
41 0.51429 7 13 425 74 115              0
43 0.51429 7 13 425 73 116              0
9 0.51429 7 9 425 73 82                 0
1 0.51429 7 9 425 27 28                 1
1 0.51429 7 9 423 39 40                 1
1 0.51429 5 9 423 37 38                 1
1 0.51429 13 9 418 46 47                1
1 0.51429 7 9 418 30 31                 1
1 0.51429 9 9 418 14 15                 1
5 0.51429 9 9 418 7 12                  0
3 0.51429 11 13 418 7 10                1
1 0.51429 9 9 418 7 8                   1
1 0.51429 9 9 418 6 7                   1
1 0.51429 7 9 417 56 57                 1
1 0.51429 9 9 417 5 6                   1
1 0.51429 5 9 405 195 196               1
1 0.51429 7 9 405 179 180               1
23 0.51429 5 9 405 163 186              0
1 0.51429 5 9 405 153 154               1
1 0.51429 7 9 405 152 153               1
1 0.51429 7 9 405 149 150               1
1 0.51429 3 9 405 147 148               1
51 0.51429 3 11 405 134 185             0
53 0.51429 5 9 405 133 186              0
33 0.51429 5 9 405 126 159              0
1 0.51429 7 9 405 126 127               1
15 0.51429 9 11 405 125 140             0
5 0.51429 9 11 405 125 130              0
1 0.51429 7 9 405 124 125               1
1 0.51429 9 9 405 122 123               1
1 0.51429 7 9 405 119 120               1
5 0.51429 7 9 405 117 122               0
7 0.51429 9 9 405 116 123               0
1 0.51429 7 9 405 116 117               1
7 0.51429 9 9 405 115 122               0
1 0.51429 9 9 405 115 116               1
15 0.51429 7 9 405 110 125              0
17 0.51429 9 9 405 106 123              0
11 0.51429 7 9 405 106 117              0
9 0.51429 9 9 405 106 115               0
15 0.51429 7 9 405 104 119              0
1 0.51429 5 9 405 101 102               1
27 0.51429 9 9 405 96 123               0
21 0.51429 7 9 405 96 117               0
19 0.51429 9 9 405 96 115               0
27 0.51429 9 9 405 95 122               0
21 0.51429 9 9 405 95 116               0
11 0.51429 9 9 405 95 106               0
1 0.51429 9 9 405 95 96                 1
35 0.51429 7 9 405 90 125               0
33 0.51429 9 9 405 89 122               0
27 0.51429 9 9 405 89 116               0
17 0.51429 9 9 405 89 106               0
7 0.51429 9 9 405 89 96                 0
35 0.51429 9 9 405 88 123               0
29 0.51429 7 9 405 88 117               0
27 0.51429 9 9 405 88 115               0
7 0.51429 9 9 405 88 95                 0
1 0.51429 9 9 405 88 89                 1
33 0.51429 7 9 405 86 119               0
35 0.51429 7 9 405 85 120               0
19 0.51429 7 9 405 85 104               0
1 0.51429 7 9 405 85 86                 1
39 0.51429 7 9 405 83 122               0
33 0.51429 7 9 405 83 116               0
23 0.51429 7 9 405 83 106               0
13 0.51429 7 9 405 83 96                0
5 0.51429 7 9 405 83 88                 0
41 0.51429 9 9 405 82 123               0
35 0.51429 7 9 405 82 117               0
33 0.51429 9 9 405 82 115               0
13 0.51429 9 9 405 82 95                0
7 0.51429 9 9 405 82 89                 0
1 0.51429 7 9 405 82 83                 1
41 0.51429 9 9 405 81 122               0
35 0.51429 9 9 405 81 116               0
25 0.51429 9 9 405 81 106               0
15 0.51429 9 9 405 81 96                0
7 0.51429 9 9 405 81 88                 0
1 0.51429 9 9 405 81 82                 1
77 0.51429 7 9 405 76 153               0
97 0.51429 3 11 405 74 171              0
1 0.51429 5 9 405 74 75                 1
113 0.51429 5 11 405 72 185             0
67 0.51429 7 11 405 71 138              0
61 0.51429 7 11 405 71 132              0
93 0.51429 5 11 405 70 163              0
63 0.51429 5 11 405 70 133              0
69 0.51429 7 11 405 69 138              0
63 0.51429 7 11 405 69 132              0
99 0.51429 5 11 405 64 163              0
69 0.51429 5 11 405 64 133              0
75 0.51429 7 11 405 63 138              0
69 0.51429 7 11 405 63 132              0
89 0.51429 5 11 405 61 150              0
99 0.51429 7 9 405 49 148               0
143 0.51429 5 9 405 43 186              0
113 0.51429 7 9 405 35 148              0
157 0.51429 5 9 405 29 186              0
129 0.51429 7 9 405 19 148              0
135 0.51429 7 11 405 12 147             0
149 0.51429 5 11 405 1 150              0
1 0.51429 9 9 402 23 24                 1
1 0.51429 5 9 400 12 13                 1
1 0.51429 3 9 397 23 24                 1
1 0.51429 9 9 397 22 23                 1
13 0.51429 11 13 397 1 14               0
1 0.51429 5 9 389 1 2                   1
33 0.51429 9 11 387 2 35                0
31 0.51429 11 13 387 2 33               0
15 0.51429 11 13 387 2 17               0
1 0.51429 7 9 387 2 3                   1
35 0.51429 7 11 387 1 36                0
1 0.51429 5 9 387 1 2                   1
1 0.51429 5 9 386 15 16                 1
1 0.51429 7 9 386 2 3                   1
1 0.51429 5 9 384 1 2                   1
1 0.51429 7 9 383 11 12                 1
1 0.51429 7 9 383 8 9                   1
1 0.51429 7 9 383 7 8                   1
1 0.51429 5 9 370 179 180               1
1 0.51429 7 9 370 163 164               1
23 0.51429 3 9 370 147 170              0
1 0.51429 5 9 370 137 138               1
1 0.51429 7 9 370 136 137               1
1 0.51429 7 9 370 133 134               1
1 0.51429 3 9 370 131 132               1
13 0.51429 5 9 370 124 137              0
13 0.51429 7 9 370 120 133              0
53 0.51429 3 9 370 117 170              0
33 0.51429 5 9 370 110 143              0
1 0.51429 5 9 370 110 111               1
5 0.51429 7 11 370 109 114              0
1 0.51429 7 9 370 108 109               1
1 0.51429 7 9 370 106 107               1
1 0.51429 5 9 370 103 104               1
5 0.51429 5 9 370 101 106               0
7 0.51429 7 9 370 100 107               0
1 0.51429 5 9 370 100 101               1
7 0.51429 7 9 370 99 106                0
1 0.51429 7 9 370 99 100                1
15 0.51429 7 9 370 94 109               0
17 0.51429 7 9 370 90 107               0
11 0.51429 5 9 370 90 101               0
9 0.51429 7 9 370 90 99                 0
15 0.51429 5 9 370 88 103               0
1 0.51429 7 9 370 85 86                 1
27 0.51429 7 9 370 80 107               0
21 0.51429 5 9 370 80 101               0
19 0.51429 7 9 370 80 99                0
27 0.51429 7 9 370 79 106               0
21 0.51429 7 9 370 79 100               0
11 0.51429 7 9 370 79 90                0
1 0.51429 7 9 370 79 80                 1
35 0.51429 7 9 370 74 109               0
33 0.51429 7 9 370 73 106               0
27 0.51429 7 9 370 73 100               0
17 0.51429 7 9 370 73 90                0
7 0.51429 7 9 370 73 80                 0
35 0.51429 7 9 370 72 107               0
29 0.51429 5 9 370 72 101               0
27 0.51429 7 9 370 72 99                0
7 0.51429 7 9 370 72 79                 0
1 0.51429 7 9 370 72 73                 1
33 0.51429 5 9 370 70 103               0
35 0.51429 5 9 370 69 104               0
19 0.51429 5 9 370 69 88                0
1 0.51429 5 9 370 69 70                 1
39 0.51429 5 9 370 67 106               0
33 0.51429 5 9 370 67 100               0
23 0.51429 5 9 370 67 90                0
13 0.51429 5 9 370 67 80                0
5 0.51429 5 9 370 67 72                 0
41 0.51429 7 9 370 66 107               0
35 0.51429 5 9 370 66 101               0
33 0.51429 7 9 370 66 99                0
13 0.51429 7 9 370 66 79                0
7 0.51429 7 9 370 66 73                 0
1 0.51429 5 9 370 66 67                 1
39 0.51429 5 9 370 64 103               0
5 0.51429 5 9 370 64 69                 0
23 0.51429 7 9 370 62 85                0
1 0.51429 5 9 370 59 60                 1
1 0.51429 7 9 370 56 57                 1
101 0.51429 5 11 370 54 155             0
65 0.51429 5 11 370 54 119              0
117 0.51429 7 11 370 52 169             0
95 0.51429 5 9 370 46 141               0
1 0.51429 5 9 370 46 47                 1
87 0.51429 7 9 370 39 126               0
89 0.51429 5 11 370 38 127              0
105 0.51429 5 9 370 36 141              0
11 0.51429 5 9 370 36 47                0
105 0.51429 5 13 370 35 140             0
107 0.51429 5 13 370 34 141             0
13 0.51429 5 13 370 34 47               0
87 0.51429 7 11 370 29 116              0
21 0.51429 7 11 370 29 50               0
117 0.51429 5 9 370 25 142              0
23 0.51429 5 9 370 25 48                0
19 0.51429 5 11 370 22 41               0
21 0.51429 5 9 370 21 42                0
93 0.51429 5 9 370 19 112               0
25 0.51429 5 9 370 19 44                0
93 0.51429 7 11 370 18 111              0
97 0.51429 5 11 370 17 114              0
5 0.51429 7 13 370 17 22                0
93 0.51429 5 11 370 15 108              0
79 0.51429 5 11 370 15 94               0
59 0.51429 5 11 370 15 74               0
93 0.51429 7 9 370 13 106               0
87 0.51429 7 9 370 13 100               0
77 0.51429 7 9 370 13 90                0
67 0.51429 7 9 370 13 80                0
59 0.51429 7 9 370 13 72                0
53 0.51429 7 9 370 13 66                0
41 0.51429 7 9 370 11 52                0
95 0.51429 5 9 370 9 104                0
79 0.51429 5 9 370 9 88                 0
61 0.51429 5 9 370 9 70                 0
55 0.51429 5 9 370 9 64                 0
97 0.51429 7 9 370 7 104                0
81 0.51429 7 9 370 7 88                 0
63 0.51429 7 9 370 7 70                 0
57 0.51429 7 9 370 7 64                 0
77 0.51429 7 9 370 5 82                 0
51 0.51429 7 9 370 3 54                 0
143 0.51429 11 11 370 2 145             0
133 0.51429 11 11 370 2 135             0
133 0.51429 7 11 370 1 134              0
119 0.51429 7 11 370 1 120              0
1 0.51429 9 9 368 5 6                   1
1 0.51429 5 9 364 48 49                 1
1 0.51429 7 9 364 32 33                 1
1 0.51429 3 9 364 29 30                 1
9 0.51429 3 9 364 27 36                 0
9 0.51429 3 11 364 26 35                0
9 0.51429 3 11 364 21 30                0
17 0.51429 3 11 364 18 35               0
1 0.51429 9 9 364 6 7                   1
1 0.51429 7 9 364 5 6                   1
1 0.51429 7 9 364 2 3                   1
1 0.51429 7 9 361 8 9                   1
1 0.51429 5 9 357 161 162               1
1 0.51429 7 9 357 145 146               1
1 0.51429 3 9 357 142 143               1
9 0.51429 3 9 357 140 149               0
9 0.51429 3 11 357 139 148              0
9 0.51429 3 11 357 134 143              0
17 0.51429 3 11 357 131 148             0
1 0.51429 9 9 357 119 120               1
1 0.51429 7 9 357 118 119               1
1 0.51429 7 9 357 115 116               1
39 0.51429 5 9 357 113 152              0
1 0.51429 5 9 357 113 114               1
13 0.51429 9 9 357 106 119              0
13 0.51429 7 9 357 102 115              0
51 0.51429 3 11 357 100 151             0
53 0.51429 5 9 357 99 152               0
15 0.51429 5 9 357 99 114               0
23 0.51429 9 9 357 96 119               0
17 0.51429 7 9 357 92 109               0
1 0.51429 7 9 357 92 93                 1
29 0.51429 9 11 357 91 120              0
27 0.51429 7 9 357 91 118               0
15 0.51429 9 11 357 91 106              0
5 0.51429 9 11 357 91 96                0
29 0.51429 7 9 357 90 119               0
1 0.51429 7 9 357 90 91                 1
49 0.51429 3 11 357 88 137              0
1 0.51429 5 9 357 88 89                 1
1 0.51429 5 9 357 85 86                 1
5 0.51429 5 9 357 83 88                 0
55 0.51429 3 11 357 82 137              0
7 0.51429 5 9 357 82 89                 0
1 0.51429 5 9 357 82 83                 1
7 0.51429 5 9 357 81 88                 0
1 0.51429 5 9 357 81 82                 1
43 0.51429 7 9 357 76 119               0
15 0.51429 7 9 357 76 91                0
65 0.51429 3 11 357 72 137              0
17 0.51429 5 9 357 72 89                0
11 0.51429 5 9 357 72 83                0
9 0.51429 5 9 357 72 81                 0
15 0.51429 5 9 357 70 85                0
1 0.51429 7 9 357 67 68                 1
75 0.51429 3 11 357 62 137              0
27 0.51429 5 9 357 62 89                0
21 0.51429 5 9 357 62 83                0
19 0.51429 5 9 357 62 81                0
27 0.51429 5 9 357 61 88                0
21 0.51429 5 9 357 61 82                0
11 0.51429 5 9 357 61 72                0
1 0.51429 5 9 357 61 62                 1
63 0.51429 7 9 357 56 119               0
35 0.51429 7 9 357 56 91                0
33 0.51429 5 9 357 55 88                0
27 0.51429 5 9 357 55 82                0
17 0.51429 5 9 357 55 72                0
7 0.51429 5 9 357 55 62                 0
83 0.51429 3 11 357 54 137              0
35 0.51429 5 9 357 54 89                0
29 0.51429 5 9 357 54 83                0
27 0.51429 5 9 357 54 81                0
7 0.51429 5 9 357 54 61                 0
1 0.51429 5 9 357 54 55                 1
33 0.51429 5 9 357 52 85                0
35 0.51429 5 9 357 51 86                0
19 0.51429 5 9 357 51 70                0
1 0.51429 5 9 357 51 52                 1
39 0.51429 5 9 357 49 88                0
33 0.51429 5 9 357 49 82                0
23 0.51429 5 9 357 49 72                0
13 0.51429 5 9 357 49 62                0
5 0.51429 5 9 357 49 54                 0
89 0.51429 3 11 357 48 137              0
41 0.51429 5 9 357 48 89                0
35 0.51429 5 9 357 48 83                0
33 0.51429 5 9 357 48 81                0
13 0.51429 5 9 357 48 61                0
7 0.51429 5 9 357 48 55                 0
1 0.51429 5 9 357 48 49                 1
39 0.51429 5 9 357 46 85                0
5 0.51429 5 9 357 46 51                 0
23 0.51429 7 9 357 44 67                0
1 0.51429 5 9 357 41 42                 1
1 0.51429 5 9 357 38 39                 1
117 0.51429 7 11 357 34 151             0
1 0.51429 5 9 357 28 29                 1
99 0.51429 11 9 357 24 123              0
99 0.51429 5 11 357 23 122              0
11 0.51429 7 9 357 18 29                0
13 0.51429 5 13 357 16 29               0
97 0.51429 5 11 357 13 110              0
17 0.51429 5 11 357 13 30               0
149 0.51429 5 11 357 2 151              0
99 0.51429 3 9 357 1 100                0
33 0.51429 5 9 357 1 34                 0
1 0.51429 5 9 357 1 2                   1
1 0.51429 9 9 356 4 5                   1
1 0.51429 5 9 356 1 2                   1
35 0.51429 7 9 355 4 39                 0
1 0.51429 7 9 355 3 4                   1
37 0.51429 5 9 355 2 39                 0
1 0.51429 5 9 355 2 3                   1
1 0.51429 5 7 351 8 9                   1
1 0.51429 7 9 351 1 2                   1
1 0.51429 3 9 349 24 25                 1
1 0.51429 9 9 349 23 24                 1
13 0.51429 11 13 349 2 15               0
1 0.51429 9 9 348 24 25                 1
5 0.51429 7 9 348 20 25                 0
5 0.51429 9 9 348 19 24                 0
1 0.51429 7 9 348 19 20                 1
1 0.51429 3 9 348 16 17                 1
9 0.51429 3 11 348 13 22                0
9 0.51429 3 11 348 8 17                 0
1 0.51429 5 9 340 2 3                   1
1 0.51429 5 9 340 1 2                   1
1 0.51429 5 9 339 54 55                 1
1 0.51429 7 9 339 38 39                 1
23 0.51429 3 9 339 22 45                0
1 0.51429 5 9 339 12 13                 1
1 0.51429 7 9 339 11 12                 1
1 0.51429 7 9 339 8 9                   1
1 0.51429 3 9 339 6 7                   1
9 0.51429 7 9 339 3 12                  0
29 0.51429 5 11 339 1 30                0
1 0.51429 9 9 339 1 2                   1
1 0.51429 5 9 338 5 6                   1
1 0.51429 7 9 338 4 5                   1
1 0.51429 7 9 338 3 4                   1
1 0.51429 9 9 338 1 2                   1
1 0.51429 5 9 335 12 13                 1
1 0.51429 7 9 335 2 3                   1
1 0.51429 7 9 335 1 2                   1
1 0.51429 5 9 328 130 131               1
1 0.51429 7 9 328 114 115               1
1 0.51429 3 9 328 111 112               1
9 0.51429 3 9 328 109 118               0
9 0.51429 3 11 328 108 117              0
9 0.51429 3 11 328 103 112              0
17 0.51429 3 11 328 100 117             0
1 0.51429 9 9 328 88 89                 1
1 0.51429 7 9 328 87 88                 1
1 0.51429 7 9 328 84 85                 1
39 0.51429 5 9 328 82 121               0
1 0.51429 5 9 328 82 83                 1
13 0.51429 9 9 328 75 88                0
13 0.51429 7 9 328 71 84                0
51 0.51429 3 11 328 69 120              0
53 0.51429 5 9 328 68 121               0
15 0.51429 5 9 328 68 83                0
23 0.51429 9 9 328 65 88                0
17 0.51429 7 9 328 61 78                0
1 0.51429 7 9 328 61 62                 1
29 0.51429 9 11 328 60 89               0
27 0.51429 7 9 328 60 87                0
15 0.51429 9 11 328 60 75               0
5 0.51429 9 11 328 60 65                0
29 0.51429 7 9 328 59 88                0
1 0.51429 7 9 328 59 60                 1
49 0.51429 3 11 328 57 106              0
1 0.51429 5 9 328 57 58                 1
1 0.51429 5 9 328 54 55                 1
5 0.51429 5 9 328 52 57                 0
55 0.51429 3 11 328 51 106              0
7 0.51429 5 9 328 51 58                 0
1 0.51429 5 9 328 51 52                 1
7 0.51429 5 9 328 50 57                 0
1 0.51429 5 9 328 50 51                 1
43 0.51429 7 9 328 45 88                0
15 0.51429 7 9 328 45 60                0
65 0.51429 3 11 328 41 106              0
17 0.51429 5 9 328 41 58                0
11 0.51429 5 9 328 41 52                0
9 0.51429 5 9 328 41 50                 0
15 0.51429 5 9 328 39 54                0
1 0.51429 7 9 328 36 37                 1
75 0.51429 3 11 328 31 106              0
27 0.51429 5 9 328 31 58                0
21 0.51429 5 9 328 31 52                0
19 0.51429 5 9 328 31 50                0
27 0.51429 5 9 328 30 57                0
21 0.51429 5 9 328 30 51                0
11 0.51429 5 9 328 30 41                0
1 0.51429 5 9 328 30 31                 1
63 0.51429 7 9 328 25 88                0
35 0.51429 7 9 328 25 60                0
33 0.51429 5 9 328 24 57                0
27 0.51429 5 9 328 24 51                0
17 0.51429 5 9 328 24 41                0
7 0.51429 5 9 328 24 31                 0
83 0.51429 3 11 328 23 106              0
35 0.51429 5 9 328 23 58                0
29 0.51429 5 9 328 23 52                0
27 0.51429 5 9 328 23 50                0
7 0.51429 5 9 328 23 30                 0
1 0.51429 5 9 328 23 24                 1
33 0.51429 5 9 328 21 54                0
35 0.51429 5 9 328 20 55                0
19 0.51429 5 9 328 20 39                0
1 0.51429 5 9 328 20 21                 1
39 0.51429 5 9 328 18 57                0
33 0.51429 5 9 328 18 51                0
23 0.51429 5 9 328 18 41                0
13 0.51429 5 9 328 18 31                0
5 0.51429 5 9 328 18 23                 0
89 0.51429 3 11 328 17 106              0
41 0.51429 5 9 328 17 58                0
35 0.51429 5 9 328 17 52                0
33 0.51429 5 9 328 17 50                0
13 0.51429 5 9 328 17 30                0
7 0.51429 5 9 328 17 24                 0
1 0.51429 5 9 328 17 18                 1
39 0.51429 5 9 328 15 54                0
5 0.51429 5 9 328 15 20                 0
23 0.51429 7 9 328 13 36                0
1 0.51429 5 9 328 10 11                 1
1 0.51429 5 9 328 7 8                   1
117 0.51429 7 11 328 3 120              0
1 0.51429 7 9 323 12 13                 1
1 0.51429 3 9 323 2 3                   1
1 0.51429 5 9 304 5 6                   1
3 0.51429 5 9 293 7 10                  1
3 0.51429 5 9 293 6 9                   1
1 0.51379 5 3 479 25 26                 1
9 0.51379 3 3 479 14 23                 0
1 0.51379 5 3 434 25 26                 1
3 0.51379 3 3 434 23 26                 1
73 0.51379 5 3 425 174 247              0
79 0.51379 5 3 425 168 247              0
1 0.51379 3 3 387 70 71                 1
3 0.51379 3 3 387 68 71                 1
15 0.51379 3 3 387 39 54                0
1 0.51379 5 3 381 73 74                 1
3 0.51379 5 3 381 71 74                 1
15 0.51379 3 3 381 42 57                0
1 0.51379 5 3 363 71 72                 1
3 0.51379 5 3 363 69 72                 1
15 0.51379 3 3 363 40 55                0
1 0.51379 3 3 356 16 17                 1
1 0.51379 5 3 355 73 74                 1
3 0.51379 3 3 355 71 74                 1
15 0.51379 3 3 355 42 57                0
9 0.51379 3 3 340 9 18                  0
1 0.51379 5 3 331 72 73                 1
3 0.51379 5 3 331 70 73                 1
15 0.51379 3 3 331 41 56                0
1 0.51379 3 3 319 5 6                   1
3 0.51379 1 5 304 29 32                 1
3 0.51379 1 5 300 35 38                 1
1 0.51379 5 3 297 6 7                   1
3 0.51379 1 5 286 12 15                 1
1 0.51379 3 3 267 9 10                  1
23 0.51379 3 3 265 1 24                 0
17 0.51379 3 3 265 1 18                 0
1 0.51379 5 3 253 16 17                 1
1 0.51379 5 3 252 6 7                   1
1 0.51379 3 3 247 11 12                 1
1 0.51379 5 3 239 15 16                 1
3 0.51379 3 5 230 13 16                 1
1 0.51379 5 3 217 16 17                 1
1 0.51379 5 3 207 7 8                   1
1 0.51379 5 3 204 14 15                 1
1 0.51379 3 3 199 11 12                 1
29 0.51379 1 5 195 4 33                 0
1 0.51379 3 3 184 7 8                   1
2 0.51377 2 4 465 91 93                 1
8 0.51364 0 12 425 14 22                0
180 0.51337 6 6 425 35 215              0
174 0.51337 6 6 425 35 209              0
168 0.51337 6 6 425 35 203              0
182 0.51337 6 6 425 33 215              0
176 0.51337 6 6 425 33 209              0
170 0.51337 6 6 425 33 203              0
2 0.51261 6 8 417 7 9                   1
14 0.5122 2 4 432 27 41                 0
1 0.51165 10 14 530 22 23               1
2 0.51163 2 4 457 9 11                  1
7 0.51163 15 17 454 15 22               0
11 0.51163 5 13 454 1 12                0
2 0.51163 2 4 446 2 4                   1
2 0.51163 2 4 443 5 7                   1
1 0.51163 7 11 402 13 14                1
1 0.51163 7 11 402 10 11                1
14 0.51163 4 4 399 48 62                0
16 0.51163 2 4 399 46 62                0
6 0.51163 2 4 384 5 11                  0
2 0.51163 2 4 376 2 4                   1
2 0.51163 2 4 307 1 3                   1
2 0.51163 4 4 272 1 3                   1
2 0.51163 2 4 271 3 5                   1
4 0.51163 2 4 271 1 5                   1
2 0.51163 2 4 258 1 3                   1
1 0.51152 3 5 465 58 59                 1
1 0.51152 3 5 465 56 57                 1
1 0.51152 3 5 465 54 55                 1
1 0.51152 3 5 465 53 54                 1
1 0.51152 3 5 465 52 53                 1
1 0.51152 3 5 465 51 52                 1
1 0.51152 7 5 465 49 50                 1
1 0.51152 3 5 465 48 49                 1
1 0.51152 3 5 465 47 48                 1
1 0.51152 3 5 465 46 47                 1
1 0.51152 3 5 465 45 46                 1
1 0.51152 3 5 465 44 45                 1
1 0.51152 7 5 465 43 44                 1
1 0.51152 3 5 465 42 43                 1
1 0.51152 3 5 465 41 42                 1
1 0.51152 3 5 465 40 41                 1
1 0.51152 3 5 465 38 39                 1
1 0.51152 7 5 465 37 38                 1
1 0.51152 3 5 465 36 37                 1
1 0.51152 3 5 465 35 36                 1
1 0.51152 3 5 465 34 35                 1
1 0.51152 3 5 465 32 33                 1
1 0.51152 3 5 465 31 32                 1
15 0.51149 3 3 434 12 27                0
2 0.51128 4 8 530 74 76                 1
4 0.51124 4 14 530 26 30                1
4 0.51124 4 14 530 14 18                1
4 0.51124 4 14 530 11 15                1
12 0.51111 4 8 465 92 104               0
18 0.51111 2 8 465 84 102               0
1 0.51101 3 5 465 62 63                 1
27 0.51101 3 5 465 45 72                0
33 0.51101 3 5 465 39 72                0
33 0.51101 7 5 465 37 70                0
4 0.5107 4 4 476 34 38                  1
4 0.5107 2 4 471 15 19                  1
2 0.51054 4 8 530 72 74                 1
5 0.51029 1 1 101 6 11                  0
3 0.51016 3 13 530 27 30                1
3 0.51016 3 13 530 26 29                1
3 0.51016 3 13 530 15 18                1
3 0.51016 3 13 530 14 17                1
1 0.51014 10 12 465 22 23               1
111 0.51009 9 3 425 46 157              0
135 0.51009 3 3 425 41 176              0
125 0.51009 3 3 425 41 166              0
12 0.51007 2 6 465 41 53                0
12 0.51007 2 6 465 35 47                0
4 0.50993 10 10 439 2 6                 1
2 0.50993 10 10 439 2 4                 1
1 0.50986 2 6 483 16 17                 1
7 0.5098 5 17 530 9 16                  0
6 0.50935 2 4 465 81 87                 0
6 0.50909 6 14 516 7 13                 0
37 0.50909 3 3 425 140 177              0
35 0.50909 3 3 425 138 173              0
65 0.50909 5 3 425 126 191              0
53 0.50909 3 3 425 120 173              0
67 0.50909 3 3 425 110 177              0
71 0.50909 3 3 425 102 173              0
95 0.50909 5 3 425 96 191               0
15 0.50909 3 3 423 42 57                0
3 0.50909 3 3 397 37 40                 1
3 0.50909 3 3 349 38 41                 1
1 0.50893 1 1 393 4 5                   1
7 0.50877 2 2 418 21 28                 0
7 0.50877 2 2 418 20 27                 0
27 0.50875 3 5 465 44 71                0
27 0.50875 3 5 465 42 69                0
33 0.50875 3 5 465 38 71                0
33 0.50875 3 5 465 36 69                0
1 0.5087 6 8 490 12 13                  1
1 0.5087 4 10 454 25 26                 1
1 0.5087 4 10 452 5 6                   1
3 0.50867 5 11 530 75 78                1
3 0.50867 5 9 530 74 77                 1
1 0.50855 3 5 477 16 17                 1
1 0.50855 3 5 465 78 79                 1
1 0.50855 3 5 465 77 78                 1
7 0.5084 8 4 405 188 195                0
6 0.5084 2 4 405 188 194                0
6 0.5084 2 4 386 8 14                   0
7 0.5084 6 4 364 41 48                  0
6 0.5084 2 4 364 41 47                  0
7 0.5084 6 4 357 154 161                0
6 0.5084 2 4 357 154 160                0
7 0.5084 8 4 348 27 34                  0
6 0.5084 2 4 348 27 33                  0
1 0.5084 4 4 332 7 8                    1
7 0.5084 6 4 328 123 130                0
6 0.5084 2 4 328 123 129                0
10 0.50838 6 14 530 9 19                0
4 0.50838 6 14 530 8 12                 1
1 0.50833 4 10 513 17 18                1
4 0.50779 6 10 530 74 78                1
1 0.50769 6 6 530 123 124               1
1 0.50769 2 6 513 21 22                 1
1 0.50769 2 6 467 101 102               1
1 0.50769 4 6 450 2 3                   1
2 0.50769 8 6 444 2 4                   1
1 0.50769 2 6 441 9 10                  1
1 0.50769 4 6 437 20 21                 1
1 0.50769 4 6 418 47 48                 1
1 0.50769 6 6 404 1 2                   1
1 0.50769 4 6 402 26 27                 1
1 0.50769 6 6 396 1 2                   1
2 0.50769 4 6 386 16 18                 1
2 0.50769 4 6 383 12 14                 1
8 0.50769 2 6 383 5 13                  0
1 0.50769 6 6 376 1 2                   1
1 0.50769 6 6 375 1 2                   1
8 0.50769 4 6 335 7 15                  0
