2
-2 -2 -1 2 1 | -1 2 
-1 | -1 2 
-1 | 2 
2
-2 -2 -1 2 1 | -2 -1 
1 | -2 -1 
1 | -2 
3
-2 -2 -1 2 1 | -1 2 2 
-1 2 | -1 2 2 
-1 2 | 2 
-1 | 2 
3
-2 -2 -1 2 1 | -2 -2 -1 
1 2 | -2 -2 -1 
1 2 | -2 
1 | -2 
4
-2 -2 -1 2 1 | -1 2 2 2 
-1 2 2 | -1 2 2 2 
-1 2 2 | 2 
-1 2 | 2 
-1 | 2 
4
-2 -2 -1 2 1 | -2 -2 -2 -1 
1 2 2 | -2 -2 -2 -1 
1 2 2 | -2 
1 2 | -2 
1 | -2 
6
-2 -2 -1 2 1 | -1 -1 2 1 2 
-2 -2 -1 2 1 | -1 2 2 2 
-2 -2 -2 -2 1 | -1 2 2 2 
-2 | -1 2 2 2 
-2 | -1 2 2 
-2 | -1 2 
-2 | -1 
4
-2 -2 -1 2 1 | -2 -1 -1 2 1 
-2 -2 -1 2 1 | -1 2 
-2 -2 1 | -1 2 
-2 | -1 2 
-2 | -1 
5
-2 -2 -1 2 1 | -1 2 2 2 2 
-1 2 2 2 | -1 2 2 2 2 
-1 2 2 2 | 2 
-1 2 2 | 2 
-1 2 | 2 
-1 | 2 
3
-2 -2 -1 2 1 | -2 1 2 -1 -1 
-2 -2 -1 2 1 | -2 -1 
1 | -2 -1 
1 | -2 
5
-2 -2 -1 2 1 | -2 -1 -1 -2 1 
-2 -2 -1 2 1 | -2 -2 -2 -1 
1 2 2 | -2 -2 -2 -1 
1 2 2 | -2 
1 2 | -2 
1 | -2 
5
-2 -2 -1 2 1 | -2 -2 -2 -2 -1 
-2 -2 -1 2 1 | -2 -2 -2 -1 
1 2 2 | -2 -2 -2 -1 
1 2 2 | -2 
1 2 | -2 
1 | -2 
5
-2 -2 -1 2 1 | -1 -1 2 1 2 2 
-2 -2 -1 2 1 | -1 2 2 
-2 -2 -2 1 | -1 2 2 
-2 | -1 2 2 
-2 | -1 2 
-2 | -1 
8
-2 -2 -1 2 1 | -1 2 -1 2 1 2 
-2 -2 -2 -2 1 | -1 2 -1 2 1 2 
-2 -2 -2 -2 1 | -2 -2 -1 2 1 
-2 -2 -2 1 | -2 -2 -1 2 1 
-2 -2 1 | -2 -2 -1 2 1 
-2 -2 1 | -2 -2 -2 1 
-2 -2 1 | -2 
-2 1 | -2 
1 | -2 
5
-2 -2 -1 2 1 | -2 -1 2 1 2 -1 
-2 -2 -1 2 1 | -1 2 2 
-2 -2 -2 1 | -1 2 2 
-2 | -1 2 2 
-2 | -1 2 
-2 | -1 
5
-2 -2 -1 2 1 | -2 -1 2 -1 2 1 
-2 -2 -1 2 1 | -1 2 2 
-2 -2 -2 1 | -1 2 2 
-2 | -1 2 2 
-2 | -1 2 
-2 | -1 
3
-2 -2 -1 2 1 | -2 -1 -2 -1 2 1 
-2 -2 -1 2 1 | -1 
-2 1 | -1 
-2 | -1 
3
-2 -2 -1 2 1 | -2 -2 -1 -1 2 1 
-2 -2 -1 2 1 | -1 
-2 1 | -1 
-2 | -1 
10
-2 -2 -1 2 1 | -1 -1 2 2 1 2 
-2 -2 -1 2 1 | -1 -1 2 1 2 2 2 
-2 -2 -1 2 1 | -1 2 2 2 2 2 
-2 -2 -1 2 1 | -1 2 -1 2 1 2 2 
-2 -2 -1 2 1 | -1 2 -1 2 2 1 
-2 -2 -1 2 1 | -2 -1 2 2 2 
-2 -2 -2 1 | -2 -1 2 2 2 
-2 -2 -2 1 | -2 
-2 -2 1 | -2 
-2 1 | -2 
1 | -2 
7
-2 -2 -1 2 1 | -2 -1 -1 2 2 1 
-2 -2 -1 2 1 | -1 -1 2 1 2 
-2 -2 -1 2 1 | -1 2 2 2 
-2 -2 -2 -2 1 | -1 2 2 2 
-2 | -1 2 2 2 
-2 | -1 2 2 
-2 | -1 2 
-2 | -1 
6
-2 -2 -1 2 1 | -1 2 2 2 2 2 
-1 2 2 2 2 | -1 2 2 2 2 2 
-1 2 2 2 2 | 2 
-1 2 2 2 | 2 
-1 2 2 | 2 
-1 2 | 2 
-1 | 2 
3
-2 -2 -1 2 1 | -2 1 2 -1 2 -1 
-2 -2 -1 2 1 | -1 
-2 1 | -1 
-2 | -1 
4
-2 -2 -1 2 1 | -2 -1 2 -1 -2 1 
-2 -2 -1 2 1 | -2 -2 -1 
1 2 | -2 -2 -1 
1 2 | -2 
1 | -2 
3
-2 -2 -1 2 1 | -2 1 2 2 -1 -1 
-2 -2 -1 2 1 | -1 
-2 1 | -1 
-2 | -1 
4
-2 -2 -1 2 1 | -2 -2 -1 -1 -2 1 
-2 -2 -1 2 1 | -2 -2 -1 
1 2 | -2 -2 -1 
1 2 | -2 
1 | -2 
6
-2 -2 -1 2 1 | -2 -2 1 2 -1 -1 
-2 -2 -1 2 1 | -2 -1 -1 -2 1 
-2 -2 -1 2 1 | -2 -2 -2 -1 
1 2 2 | -2 -2 -2 -1 
1 2 2 | -2 
1 2 | -2 
1 | -2 
8
-2 -2 -1 2 1 | -2 -2 1 -2 -1 -1 
-2 -2 -1 2 1 | -2 -2 -2 -1 -1 -2 1 
-2 -2 -1 2 1 | -2 -2 -2 -2 -2 -1 
-2 -2 -1 2 1 | -2 -2 -2 -2 -1 
-2 -2 -1 2 1 | -2 -2 -2 -1 
1 2 2 | -2 -2 -2 -1 
1 2 2 | -2 
1 2 | -2 
1 | -2 
4
-2 -2 -1 2 1 | -2 -1 -2 1 2 -1 
-2 -2 -1 2 1 | -2 -2 -1 
1 2 | -2 -2 -1 
1 2 | -2 
1 | -2 
6
-2 -2 -1 2 1 | -2 -1 -2 -1 -2 1 
-2 -2 -1 2 1 | -2 -2 -2 -2 -1 
-2 -2 -1 2 1 | -2 -2 -2 -1 
1 2 2 | -2 -2 -2 -1 
1 2 2 | -2 
1 2 | -2 
1 | -2 
6
-2 -2 -1 2 1 | -2 -2 -2 -2 -2 -1 
-2 -2 -1 2 1 | -2 -2 -2 -2 -1 
-2 -2 -1 2 1 | -2 -2 -2 -1 
1 2 2 | -2 -2 -2 -1 
1 2 2 | -2 
1 2 | -2 
1 | -2 
11
-2 -2 -1 2 1 | -1 -1 -1 2 1 1 2 
-2 -2 -1 2 1 | -1 -1 2 2 1 2 
-2 -2 -1 2 1 | -1 -1 2 1 2 2 2 
-2 -2 -1 2 1 | -1 2 2 2 2 2 
-2 -2 -1 2 1 | -1 2 -1 2 1 2 2 
-2 -2 -1 2 1 | -1 2 -1 2 2 1 
-2 -2 -1 2 1 | -2 -1 2 2 2 
-2 -2 -2 1 | -2 -1 2 2 2 
-2 -2 -2 1 | -2 
-2 -2 1 | -2 
-2 1 | -2 
1 | -2 
9
-2 -2 -1 2 1 | -2 -1 -1 -1 2 1 1 
-2 -2 -1 2 1 | -2 -1 -1 2 2 1 
-2 -2 -1 2 1 | -2 -1 -1 2 1 2 2 
-2 -2 -2 1 | -2 -1 -1 2 1 2 2 
-2 -2 -2 1 | -2 -2 -1 2 1 
-2 -2 1 | -2 -2 -1 2 1 
-2 -2 1 | -2 -2 -2 1 
-2 -2 1 | -2 
-2 1 | -2 
1 | -2 
9
-2 -2 -1 2 1 | -1 -1 2 1 2 2 2 
-2 -2 -1 2 1 | -1 2 -1 2 1 2 
-2 -2 -2 -2 1 | -1 2 -1 2 1 2 
-2 -2 -2 -2 1 | -2 -2 -1 2 1 
-2 -2 -2 1 | -2 -2 -1 2 1 
-2 -2 1 | -2 -2 -1 2 1 
-2 -2 1 | -2 -2 -2 1 
-2 -2 1 | -2 
-2 1 | -2 
1 | -2 
6
-2 -2 -1 2 1 | -1 2 -1 2 1 2 2 
-2 -2 -1 2 1 | -1 2 2 2 
-2 -2 -2 -2 1 | -1 2 2 2 
-2 | -1 2 2 2 
-2 | -1 2 2 
-2 | -1 2 
-2 | -1 
4
-2 -2 -1 2 1 | -2 -1 2 1 2 2 -1 
-2 -2 -1 2 1 | -1 2 
-2 -2 1 | -1 2 
-2 | -1 2 
-2 | -1 
9
-2 -2 -1 2 1 | -1 2 1 2 -1 2 2 
-2 -2 -1 2 1 | -1 2 2 2 2 2 
-2 -2 -1 2 1 | -1 2 -1 2 1 2 2 
-2 -2 -1 2 1 | -1 2 -1 2 2 1 
-2 -2 -1 2 1 | -2 -1 2 2 2 
-2 -2 -2 1 | -2 -1 2 2 2 
-2 -2 -2 1 | -2 
-2 -2 1 | -2 
-2 1 | -2 
1 | -2 
4
-2 -2 -1 2 1 | -2 -2 -1 2 1 2 -1 
-2 -2 -1 2 1 | -1 2 
-2 -2 1 | -1 2 
-2 | -1 2 
-2 | -1 
6
-2 -2 -1 2 1 | -2 -1 2 2 -1 2 1 
-2 -2 -1 2 1 | -1 2 2 2 
-2 -2 -2 -2 1 | -1 2 2 2 
-2 | -1 2 2 2 
-2 | -1 2 2 
-2 | -1 2 
-2 | -1 
3
-2 -2 -1 2 1 | -2 -2 -1 2 1 -2 -1 
-2 -2 -1 2 1 | -2 -1 
1 | -2 -1 
1 | -2 
4
-2 -2 -1 2 1 | -2 -2 -1 2 -1 2 1 
-2 -2 -1 2 1 | -1 2 
-2 -2 1 | -1 2 
-2 | -1 2 
-2 | -1 
3
-2 -2 -1 2 1 | -2 -2 -1 -2 -1 2 1 
-2 -2 -1 2 1 | -2 -1 
1 | -2 -1 
1 | -2 
3
-2 -2 -1 2 1 | -2 -2 -2 -1 -1 2 1 
-2 -2 -1 2 1 | -2 -1 
1 | -2 -1 
1 | -2 
6
-2 -2 -1 2 1 | -1 -1 2 2 1 2 2 
-2 -2 -1 2 1 | -1 2 2 2 
-2 -2 -2 -2 1 | -1 2 2 2 
-2 | -1 2 2 2 
-2 | -1 2 2 
-2 | -1 2 
-2 | -1 
11
-2 -2 -1 2 1 | -1 2 -1 2 2 1 2 
-2 -2 -1 2 1 | -1 2 -1 2 1 2 2 2 
-2 -2 -1 2 1 | -1 2 2 2 2 2 2 
-2 -2 -1 2 1 | -1 -1 2 1 2 2 2 2 
-2 -2 -1 2 1 | -1 -1 2 2 1 2 2 
-2 -2 -1 2 1 | -1 -1 2 2 2 1 
-2 -2 -2 -2 1 | -1 -1 2 2 2 1 
-2 -2 -2 -2 1 | -2 
-2 -2 -2 1 | -2 
-2 -2 1 | -2 
-2 1 | -2 
1 | -2 
9
-2 -2 -1 2 1 | -2 -1 2 2 1 2 -1 
-2 -2 -1 2 1 | -1 2 -1 2 1 2 
-2 -2 -2 -2 1 | -1 2 -1 2 1 2 
-2 -2 -2 -2 1 | -2 -2 -1 2 1 
-2 -2 -2 1 | -2 -2 -1 2 1 
-2 -2 1 | -2 -2 -1 2 1 
-2 -2 1 | -2 -2 -2 1 
-2 -2 1 | -2 
-2 1 | -2 
1 | -2 
9
-2 -2 -1 2 1 | -2 -1 2 -1 2 2 1 
-2 -2 -1 2 1 | -1 2 -1 2 1 2 
-2 -2 -2 -2 1 | -1 2 -1 2 1 2 
-2 -2 -2 -2 1 | -2 -2 -1 2 1 
-2 -2 -2 1 | -2 -2 -1 2 1 
-2 -2 1 | -2 -2 -1 2 1 
-2 -2 1 | -2 -2 -2 1 
-2 -2 1 | -2 
-2 1 | -2 
1 | -2 
5
-2 -2 -1 2 1 | -2 -1 -2 -1 2 2 1 
-2 -2 -1 2 1 | -2 -1 2 -1 2 1 
-2 -2 1 | -2 -1 2 -1 2 1 
-2 -2 1 | -2 
-2 1 | -2 
1 | -2 
4
-2 -2 -1 2 1 | -2 -2 -1 -1 2 2 1 
-2 -2 -1 2 1 | -1 2 
-2 -2 1 | -1 2 
-2 | -1 2 
-2 | -1 
17
-2 -2 -1 2 1 | -1 -1 2 2 2 1 2 
-2 -2 -1 2 1 | -1 -1 2 2 1 2 2 2 
-2 -2 -1 2 1 | -1 -1 2 2 1 2 -1 2 1 
-2 -2 -1 2 1 | -2 -1 2 2 -1 2 2 1 
-2 -2 -1 2 1 | -2 -1 -1 2 2 2 1 
-2 -2 -1 2 1 | -2 1 2 -1 -1 2 2 2 
-2 -2 -1 2 1 | -2 -1 2 -1 2 2 1 
-2 -2 -1 2 1 | -1 -1 2 2 1 2 
-2 -2 -1 2 1 | -1 -1 2 1 2 2 2 
-2 -2 -1 2 1 | -1 2 2 2 2 2 
-2 -2 -1 2 1 | -1 2 -1 2 1 2 2 
-2 -2 -1 2 1 | -1 2 -1 2 2 1 
-2 -2 -1 2 1 | -2 -1 2 2 2 
-2 -2 -2 1 | -2 -1 2 2 2 
-2 -2 -2 1 | -2 
-2 -2 1 | -2 
-2 1 | -2 
1 | -2 
11
-2 -2 -1 2 1 | -2 -1 -1 2 2 2 1 
-2 -2 -1 2 1 | -1 -1 2 2 1 2 
-2 -2 -1 2 1 | -1 -1 2 1 2 2 2 
-2 -2 -1 2 1 | -1 2 2 2 2 2 
-2 -2 -1 2 1 | -1 2 -1 2 1 2 2 
-2 -2 -1 2 1 | -1 2 -1 2 2 1 
-2 -2 -1 2 1 | -2 -1 2 2 2 
-2 -2 -2 1 | -2 -1 2 2 2 
-2 -2 -2 1 | -2 
-2 -2 1 | -2 
-2 1 | -2 
1 | -2 
9
-2 -2 -1 2 1 | -1 2 2 2 2 2 2 
-2 -2 -1 2 1 | -1 -1 2 1 2 2 2 2 
-2 -2 -1 2 1 | -1 -1 2 2 1 2 2 
-2 -2 -1 2 1 | -1 -1 2 2 2 1 
-2 -2 -2 -2 1 | -1 -1 2 2 2 1 
-2 -2 -2 -2 1 | -2 
-2 -2 -2 1 | -2 
-2 -2 1 | -2 
-2 1 | -2 
1 | -2 
4
-2 -2 -1 2 1 | -2 1 2 -1 2 2 -1 
-2 -2 -1 2 1 | -1 2 
-2 -2 1 | -1 2 
-2 | -1 2 
-2 | -1 
3
-2 -2 -1 2 1 | -2 -1 2 2 -1 -2 1 
-2 -2 -1 2 1 | -2 -1 
1 | -2 -1 
1 | -2 
4
-2 -2 -1 2 1 | -2 1 2 2 -1 2 -1 
-2 -2 -1 2 1 | -1 2 
-2 -2 1 | -1 2 
-2 | -1 2 
-2 | -1 
3
-2 -2 -1 2 1 | -2 -2 -1 2 -1 -2 1 
-2 -2 -1 2 1 | -2 -1 
1 | -2 -1 
1 | -2 
5
-2 -2 -1 2 1 | -2 -2 1 2 -1 2 -1 
-2 -2 -1 2 1 | -2 -1 -2 1 2 -1 
-2 -2 -1 2 1 | -2 -2 -1 
1 2 | -2 -2 -1 
1 2 | -2 
1 | -2 
7
-2 -2 -1 2 1 | -2 -2 1 -2 -1 2 -1 
-2 -2 -1 2 1 | -2 -2 1 2 -1 -1 
-2 -2 -1 2 1 | -2 -1 -1 -2 1 
-2 -2 -1 2 1 | -2 -2 -2 -1 
1 2 2 | -2 -2 -2 -1 
1 2 2 | -2 
1 2 | -2 
1 | -2 
7
-2 -2 -1 2 1 | -2 1 1 2 -1 -1 -1 
-2 -2 -1 2 1 | -2 -2 1 2 -1 -1 
-2 -2 -1 2 1 | -2 -1 -1 -2 1 
-2 -2 -1 2 1 | -2 -2 -2 -1 
1 2 2 | -2 -2 -2 -1 
1 2 2 | -2 
1 2 | -2 
1 | -2 
9
-2 -2 -1 2 1 | -2 -1 -1 -1 -2 1 1 
-2 -2 -1 2 1 | -2 -2 1 -2 -1 -1 
-2 -2 -1 2 1 | -2 -2 -2 -1 -1 -2 1 
-2 -2 -1 2 1 | -2 -2 -2 -2 -2 -1 
-2 -2 -1 2 1 | -2 -2 -2 -2 -1 
-2 -2 -1 2 1 | -2 -2 -2 -1 
1 2 2 | -2 -2 -2 -1 
1 2 2 | -2 
1 2 | -2 
1 | -2 
4
-2 -2 -1 2 1 | -2 1 2 2 2 -1 -1 
-2 -2 -1 2 1 | -1 2 
-2 -2 1 | -1 2 
-2 | -1 2 
-2 | -1 
7
-2 -2 -1 2 1 | -2 -2 -2 -1 -1 -2 1 
-2 -2 -1 2 1 | -2 -2 -2 -2 -2 -1 
-2 -2 -1 2 1 | -2 -2 -2 -2 -1 
-2 -2 -1 2 1 | -2 -2 -2 -1 
1 2 2 | -2 -2 -2 -1 
1 2 2 | -2 
1 2 | -2 
1 | -2 
3
-2 -2 -1 2 1 | -2 -2 1 2 2 -1 -1 
-2 -2 -1 2 1 | -2 -1 
1 | -2 -1 
1 | -2 
5
-2 -2 -1 2 1 | -2 -2 -1 -1 -2 -2 1 
-2 -2 -1 2 1 | -2 -2 -2 -1 
1 2 2 | -2 -2 -2 -1 
1 2 2 | -2 
1 2 | -2 
1 | -2 
9
-2 -2 -1 2 1 | -2 -2 -2 1 2 -1 -1 
-2 -2 -1 2 1 | -2 -2 1 -2 -1 -1 
-2 -2 -1 2 1 | -2 -2 -2 -1 -1 -2 1 
-2 -2 -1 2 1 | -2 -2 -2 -2 -2 -1 
-2 -2 -1 2 1 | -2 -2 -2 -2 -1 
-2 -2 -1 2 1 | -2 -2 -2 -1 
1 2 2 | -2 -2 -2 -1 
1 2 2 | -2 
1 2 | -2 
1 | -2 
11
-2 -2 -1 2 1 | -2 -2 -2 1 -2 -1 -1 
-2 -2 -1 2 1 | -2 -2 -2 -1 -1 -2 -2 1 
-2 -2 -1 2 1 | -2 -2 1 -2 -1 -2 -1 
-2 -2 -1 2 1 | -2 -2 -2 -1 -2 -1 -2 1 
-2 -2 -1 2 1 | -2 -2 -2 -2 -2 -2 -1 
-2 -2 -1 2 1 | -2 -2 -2 -2 -2 -1 
-2 -2 -1 2 1 | -2 -2 -2 -2 -1 
-2 -2 -1 2 1 | -2 -2 -2 -1 
1 2 2 | -2 -2 -2 -1 
1 2 2 | -2 
1 2 | -2 
1 | -2 
3
-2 -2 -1 2 1 | -2 -1 -2 1 2 2 -1 
-2 -2 -1 2 1 | -2 -1 
1 | -2 -1 
1 | -2 
5
-2 -2 -1 2 1 | -2 -2 -1 -2 1 2 -1 
-2 -2 -1 2 1 | -2 -2 -2 -1 
1 2 2 | -2 -2 -2 -1 
1 2 2 | -2 
1 2 | -2 
1 | -2 
7
-2 -2 -1 2 1 | -2 -2 -1 -2 1 -2 -1 
-2 -2 -1 2 1 | -2 -2 -2 -2 -2 -1 
-2 -2 -1 2 1 | -2 -2 -2 -2 -1 
-2 -2 -1 2 1 | -2 -2 -2 -1 
1 2 2 | -2 -2 -2 -1 
1 2 2 | -2 
1 2 | -2 
1 | -2 
5
-2 -2 -1 2 1 | -2 -2 -1 -2 -1 -2 1 
-2 -2 -1 2 1 | -2 -2 -2 -1 
1 2 2 | -2 -2 -2 -1 
1 2 2 | -2 
1 2 | -2 
1 | -2 
7
-2 -2 -1 2 1 | -2 -2 1 2 -1 -2 -1 
-2 -2 -1 2 1 | -2 -1 -2 -1 -2 1 
-2 -2 -1 2 1 | -2 -2 -2 -2 -1 
-2 -2 -1 2 1 | -2 -2 -2 -1 
1 2 2 | -2 -2 -2 -1 
1 2 2 | -2 
1 2 | -2 
1 | -2 
9
-2 -2 -1 2 1 | -2 -2 1 -2 -1 -2 -1 
-2 -2 -1 2 1 | -2 -2 -2 -1 -2 -1 -2 1 
-2 -2 -1 2 1 | -2 -2 -2 -2 -2 -2 -1 
-2 -2 -1 2 1 | -2 -2 -2 -2 -2 -1 
-2 -2 -1 2 1 | -2 -2 -2 -2 -1 
-2 -2 -1 2 1 | -2 -2 -2 -1 
1 2 2 | -2 -2 -2 -1 
1 2 2 | -2 
1 2 | -2 
1 | -2 
7
-2 -2 -1 2 1 | -2 -2 -2 -2 -2 -2 -1 
-2 -2 -1 2 1 | -2 -2 -2 -2 -2 -1 
-2 -2 -1 2 1 | -2 -2 -2 -2 -1 
-2 -2 -1 2 1 | -2 -2 -2 -1 
1 2 2 | -2 -2 -2 -1 
1 2 2 | -2 
1 2 | -2 
1 | -2 
7
-2 -2 -1 2 1 | -1 -1 -1 2 1 1 2 2 
-2 -2 -1 2 1 | -1 -1 2 1 2 
-2 -2 -1 2 1 | -1 2 2 2 
-2 -2 -2 -2 1 | -1 2 2 2 
-2 | -1 2 2 2 
-2 | -1 2 2 
-2 | -1 2 
-2 | -1 
12
-2 -2 -1 2 1 | -1 -1 2 1 1 2 -1 2 
-2 -2 -1 2 1 | -1 2 -1 2 2 1 2 
-2 -2 -1 2 1 | -1 2 -1 2 1 2 2 2 
-2 -2 -1 2 1 | -1 2 2 2 2 2 2 
-2 -2 -1 2 1 | -1 -1 2 1 2 2 2 2 
-2 -2 -1 2 1 | -1 -1 2 2 1 2 2 
-2 -2 -1 2 1 | -1 -1 2 2 2 1 
-2 -2 -2 -2 1 | -1 -1 2 2 2 1 
-2 -2 -2 -2 1 | -2 
-2 -2 -2 1 | -2 
-2 -2 1 | -2 
-2 1 | -2 
1 | -2 
18
-2 -2 -1 2 1 | -1 -1 2 -1 2 1 1 2 
-2 -2 -1 2 1 | -1 -1 2 2 2 1 2 
-2 -2 -1 2 1 | -1 -1 2 2 1 2 2 2 
-2 -2 -1 2 1 | -1 -1 2 2 1 2 -1 2 1 
-2 -2 -1 2 1 | -2 -1 2 2 -1 2 2 1 
-2 -2 -1 2 1 | -2 -1 -1 2 2 2 1 
-2 -2 -1 2 1 | -2 1 2 -1 -1 2 2 2 
-2 -2 -1 2 1 | -2 -1 2 -1 2 2 1 
-2 -2 -1 2 1 | -1 -1 2 2 1 2 
-2 -2 -1 2 1 | -1 -1 2 1 2 2 2 
-2 -2 -1 2 1 | -1 2 2 2 2 2 
-2 -2 -1 2 1 | -1 2 -1 2 1 2 2 
-2 -2 -1 2 1 | -1 2 -1 2 2 1 
-2 -2 -1 2 1 | -2 -1 2 2 2 
-2 -2 -2 1 | -2 -1 2 2 2 
-2 -2 -2 1 | -2 
-2 -2 1 | -2 
-2 1 | -2 
1 | -2 
7
-2 -2 -1 2 1 | -2 -1 2 1 1 2 -1 -1 
-2 -2 -1 2 1 | -1 -1 2 1 2 
-2 -2 -1 2 1 | -1 2 2 2 
-2 -2 -2 -2 1 | -1 2 2 2 
-2 | -1 2 2 2 
-2 | -1 2 2 
-2 | -1 2 
-2 | -1 
10
-2 -2 -1 2 1 | -2 -1 -1 2 1 1 2 -1 
-2 -2 -1 2 1 | -2 -1 2 2 1 2 -1 
-2 -2 -1 2 1 | -1 2 -1 2 1 2 
-2 -2 -2 -2 1 | -1 2 -1 2 1 2 
-2 -2 -2 -2 1 | -2 -2 -1 2 1 
-2 -2 -2 1 | -2 -2 -1 2 1 
-2 -2 1 | -2 -2 -1 2 1 
-2 -2 1 | -2 -2 -2 1 
-2 -2 1 | -2 
-2 1 | -2 
1 | -2 
12
-2 -2 -1 2 1 | -2 -1 2 -1 -1 2 1 1 
-2 -2 -1 2 1 | -2 -1 2 -1 2 2 1 
-2 -2 -1 2 1 | -1 -1 2 2 1 2 
-2 -2 -1 2 1 | -1 -1 2 1 2 2 2 
-2 -2 -1 2 1 | -1 2 2 2 2 2 
-2 -2 -1 2 1 | -1 2 -1 2 1 2 2 
-2 -2 -1 2 1 | -1 2 -1 2 2 1 
-2 -2 -1 2 1 | -2 -1 2 2 2 
-2 -2 -2 1 | -2 -1 2 2 2 
-2 -2 -2 1 | -2 
-2 -2 1 | -2 
-2 1 | -2 
1 | -2 
14
-2 -2 -1 2 1 | -2 -1 -1 2 -1 2 1 1 
-2 -2 -1 2 1 | -2 -1 -1 2 2 2 1 
-2 -2 -1 2 1 | -2 -1 2 2 -1 2 2 1 
-2 -2 -1 2 1 | -1 2 -1 2 2 1 2 
-2 -2 -1 2 1 | -1 2 -1 2 1 2 2 2 
-2 -2 -1 2 1 | -1 2 2 2 2 2 2 
-2 -2 -1 2 1 | -1 -1 2 1 2 2 2 2 
-2 -2 -1 2 1 | -1 -1 2 2 1 2 2 
-2 -2 -1 2 1 | -1 -1 2 2 2 1 
-2 -2 -2 -2 1 | -1 -1 2 2 2 1 
-2 -2 -2 -2 1 | -2 
-2 -2 -2 1 | -2 
-2 -2 1 | -2 
-2 1 | -2 
1 | -2 
4
-2 -2 -1 2 1 | -2 -1 -1 -2 -1 2 1 1 
-2 -2 -1 2 1 | -2 -1 -1 2 1 
-2 1 | -2 -1 -1 2 1 
-2 1 | -2 
1 | -2 
6
-2 -2 -1 2 1 | -2 -1 -2 -1 -1 2 1 1 
-2 -2 -1 2 1 | -2 -1 -2 -1 2 2 1 
-2 -2 -1 2 1 | -2 -1 2 -1 2 1 
-2 -2 1 | -2 -1 2 -1 2 1 
-2 -2 1 | -2 
-2 1 | -2 
1 | -2 
4
-2 -2 -1 2 1 | -2 -2 -1 -1 -1 2 1 1 
-2 -2 -1 2 1 | -2 -1 -1 2 1 
-2 1 | -2 -1 -1 2 1 
-2 1 | -2 
1 | -2 
18
-2 -2 -1 2 1 | -1 -1 -1 2 1 2 1 2 
-2 -2 -1 2 1 | -1 -1 2 2 2 1 2 
-2 -2 -1 2 1 | -1 -1 2 2 1 2 2 2 
-2 -2 -1 2 1 | -1 -1 2 2 1 2 -1 2 1 
-2 -2 -1 2 1 | -2 -1 2 2 -1 2 2 1 
-2 -2 -1 2 1 | -2 -1 -1 2 2 2 1 
-2 -2 -1 2 1 | -2 1 2 -1 -1 2 2 2 
-2 -2 -1 2 1 | -2 -1 2 -1 2 2 1 
-2 -2 -1 2 1 | -1 -1 2 2 1 2 
-2 -2 -1 2 1 | -1 -1 2 1 2 2 2 
-2 -2 -1 2 1 | -1 2 2 2 2 2 
-2 -2 -1 2 1 | -1 2 -1 2 1 2 2 
-2 -2 -1 2 1 | -1 2 -1 2 2 1 
-2 -2 -1 2 1 | -2 -1 2 2 2 
-2 -2 -2 1 | -2 -1 2 2 2 
-2 -2 -2 1 | -2 
-2 -2 1 | -2 
-2 1 | -2 
1 | -2 
12
-2 -2 -1 2 1 | -2 -1 -1 -1 2 1 2 1 
-2 -2 -1 2 1 | -1 -1 -1 2 1 1 2 
-2 -2 -1 2 1 | -1 -1 2 2 1 2 
-2 -2 -1 2 1 | -1 -1 2 1 2 2 2 
-2 -2 -1 2 1 | -1 2 2 2 2 2 
-2 -2 -1 2 1 | -1 2 -1 2 1 2 2 
-2 -2 -1 2 1 | -1 2 -1 2 2 1 
-2 -2 -1 2 1 | -2 -1 2 2 2 
-2 -2 -2 1 | -2 -1 2 2 2 
-2 -2 -2 1 | -2 
-2 -2 1 | -2 
-2 1 | -2 
1 | -2 
8
-2 -2 -1 2 1 | -1 -1 2 1 2 2 2 2 
-2 -2 -1 2 1 | -1 -1 2 2 1 2 2 
-2 -2 -1 2 1 | -1 -1 2 2 2 1 
-2 -2 -2 -2 1 | -1 -1 2 2 2 1 
-2 -2 -2 -2 1 | -2 
-2 -2 -2 1 | -2 
-2 -2 1 | -2 
-2 1 | -2 
1 | -2 
10
-2 -2 -1 2 1 | -1 2 -1 2 1 2 2 2 
-2 -2 -1 2 1 | -1 2 1 2 -1 2 2 
-2 -2 -1 2 1 | -1 2 2 2 2 2 
-2 -2 -1 2 1 | -1 2 -1 2 1 2 2 
-2 -2 -1 2 1 | -1 2 -1 2 2 1 
-2 -2 -1 2 1 | -2 -1 2 2 2 
-2 -2 -2 1 | -2 -1 2 2 2 
-2 -2 -2 1 | -2 
-2 -2 1 | -2 
-2 1 | -2 
1 | -2 
7
-2 -2 -1 2 1 | -2 -1 2 1 2 2 2 -1 
-2 -2 -1 2 1 | -1 -1 2 1 2 
-2 -2 -1 2 1 | -1 2 2 2 
-2 -2 -2 -2 1 | -1 2 2 2 
-2 | -1 2 2 2 
-2 | -1 2 2 
-2 | -1 2 
-2 | -1 
7
-2 -2 -1 2 1 | -1 2 1 2 2 -1 2 2 
-2 -2 -1 2 1 | -1 2 2 2 2 
-2 -2 -2 -2 -2 1 | -1 2 2 2 2 
-2 | -1 2 2 2 2 
-2 | -1 2 2 2 
-2 | -1 2 2 
-2 | -1 2 
-2 | -1 
3
-2 -2 -1 2 1 | -2 -2 -1 2 1 2 2 -1 
-2 -2 -1 2 1 | -1 
-2 1 | -1 
-2 | -1 
10
-2 -2 -1 2 1 | -1 2 1 2 -1 2 2 2 
-2 -2 -1 2 1 | -1 2 2 2 2 2 2 
-2 -2 -1 2 1 | -1 -1 2 1 2 2 2 2 
-2 -2 -1 2 1 | -1 -1 2 2 1 2 2 
-2 -2 -1 2 1 | -1 -1 2 2 2 1 
-2 -2 -2 -2 1 | -1 -1 2 2 2 1 
-2 -2 -2 -2 1 | -2 
-2 -2 -2 1 | -2 
-2 -2 1 | -2 
-2 1 | -2 
1 | -2 
3
-2 -2 -1 2 1 | -2 -2 -2 -1 2 1 2 -1 
-2 -2 -1 2 1 | -1 
-2 1 | -1 
-2 | -1 
7
-2 -2 -1 2 1 | -2 1 2 -1 -1 -1 2 1 
-2 -2 -1 2 1 | -1 -1 2 1 2 
-2 -2 -1 2 1 | -1 2 2 2 
-2 -2 -2 -2 1 | -1 2 2 2 
-2 | -1 2 2 2 
-2 | -1 2 2 
-2 | -1 2 
-2 | -1 
4
-2 -2 -1 2 1 | -2 -1 -1 -1 2 1 -2 1 
-2 -2 -1 2 1 | -2 -1 -1 2 1 
-2 1 | -2 -1 -1 2 1 
-2 1 | -2 
1 | -2 
7
-2 -2 -1 2 1 | -2 -1 2 2 2 -1 2 1 
-2 -2 -1 2 1 | -1 2 2 2 2 
-2 -2 -2 -2 -2 1 | -1 2 2 2 2 
-2 | -1 2 2 2 2 
-2 | -1 2 2 2 
-2 | -1 2 2 
-2 | -1 2 
-2 | -1 
4
-2 -2 -1 2 1 | -2 -2 -2 -1 2 1 -2 -1 
-2 -2 -1 2 1 | -2 -2 -1 
1 2 | -2 -2 -1 
1 2 | -2 
1 | -2 
5
-2 -2 -1 2 1 | -2 -2 -1 2 2 -1 2 1 
-2 -2 -1 2 1 | -1 2 2 
-2 -2 -2 1 | -1 2 2 
-2 | -1 2 2 
-2 | -1 2 
-2 | -1 
4
-2 -2 -1 2 1 | -2 -2 -1 -2 -2 -1 2 1 
-2 -2 -1 2 1 | -2 -2 -1 
1 2 | -2 -2 -1 
1 2 | -2 
1 | -2 
4
-2 -2 -1 2 1 | -2 -2 -2 -1 2 -1 2 1 
-2 -2 -1 2 1 | -2 -1 2 
-2 1 | -2 -1 2 
-2 1 | -2 
1 | -2 
4
-2 -2 -1 2 1 | -2 -2 -2 -1 -2 -1 2 1 
-2 -2 -1 2 1 | -2 -2 -1 
1 2 | -2 -2 -1 
1 2 | -2 
1 | -2 
4
-2 -2 -1 2 1 | -2 -2 -2 -2 -1 -1 2 1 
-2 -2 -1 2 1 | -2 -2 -1 
1 2 | -2 -2 -1 
1 2 | -2 
1 | -2 
20
-2 -2 -1 2 1 | -1 -1 -1 2 2 1 1 2 
-2 -2 -1 2 1 | -1 -1 -1 2 1 2 2 1 2 
-2 -2 -1 2 1 | -1 -1 2 2 2 2 1 2 
-2 -2 -1 2 1 | -1 -1 2 2 2 1 2 2 2 
-2 -2 -1 2 1 | -1 -1 2 2 2 1 2 -1 2 1 
-2 -2 -1 2 1 | -2 -1 2 2 2 2 1 2 -1 
-2 -2 -1 2 1 | -2 -1 2 2 2 1 2 2 2 -1 
-2 -2 -1 2 1 | -2 -1 2 2 2 1 2 -1 2 
-2 -2 -1 2 1 | -1 2 2 -1 2 2 1 2 
-2 -2 -1 2 1 | -1 2 1 2 2 2 -1 2 2 
-2 -2 -1 2 1 | -1 2 1 2 -1 2 2 2 
-2 -2 -1 2 1 | -1 2 2 2 2 2 2 
-2 -2 -1 2 1 | -1 -1 2 1 2 2 2 2 
-2 -2 -1 2 1 | -1 -1 2 2 1 2 2 
-2 -2 -1 2 1 | -1 -1 2 2 2 1 
-2 -2 -2 -2 1 | -1 -1 2 2 2 1 
-2 -2 -2 -2 1 | -2 
-2 -2 -2 1 | -2 
-2 -2 1 | -2 
-2 1 | -2 
1 | -2 
22
-2 -2 -1 2 1 | -2 -1 -1 -1 2 2 1 1 
-2 -2 -1 2 1 | -2 1 2 -1 -1 -1 2 2 1 
-2 -2 -1 2 1 | -2 -1 2 -1 -1 2 2 1 -2 1 
-2 -2 -1 2 1 | -2 -1 2 -1 -1 2 1 2 1 
-2 -2 -1 2 1 | -2 -1 2 -1 2 2 2 1 
-2 -2 -1 2 1 | -1 -1 2 2 2 1 2 
-2 -2 -1 2 1 | -1 -1 2 2 1 2 2 2 
-2 -2 -1 2 1 | -1 -1 2 2 1 2 -1 2 1 
-2 -2 -1 2 1 | -2 -1 2 2 -1 2 2 1 
-2 -2 -1 2 1 | -2 -1 -1 2 2 2 1 
-2 -2 -1 2 1 | -2 1 2 -1 -1 2 2 2 
-2 -2 -1 2 1 | -2 -1 2 -1 2 2 1 
-2 -2 -1 2 1 | -1 -1 2 2 1 2 
-2 -2 -1 2 1 | -1 -1 2 1 2 2 2 
-2 -2 -1 2 1 | -1 2 2 2 2 2 
-2 -2 -1 2 1 | -1 2 -1 2 1 2 2 
-2 -2 -1 2 1 | -1 2 -1 2 2 1 
-2 -2 -1 2 1 | -2 -1 2 2 2 
-2 -2 -2 1 | -2 -1 2 2 2 
-2 -2 -2 1 | -2 
-2 -2 1 | -2 
-2 1 | -2 
1 | -2 
12
-2 -2 -1 2 1 | -1 -1 2 2 1 2 2 2 
-2 -2 -1 2 1 | -1 2 -1 2 2 1 2 
-2 -2 -1 2 1 | -1 2 -1 2 1 2 2 2 
-2 -2 -1 2 1 | -1 2 2 2 2 2 2 
-2 -2 -1 2 1 | -1 -1 2 1 2 2 2 2 
-2 -2 -1 2 1 | -1 -1 2 2 1 2 2 
-2 -2 -1 2 1 | -1 -1 2 2 2 1 
-2 -2 -2 -2 1 | -1 -1 2 2 2 1 
-2 -2 -2 -2 1 | -2 
-2 -2 -2 1 | -2 
-2 -2 1 | -2 
-2 1 | -2 
1 | -2 
7
-2 -2 -1 2 1 | -1 2 -1 2 2 1 2 2 
-2 -2 -1 2 1 | -1 2 2 2 2 
-2 -2 -2 -2 -2 1 | -1 2 2 2 2 
-2 | -1 2 2 2 2 
-2 | -1 2 2 2 
-2 | -1 2 2 
-2 | -1 2 
-2 | -1 
5
-2 -2 -1 2 1 | -2 -1 2 2 1 2 2 -1 
-2 -2 -1 2 1 | -1 2 2 
-2 -2 -2 1 | -1 2 2 
-2 | -1 2 2 
-2 | -1 2 
-2 | -1 
12
-2 -2 -1 2 1 | -1 2 2 -1 2 2 1 2 
-2 -2 -1 2 1 | -1 2 1 2 2 2 -1 2 2 
-2 -2 -1 2 1 | -1 2 1 2 -1 2 2 2 
-2 -2 -1 2 1 | -1 2 2 2 2 2 2 
-2 -2 -1 2 1 | -1 -1 2 1 2 2 2 2 
-2 -2 -1 2 1 | -1 -1 2 2 1 2 2 
-2 -2 -1 2 1 | -1 -1 2 2 2 1 
-2 -2 -2 -2 1 | -1 -1 2 2 2 1 
-2 -2 -2 -2 1 | -2 
-2 -2 -2 1 | -2 
-2 -2 1 | -2 
-2 1 | -2 
1 | -2 
7
-2 -2 -1 2 1 | -2 -2 -1 2 2 1 2 -1 
-2 -2 -1 2 1 | -1 -1 2 1 2 
-2 -2 -1 2 1 | -1 2 2 2 
-2 -2 -2 -2 1 | -1 2 2 2 
-2 | -1 2 2 2 
-2 | -1 2 2 
-2 | -1 2 
-2 | -1 
10
-2 -2 -1 2 1 | -2 -1 2 2 -1 2 2 1 
-2 -2 -1 2 1 | -1 2 1 2 -1 2 2 
-2 -2 -1 2 1 | -1 2 2 2 2 2 
-2 -2 -1 2 1 | -1 2 -1 2 1 2 2 
-2 -2 -1 2 1 | -1 2 -1 2 2 1 
-2 -2 -1 2 1 | -2 -1 2 2 2 
-2 -2 -2 1 | -2 -1 2 2 2 
-2 -2 -2 1 | -2 
-2 -2 1 | -2 
-2 1 | -2 
1 | -2 
4
-2 -2 -1 2 1 | -2 -2 -1 2 2 1 -2 -1 
-2 -2 -1 2 1 | -2 -1 -1 2 1 
-2 1 | -2 -1 -1 2 1 
-2 1 | -2 
1 | -2 
5
-2 -2 -1 2 1 | -2 -2 -1 2 -1 2 2 1 
-2 -2 -1 2 1 | -1 2 2 
-2 -2 -2 1 | -1 2 2 
-2 | -1 2 2 
-2 | -1 2 
-2 | -1 
3
-2 -2 -1 2 1 | -2 -2 -1 -2 -1 2 2 1 
-2 -2 -1 2 1 | -1 
-2 1 | -1 
-2 | -1 
4
-2 -2 -1 2 1 | -2 -2 -2 -1 -1 2 2 1 
-2 -2 -1 2 1 | -2 -1 -1 2 1 
-2 1 | -2 -1 -1 2 1 
-2 1 | -2 
1 | -2 
7
-2 -2 -1 2 1 | -1 -1 2 2 2 1 2 2 
-2 -2 -1 2 1 | -1 2 2 2 2 
-2 -2 -2 -2 -2 1 | -1 2 2 2 2 
-2 | -1 2 2 2 2 
-2 | -1 2 2 2 
-2 | -1 2 2 
-2 | -1 2 
-2 | -1 
16
-2 -2 -1 2 1 | -1 2 -1 2 2 2 1 2 
-2 -2 -1 2 1 | -2 -1 2 2 2 2 1 2 -1 
-2 -2 -1 2 1 | -2 -1 2 2 2 1 2 2 2 -1 
-2 -2 -1 2 1 | -2 -1 2 2 2 1 2 -1 2 
-2 -2 -1 2 1 | -1 2 2 -1 2 2 1 2 
-2 -2 -1 2 1 | -1 2 1 2 2 2 -1 2 2 
-2 -2 -1 2 1 | -1 2 1 2 -1 2 2 2 
-2 -2 -1 2 1 | -1 2 2 2 2 2 2 
-2 -2 -1 2 1 | -1 -1 2 1 2 2 2 2 
-2 -2 -1 2 1 | -1 -1 2 2 1 2 2 
-2 -2 -1 2 1 | -1 -1 2 2 2 1 
-2 -2 -2 -2 1 | -1 -1 2 2 2 1 
-2 -2 -2 -2 1 | -2 
-2 -2 -2 1 | -2 
-2 -2 1 | -2 
-2 1 | -2 
1 | -2 
12
-2 -2 -1 2 1 | -2 -1 2 2 2 1 2 -1 
-2 -2 -1 2 1 | -1 2 -1 2 2 1 2 
-2 -2 -1 2 1 | -1 2 -1 2 1 2 2 2 
-2 -2 -1 2 1 | -1 2 2 2 2 2 2 
-2 -2 -1 2 1 | -1 -1 2 1 2 2 2 2 
-2 -2 -1 2 1 | -1 -1 2 2 1 2 2 
-2 -2 -1 2 1 | -1 -1 2 2 2 1 
-2 -2 -2 -2 1 | -1 -1 2 2 2 1 
-2 -2 -2 -2 1 | -2 
-2 -2 -2 1 | -2 
-2 -2 1 | -2 
-2 1 | -2 
1 | -2 
12
-2 -2 -1 2 1 | -2 -1 2 -1 2 2 2 1 
-2 -2 -1 2 1 | -1 2 -1 2 2 1 2 
-2 -2 -1 2 1 | -1 2 -1 2 1 2 2 2 
-2 -2 -1 2 1 | -1 2 2 2 2 2 2 
-2 -2 -1 2 1 | -1 -1 2 1 2 2 2 2 
-2 -2 -1 2 1 | -1 -1 2 2 1 2 2 
-2 -2 -1 2 1 | -1 -1 2 2 2 1 
-2 -2 -2 -2 1 | -1 -1 2 2 2 1 
-2 -2 -2 -2 1 | -2 
-2 -2 -2 1 | -2 
-2 -2 1 | -2 
-2 1 | -2 
1 | -2 
10
-2 -2 -1 2 1 | -2 -1 -2 -1 2 2 2 1 
-2 -2 -1 2 1 | -2 -1 2 2 1 2 -1 
-2 -2 -1 2 1 | -1 2 -1 2 1 2 
-2 -2 -2 -2 1 | -1 2 -1 2 1 2 
-2 -2 -2 -2 1 | -2 -2 -1 2 1 
-2 -2 -2 1 | -2 -2 -1 2 1 
-2 -2 1 | -2 -2 -1 2 1 
-2 -2 1 | -2 -2 -2 1 
-2 -2 1 | -2 
-2 1 | -2 
1 | -2 
5
-2 -2 -1 2 1 | -2 -2 -1 -1 2 2 2 1 
-2 -2 -1 2 1 | -1 2 2 
-2 -2 -2 1 | -1 2 2 
-2 | -1 2 2 
-2 | -1 2 
-2 | -1 
18
-2 -2 -1 2 1 | -1 -1 2 2 2 2 1 2 
-2 -2 -1 2 1 | -1 -1 2 2 2 1 2 2 2 
-2 -2 -1 2 1 | -1 -1 2 2 2 1 2 -1 2 1 
-2 -2 -1 2 1 | -2 -1 2 2 2 2 1 2 -1 
-2 -2 -1 2 1 | -2 -1 2 2 2 1 2 2 2 -1 
-2 -2 -1 2 1 | -2 -1 2 2 2 1 2 -1 2 
-2 -2 -1 2 1 | -1 2 2 -1 2 2 1 2 
-2 -2 -1 2 1 | -1 2 1 2 2 2 -1 2 2 
-2 -2 -1 2 1 | -1 2 1 2 -1 2 2 2 
-2 -2 -1 2 1 | -1 2 2 2 2 2 2 
-2 -2 -1 2 1 | -1 -1 2 1 2 2 2 2 
-2 -2 -1 2 1 | -1 -1 2 2 1 2 2 
-2 -2 -1 2 1 | -1 -1 2 2 2 1 
-2 -2 -2 -2 1 | -1 -1 2 2 2 1 
-2 -2 -2 -2 1 | -2 
-2 -2 -2 1 | -2 
-2 -2 1 | -2 
-2 1 | -2 
1 | -2 
18
-2 -2 -1 2 1 | -2 -1 -1 2 2 2 2 1 
-2 -2 -1 2 1 | -1 -1 2 2 2 1 2 
-2 -2 -1 2 1 | -1 -1 2 2 1 2 2 2 
-2 -2 -1 2 1 | -1 -1 2 2 1 2 -1 2 1 
-2 -2 -1 2 1 | -2 -1 2 2 -1 2 2 1 
-2 -2 -1 2 1 | -2 -1 -1 2 2 2 1 
-2 -2 -1 2 1 | -2 1 2 -1 -1 2 2 2 
-2 -2 -1 2 1 | -2 -1 2 -1 2 2 1 
-2 -2 -1 2 1 | -1 -1 2 2 1 2 
-2 -2 -1 2 1 | -1 -1 2 1 2 2 2 
-2 -2 -1 2 1 | -1 2 2 2 2 2 
-2 -2 -1 2 1 | -1 2 -1 2 1 2 2 
-2 -2 -1 2 1 | -1 2 -1 2 2 1 
-2 -2 -1 2 1 | -2 -1 2 2 2 
-2 -2 -2 1 | -2 -1 2 2 2 
-2 -2 -2 1 | -2 
-2 -2 1 | -2 
-2 1 | -2 
1 | -2 
10
-2 -2 -1 2 1 | -1 2 2 2 2 2 2 2 
-2 -2 -1 2 1 | -1 2 -1 2 1 2 2 2 2 
-2 -2 -1 2 1 | -1 2 -1 2 2 1 2 2 
-2 -2 -1 2 1 | -1 2 -1 2 2 2 1 
-2 -2 -1 2 1 | -1 -1 2 1 2 2 
-2 -2 -1 2 1 | -1 -1 2 2 1 
-2 -2 -2 1 | -1 -1 2 2 1 
-2 -2 -2 1 | -2 
-2 -2 1 | -2 
-2 1 | -2 
1 | -2 
5
-2 -2 -1 2 1 | -2 1 2 -1 2 2 2 -1 
-2 -2 -1 2 1 | -1 2 2 
-2 -2 -2 1 | -1 2 2 
-2 | -1 2 2 
-2 | -1 2 
-2 | -1 
3
-2 -2 -1 2 1 | -2 -1 2 2 2 -1 -2 1 
-2 -2 -1 2 1 | -1 
-2 1 | -1 
-2 | -1 
5
-2 -2 -1 2 1 | -2 1 2 2 -1 2 2 -1 
-2 -2 -1 2 1 | -1 2 2 
-2 -2 -2 1 | -1 2 2 
-2 | -1 2 2 
-2 | -1 2 
-2 | -1 
3
-2 -2 -1 2 1 | -2 -2 -1 2 2 -1 -2 1 
-2 -2 -1 2 1 | -1 
-2 1 | -1 
-2 | -1 
4
-2 -2 -1 2 1 | -2 -2 1 2 -1 2 2 -1 
-2 -2 -1 2 1 | -2 1 2 -1 -1 
-2 -2 -1 2 1 | -2 -1 
1 | -2 -1 
1 | -2 
6
-2 -2 -1 2 1 | -2 -2 1 -2 -1 2 2 -1 
-2 -2 -1 2 1 | -2 -1 -1 -2 1 
-2 -2 -1 2 1 | -2 -2 -2 -1 
1 2 2 | -2 -2 -2 -1 
1 2 2 | -2 
1 2 | -2 
1 | -2 
6
-2 -2 -1 2 1 | -2 1 1 2 -1 2 -1 -1 
-2 -2 -1 2 1 | -2 -2 1 2 -1 2 -1 
-2 -2 -1 2 1 | -2 -1 2 -1 -2 1 
-2 -2 -1 2 1 | -2 -2 -1 
1 2 | -2 -2 -1 
1 2 | -2 
1 | -2 
8
-2 -2 -1 2 1 | -2 -1 2 -1 -1 -2 1 1 
-2 -2 -1 2 1 | -2 -2 1 -2 -1 2 -1 
-2 -2 -1 2 1 | -2 -2 1 2 -1 -1 
-2 -2 -1 2 1 | -2 -1 -1 -2 1 
-2 -2 -1 2 1 | -2 -2 -2 -1 
1 2 2 | -2 -2 -2 -1 
1 2 2 | -2 
1 2 | -2 
1 | -2 
4
-2 -2 -1 2 1 | -2 1 1 2 -1 -1 2 -1 
-2 -2 -1 2 1 | -2 1 2 -1 -1 
-2 -2 -1 2 1 | -2 -1 
1 | -2 -1 
1 | -2 
6
-2 -2 -1 2 1 | -2 -1 -1 2 -1 -2 1 1 
-2 -2 -1 2 1 | -2 -1 -1 -2 1 
-2 -2 -1 2 1 | -2 -2 -2 -1 
1 2 2 | -2 -2 -2 -1 
1 2 2 | -2 
1 2 | -2 
1 | -2 
5
-2 -2 -1 2 1 | -2 1 2 2 2 -1 2 -1 
-2 -2 -1 2 1 | -1 2 2 
-2 -2 -2 1 | -1 2 2 
-2 | -1 2 2 
-2 | -1 2 
-2 | -1 
6
-2 -2 -1 2 1 | -2 -2 -2 -1 2 -1 -2 1 
-2 -2 -1 2 1 | -2 -2 -2 -2 -1 
-2 -2 -1 2 1 | -2 -2 -2 -1 
1 2 2 | -2 -2 -2 -1 
1 2 2 | -2 
1 2 | -2 
1 | -2 
3
-2 -2 -1 2 1 | -2 -2 1 2 2 -1 2 -1 
-2 -2 -1 2 1 | -1 
-2 1 | -1 
-2 | -1 
4
-2 -2 -1 2 1 | -2 -2 -1 2 -1 -2 -2 1 
-2 -2 -1 2 1 | -2 -2 -1 
1 2 | -2 -2 -1 
1 2 | -2 
1 | -2 
8
-2 -2 -1 2 1 | -2 -2 -2 1 2 -1 2 -1 
-2 -2 -1 2 1 | -2 -2 1 -2 -1 2 -1 
-2 -2 -1 2 1 | -2 -2 1 2 -1 -1 
-2 -2 -1 2 1 | -2 -1 -1 -2 1 
-2 -2 -1 2 1 | -2 -2 -2 -1 
1 2 2 | -2 -2 -2 -1 
1 2 2 | -2 
1 2 | -2 
1 | -2 
10
-2 -2 -1 2 1 | -2 -2 -2 1 -2 -1 2 -1 
-2 -2 -1 2 1 | -2 -2 -2 1 2 -1 -1 
-2 -2 -1 2 1 | -2 -2 1 -2 -1 -1 
-2 -2 -1 2 1 | -2 -2 -2 -1 -1 -2 1 
-2 -2 -1 2 1 | -2 -2 -2 -2 -2 -1 
-2 -2 -1 2 1 | -2 -2 -2 -2 -1 
-2 -2 -1 2 1 | -2 -2 -2 -1 
1 2 2 | -2 -2 -2 -1 
1 2 2 | -2 
1 2 | -2 
1 | -2 
4
-2 -2 -1 2 1 | -2 1 1 2 2 -1 -1 -1 
-2 -2 -1 2 1 | -2 1 2 -1 -1 
-2 -2 -1 2 1 | -2 -1 
1 | -2 -1 
1 | -2 
6
-2 -2 -1 2 1 | -2 -2 -1 -1 -1 -2 1 1 
-2 -2 -1 2 1 | -2 -1 -1 -2 1 
-2 -2 -1 2 1 | -2 -2 -2 -1 
1 2 2 | -2 -2 -2 -1 
1 2 2 | -2 
1 2 | -2 
1 | -2 
4
-2 -2 -1 2 1 | -2 1 2 1 2 -1 -1 -1 
-2 -2 -1 2 1 | -2 1 2 -1 -1 
-2 -2 -1 2 1 | -2 -1 
1 | -2 -1 
1 | -2 
6
-2 -2 -1 2 1 | -2 -1 -1 -1 -2 1 2 1 
-2 -2 -1 2 1 | -2 -1 -1 -2 1 
-2 -2 -1 2 1 | -2 -2 -2 -1 
1 2 2 | -2 -2 -2 -1 
1 2 2 | -2 
1 2 | -2 
1 | -2 
10
-2 -2 -1 2 1 | -2 1 -2 1 2 -1 -1 -1 
-2 -2 -1 2 1 | -2 -2 -2 1 2 -1 -1 
-2 -2 -1 2 1 | -2 -2 1 -2 -1 -1 
-2 -2 -1 2 1 | -2 -2 -2 -1 -1 -2 1 
-2 -2 -1 2 1 | -2 -2 -2 -2 -2 -1 
-2 -2 -1 2 1 | -2 -2 -2 -2 -1 
-2 -2 -1 2 1 | -2 -2 -2 -1 
1 2 2 | -2 -2 -2 -1 
1 2 2 | -2 
1 2 | -2 
1 | -2 
12
-2 -2 -1 2 1 | -2 -1 -1 -1 -2 1 -2 1 
-2 -2 -1 2 1 | -2 -2 -2 1 -2 -1 -1 
-2 -2 -1 2 1 | -2 -2 -2 -1 -1 -2 -2 1 
-2 -2 -1 2 1 | -2 -2 1 -2 -1 -2 -1 
-2 -2 -1 2 1 | -2 -2 -2 -1 -2 -1 -2 1 
-2 -2 -1 2 1 | -2 -2 -2 -2 -2 -2 -1 
-2 -2 -1 2 1 | -2 -2 -2 -2 -2 -1 
-2 -2 -1 2 1 | -2 -2 -2 -2 -1 
-2 -2 -1 2 1 | -2 -2 -2 -1 
1 2 2 | -2 -2 -2 -1 
1 2 2 | -2 
1 2 | -2 
1 | -2 
14
-2 -2 -1 2 1 | -2 -2 1 1 2 -1 -1 -1 
-2 -2 -1 2 1 | -2 -2 -1 -2 1 1 2 -1 -1 
-2 -2 -1 2 1 | -2 -2 -2 -2 1 2 -1 -1 
-2 -2 -1 2 1 | -2 -2 -2 1 -2 -1 -1 
-2 -2 -1 2 1 | -2 -2 -2 -1 -1 -2 -2 1 
-2 -2 -1 2 1 | -2 -2 1 -2 -1 -2 -1 
-2 -2 -1 2 1 | -2 -2 -2 -1 -2 -1 -2 1 
-2 -2 -1 2 1 | -2 -2 -2 -2 -2 -2 -1 
-2 -2 -1 2 1 | -2 -2 -2 -2 -2 -1 
-2 -2 -1 2 1 | -2 -2 -2 -2 -1 
-2 -2 -1 2 1 | -2 -2 -2 -1 
1 2 2 | -2 -2 -2 -1 
1 2 2 | -2 
1 2 | -2 
1 | -2 
18
-2 -2 -1 2 1 | -2 -2 1 1 -2 -1 -1 -1 
-2 -2 -1 2 1 | -2 -2 -1 -2 1 1 -2 -1 -1 
-2 -2 -1 2 1 | -2 -2 -2 -2 1 -2 -1 -1 
-2 -2 -1 2 1 | -2 -2 -2 -2 1 2 -1 -2 -1 
-2 -2 -1 2 1 | -2 -2 -2 1 -2 -1 -2 -1 
-2 -2 -1 2 1 | -2 -2 -2 -2 1 -2 -1 2 -1 
-2 -2 -1 2 1 | -2 -2 -2 -2 1 2 -1 -1 
-2 -2 -1 2 1 | -2 -2 -2 1 -2 -1 -1 
-2 -2 -1 2 1 | -2 -2 -2 -1 -1 -2 -2 1 
-2 -2 -1 2 1 | -2 -2 1 -2 -1 -2 -1 
-2 -2 -1 2 1 | -2 -2 -2 -1 -2 -1 -2 1 
-2 -2 -1 2 1 | -2 -2 -2 -2 -2 -2 -1 
-2 -2 -1 2 1 | -2 -2 -2 -2 -2 -1 
-2 -2 -1 2 1 | -2 -2 -2 -2 -1 
-2 -2 -1 2 1 | -2 -2 -2 -1 
1 2 2 | -2 -2 -2 -1 
1 2 2 | -2 
1 2 | -2 
1 | -2 
8
-2 -2 -1 2 1 | -2 -1 -1 -2 1 1 2 -1 
-2 -2 -1 2 1 | -2 -2 1 2 -1 -2 -1 
-2 -2 -1 2 1 | -2 -1 -2 -1 -2 1 
-2 -2 -1 2 1 | -2 -2 -2 -2 -1 
-2 -2 -1 2 1 | -2 -2 -2 -1 
1 2 2 | -2 -2 -2 -1 
1 2 2 | -2 
1 2 | -2 
1 | -2 
10
-2 -2 -1 2 1 | -2 -1 -2 -1 -1 -2 1 1 
-2 -2 -1 2 1 | -2 -2 1 -2 -1 -2 -1 
-2 -2 -1 2 1 | -2 -2 -2 -1 -2 -1 -2 1 
-2 -2 -1 2 1 | -2 -2 -2 -2 -2 -2 -1 
-2 -2 -1 2 1 | -2 -2 -2 -2 -2 -1 
-2 -2 -1 2 1 | -2 -2 -2 -2 -1 
-2 -2 -1 2 1 | -2 -2 -2 -1 
1 2 2 | -2 -2 -2 -1 
1 2 2 | -2 
1 2 | -2 
1 | -2 
5
-2 -2 -1 2 1 | -2 1 2 2 2 2 -1 -1 
-2 -2 -1 2 1 | -1 2 2 
-2 -2 -2 1 | -1 2 2 
-2 | -1 2 2 
-2 | -1 2 
-2 | -1 
8
-2 -2 -1 2 1 | -2 -2 -2 -2 -1 -1 -2 1 
-2 -2 -1 2 1 | -2 -2 -2 -2 -2 -2 -1 
-2 -2 -1 2 1 | -2 -2 -2 -2 -2 -1 
-2 -2 -1 2 1 | -2 -2 -2 -2 -1 
-2 -2 -1 2 1 | -2 -2 -2 -1 
1 2 2 | -2 -2 -2 -1 
1 2 2 | -2 
1 2 | -2 
1 | -2 
10
-2 -2 -1 2 1 | -2 -1 -2 1 1 2 -1 -1 
-2 -2 -1 2 1 | -2 -2 -2 1 2 -1 -1 
-2 -2 -1 2 1 | -2 -2 1 -2 -1 -1 
-2 -2 -1 2 1 | -2 -2 -2 -1 -1 -2 1 
-2 -2 -1 2 1 | -2 -2 -2 -2 -2 -1 
-2 -2 -1 2 1 | -2 -2 -2 -2 -1 
-2 -2 -1 2 1 | -2 -2 -2 -1 
1 2 2 | -2 -2 -2 -1 
1 2 2 | -2 
1 2 | -2 
1 | -2 
12
-2 -2 -1 2 1 | -2 -1 -2 1 1 -2 -1 -1 
-2 -2 -1 2 1 | -2 -2 -2 1 -2 -1 -1 
-2 -2 -1 2 1 | -2 -2 -2 -1 -1 -2 -2 1 
-2 -2 -1 2 1 | -2 -2 1 -2 -1 -2 -1 
-2 -2 -1 2 1 | -2 -2 -2 -1 -2 -1 -2 1 
-2 -2 -1 2 1 | -2 -2 -2 -2 -2 -2 -1 
-2 -2 -1 2 1 | -2 -2 -2 -2 -2 -1 
-2 -2 -1 2 1 | -2 -2 -2 -2 -1 
-2 -2 -1 2 1 | -2 -2 -2 -1 
1 2 2 | -2 -2 -2 -1 
1 2 2 | -2 
1 2 | -2 
1 | -2 
4
-2 -2 -1 2 1 | -2 -2 1 2 2 2 -1 -1 
-2 -2 -1 2 1 | -2 1 2 -1 -1 
-2 -2 -1 2 1 | -2 -1 
1 | -2 -1 
1 | -2 
10
-2 -2 -1 2 1 | -2 -2 -2 -1 -1 -2 -2 1 
-2 -2 -1 2 1 | -2 -2 1 -2 -1 -2 -1 
-2 -2 -1 2 1 | -2 -2 -2 -1 -2 -1 -2 1 
-2 -2 -1 2 1 | -2 -2 -2 -2 -2 -2 -1 
-2 -2 -1 2 1 | -2 -2 -2 -2 -2 -1 
-2 -2 -1 2 1 | -2 -2 -2 -2 -1 
-2 -2 -1 2 1 | -2 -2 -2 -1 
1 2 2 | -2 -2 -2 -1 
1 2 2 | -2 
1 2 | -2 
1 | -2 
4
-2 -2 -1 2 1 | -2 -2 -2 1 2 2 -1 -1 
-2 -2 -1 2 1 | -2 -2 -1 
1 2 | -2 -2 -1 
1 2 | -2 
1 | -2 
6
-2 -2 -1 2 1 | -2 -2 -2 1 -2 -2 -1 -1 
-2 -2 -1 2 1 | -2 -2 -2 -2 -1 
-2 -2 -1 2 1 | -2 -2 -2 -1 
1 2 2 | -2 -2 -2 -1 
1 2 2 | -2 
1 2 | -2 
1 | -2 
12
-2 -2 -1 2 1 | -2 -2 -2 -2 1 2 -1 -1 
-2 -2 -1 2 1 | -2 -2 -2 1 -2 -1 -1 
-2 -2 -1 2 1 | -2 -2 -2 -1 -1 -2 -2 1 
-2 -2 -1 2 1 | -2 -2 1 -2 -1 -2 -1 
-2 -2 -1 2 1 | -2 -2 -2 -1 -2 -1 -2 1 
-2 -2 -1 2 1 | -2 -2 -2 -2 -2 -2 -1 
-2 -2 -1 2 1 | -2 -2 -2 -2 -2 -1 
-2 -2 -1 2 1 | -2 -2 -2 -2 -1 
-2 -2 -1 2 1 | -2 -2 -2 -1 
1 2 2 | -2 -2 -2 -1 
1 2 2 | -2 
1 2 | -2 
1 | -2 
16
-2 -2 -1 2 1 | -2 -2 -2 -2 1 -2 -1 -1 
-2 -2 -1 2 1 | -2 -2 -2 -2 1 2 -1 -2 -1 
-2 -2 -1 2 1 | -2 -2 -2 1 -2 -1 -2 -1 
-2 -2 -1 2 1 | -2 -2 -2 -2 1 -2 -1 2 -1 
-2 -2 -1 2 1 | -2 -2 -2 -2 1 2 -1 -1 
-2 -2 -1 2 1 | -2 -2 -2 1 -2 -1 -1 
-2 -2 -1 2 1 | -2 -2 -2 -1 -1 -2 -2 1 
-2 -2 -1 2 1 | -2 -2 1 -2 -1 -2 -1 
-2 -2 -1 2 1 | -2 -2 -2 -1 -2 -1 -2 1 
-2 -2 -1 2 1 | -2 -2 -2 -2 -2 -2 -1 
-2 -2 -1 2 1 | -2 -2 -2 -2 -2 -1 
-2 -2 -1 2 1 | -2 -2 -2 -2 -1 
-2 -2 -1 2 1 | -2 -2 -2 -1 
1 2 2 | -2 -2 -2 -1 
1 2 2 | -2 
1 2 | -2 
1 | -2 
3
-2 -2 -1 2 1 | -2 -1 -2 1 2 2 2 -1 
-2 -2 -1 2 1 | -1 
-2 1 | -1 
-2 | -1 
4
-2 -2 -1 2 1 | -2 -2 -1 -2 1 2 2 -1 
-2 -2 -1 2 1 | -2 -2 -1 
1 2 | -2 -2 -1 
1 2 | -2 
1 | -2 
6
-2 -2 -1 2 1 | -2 -2 -2 -1 -2 1 2 -1 
-2 -2 -1 2 1 | -2 -2 -2 -2 -1 
-2 -2 -1 2 1 | -2 -2 -2 -1 
1 2 2 | -2 -2 -2 -1 
1 2 2 | -2 
1 2 | -2 
1 | -2 
8
-2 -2 -1 2 1 | -2 -2 -2 -1 -2 1 -2 -1 
-2 -2 -1 2 1 | -2 -2 -2 -2 -2 -2 -1 
-2 -2 -1 2 1 | -2 -2 -2 -2 -2 -1 
-2 -2 -1 2 1 | -2 -2 -2 -2 -1 
-2 -2 -1 2 1 | -2 -2 -2 -1 
1 2 2 | -2 -2 -2 -1 
1 2 2 | -2 
1 2 | -2 
1 | -2 
6
-2 -2 -1 2 1 | -2 -2 -1 -2 -2 -1 -2 1 
-2 -2 -1 2 1 | -2 -2 -2 -2 -1 
-2 -2 -1 2 1 | -2 -2 -2 -1 
1 2 2 | -2 -2 -2 -1 
1 2 2 | -2 
1 2 | -2 
1 | -2 
8
-2 -2 -1 2 1 | -2 -2 -2 -1 -2 -1 -2 1 
-2 -2 -1 2 1 | -2 -2 -2 -2 -2 -2 -1 
-2 -2 -1 2 1 | -2 -2 -2 -2 -2 -1 
-2 -2 -1 2 1 | -2 -2 -2 -2 -1 
-2 -2 -1 2 1 | -2 -2 -2 -1 
1 2 2 | -2 -2 -2 -1 
1 2 2 | -2 
1 2 | -2 
1 | -2 
4
-2 -2 -1 2 1 | -2 -2 1 2 2 -1 -2 -1 
-2 -2 -1 2 1 | -2 -2 -1 
1 2 | -2 -2 -1 
1 2 | -2 
1 | -2 
6
-2 -2 -1 2 1 | -2 -2 -1 -2 -1 -2 -2 1 
-2 -2 -1 2 1 | -2 -2 -2 -2 -1 
-2 -2 -1 2 1 | -2 -2 -2 -1 
1 2 2 | -2 -2 -2 -1 
1 2 2 | -2 
1 2 | -2 
1 | -2 
10
-2 -2 -1 2 1 | -2 -2 -2 1 2 -1 -2 -1 
-2 -2 -1 2 1 | -2 -2 1 -2 -1 -2 -1 
-2 -2 -1 2 1 | -2 -2 -2 -1 -2 -1 -2 1 
-2 -2 -1 2 1 | -2 -2 -2 -2 -2 -2 -1 
-2 -2 -1 2 1 | -2 -2 -2 -2 -2 -1 
-2 -2 -1 2 1 | -2 -2 -2 -2 -1 
-2 -2 -1 2 1 | -2 -2 -2 -1 
1 2 2 | -2 -2 -2 -1 
1 2 2 | -2 
1 2 | -2 
1 | -2 
14
-2 -2 -1 2 1 | -2 -2 -2 1 -2 -1 -2 -1 
-2 -2 -1 2 1 | -2 -2 -2 -2 1 -2 -1 2 -1 
-2 -2 -1 2 1 | -2 -2 -2 -2 1 2 -1 -1 
-2 -2 -1 2 1 | -2 -2 -2 1 -2 -1 -1 
-2 -2 -1 2 1 | -2 -2 -2 -1 -1 -2 -2 1 
-2 -2 -1 2 1 | -2 -2 1 -2 -1 -2 -1 
-2 -2 -1 2 1 | -2 -2 -2 -1 -2 -1 -2 1 
-2 -2 -1 2 1 | -2 -2 -2 -2 -2 -2 -1 
-2 -2 -1 2 1 | -2 -2 -2 -2 -2 -1 
-2 -2 -1 2 1 | -2 -2 -2 -2 -1 
-2 -2 -1 2 1 | -2 -2 -2 -1 
1 2 2 | -2 -2 -2 -1 
1 2 2 | -2 
1 2 | -2 
1 | -2 
8
-2 -2 -1 2 1 | -2 -2 -1 -2 -2 1 2 -1 
-2 -2 -1 2 1 | -2 -2 -1 -2 1 -2 -1 
-2 -2 -1 2 1 | -2 -2 -2 -2 -2 -1 
-2 -2 -1 2 1 | -2 -2 -2 -2 -1 
-2 -2 -1 2 1 | -2 -2 -2 -1 
1 2 2 | -2 -2 -2 -1 
1 2 2 | -2 
1 2 | -2 
1 | -2 
12
-2 -2 -1 2 1 | -2 -2 -1 -2 -2 1 -2 -1 
-2 -2 -1 2 1 | -2 -2 -2 1 -2 -1 -1 
-2 -2 -1 2 1 | -2 -2 -2 -1 -1 -2 -2 1 
-2 -2 -1 2 1 | -2 -2 1 -2 -1 -2 -1 
-2 -2 -1 2 1 | -2 -2 -2 -1 -2 -1 -2 1 
-2 -2 -1 2 1 | -2 -2 -2 -2 -2 -2 -1 
-2 -2 -1 2 1 | -2 -2 -2 -2 -2 -1 
-2 -2 -1 2 1 | -2 -2 -2 -2 -1 
-2 -2 -1 2 1 | -2 -2 -2 -1 
1 2 2 | -2 -2 -2 -1 
1 2 2 | -2 
1 2 | -2 
1 | -2 
8
-2 -2 -1 2 1 | -2 -2 -2 -2 -2 -2 -2 -1 
-2 -2 -1 2 1 | -2 -2 -2 -2 -2 -2 -1 
-2 -2 -1 2 1 | -2 -2 -2 -2 -2 -1 
-2 -2 -1 2 1 | -2 -2 -2 -2 -1 
-2 -2 -1 2 1 | -2 -2 -2 -1 
1 2 2 | -2 -2 -2 -1 
1 2 2 | -2 
1 2 | -2 
1 | -2 
2
-2 -2 -2 -1 2 2 1 | -1 2 
-1 | -1 2 
-1 | 2 
2
-2 -2 -2 -1 2 2 1 | -2 -1 
1 | -2 -1 
1 | -2 
3
-2 -2 -2 -1 2 2 1 | -1 2 2 
-1 2 | -1 2 2 
-1 2 | 2 
-1 | 2 
3
-2 -2 -2 -1 2 2 1 | -2 -2 -1 
1 2 | -2 -2 -1 
1 2 | -2 
1 | -2 
4
-2 -2 -2 -1 2 2 1 | -1 2 2 2 
-1 2 2 | -1 2 2 2 
-1 2 2 | 2 
-1 2 | 2 
-1 | 2 
4
-2 -2 -2 -1 2 2 1 | -2 -2 -2 -1 
1 2 2 | -2 -2 -2 -1 
1 2 2 | -2 
1 2 | -2 
1 | -2 
11
-2 -2 -2 -1 2 2 1 | -1 -1 2 1 2 
-2 -2 -2 -1 2 2 1 | -2 1 2 2 2 2 -1 -1 
-2 -2 -2 -1 2 2 1 | -2 1 2 -1 2 2 -1 
-2 -1 2 1 2 -1 | -2 1 2 -1 2 2 -1 
-2 -1 2 1 2 -1 | -1 -1 2 2 2 
-2 -2 1 -2 -1 2 1 | -1 -1 2 2 2 
-2 -2 1 -2 -1 2 1 | -2 -1 2 -1 2 1 
-2 -2 1 -2 1 | -2 -1 2 -1 2 1 
-2 -2 1 -2 1 | -2 -2 1 
-2 1 | -2 -2 1 
-2 1 | -2 
1 | -2 
8
-2 -2 -2 -1 2 2 1 | -2 -1 -1 2 1 
-2 -2 -1 2 1 1 | -2 -1 -1 2 1 
-2 -2 1 2 1 | -2 -1 -1 2 1 
-2 -2 1 1 1 2 | -2 -1 -1 2 1 
-2 -2 1 1 1 2 | -2 1 1 
-2 1 2 | -2 1 1 
-2 1 2 | -2 1 
2 | -2 1 
2 | 1 
5
-2 -2 -2 -1 2 2 1 | -1 2 2 2 2 
-1 2 2 2 | -1 2 2 2 2 
-1 2 2 2 | 2 
-1 2 2 | 2 
-1 2 | 2 
-1 | 2 
8
-2 -2 -2 -1 2 2 1 | -2 1 2 -1 -1 
-2 -2 -1 -1 2 1 | -2 1 2 -1 -1 
-2 -2 -1 2 -1 | -2 1 2 -1 -1 
-2 -1 -1 -1 | -2 1 2 -1 -1 
-2 -1 -1 | -2 1 2 -1 -1 
-2 -1 | -2 1 2 -1 -1 
-2 -1 | -2 -1 -1 
-2 -1 | -1 
-2 | -1 
10
-2 -2 -2 -1 2 2 1 | -2 -1 -1 -2 1 
-2 -2 -2 -1 2 2 1 | -2 -2 -2 -2 -1 -1 2 1 
-2 -2 -2 -1 2 2 1 | -2 -2 -1 2 1 -2 -1 
-2 1 2 -1 2 1 | -2 -2 -1 2 1 -2 -1 
-2 1 2 -1 2 1 | -2 -2 -2 -1 -1 
-2 -2 -1 -2 1 2 -1 | -2 -2 -2 -1 -1 
-2 -2 -1 -2 1 2 -1 | -2 -1 -2 -1 2 1 
-2 -2 -1 -2 1 2 -1 | -2 -2 -1 -2 -1 
-2 -2 -1 -2 1 2 -1 | -2 -1 
-2 | -2 -1 
-2 | -1 
6
-2 -2 -2 -1 2 2 1 | -2 -2 -2 -2 -1 
-2 -2 -2 -2 -2 -1 | -2 -2 -2 -2 -1 
-2 | -2 -2 -2 -2 -1 
-2 | -2 -2 -2 -1 
-2 | -2 -2 -1 
-2 | -2 -1 
-2 | -1 
20
-2 -2 -2 -1 2 2 1 | -1 -1 2 1 2 2 
-2 -2 -2 -1 2 2 1 | -2 -1 2 2 -1 2 1 
-2 -2 -1 -2 1 1 | -2 -1 2 2 -1 2 1 
-2 -2 -1 -2 1 1 | -2 -2 -2 -1 2 2 1 
-2 -2 1 2 -1 -2 1 | -2 -2 -2 -1 2 2 1 
-2 -2 -1 2 1 -2 -2 1 | -2 -2 -2 -1 2 2 1 
-2 -2 -1 -2 1 2 1 | -2 -2 -2 -1 2 2 1 
-2 -2 -1 -2 1 2 1 | -2 -1 2 -1 2 1 
-2 -2 -1 -2 1 2 1 | -2 -2 -1 -1 2 1 1 
-2 1 -2 1 2 -1 | -2 -2 -1 -1 2 1 1 
-2 1 -2 1 2 -1 | -2 -2 -1 -2 1 2 1 
-2 -1 -2 1 1 -2 1 | -2 -2 -1 -2 1 2 1 
-2 -1 -2 1 1 -2 1 | -2 -1 2 -1 2 1 
-2 -2 -1 2 1 -2 1 | -2 -1 2 -1 2 1 
-2 -2 -2 1 1 | -2 -1 2 -1 2 1 
-2 -2 1 -2 1 -2 1 | -2 -1 2 -1 2 1 
-2 -2 1 -2 1 | -2 -1 2 -1 2 1 
-2 -2 1 -2 1 | -2 -2 1 
-2 1 | -2 -2 1 
-2 1 | -2 
1 | -2 
14
-2 -2 -2 -1 2 2 1 | -1 2 -1 2 1 2 
-2 -2 -2 -1 2 2 1 | -2 1 2 2 2 2 -1 2 -1 
-2 -2 -2 -1 2 2 1 | -2 1 2 -1 2 2 2 -1 
-2 -2 -2 -1 2 2 1 | -2 1 2 -1 -1 2 2 
-2 -2 -2 -2 -1 2 1 1 | -2 1 2 -1 -1 2 2 
-2 -2 -2 -2 -1 2 1 1 | -2 -2 -2 -1 2 2 1 
-2 -2 1 -2 -1 2 1 | -2 -2 -2 -1 2 2 1 
-2 -2 1 -2 -1 2 1 | -2 -1 2 1 2 -1 
-2 -2 1 -2 -1 2 1 | -1 -1 2 2 2 
-2 -2 1 -2 -1 2 1 | -2 -1 2 -1 2 1 
-2 -2 1 -2 1 | -2 -1 2 -1 2 1 
-2 -2 1 -2 1 | -2 -2 1 
-2 1 | -2 -2 1 
-2 1 | -2 
1 | -2 
8
-2 -2 -2 -1 2 2 1 | -2 -1 2 1 2 -1 
-2 -2 1 -2 -1 2 1 | -2 -1 2 1 2 -1 
-2 -2 1 -2 -1 2 1 | -1 -1 2 2 2 
-2 -2 1 -2 -1 2 1 | -2 -1 2 -1 2 1 
-2 -2 1 -2 1 | -2 -1 2 -1 2 1 
-2 -2 1 -2 1 | -2 -2 1 
-2 1 | -2 -2 1 
-2 1 | -2 
1 | -2 
8
-2 -2 -2 -1 2 2 1 | -2 -1 2 -1 2 1 
-2 -2 -1 2 1 -2 1 | -2 -1 2 -1 2 1 
-2 -2 -2 1 1 | -2 -1 2 -1 2 1 
-2 -2 1 -2 -1 2 1 | -2 -1 2 -1 2 1 
-2 -2 1 -2 -2 1 2 | -2 -1 2 -1 2 1 
-2 -2 1 | -2 -1 2 -1 2 1 
-2 -2 1 | -2 
-2 1 | -2 
1 | -2 
8
-2 -2 -2 -1 2 2 1 | -2 -1 -2 -1 2 1 
-2 -2 -1 2 1 2 1 | -2 -1 -2 -1 2 1 
-2 1 2 2 1 | -2 -1 -2 -1 2 1 
-2 1 2 2 1 | -2 -1 2 1 1 
1 1 1 2 | -2 -1 2 1 1 
1 1 1 2 | -2 -1 -1 
1 | -2 -1 -1 
1 | -2 -1 
1 | -2 
7
-2 -2 -2 -1 2 2 1 | -2 -2 -1 -1 2 1 
-2 -1 2 1 1 | -2 -2 -1 -1 2 1 
-2 -1 2 1 1 | -2 -2 -1 2 -1 
-2 -1 2 1 1 | -2 -1 -1 -1 
-2 -1 -1 | -2 -1 -1 -1 
-2 -1 -1 | -1 
-2 -1 | -1 
-2 | -1 
7
-2 -2 -2 -1 2 2 1 | -1 -1 2 2 1 2 
-2 -2 -2 -2 1 | -1 -1 2 2 1 2 
-2 -2 -2 -2 1 | -2 -2 1 2 -1 
-2 -2 -2 -2 1 | -1 2 2 2 
-2 | -1 2 2 2 
-2 | -1 2 2 
-2 | -1 2 
-2 | -1 
4
-2 -2 -2 -1 2 2 1 | -2 -1 -1 2 2 1 
-2 -2 1 | -2 -1 -1 2 2 1 
-2 -2 1 | -2 
-2 1 | -2 
1 | -2 
6
-2 -2 -2 -1 2 2 1 | -1 2 2 2 2 2 
-1 2 2 2 2 | -1 2 2 2 2 2 
-1 2 2 2 2 | 2 
-1 2 2 2 | 2 
-1 2 2 | 2 
-1 2 | 2 
-1 | 2 
8
-2 -2 -2 -1 2 2 1 | -2 1 2 -1 2 -1 
-2 -2 -1 2 -1 2 1 | -2 1 2 -1 2 -1 
-2 -2 -1 2 -1 2 1 | -2 -1 2 2 -1 
-2 -1 -1 2 -1 2 | -2 -1 2 2 -1 
-2 -1 -1 2 -1 2 | -2 1 1 2 -1 
-1 -1 2 | -2 1 1 2 -1 
-1 -1 2 | -1 2 
-1 | -1 2 
-1 | 2 
9
-2 -2 -2 -1 2 2 1 | -2 -1 2 -1 -2 1 
-2 -2 -1 2 1 -2 -1 | -2 -1 2 -1 -2 1 
-2 -2 -1 2 1 -2 -1 | -2 -2 -2 -1 -1 
-2 -2 -1 2 1 -2 -1 | -2 -1 -2 1 2 -1 
-2 -2 -1 -2 -1 | -2 -1 -2 1 2 -1 
-2 -2 -1 | -2 -1 -2 1 2 -1 
-2 -2 -1 | 1 2 -1 
-2 -2 -1 | -2 -1 
-2 | -2 -1 
-2 | -1 
8
-2 -2 -2 -1 2 2 1 | -2 1 2 2 -1 -1 
-2 -1 -1 2 1 | -2 1 2 2 -1 -1 
-2 -1 -1 2 1 | -2 -1 2 2 -1 
-2 -1 -1 2 1 | -2 -1 -1 -1 2 2 
-2 1 1 | -2 -1 -1 -1 2 2 
-2 1 1 | -2 -1 2 
-2 1 | -2 -1 2 
-2 1 | -2 
1 | -2 
13
-2 -2 -2 -1 2 2 1 | -2 -2 -1 -1 -2 1 
-2 -2 -2 -1 2 2 1 | -2 -2 -1 -2 1 2 -1 
-2 -2 -2 -1 2 2 1 | -2 -2 -2 1 2 -1 2 -1 
-2 -2 -2 -1 2 2 1 | -2 -2 -1 2 -1 -2 1 
-2 -2 -2 -1 2 2 1 | -2 -1 -2 1 2 -1 
-2 -2 -1 -2 -1 2 1 | -2 -1 -2 1 2 -1 
-2 -2 -2 -1 -1 | -2 -1 -2 1 2 -1 
-2 -2 -1 -2 -1 -2 -1 | -2 -1 -2 1 2 -1 
-2 -2 -1 -2 -1 | -2 -1 -2 1 2 -1 
-2 -2 -1 | -2 -1 -2 1 2 -1 
-2 -2 -1 | 1 2 -1 
-2 -2 -1 | -2 -1 
-2 | -2 -1 
-2 | -1 
5
-2 -2 -2 -1 2 2 1 | -2 -2 1 2 -1 -1 
-2 -2 -1 | -2 -2 1 2 -1 -1 
-2 | -2 -2 1 2 -1 -1 
-2 | -2 -2 -1 
-2 | -2 -1 
-2 | -1 
7
-2 -2 -2 -1 2 2 1 | -2 -2 1 -2 -1 -1 
-2 -2 -2 -2 -1 | -2 -2 1 -2 -1 -1 
-2 -2 -2 -2 -1 | -2 -1 2 2 1 
-2 -2 -2 -2 -1 | -2 -2 -2 -1 
-2 | -2 -2 -2 -1 
-2 | -2 -2 -1 
-2 | -2 -1 
-2 | -1 
9
-2 -2 -2 -1 2 2 1 | -2 -1 -2 1 2 -1 
-2 -2 -1 -2 -1 2 1 | -2 -1 -2 1 2 -1 
-2 -2 -2 -1 -1 | -2 -1 -2 1 2 -1 
-2 -2 -1 -2 -1 -2 -1 | -2 -1 -2 1 2 -1 
-2 -2 -1 -2 -1 | -2 -1 -2 1 2 -1 
-2 -2 -1 | -2 -1 -2 1 2 -1 
-2 -2 -1 | 1 2 -1 
-2 -2 -1 | -2 -1 
-2 | -2 -1 
-2 | -1 
13
-2 -2 -2 -1 2 2 1 | -2 -1 -2 -1 -2 1 
-2 -2 -2 -1 2 2 1 | -2 -2 -2 -2 -1 -2 -1 2 1 
-2 -2 -2 -1 2 2 1 | -2 -2 -2 -1 2 1 -2 -1 
-2 -2 -2 -1 2 2 1 | -2 -1 -1 -2 1 
-2 -2 -2 -1 2 2 1 | -2 -2 -2 -2 -1 -1 2 1 
-2 -2 -2 -1 2 2 1 | -2 -2 -1 2 1 -2 -1 
-2 1 2 -1 2 1 | -2 -2 -1 2 1 -2 -1 
-2 1 2 -1 2 1 | -2 -2 -2 -1 -1 
-2 -2 -1 -2 1 2 -1 | -2 -2 -2 -1 -1 
-2 -2 -1 -2 1 2 -1 | -2 -1 -2 -1 2 1 
-2 -2 -1 -2 1 2 -1 | -2 -2 -1 -2 -1 
-2 -2 -1 -2 1 2 -1 | -2 -1 
-2 | -2 -1 
-2 | -1 
6
-2 -2 -2 -1 2 2 1 | -2 -2 -2 -2 -2 -1 
-2 -2 -2 -1 2 2 1 | -2 -2 -2 -2 -1 
1 2 2 2 | -2 -2 -2 -2 -1 
1 2 2 2 | -2 
1 2 2 | -2 
1 2 | -2 
1 | -2 
6
-2 -2 -2 -1 2 2 1 | -1 -1 2 1 2 2 2 
-2 -2 -2 -1 2 2 1 | -1 2 2 2 
-2 -2 -2 -2 1 | -1 2 2 2 
-2 | -1 2 2 2 
-2 | -1 2 2 
-2 | -1 2 
-2 | -1 
21
-2 -2 -2 -1 2 2 1 | -1 2 -1 2 1 2 2 
-2 -2 -2 -1 2 2 1 | -2 -1 2 2 2 -1 2 1 
-2 -2 -2 -1 2 2 1 | -2 -1 -1 2 2 2 1 
-2 -2 -2 -1 -2 1 1 2 | -2 -1 -1 2 2 2 1 
-2 -2 -2 -1 -2 1 1 2 | -2 -2 -2 -1 2 2 1 
-2 -2 1 2 -1 -2 1 | -2 -2 -2 -1 2 2 1 
-2 -2 -1 2 1 -2 -2 1 | -2 -2 -2 -1 2 2 1 
-2 -2 -1 -2 1 2 1 | -2 -2 -2 -1 2 2 1 
-2 -2 -1 -2 1 2 1 | -2 -1 2 -1 2 1 
-2 -2 -1 -2 1 2 1 | -2 -2 -1 -1 2 1 1 
-2 1 -2 1 2 -1 | -2 -2 -1 -1 2 1 1 
-2 1 -2 1 2 -1 | -2 -2 -1 -2 1 2 1 
-2 -1 -2 1 1 -2 1 | -2 -2 -1 -2 1 2 1 
-2 -1 -2 1 1 -2 1 | -2 -1 2 -1 2 1 
-2 -2 -1 2 1 -2 1 | -2 -1 2 -1 2 1 
-2 -2 -2 1 1 | -2 -1 2 -1 2 1 
-2 -2 1 -2 1 -2 1 | -2 -1 2 -1 2 1 
-2 -2 1 -2 1 | -2 -1 2 -1 2 1 
-2 -2 1 -2 1 | -2 -2 1 
-2 1 | -2 -2 1 
-2 1 | -2 
1 | -2 
15
-2 -2 -2 -1 2 2 1 | -2 -1 2 1 2 2 -1 
-2 -1 2 -1 2 1 | -2 -1 2 1 2 2 -1 
-2 -1 2 -1 2 1 | -2 1 1 2 2 -1 -1 
-2 -1 2 1 2 2 -1 | -2 1 1 2 2 -1 -1 
-2 -1 2 1 2 2 -1 | -2 1 -2 1 2 -1 
-2 -1 2 1 2 2 -1 | -2 -1 -2 1 1 -2 1 
-2 1 -2 1 2 -1 | -2 -1 -2 1 1 -2 1 
-2 1 -2 1 2 -1 | -2 -2 -1 2 1 -2 1 
-2 1 -2 1 2 -1 | -2 -2 -2 1 1 
-2 1 -2 1 2 -1 | -2 -2 1 -2 -1 2 1 
-2 -2 1 -2 1 | -2 -2 1 -2 -1 2 1 
-2 -2 1 -2 1 | -1 -1 2 1 
-2 -2 1 | -1 -1 2 1 
-2 -2 1 | -2 
-2 1 | -2 
1 | -2 
19
-2 -2 -2 -1 2 2 1 | -1 2 1 2 -1 2 2 
-2 -2 -2 -1 2 2 1 | -2 -1 2 2 2 1 2 -1 
-2 -2 -2 -1 2 2 1 | -2 -1 2 1 2 2 2 2 -1 
-2 -2 -2 -1 2 2 1 | -2 -1 2 1 2 -1 2 2 
-2 -2 -2 -1 2 2 1 | -2 -2 -1 2 2 2 -1 2 1 
-2 -2 -2 -1 2 2 1 | -1 2 -1 2 1 2 
-2 -2 -2 -1 2 2 1 | -2 1 2 2 2 2 -1 2 -1 
-2 -2 -2 -1 2 2 1 | -2 1 2 -1 2 2 2 -1 
-2 -2 -2 -1 2 2 1 | -2 1 2 -1 -1 2 2 
-2 -2 -2 -2 -1 2 1 1 | -2 1 2 -1 -1 2 2 
-2 -2 -2 -2 -1 2 1 1 | -2 -2 -2 -1 2 2 1 
-2 -2 1 -2 -1 2 1 | -2 -2 -2 -1 2 2 1 
-2 -2 1 -2 -1 2 1 | -2 -1 2 1 2 -1 
-2 -2 1 -2 -1 2 1 | -1 -1 2 2 2 
-2 -2 1 -2 -1 2 1 | -2 -1 2 -1 2 1 
-2 -2 1 -2 1 | -2 -1 2 -1 2 1 
-2 -2 1 -2 1 | -2 -2 1 
-2 1 | -2 -2 1 
-2 1 | -2 
1 | -2 
8
-2 -2 -2 -1 2 2 1 | -2 -2 -1 2 1 2 -1 
-2 -2 -2 -1 2 2 1 | -2 -2 -1 -1 2 1 
-2 -1 2 1 1 | -2 -2 -1 -1 2 1 
-2 -1 2 1 1 | -2 -2 -1 2 -1 
-2 -1 2 1 1 | -2 -1 -1 -1 
-2 -1 -1 | -2 -1 -1 -1 
-2 -1 -1 | -1 
-2 -1 | -1 
-2 | -1 
17
-2 -2 -2 -1 2 2 1 | -2 -1 2 2 -1 2 1 
-2 -2 -2 -1 2 2 1 | -2 1 2 2 -1 2 2 -1 
-2 -2 -2 -1 2 2 1 | -2 -1 2 1 2 2 -1 
-2 -1 2 -1 2 1 | -2 -1 2 1 2 2 -1 
-2 -1 2 -1 2 1 | -2 1 1 2 2 -1 -1 
-2 -1 2 1 2 2 -1 | -2 1 1 2 2 -1 -1 
-2 -1 2 1 2 2 -1 | -2 1 -2 1 2 -1 
-2 -1 2 1 2 2 -1 | -2 -1 -2 1 1 -2 1 
-2 1 -2 1 2 -1 | -2 -1 -2 1 1 -2 1 
-2 1 -2 1 2 -1 | -2 -2 -1 2 1 -2 1 
-2 1 -2 1 2 -1 | -2 -2 -2 1 1 
-2 1 -2 1 2 -1 | -2 -2 1 -2 -1 2 1 
-2 -2 1 -2 1 | -2 -2 1 -2 -1 2 1 
-2 -2 1 -2 1 | -1 -1 2 1 
-2 -2 1 | -1 -1 2 1 
-2 -2 1 | -2 
-2 1 | -2 
1 | -2 
8
-2 -2 -2 -1 2 2 1 | -2 -2 -1 2 1 -2 -1 
-2 1 2 -1 2 1 | -2 -2 -1 2 1 -2 -1 
-2 1 2 -1 2 1 | -2 -2 -2 -1 -1 
-2 -2 -1 -2 1 2 -1 | -2 -2 -2 -1 -1 
-2 -2 -1 -2 1 2 -1 | -2 -1 -2 -1 2 1 
-2 -2 -1 -2 1 2 -1 | -2 -2 -1 -2 -1 
-2 -2 -1 -2 1 2 -1 | -2 -1 
-2 | -2 -1 
-2 | -1 
7
-2 -2 -2 -1 2 2 1 | -2 -2 -1 2 -1 2 1 
-2 -1 2 1 -2 1 | -2 -2 -1 2 -1 2 1 
-2 -1 2 1 -2 1 | -2 -1 2 2 -1 
-2 -1 2 1 -2 1 | -2 -1 -1 2 1 
-2 1 1 | -2 -1 -1 2 1 
-2 1 1 | -2 1 
1 | -2 1 
1 | -2 
8
-2 -2 -2 -1 2 2 1 | -2 -2 -1 -2 -1 2 1 
-2 -1 2 1 2 1 | -2 -2 -1 -2 -1 2 1 
-2 -1 2 1 2 1 | -2 -2 -2 -1 -1 
-2 -1 2 1 2 1 | -2 -2 -1 -2 -1 -2 -1 
-2 -1 2 1 2 1 | -2 -2 -1 -2 -1 
-2 -2 -1 | -2 -2 -1 -2 -1 
-2 -2 -1 | -2 -1 
-2 | -2 -1 
-2 | -1 
3
-2 -2 -2 -1 2 2 1 | -2 -2 -2 -1 -1 2 1 
-2 -2 -2 -1 2 2 1 | -2 -1 
1 | -2 -1 
1 | -2 
8
-2 -2 -2 -1 2 2 1 | -1 -1 2 2 1 2 2 
-2 -2 -2 -1 2 2 1 | -1 2 2 2 2 2 
-2 -2 -2 -2 -2 -2 1 | -1 2 2 2 2 2 
-2 | -1 2 2 2 2 2 
-2 | -1 2 2 2 2 
-2 | -1 2 2 2 
-2 | -1 2 2 
-2 | -1 2 
-2 | -1 
8
-2 -2 -2 -1 2 2 1 | -1 2 -1 2 2 1 2 
-2 -2 -2 -2 -2 1 | -1 2 -1 2 2 1 2 
-2 -2 -2 -2 -2 1 | -2 -2 1 2 -1 
-2 -2 -2 -2 1 | -2 -2 1 2 -1 
-2 -2 -2 -2 1 | -1 2 2 2 
-2 | -1 2 2 2 
-2 | -1 2 2 
-2 | -1 2 
-2 | -1 
6
-2 -2 -2 -1 2 2 1 | -2 -1 2 2 1 2 -1 
-2 -2 -2 -1 2 2 1 | -1 2 2 2 
-2 -2 -2 -2 1 | -1 2 2 2 
-2 | -1 2 2 2 
-2 | -1 2 2 
-2 | -1 2 
-2 | -1 
6
-2 -2 -2 -1 2 2 1 | -2 -1 2 -1 2 2 1 
-2 -2 -2 -1 2 2 1 | -1 2 2 2 
-2 -2 -2 -2 1 | -1 2 2 2 
-2 | -1 2 2 2 
-2 | -1 2 2 
-2 | -1 2 
-2 | -1 
4
-2 -2 -2 -1 2 2 1 | -2 -1 -2 -1 2 2 1 
-2 -2 -2 -1 2 2 1 | -1 2 
-2 -2 1 | -1 2 
-2 | -1 2 
-2 | -1 
4
-2 -2 -2 -1 2 2 1 | -2 -2 -1 -1 2 2 1 
-2 -2 -2 -1 2 2 1 | -1 2 
-2 -2 1 | -1 2 
-2 | -1 2 
-2 | -1 
21
-2 -2 -2 -1 2 2 1 | -1 -1 2 2 2 1 2 
-2 -2 -2 -2 -1 -2 1 1 | -1 -1 2 2 2 1 2 
-2 -2 -2 -2 -1 -2 1 1 | -2 -2 -2 -1 2 2 1 
-2 -2 1 -2 -1 -2 1 | -2 -2 -2 -1 2 2 1 
-2 -2 -2 1 2 1 -2 -1 | -2 -2 -2 -1 2 2 1 
-2 -2 -2 -2 -1 -2 1 2 1 | -2 -2 -2 -1 2 2 1 
-2 -2 1 -2 -1 -2 1 2 | -2 -2 -2 -1 2 2 1 
-2 -2 -2 -2 -1 2 1 -2 1 | -2 -2 -2 -1 2 2 1 
-2 -2 -2 1 -2 -1 2 1 | -2 -2 -2 -1 2 2 1 
-2 -2 -2 1 -2 -1 2 1 | -2 1 2 -1 -1 2 2 
-2 -2 -2 -2 1 -2 1 | -2 1 2 -1 -1 2 2 
-2 -2 -2 -2 -1 2 1 1 | -2 1 2 -1 -1 2 2 
-2 -2 -2 -2 -1 2 1 1 | -2 -2 -2 -1 2 2 1 
-2 -2 1 -2 -1 2 1 | -2 -2 -2 -1 2 2 1 
-2 -2 1 -2 -1 2 1 | -2 -1 2 1 2 -1 
-2 -2 1 -2 -1 2 1 | -1 -1 2 2 2 
-2 -2 1 -2 -1 2 1 | -2 -1 2 -1 2 1 
-2 -2 1 -2 1 | -2 -1 2 -1 2 1 
-2 -2 1 -2 1 | -2 -2 1 
-2 1 | -2 -2 1 
-2 1 | -2 
1 | -2 
19
-2 -2 -2 -1 2 2 1 | -2 -1 -1 2 2 2 1 
-2 -2 -1 -2 1 1 | -2 -1 -1 2 2 2 1 
-2 -2 -1 -2 1 1 | -2 -2 -2 -1 2 2 1 
-2 -2 1 2 -1 -2 1 | -2 -2 -2 -1 2 2 1 
-2 -2 -1 2 1 -2 -2 1 | -2 -2 -2 -1 2 2 1 
-2 -2 -1 -2 1 2 1 | -2 -2 -2 -1 2 2 1 
-2 -2 -1 -2 1 2 1 | -2 -1 2 -1 2 1 
-2 -2 -1 -2 1 2 1 | -2 -2 -1 -1 2 1 1 
-2 1 -2 1 2 -1 | -2 -2 -1 -1 2 1 1 
-2 1 -2 1 2 -1 | -2 -2 -1 -2 1 2 1 
-2 -1 -2 1 1 -2 1 | -2 -2 -1 -2 1 2 1 
-2 -1 -2 1 1 -2 1 | -2 -1 2 -1 2 1 
-2 -2 -1 2 1 -2 1 | -2 -1 2 -1 2 1 
-2 -2 -2 1 1 | -2 -1 2 -1 2 1 
-2 -2 1 -2 1 -2 1 | -2 -1 2 -1 2 1 
-2 -2 1 -2 1 | -2 -1 2 -1 2 1 
-2 -2 1 -2 1 | -2 -2 1 
-2 1 | -2 -2 1 
-2 1 | -2 
1 | -2 
7
-2 -2 -2 -1 2 2 1 | -1 2 2 2 2 2 2 
-1 2 2 2 2 2 | -1 2 2 2 2 2 2 
-1 2 2 2 2 2 | 2 
-1 2 2 2 2 | 2 
-1 2 2 2 | 2 
-1 2 2 | 2 
-1 2 | 2 
-1 | 2 
9
-2 -2 -2 -1 2 2 1 | -2 1 2 -1 2 2 -1 
-2 -1 2 1 2 -1 | -2 1 2 -1 2 2 -1 
-2 -1 2 1 2 -1 | -1 -1 2 2 2 
-2 -2 1 -2 -1 2 1 | -1 -1 2 2 2 
-2 -2 1 -2 -1 2 1 | -2 -1 2 -1 2 1 
-2 -2 1 -2 1 | -2 -1 2 -1 2 1 
-2 -2 1 -2 1 | -2 -2 1 
-2 1 | -2 -2 1 
-2 1 | -2 
1 | -2 
9
-2 -2 -2 -1 2 2 1 | -2 -1 2 2 -1 -2 1 
-2 -2 -2 -1 2 2 1 | -2 1 2 2 -1 -1 
-2 -1 -1 2 1 | -2 1 2 2 -1 -1 
-2 -1 -1 2 1 | -2 -1 2 2 -1 
-2 -1 -1 2 1 | -2 -1 -1 -1 2 2 
-2 1 1 | -2 -1 -1 -1 2 2 
-2 1 1 | -2 -1 2 
-2 1 | -2 -1 2 
-2 1 | -2 
1 | -2 
11
-2 -2 -2 -1 2 2 1 | -2 1 2 2 -1 2 -1 
-2 -1 2 -1 2 1 | -2 1 2 2 -1 2 -1 
-2 -1 -2 -1 2 1 1 | -2 1 2 2 -1 2 -1 
-2 -1 -2 -1 2 1 1 | -2 -1 2 -1 2 1 
-2 -2 -1 2 1 -2 1 | -2 -1 2 -1 2 1 
-2 -2 -2 1 1 | -2 -1 2 -1 2 1 
-2 -2 1 -2 -1 2 1 | -2 -1 2 -1 2 1 
-2 -2 1 -2 -2 1 2 | -2 -1 2 -1 2 1 
-2 -2 1 | -2 -1 2 -1 2 1 
-2 -2 1 | -2 
-2 1 | -2 
1 | -2 
10
-2 -2 -2 -1 2 2 1 | -2 -2 -1 2 -1 -2 1 
-2 -2 -2 -1 2 2 1 | -2 -1 -2 1 2 -1 
-2 -2 -1 -2 -1 2 1 | -2 -1 -2 1 2 -1 
-2 -2 -2 -1 -1 | -2 -1 -2 1 2 -1 
-2 -2 -1 -2 -1 -2 -1 | -2 -1 -2 1 2 -1 
-2 -2 -1 -2 -1 | -2 -1 -2 1 2 -1 
-2 -2 -1 | -2 -1 -2 1 2 -1 
-2 -2 -1 | 1 2 -1 
-2 -2 -1 | -2 -1 
-2 | -2 -1 
-2 | -1 
3
-2 -2 -2 -1 2 2 1 | -2 -2 1 2 -1 2 -1 
-2 -2 -2 -1 2 2 1 | -2 -1 
1 | -2 -1 
1 | -2 
6
-2 -2 -2 -1 2 2 1 | -2 -2 1 -2 -1 2 -1 
-2 -2 -2 -1 | -2 -2 1 -2 -1 2 -1 
-2 -2 -2 -1 | -2 -1 2 2 1 
-2 -2 -2 -1 | -2 -2 -1 
-2 | -2 -2 -1 
-2 | -2 -1 
-2 | -1 
5
-2 -2 -2 -1 2 2 1 | -2 1 2 2 2 -1 -1 
-1 2 | -2 1 2 2 2 -1 -1 
-1 2 | -2 1 2 2 -1 
-1 2 | -2 1 2 
-1 2 | 2 
-1 | 2 
5
-2 -2 -2 -1 2 2 1 | -2 -2 -2 -1 -1 -2 1 
-2 -2 -2 -1 2 2 1 | -2 -2 -2 -1 
1 2 2 | -2 -2 -2 -1 
1 2 2 | -2 
1 2 | -2 
1 | -2 
3
-2 -2 -2 -1 2 2 1 | -2 -2 1 2 2 -1 -1 
-2 -2 -2 -1 2 2 1 | -2 -1 
1 | -2 -1 
1 | -2 
7
-2 -2 -2 -1 2 2 1 | -2 -2 -1 -1 -2 -2 1 
-2 -2 -2 -1 2 2 1 | -2 -2 -2 -2 -2 -1 
1 2 2 2 2 | -2 -2 -2 -2 -2 -1 
1 2 2 2 2 | -2 
1 2 2 2 | -2 
1 2 2 | -2 
1 2 | -2 
1 | -2 
14
-2 -2 -2 -1 2 2 1 | -2 -2 -2 1 2 -1 -1 
-2 -2 -2 -1 2 2 1 | -2 -2 -1 -1 -2 1 
-2 -2 -2 -1 2 2 1 | -2 -2 -1 -2 1 2 -1 
-2 -2 -2 -1 2 2 1 | -2 -2 -2 1 2 -1 2 -1 
-2 -2 -2 -1 2 2 1 | -2 -2 -1 2 -1 -2 1 
-2 -2 -2 -1 2 2 1 | -2 -1 -2 1 2 -1 
-2 -2 -1 -2 -1 2 1 | -2 -1 -2 1 2 -1 
-2 -2 -2 -1 -1 | -2 -1 -2 1 2 -1 
-2 -2 -1 -2 -1 -2 -1 | -2 -1 -2 1 2 -1 
-2 -2 -1 -2 -1 | -2 -1 -2 1 2 -1 
-2 -2 -1 | -2 -1 -2 1 2 -1 
-2 -2 -1 | 1 2 -1 
-2 -2 -1 | -2 -1 
-2 | -2 -1 
-2 | -1 
18
-2 -2 -2 -1 2 2 1 | -2 -2 -2 1 -2 -1 -1 
-2 -2 -2 -1 2 2 1 | -2 -2 -2 -2 -1 -1 -2 1 
-2 -2 -2 -1 2 2 1 | -2 -2 -1 -2 1 -2 -1 
-2 -2 -2 -1 2 2 1 | -2 -2 -2 1 -2 -1 2 -1 
-2 -2 -2 -1 2 2 1 | -2 -2 -2 -2 -1 2 -1 -2 1 
-2 -2 -2 -1 2 2 1 | -2 -1 -2 -1 -2 1 
-2 -2 -2 -1 2 2 1 | -2 -2 -2 -2 -1 -2 -1 2 1 
-2 -2 -2 -1 2 2 1 | -2 -2 -2 -1 2 1 -2 -1 
-2 -2 -2 -1 2 2 1 | -2 -1 -1 -2 1 
-2 -2 -2 -1 2 2 1 | -2 -2 -2 -2 -1 -1 2 1 
-2 -2 -2 -1 2 2 1 | -2 -2 -1 2 1 -2 -1 
-2 1 2 -1 2 1 | -2 -2 -1 2 1 -2 -1 
-2 1 2 -1 2 1 | -2 -2 -2 -1 -1 
-2 -2 -1 -2 1 2 -1 | -2 -2 -2 -1 -1 
-2 -2 -1 -2 1 2 -1 | -2 -1 -2 -1 2 1 
-2 -2 -1 -2 1 2 -1 | -2 -2 -1 -2 -1 
-2 -2 -1 -2 1 2 -1 | -2 -1 
-2 | -2 -1 
-2 | -1 
8
-2 -2 -2 -1 2 2 1 | -2 -1 -2 1 2 2 -1 
-2 -1 -2 -1 2 1 | -2 -1 -2 1 2 2 -1 
-2 -1 -2 -1 2 1 | -2 -2 -1 2 -1 
-2 -1 2 1 1 | -2 -2 -1 2 -1 
-2 -1 2 1 1 | -2 -1 -1 -1 
-2 -1 -1 | -2 -1 -1 -1 
-2 -1 -1 | -1 
-2 -1 | -1 
-2 | -1 
12
-2 -2 -2 -1 2 2 1 | -2 -2 -1 -2 1 2 -1 
-2 -2 -2 -1 2 2 1 | -2 -2 -2 1 2 -1 2 -1 
-2 -2 -2 -1 2 2 1 | -2 -2 -1 2 -1 -2 1 
-2 -2 -2 -1 2 2 1 | -2 -1 -2 1 2 -1 
-2 -2 -1 -2 -1 2 1 | -2 -1 -2 1 2 -1 
-2 -2 -2 -1 -1 | -2 -1 -2 1 2 -1 
-2 -2 -1 -2 -1 -2 -1 | -2 -1 -2 1 2 -1 
-2 -2 -1 -2 -1 | -2 -1 -2 1 2 -1 
-2 -2 -1 | -2 -1 -2 1 2 -1 
-2 -2 -1 | 1 2 -1 
-2 -2 -1 | -2 -1 
-2 | -2 -1 
-2 | -1 
16
-2 -2 -2 -1 2 2 1 | -2 -2 -1 -2 1 -2 -1 
-2 -2 -2 -1 2 2 1 | -2 -2 -2 1 -2 -1 2 -1 
-2 -2 -2 -1 2 2 1 | -2 -2 -2 -2 -1 2 -1 -2 1 
-2 -2 -2 -1 2 2 1 | -2 -1 -2 -1 -2 1 
-2 -2 -2 -1 2 2 1 | -2 -2 -2 -2 -1 -2 -1 2 1 
-2 -2 -2 -1 2 2 1 | -2 -2 -2 -1 2 1 -2 -1 
-2 -2 -2 -1 2 2 1 | -2 -1 -1 -2 1 
-2 -2 -2 -1 2 2 1 | -2 -2 -2 -2 -1 -1 2 1 
-2 -2 -2 -1 2 2 1 | -2 -2 -1 2 1 -2 -1 
-2 1 2 -1 2 1 | -2 -2 -1 2 1 -2 -1 
-2 1 2 -1 2 1 | -2 -2 -2 -1 -1 
-2 -2 -1 -2 1 2 -1 | -2 -2 -2 -1 -1 
-2 -2 -1 -2 1 2 -1 | -2 -1 -2 -1 2 1 
-2 -2 -1 -2 1 2 -1 | -2 -2 -1 -2 -1 
-2 -2 -1 -2 1 2 -1 | -2 -1 
-2 | -2 -1 
-2 | -1 
16
-2 -2 -2 -1 2 2 1 | -2 -2 -1 -2 -1 -2 1 
-2 -2 -2 -1 2 2 1 | -2 -2 -2 -1 -2 1 2 -1 
-2 -2 -2 -1 2 2 1 | -2 -2 -2 1 2 -1 -1 
-2 -2 -2 -1 2 2 1 | -2 -2 -1 -1 -2 1 
-2 -2 -2 -1 2 2 1 | -2 -2 -1 -2 1 2 -1 
-2 -2 -2 -1 2 2 1 | -2 -2 -2 1 2 -1 2 -1 
-2 -2 -2 -1 2 2 1 | -2 -2 -1 2 -1 -2 1 
-2 -2 -2 -1 2 2 1 | -2 -1 -2 1 2 -1 
-2 -2 -1 -2 -1 2 1 | -2 -1 -2 1 2 -1 
-2 -2 -2 -1 -1 | -2 -1 -2 1 2 -1 
-2 -2 -1 -2 -1 -2 -1 | -2 -1 -2 1 2 -1 
-2 -2 -1 -2 -1 | -2 -1 -2 1 2 -1 
-2 -2 -1 | -2 -1 -2 1 2 -1 
-2 -2 -1 | 1 2 -1 
-2 -2 -1 | -2 -1 
-2 | -2 -1 
-2 | -1 
6
-2 -2 -2 -1 2 2 1 | -2 -2 1 2 -1 -2 -1 
-2 -2 -2 -1 | -2 -2 1 2 -1 -2 -1 
-2 -2 -2 -1 | 1 2 -1 
-2 -2 -1 | 1 2 -1 
-2 -2 -1 | -2 -1 
-2 | -2 -1 
-2 | -1 
8
-2 -2 -2 -1 2 2 1 | -2 -2 1 -2 -1 -2 -1 
-2 -2 -2 -2 -2 -1 | -2 -2 1 -2 -1 -2 -1 
-2 -2 -2 -2 -2 -1 | -2 -1 2 2 1 
-2 -2 -2 -2 -1 | -2 -1 2 2 1 
-2 -2 -2 -2 -1 | -2 -2 -2 -1 
-2 | -2 -2 -2 -1 
-2 | -2 -2 -1 
-2 | -2 -1 
-2 | -1 
7
-2 -2 -2 -1 2 2 1 | -2 -2 -2 -2 -2 -2 -1 
-2 -2 -2 -1 2 2 1 | -2 -2 -2 -2 -2 -1 
1 2 2 2 2 | -2 -2 -2 -2 -2 -1 
1 2 2 2 2 | -2 
1 2 2 2 | -2 
1 2 2 | -2 
1 2 | -2 
1 | -2 
20
-2 -2 -2 -1 2 2 1 | -1 -1 2 1 2 2 2 2 
-2 -2 -2 -1 2 2 1 | -1 2 1 2 -1 2 2 
-2 -2 -2 -1 2 2 1 | -2 -1 2 2 2 1 2 -1 
-2 -2 -2 -1 2 2 1 | -2 -1 2 1 2 2 2 2 -1 
-2 -2 -2 -1 2 2 1 | -2 -1 2 1 2 -1 2 2 
-2 -2 -2 -1 2 2 1 | -2 -2 -1 2 2 2 -1 2 1 
-2 -2 -2 -1 2 2 1 | -1 2 -1 2 1 2 
-2 -2 -2 -1 2 2 1 | -2 1 2 2 2 2 -1 2 -1 
-2 -2 -2 -1 2 2 1 | -2 1 2 -1 2 2 2 -1 
-2 -2 -2 -1 2 2 1 | -2 1 2 -1 -1 2 2 
-2 -2 -2 -2 -1 2 1 1 | -2 1 2 -1 -1 2 2 
-2 -2 -2 -2 -1 2 1 1 | -2 -2 -2 -1 2 2 1 
-2 -2 1 -2 -1 2 1 | -2 -2 -2 -1 2 2 1 
-2 -2 1 -2 -1 2 1 | -2 -1 2 1 2 -1 
-2 -2 1 -2 -1 2 1 | -1 -1 2 2 2 
-2 -2 1 -2 -1 2 1 | -2 -1 2 -1 2 1 
-2 -2 1 -2 1 | -2 -1 2 -1 2 1 
-2 -2 1 -2 1 | -2 -2 1 
-2 1 | -2 -2 1 
-2 1 | -2 
1 | -2 
7
-2 -2 -2 -1 2 2 1 | -1 2 -1 2 1 2 2 2 
-2 -2 -2 -1 2 2 1 | -1 2 2 2 2 
-2 -2 -2 -2 -2 1 | -1 2 2 2 2 
-2 | -1 2 2 2 2 
-2 | -1 2 2 2 
-2 | -1 2 2 
-2 | -1 2 
-2 | -1 
5
-2 -2 -2 -1 2 2 1 | -2 -1 2 1 2 2 2 -1 
-2 -2 -2 -1 2 2 1 | -1 2 2 
-2 -2 -2 1 | -1 2 2 
-2 | -1 2 2 
-2 | -1 2 
-2 | -1 
26
-2 -2 -2 -1 2 2 1 | -1 2 1 2 2 -1 2 2 
-2 -2 -2 -2 -2 -1 -2 1 1 | -1 2 1 2 2 -1 2 2 
-2 -2 -2 -2 -2 -1 -2 1 1 | -2 -2 -2 -1 2 2 1 
-2 -2 -1 -2 1 -2 -2 1 | -2 -2 -2 -1 2 2 1 
-2 -2 -2 -2 1 2 -1 -2 1 | -2 -2 -2 -1 2 2 1 
-2 -2 -2 1 -2 1 2 -1 | -2 -2 -2 -1 2 2 1 
-2 -2 -2 -1 -2 1 -2 1 2 | -2 -2 -2 -1 2 2 1 
-2 -2 -2 1 2 -1 -2 1 | -2 -2 -2 -1 2 2 1 
-2 -2 -2 1 1 2 -1 | -2 -2 -2 -1 2 2 1 
-2 -2 -2 -1 -2 1 1 2 | -2 -2 -2 -1 2 2 1 
-2 -2 1 2 -1 -2 1 | -2 -2 -2 -1 2 2 1 
-2 -2 -1 2 1 -2 -2 1 | -2 -2 -2 -1 2 2 1 
-2 -2 -1 -2 1 2 1 | -2 -2 -2 -1 2 2 1 
-2 -2 -1 -2 1 2 1 | -2 -1 2 -1 2 1 
-2 -2 -1 -2 1 2 1 | -2 -2 -1 -1 2 1 1 
-2 1 -2 1 2 -1 | -2 -2 -1 -1 2 1 1 
-2 1 -2 1 2 -1 | -2 -2 -1 -2 1 2 1 
-2 -1 -2 1 1 -2 1 | -2 -2 -1 -2 1 2 1 
-2 -1 -2 1 1 -2 1 | -2 -1 2 -1 2 1 
-2 -2 -1 2 1 -2 1 | -2 -1 2 -1 2 1 
-2 -2 -2 1 1 | -2 -1 2 -1 2 1 
-2 -2 1 -2 1 -2 1 | -2 -1 2 -1 2 1 
-2 -2 1 -2 1 | -2 -1 2 -1 2 1 
-2 -2 1 -2 1 | -2 -2 1 
-2 1 | -2 -2 1 
-2 1 | -2 
1 | -2 
11
-2 -2 -2 -1 2 2 1 | -2 -2 -1 2 1 2 2 -1 
-2 -2 -2 -1 2 2 1 | -2 -1 -1 2 1 
-2 -2 -2 -1 2 1 1 2 | -2 -1 -1 2 1 
-2 -2 -2 -1 2 1 1 2 | -2 -1 2 2 -1 
-2 -2 1 -2 1 1 2 | -2 -1 2 2 -1 
-2 -2 1 1 2 -1 | -2 -1 2 2 -1 
-2 1 2 -1 -1 | -2 -1 2 2 -1 
-2 1 2 -1 -1 | -1 -1 -1 2 
-2 1 1 | -1 -1 -1 2 
-2 1 1 | -1 
-2 1 | -1 
-2 | -1 
22
-2 -2 -2 -1 2 2 1 | -1 2 1 2 -1 2 2 2 
-2 -2 -2 -1 2 2 1 | -1 -1 2 2 2 1 2 
-2 -2 -2 -2 -1 -2 1 1 | -1 -1 2 2 2 1 2 
-2 -2 -2 -2 -1 -2 1 1 | -2 -2 -2 -1 2 2 1 
-2 -2 1 -2 -1 -2 1 | -2 -2 -2 -1 2 2 1 
-2 -2 -2 1 2 1 -2 -1 | -2 -2 -2 -1 2 2 1 
-2 -2 -2 -2 -1 -2 1 2 1 | -2 -2 -2 -1 2 2 1 
-2 -2 1 -2 -1 -2 1 2 | -2 -2 -2 -1 2 2 1 
-2 -2 -2 -2 -1 2 1 -2 1 | -2 -2 -2 -1 2 2 1 
-2 -2 -2 1 -2 -1 2 1 | -2 -2 -2 -1 2 2 1 
-2 -2 -2 1 -2 -1 2 1 | -2 1 2 -1 -1 2 2 
-2 -2 -2 -2 1 -2 1 | -2 1 2 -1 -1 2 2 
-2 -2 -2 -2 -1 2 1 1 | -2 1 2 -1 -1 2 2 
-2 -2 -2 -2 -1 2 1 1 | -2 -2 -2 -1 2 2 1 
-2 -2 1 -2 -1 2 1 | -2 -2 -2 -1 2 2 1 
-2 -2 1 -2 -1 2 1 | -2 -1 2 1 2 -1 
-2 -2 1 -2 -1 2 1 | -1 -1 2 2 2 
-2 -2 1 -2 -1 2 1 | -2 -1 2 -1 2 1 
-2 -2 1 -2 1 | -2 -1 2 -1 2 1 
-2 -2 1 -2 1 | -2 -2 1 
-2 1 | -2 -2 1 
-2 1 | -2 
1 | -2 
9
-2 -2 -2 -1 2 2 1 | -2 -2 -2 -1 2 1 2 -1 
-2 -2 -2 -1 2 2 1 | -2 1 2 -1 -1 
-2 -2 -1 -1 2 1 | -2 1 2 -1 -1 
-2 -2 -1 2 -1 | -2 1 2 -1 -1 
-2 -1 -1 -1 | -2 1 2 -1 -1 
-2 -1 -1 | -2 1 2 -1 -1 
-2 -1 | -2 1 2 -1 -1 
-2 -1 | -2 -1 -1 
-2 -1 | -1 
-2 | -1 
20
-2 -2 -2 -1 2 2 1 | -2 -1 2 2 2 -1 2 1 
-2 -2 -2 -1 2 2 1 | -2 -1 -1 2 2 2 1 
-2 -2 -2 -1 -2 1 1 2 | -2 -1 -1 2 2 2 1 
-2 -2 -2 -1 -2 1 1 2 | -2 -2 -2 -1 2 2 1 
-2 -2 1 2 -1 -2 1 | -2 -2 -2 -1 2 2 1 
-2 -2 -1 2 1 -2 -2 1 | -2 -2 -2 -1 2 2 1 
-2 -2 -1 -2 1 2 1 | -2 -2 -2 -1 2 2 1 
-2 -2 -1 -2 1 2 1 | -2 -1 2 -1 2 1 
-2 -2 -1 -2 1 2 1 | -2 -2 -1 -1 2 1 1 
-2 1 -2 1 2 -1 | -2 -2 -1 -1 2 1 1 
-2 1 -2 1 2 -1 | -2 -2 -1 -2 1 2 1 
-2 -1 -2 1 1 -2 1 | -2 -2 -1 -2 1 2 1 
-2 -1 -2 1 1 -2 1 | -2 -1 2 -1 2 1 
-2 -2 -1 2 1 -2 1 | -2 -1 2 -1 2 1 
-2 -2 -2 1 1 | -2 -1 2 -1 2 1 
-2 -2 1 -2 1 -2 1 | -2 -1 2 -1 2 1 
-2 -2 1 -2 1 | -2 -1 2 -1 2 1 
-2 -2 1 -2 1 | -2 -2 1 
-2 1 | -2 -2 1 
-2 1 | -2 
1 | -2 
11
-2 -2 -2 -1 2 2 1 | -2 -2 -2 -1 2 1 -2 -1 
-2 -2 -2 -1 2 2 1 | -2 -1 -1 -2 1 
-2 -2 -2 -1 2 2 1 | -2 -2 -2 -2 -1 -1 2 1 
-2 -2 -2 -1 2 2 1 | -2 -2 -1 2 1 -2 -1 
-2 1 2 -1 2 1 | -2 -2 -1 2 1 -2 -1 
-2 1 2 -1 2 1 | -2 -2 -2 -1 -1 
-2 -2 -1 -2 1 2 -1 | -2 -2 -2 -1 -1 
-2 -2 -1 -2 1 2 -1 | -2 -1 -2 -1 2 1 
-2 -2 -1 -2 1 2 -1 | -2 -2 -1 -2 -1 
-2 -2 -1 -2 1 2 -1 | -2 -1 
-2 | -2 -1 
-2 | -1 
10
-2 -2 -2 -1 2 2 1 | -2 -2 -1 2 2 -1 2 1 
-2 -2 -2 -1 2 2 1 | -2 1 2 -1 2 2 -1 
-2 -1 2 1 2 -1 | -2 1 2 -1 2 2 -1 
-2 -1 2 1 2 -1 | -1 -1 2 2 2 
-2 -2 1 -2 -1 2 1 | -1 -1 2 2 2 
-2 -2 1 -2 -1 2 1 | -2 -1 2 -1 2 1 
-2 -2 1 -2 1 | -2 -1 2 -1 2 1 
-2 -2 1 -2 1 | -2 -2 1 
-2 1 | -2 -2 1 
-2 1 | -2 
1 | -2 
11
-2 -2 -2 -1 2 2 1 | -2 -2 -1 -2 -2 -1 2 1 
-2 -2 -2 -1 2 2 1 | -2 -2 -1 2 -1 -2 1 
-2 -2 -2 -1 2 2 1 | -2 -1 -2 1 2 -1 
-2 -2 -1 -2 -1 2 1 | -2 -1 -2 1 2 -1 
-2 -2 -2 -1 -1 | -2 -1 -2 1 2 -1 
-2 -2 -1 -2 -1 -2 -1 | -2 -1 -2 1 2 -1 
-2 -2 -1 -2 -1 | -2 -1 -2 1 2 -1 
-2 -2 -1 | -2 -1 -2 1 2 -1 
-2 -2 -1 | 1 2 -1 
-2 -2 -1 | -2 -1 
-2 | -2 -1 
-2 | -1 
3
-2 -2 -2 -1 2 2 1 | -2 -2 -2 -1 2 -1 2 1 
-2 -2 -2 -1 2 2 1 | -1 
-2 1 | -1 
-2 | -1 
4
-2 -2 -2 -1 2 2 1 | -2 -2 -2 -1 -2 -1 2 1 
-2 -2 -2 -1 2 2 1 | -2 -2 -1 
1 2 | -2 -2 -1 
1 2 | -2 
1 | -2 
9
-2 -2 -2 -1 2 2 1 | -2 -2 -2 -2 -1 -1 2 1 
-2 -2 -2 -1 2 2 1 | -2 -2 -1 2 1 -2 -1 
-2 1 2 -1 2 1 | -2 -2 -1 2 1 -2 -1 
-2 1 2 -1 2 1 | -2 -2 -2 -1 -1 
-2 -2 -1 -2 1 2 -1 | -2 -2 -2 -1 -1 
-2 -2 -1 -2 1 2 -1 | -2 -1 -2 -1 2 1 
-2 -2 -1 -2 1 2 -1 | -2 -2 -1 -2 -1 
-2 -2 -1 -2 1 2 -1 | -2 -1 
-2 | -2 -1 
-2 | -1 
22
-2 -2 -2 -1 2 2 1 | -1 -1 -1 2 2 1 1 2 
-2 -2 -2 1 1 -2 -1 | -1 -1 -1 2 2 1 1 2 
-2 -2 -2 1 1 -2 -1 | -2 -2 -2 -1 2 2 1 
-2 -2 -2 -2 -1 -2 1 1 | -2 -2 -2 -1 2 2 1 
-2 -2 1 -2 -1 -2 1 | -2 -2 -2 -1 2 2 1 
-2 -2 -2 1 2 1 -2 -1 | -2 -2 -2 -1 2 2 1 
-2 -2 -2 -2 -1 -2 1 2 1 | -2 -2 -2 -1 2 2 1 
-2 -2 1 -2 -1 -2 1 2 | -2 -2 -2 -1 2 2 1 
-2 -2 -2 -2 -1 2 1 -2 1 | -2 -2 -2 -1 2 2 1 
-2 -2 -2 1 -2 -1 2 1 | -2 -2 -2 -1 2 2 1 
-2 -2 -2 1 -2 -1 2 1 | -2 1 2 -1 -1 2 2 
-2 -2 -2 -2 1 -2 1 | -2 1 2 -1 -1 2 2 
-2 -2 -2 -2 -1 2 1 1 | -2 1 2 -1 -1 2 2 
-2 -2 -2 -2 -1 2 1 1 | -2 -2 -2 -1 2 2 1 
-2 -2 1 -2 -1 2 1 | -2 -2 -2 -1 2 2 1 
-2 -2 1 -2 -1 2 1 | -2 -1 2 1 2 -1 
-2 -2 1 -2 -1 2 1 | -1 -1 2 2 2 
-2 -2 1 -2 -1 2 1 | -2 -1 2 -1 2 1 
-2 -2 1 -2 1 | -2 -1 2 -1 2 1 
-2 -2 1 -2 1 | -2 -2 1 
-2 1 | -2 -2 1 
-2 1 | -2 
1 | -2 
20
-2 -2 -2 -1 2 2 1 | -2 -1 -1 -1 2 2 1 1 
-2 -2 -2 1 1 2 -1 | -2 -1 -1 -1 2 2 1 1 
-2 -2 -2 1 1 2 -1 | -2 -2 -2 -1 2 2 1 
-2 -2 -2 -1 -2 1 1 2 | -2 -2 -2 -1 2 2 1 
-2 -2 1 2 -1 -2 1 | -2 -2 -2 -1 2 2 1 
-2 -2 -1 2 1 -2 -2 1 | -2 -2 -2 -1 2 2 1 
-2 -2 -1 -2 1 2 1 | -2 -2 -2 -1 2 2 1 
-2 -2 -1 -2 1 2 1 | -2 -1 2 -1 2 1 
-2 -2 -1 -2 1 2 1 | -2 -2 -1 -1 2 1 1 
-2 1 -2 1 2 -1 | -2 -2 -1 -1 2 1 1 
-2 1 -2 1 2 -1 | -2 -2 -1 -2 1 2 1 
-2 -1 -2 1 1 -2 1 | -2 -2 -1 -2 1 2 1 
-2 -1 -2 1 1 -2 1 | -2 -1 2 -1 2 1 
-2 -2 -1 2 1 -2 1 | -2 -1 2 -1 2 1 
-2 -2 -2 1 1 | -2 -1 2 -1 2 1 
-2 -2 1 -2 1 -2 1 | -2 -1 2 -1 2 1 
-2 -2 1 -2 1 | -2 -1 2 -1 2 1 
-2 -2 1 -2 1 | -2 -2 1 
-2 1 | -2 -2 1 
-2 1 | -2 
1 | -2 
7
-2 -2 -2 -1 2 2 1 | -1 -1 2 2 1 2 2 2 
-2 -2 -2 -1 2 2 1 | -1 2 2 2 2 
-2 -2 -2 -2 -2 1 | -1 2 2 2 2 
-2 | -1 2 2 2 2 
-2 | -1 2 2 2 
-2 | -1 2 2 
-2 | -1 2 
-2 | -1 
10
-2 -2 -2 -1 2 2 1 | -1 2 -1 2 2 1 2 2 
-2 -2 -2 -2 -2 -2 1 | -1 2 -1 2 2 1 2 2 
-2 -2 -2 -2 -2 -2 1 | -2 -2 -2 -1 2 2 1 
-2 -2 -2 -2 -2 1 | -2 -2 -2 -1 2 2 1 
-2 -2 -2 -2 1 | -2 -2 -2 -1 2 2 1 
-2 -2 -2 -2 1 | -2 -2 -2 -2 -2 1 
-2 -2 -2 -2 1 | -2 
-2 -2 -2 1 | -2 
-2 -2 1 | -2 
-2 1 | -2 
1 | -2 
7
-2 -2 -2 -1 2 2 1 | -2 -1 2 2 1 2 2 -1 
-2 -2 -2 -1 2 2 1 | -1 2 2 2 2 
-2 -2 -2 -2 -2 1 | -1 2 2 2 2 
-2 | -1 2 2 2 2 
-2 | -1 2 2 2 
-2 | -1 2 2 
-2 | -1 2 
-2 | -1 
9
-2 -2 -2 -1 2 2 1 | -1 2 2 -1 2 2 1 2 
-2 -2 -2 -2 -2 -2 1 | -1 2 2 -1 2 2 1 2 
-2 -2 -2 -2 -2 -2 1 | -2 -2 1 2 -1 
-2 -2 -2 -2 -2 1 | -2 -2 1 2 -1 
-2 -2 -2 -2 1 | -2 -2 1 2 -1 
-2 -2 -2 -2 1 | -1 2 2 2 
-2 | -1 2 2 2 
-2 | -1 2 2 
-2 | -1 2 
-2 | -1 
5
-2 -2 -2 -1 2 2 1 | -2 -2 -1 2 2 1 2 -1 
-2 -2 -2 -1 2 2 1 | -1 2 2 
-2 -2 -2 1 | -1 2 2 
-2 | -1 2 2 
-2 | -1 2 
-2 | -1 
7
-2 -2 -2 -1 2 2 1 | -2 -1 2 2 -1 2 2 1 
-2 -2 -2 -1 2 2 1 | -1 2 2 2 2 
-2 -2 -2 -2 -2 1 | -1 2 2 2 2 
-2 | -1 2 2 2 2 
-2 | -1 2 2 2 
-2 | -1 2 2 
-2 | -1 2 
-2 | -1 
3
-2 -2 -2 -1 2 2 1 | -2 -2 -1 2 2 1 -2 -1 
-2 -2 -2 -1 2 2 1 | -1 
-2 1 | -1 
-2 | -1 
5
-2 -2 -2 -1 2 2 1 | -2 -2 -1 2 -1 2 2 1 
-2 -2 -2 -1 2 2 1 | -1 2 2 
-2 -2 -2 1 | -1 2 2 
-2 | -1 2 2 
-2 | -1 2 
-2 | -1 
3
-2 -2 -2 -1 2 2 1 | -2 -2 -1 -2 -1 2 2 1 
-2 -2 -2 -1 2 2 1 | -1 
-2 1 | -1 
-2 | -1 
3
-2 -2 -2 -1 2 2 1 | -2 -2 -2 -1 -1 2 2 1 
-2 -2 -2 -1 2 2 1 | -1 
-2 1 | -1 
-2 | -1 
26
-2 -2 -2 -1 2 2 1 | -1 -1 2 2 2 1 2 2 
-2 -2 -2 -2 -2 -1 -2 1 1 | -1 -1 2 2 2 1 2 2 
-2 -2 -2 -2 -2 -1 -2 1 1 | -2 -2 -2 -1 2 2 1 
-2 -2 -1 -2 1 -2 -2 1 | -2 -2 -2 -1 2 2 1 
-2 -2 -2 -2 1 2 -1 -2 1 | -2 -2 -2 -1 2 2 1 
-2 -2 -2 1 -2 1 2 -1 | -2 -2 -2 -1 2 2 1 
-2 -2 -2 -1 -2 1 -2 1 2 | -2 -2 -2 -1 2 2 1 
-2 -2 -2 1 2 -1 -2 1 | -2 -2 -2 -1 2 2 1 
-2 -2 -2 1 1 2 -1 | -2 -2 -2 -1 2 2 1 
-2 -2 -2 -1 -2 1 1 2 | -2 -2 -2 -1 2 2 1 
-2 -2 1 2 -1 -2 1 | -2 -2 -2 -1 2 2 1 
-2 -2 -1 2 1 -2 -2 1 | -2 -2 -2 -1 2 2 1 
-2 -2 -1 -2 1 2 1 | -2 -2 -2 -1 2 2 1 
-2 -2 -1 -2 1 2 1 | -2 -1 2 -1 2 1 
-2 -2 -1 -2 1 2 1 | -2 -2 -1 -1 2 1 1 
-2 1 -2 1 2 -1 | -2 -2 -1 -1 2 1 1 
-2 1 -2 1 2 -1 | -2 -2 -1 -2 1 2 1 
-2 -1 -2 1 1 -2 1 | -2 -2 -1 -2 1 2 1 
-2 -1 -2 1 1 -2 1 | -2 -1 2 -1 2 1 
-2 -2 -1 2 1 -2 1 | -2 -1 2 -1 2 1 
-2 -2 -2 1 1 | -2 -1 2 -1 2 1 
-2 -2 1 -2 1 -2 1 | -2 -1 2 -1 2 1 
-2 -2 1 -2 1 | -2 -1 2 -1 2 1 
-2 -2 1 -2 1 | -2 -2 1 
-2 1 | -2 -2 1 
-2 1 | -2 
1 | -2 
26
-2 -2 -2 -1 2 2 1 | -1 2 -1 2 2 2 1 2 
-2 -2 -2 -2 1 -2 -1 -2 1 | -1 2 -1 2 2 2 1 2 
-2 -2 -2 -2 1 -2 -1 -2 1 | -2 -2 -2 -1 2 2 1 
-2 -2 -2 1 -2 1 -2 -1 | -2 -2 -2 -1 2 2 1 
-2 -2 -2 -2 -1 -2 1 -2 1 | -2 -2 -2 -1 2 2 1 
-2 -2 -2 1 -2 -1 -2 1 | -2 -2 -2 -1 2 2 1 
-2 -2 -2 1 1 -2 -1 | -2 -2 -2 -1 2 2 1 
-2 -2 -2 -2 -1 -2 1 1 | -2 -2 -2 -1 2 2 1 
-2 -2 1 -2 -1 -2 1 | -2 -2 -2 -1 2 2 1 
-2 -2 -2 1 2 1 -2 -1 | -2 -2 -2 -1 2 2 1 
-2 -2 -2 -2 -1 -2 1 2 1 | -2 -2 -2 -1 2 2 1 
-2 -2 1 -2 -1 -2 1 2 | -2 -2 -2 -1 2 2 1 
-2 -2 -2 -2 -1 2 1 -2 1 | -2 -2 -2 -1 2 2 1 
-2 -2 -2 1 -2 -1 2 1 | -2 -2 -2 -1 2 2 1 
-2 -2 -2 1 -2 -1 2 1 | -2 1 2 -1 -1 2 2 
-2 -2 -2 -2 1 -2 1 | -2 1 2 -1 -1 2 2 
-2 -2 -2 -2 -1 2 1 1 | -2 1 2 -1 -1 2 2 
-2 -2 -2 -2 -1 2 1 1 | -2 -2 -2 -1 2 2 1 
-2 -2 1 -2 -1 2 1 | -2 -2 -2 -1 2 2 1 
-2 -2 1 -2 -1 2 1 | -2 -1 2 1 2 -1 
-2 -2 1 -2 -1 2 1 | -1 -1 2 2 2 
-2 -2 1 -2 -1 2 1 | -2 -1 2 -1 2 1 
-2 -2 1 -2 1 | -2 -1 2 -1 2 1 
-2 -2 1 -2 1 | -2 -2 1 
-2 1 | -2 -2 1 
-2 1 | -2 
1 | -2 
18
-2 -2 -2 -1 2 2 1 | -2 -1 2 2 2 1 2 -1 
-2 -2 -2 -1 2 2 1 | -2 -1 2 1 2 2 2 2 -1 
-2 -2 -2 -1 2 2 1 | -2 -1 2 1 2 -1 2 2 
-2 -2 -2 -1 2 2 1 | -2 -2 -1 2 2 2 -1 2 1 
-2 -2 -2 -1 2 2 1 | -1 2 -1 2 1 2 
-2 -2 -2 -1 2 2 1 | -2 1 2 2 2 2 -1 2 -1 
-2 -2 -2 -1 2 2 1 | -2 1 2 -1 2 2 2 -1 
-2 -2 -2 -1 2 2 1 | -2 1 2 -1 -1 2 2 
-2 -2 -2 -2 -1 2 1 1 | -2 1 2 -1 -1 2 2 
-2 -2 -2 -2 -1 2 1 1 | -2 -2 -2 -1 2 2 1 
-2 -2 1 -2 -1 2 1 | -2 -2 -2 -1 2 2 1 
-2 -2 1 -2 -1 2 1 | -2 -1 2 1 2 -1 
-2 -2 1 -2 -1 2 1 | -1 -1 2 2 2 
-2 -2 1 -2 -1 2 1 | -2 -1 2 -1 2 1 
-2 -2 1 -2 1 | -2 -1 2 -1 2 1 
-2 -2 1 -2 1 | -2 -2 1 
-2 1 | -2 -2 1 
-2 1 | -2 
1 | -2 
22
-2 -2 -2 -1 2 2 1 | -2 -1 2 -1 2 2 2 1 
-2 -2 -1 -2 1 -2 1 | -2 -1 2 -1 2 2 2 1 
-2 -2 -1 -2 1 -2 1 | -2 -2 -2 -1 2 2 1 
-2 -2 -2 1 2 -1 -2 1 | -2 -2 -2 -1 2 2 1 
-2 -2 -2 1 1 2 -1 | -2 -2 -2 -1 2 2 1 
-2 -2 -2 -1 -2 1 1 2 | -2 -2 -2 -1 2 2 1 
-2 -2 1 2 -1 -2 1 | -2 -2 -2 -1 2 2 1 
-2 -2 -1 2 1 -2 -2 1 | -2 -2 -2 -1 2 2 1 
-2 -2 -1 -2 1 2 1 | -2 -2 -2 -1 2 2 1 
-2 -2 -1 -2 1 2 1 | -2 -1 2 -1 2 1 
-2 -2 -1 -2 1 2 1 | -2 -2 -1 -1 2 1 1 
-2 1 -2 1 2 -1 | -2 -2 -1 -1 2 1 1 
-2 1 -2 1 2 -1 | -2 -2 -1 -2 1 2 1 
-2 -1 -2 1 1 -2 1 | -2 -2 -1 -2 1 2 1 
-2 -1 -2 1 1 -2 1 | -2 -1 2 -1 2 1 
-2 -2 -1 2 1 -2 1 | -2 -1 2 -1 2 1 
-2 -2 -2 1 1 | -2 -1 2 -1 2 1 
-2 -2 1 -2 1 -2 1 | -2 -1 2 -1 2 1 
-2 -2 1 -2 1 | -2 -1 2 -1 2 1 
-2 -2 1 -2 1 | -2 -2 1 
-2 1 | -2 -2 1 
-2 1 | -2 
1 | -2 
16
-2 -2 -2 -1 2 2 1 | -2 -1 -2 -1 2 2 2 1 
-2 -2 -2 -1 2 2 1 | -2 -1 2 1 2 2 -1 
-2 -1 2 -1 2 1 | -2 -1 2 1 2 2 -1 
-2 -1 2 -1 2 1 | -2 1 1 2 2 -1 -1 
-2 -1 2 1 2 2 -1 | -2 1 1 2 2 -1 -1 
-2 -1 2 1 2 2 -1 | -2 1 -2 1 2 -1 
-2 -1 2 1 2 2 -1 | -2 -1 -2 1 1 -2 1 
-2 1 -2 1 2 -1 | -2 -1 -2 1 1 -2 1 
-2 1 -2 1 2 -1 | -2 -2 -1 2 1 -2 1 
-2 1 -2 1 2 -1 | -2 -2 -2 1 1 
-2 1 -2 1 2 -1 | -2 -2 1 -2 -1 2 1 
-2 -2 1 -2 1 | -2 -2 1 -2 -1 2 1 
-2 -2 1 -2 1 | -1 -1 2 1 
-2 -2 1 | -1 -1 2 1 
-2 -2 1 | -2 
-2 1 | -2 
1 | -2 
12
-2 -2 -2 -1 2 2 1 | -2 -2 -1 -1 2 2 2 1 
-2 -2 -2 -1 2 2 1 | -1 -1 2 1 2 
-2 -2 -2 -1 2 2 1 | -2 1 2 2 2 2 -1 -1 
-2 -2 -2 -1 2 2 1 | -2 1 2 -1 2 2 -1 
-2 -1 2 1 2 -1 | -2 1 2 -1 2 2 -1 
-2 -1 2 1 2 -1 | -1 -1 2 2 2 
-2 -2 1 -2 -1 2 1 | -1 -1 2 2 2 
-2 -2 1 -2 -1 2 1 | -2 -1 2 -1 2 1 
-2 -2 1 -2 1 | -2 -1 2 -1 2 1 
-2 -2 1 -2 1 | -2 -2 1 
-2 1 | -2 -2 1 
-2 1 | -2 
1 | -2 
13
-2 -2 -2 -1 2 2 1 | -1 -1 2 2 2 2 1 2 
-2 -2 -2 -1 2 2 1 | -1 -1 2 2 1 2 2 2 2 
-2 -2 -2 -1 2 2 1 | -1 2 2 2 2 2 2 2 
-2 -2 -2 -1 2 2 1 | -1 2 -1 2 2 1 2 2 2 
-2 -2 -2 -1 2 2 1 | -1 2 -1 2 2 2 2 1 
-2 -2 -2 -1 2 2 1 | -1 -1 2 2 1 2 2 
-2 -2 -2 -1 2 2 1 | -1 2 2 2 2 2 
-2 -2 -2 -2 -2 -2 1 | -1 2 2 2 2 2 
-2 | -1 2 2 2 2 2 
-2 | -1 2 2 2 2 
-2 | -1 2 2 2 
-2 | -1 2 2 
-2 | -1 2 
-2 | -1 
9
-2 -2 -2 -1 2 2 1 | -2 -1 -1 2 2 2 2 1 
-2 -2 -2 -1 2 2 1 | -1 -1 2 2 1 2 2 
-2 -2 -2 -1 2 2 1 | -1 2 2 2 2 2 
-2 -2 -2 -2 -2 -2 1 | -1 2 2 2 2 2 
-2 | -1 2 2 2 2 2 
-2 | -1 2 2 2 2 
-2 | -1 2 2 2 
-2 | -1 2 2 
-2 | -1 2 
-2 | -1 
8
-2 -2 -2 -1 2 2 1 | -1 2 2 2 2 2 2 2 
-1 2 2 2 2 2 2 | -1 2 2 2 2 2 2 2 
-1 2 2 2 2 2 2 | 2 
-1 2 2 2 2 2 | 2 
-1 2 2 2 2 | 2 
-1 2 2 2 | 2 
-1 2 2 | 2 
-1 2 | 2 
-1 | 2 
12
-2 -2 -2 -1 2 2 1 | -2 1 2 -1 2 2 2 -1 
-2 -2 -2 -1 2 2 1 | -1 -1 2 1 2 
-2 -2 -2 -1 2 2 1 | -2 1 2 2 2 2 -1 -1 
-2 -2 -2 -1 2 2 1 | -2 1 2 -1 2 2 -1 
-2 -1 2 1 2 -1 | -2 1 2 -1 2 2 -1 
-2 -1 2 1 2 -1 | -1 -1 2 2 2 
-2 -2 1 -2 -1 2 1 | -1 -1 2 2 2 
-2 -2 1 -2 -1 2 1 | -2 -1 2 -1 2 1 
-2 -2 1 -2 1 | -2 -1 2 -1 2 1 
-2 -2 1 -2 1 | -2 -2 1 
-2 1 | -2 -2 1 
-2 1 | -2 
1 | -2 
8
-2 -2 -2 -1 2 2 1 | -2 -1 2 2 2 -1 -2 1 
-2 -1 -1 2 1 | -2 -1 2 2 2 -1 -2 1 
-2 -1 -1 2 1 | -2 -1 2 2 -1 
-2 -1 -1 2 1 | -2 -1 -1 -1 2 2 
-2 1 1 | -2 -1 -1 -1 2 2 
-2 1 1 | -2 -1 2 
-2 1 | -2 -1 2 
-2 1 | -2 
1 | -2 
16
-2 -2 -2 -1 2 2 1 | -2 1 2 2 -1 2 2 -1 
-2 -2 -2 -1 2 2 1 | -2 -1 2 1 2 2 -1 
-2 -1 2 -1 2 1 | -2 -1 2 1 2 2 -1 
-2 -1 2 -1 2 1 | -2 1 1 2 2 -1 -1 
-2 -1 2 1 2 2 -1 | -2 1 1 2 2 -1 -1 
-2 -1 2 1 2 2 -1 | -2 1 -2 1 2 -1 
-2 -1 2 1 2 2 -1 | -2 -1 -2 1 1 -2 1 
-2 1 -2 1 2 -1 | -2 -1 -2 1 1 -2 1 
-2 1 -2 1 2 -1 | -2 -2 -1 2 1 -2 1 
-2 1 -2 1 2 -1 | -2 -2 -2 1 1 
-2 1 -2 1 2 -1 | -2 -2 1 -2 -1 2 1 
-2 -2 1 -2 1 | -2 -2 1 -2 -1 2 1 
-2 -2 1 -2 1 | -1 -1 2 1 
-2 -2 1 | -1 -1 2 1 
-2 -2 1 | -2 
-2 1 | -2 
1 | -2 
9
-2 -2 -2 -1 2 2 1 | -2 -2 -1 2 2 -1 -2 1 
-2 -2 -2 -1 2 2 1 | -2 1 2 -1 -1 
-2 -2 -1 -1 2 1 | -2 1 2 -1 -1 
-2 -2 -1 2 -1 | -2 1 2 -1 -1 
-2 -1 -1 -1 | -2 1 2 -1 -1 
-2 -1 -1 | -2 1 2 -1 -1 
-2 -1 | -2 1 2 -1 -1 
-2 -1 | -2 -1 -1 
-2 -1 | -1 
-2 | -1 
3
-2 -2 -2 -1 2 2 1 | -2 -2 1 2 -1 2 2 -1 
-2 -2 -2 -1 2 2 1 | -1 
-2 1 | -1 
-2 | -1 
4
-2 -2 -2 -1 2 2 1 | -2 -2 1 -2 -1 2 2 -1 
-2 -2 -2 -1 2 2 1 | -2 -2 -1 
1 2 | -2 -2 -1 
1 2 | -2 
1 | -2 
5
-2 -2 -2 -1 2 2 1 | -2 1 2 2 2 -1 2 -1 
-1 2 2 | -2 1 2 2 2 -1 2 -1 
-1 2 2 | -2 1 2 2 -1 
-1 2 2 | -2 1 
2 | -2 1 
2 | 1 
4
-2 -2 -2 -1 2 2 1 | -2 -2 -2 -1 2 -1 -2 1 
-2 -2 -2 -1 2 2 1 | -2 -2 -1 
1 2 | -2 -2 -1 
1 2 | -2 
1 | -2 
3
-2 -2 -2 -1 2 2 1 | -2 -2 1 2 2 -1 2 -1 
-2 -2 -2 -1 2 2 1 | -1 
-2 1 | -1 
-2 | -1 
6
-2 -2 -2 -1 2 2 1 | -2 -2 -1 2 -1 -2 -2 1 
-2 -2 -2 -1 2 2 1 | -2 -2 -2 -2 -1 
1 2 2 2 | -2 -2 -2 -2 -1 
1 2 2 2 | -2 
1 2 2 | -2 
1 2 | -2 
1 | -2 
11
-2 -2 -2 -1 2 2 1 | -2 -2 -2 1 2 -1 2 -1 
-2 -2 -2 -1 2 2 1 | -2 -2 -1 2 -1 -2 1 
-2 -2 -2 -1 2 2 1 | -2 -1 -2 1 2 -1 
-2 -2 -1 -2 -1 2 1 | -2 -1 -2 1 2 -1 
-2 -2 -2 -1 -1 | -2 -1 -2 1 2 -1 
-2 -2 -1 -2 -1 -2 -1 | -2 -1 -2 1 2 -1 
-2 -2 -1 -2 -1 | -2 -1 -2 1 2 -1 
-2 -2 -1 | -2 -1 -2 1 2 -1 
-2 -2 -1 | 1 2 -1 
-2 -2 -1 | -2 -1 
-2 | -2 -1 
-2 | -1 
15
-2 -2 -2 -1 2 2 1 | -2 -2 -2 1 -2 -1 2 -1 
-2 -2 -2 -1 2 2 1 | -2 -2 -2 -2 -1 2 -1 -2 1 
-2 -2 -2 -1 2 2 1 | -2 -1 -2 -1 -2 1 
-2 -2 -2 -1 2 2 1 | -2 -2 -2 -2 -1 -2 -1 2 1 
-2 -2 -2 -1 2 2 1 | -2 -2 -2 -1 2 1 -2 -1 
-2 -2 -2 -1 2 2 1 | -2 -1 -1 -2 1 
-2 -2 -2 -1 2 2 1 | -2 -2 -2 -2 -1 -1 2 1 
-2 -2 -2 -1 2 2 1 | -2 -2 -1 2 1 -2 -1 
-2 1 2 -1 2 1 | -2 -2 -1 2 1 -2 -1 
-2 1 2 -1 2 1 | -2 -2 -2 -1 -1 
-2 -2 -1 -2 1 2 -1 | -2 -2 -2 -1 -1 
-2 -2 -1 -2 1 2 -1 | -2 -1 -2 -1 2 1 
-2 -2 -1 -2 1 2 -1 | -2 -2 -1 -2 -1 
-2 -2 -1 -2 1 2 -1 | -2 -1 
-2 | -2 -1 
-2 | -1 
15
-2 -2 -2 -1 2 2 1 | -2 -2 1 1 2 -1 -1 -1 
-2 -2 -2 -1 2 2 1 | -2 -2 -2 1 2 -1 -1 
-2 -2 -2 -1 2 2 1 | -2 -2 -1 -1 -2 1 
-2 -2 -2 -1 2 2 1 | -2 -2 -1 -2 1 2 -1 
-2 -2 -2 -1 2 2 1 | -2 -2 -2 1 2 -1 2 -1 
-2 -2 -2 -1 2 2 1 | -2 -2 -1 2 -1 -2 1 
-2 -2 -2 -1 2 2 1 | -2 -1 -2 1 2 -1 
-2 -2 -1 -2 -1 2 1 | -2 -1 -2 1 2 -1 
-2 -2 -2 -1 -1 | -2 -1 -2 1 2 -1 
-2 -2 -1 -2 -1 -2 -1 | -2 -1 -2 1 2 -1 
-2 -2 -1 -2 -1 | -2 -1 -2 1 2 -1 
-2 -2 -1 | -2 -1 -2 1 2 -1 
-2 -2 -1 | 1 2 -1 
-2 -2 -1 | -2 -1 
-2 | -2 -1 
-2 | -1 
19
-2 -2 -2 -1 2 2 1 | -2 -2 1 1 -2 -1 -1 -1 
-2 -2 -2 -1 2 2 1 | -2 -2 -2 1 -2 -1 -1 
-2 -2 -2 -1 2 2 1 | -2 -2 -2 -2 -1 -1 -2 1 
-2 -2 -2 -1 2 2 1 | -2 -2 -1 -2 1 -2 -1 
-2 -2 -2 -1 2 2 1 | -2 -2 -2 1 -2 -1 2 -1 
-2 -2 -2 -1 2 2 1 | -2 -2 -2 -2 -1 2 -1 -2 1 
-2 -2 -2 -1 2 2 1 | -2 -1 -2 -1 -2 1 
-2 -2 -2 -1 2 2 1 | -2 -2 -2 -2 -1 -2 -1 2 1 
-2 -2 -2 -1 2 2 1 | -2 -2 -2 -1 2 1 -2 -1 
-2 -2 -2 -1 2 2 1 | -2 -1 -1 -2 1 
-2 -2 -2 -1 2 2 1 | -2 -2 -2 -2 -1 -1 2 1 
-2 -2 -2 -1 2 2 1 | -2 -2 -1 2 1 -2 -1 
-2 1 2 -1 2 1 | -2 -2 -1 2 1 -2 -1 
-2 1 2 -1 2 1 | -2 -2 -2 -1 -1 
-2 -2 -1 -2 1 2 -1 | -2 -2 -2 -1 -1 
-2 -2 -1 -2 1 2 -1 | -2 -1 -2 -1 2 1 
-2 -2 -1 -2 1 2 -1 | -2 -2 -1 -2 -1 
-2 -2 -1 -2 1 2 -1 | -2 -1 
-2 | -2 -1 
-2 | -1 
10
-2 -2 -2 -1 2 2 1 | -2 1 2 2 2 2 -1 -1 
-2 -2 -2 -1 2 2 1 | -2 1 2 -1 2 2 -1 
-2 -1 2 1 2 -1 | -2 1 2 -1 2 2 -1 
-2 -1 2 1 2 -1 | -1 -1 2 2 2 
-2 -2 1 -2 -1 2 1 | -1 -1 2 2 2 
-2 -2 1 -2 -1 2 1 | -2 -1 2 -1 2 1 
-2 -2 1 -2 1 | -2 -1 2 -1 2 1 
-2 -2 1 -2 1 | -2 -2 1 
-2 1 | -2 -2 1 
-2 1 | -2 
1 | -2 
17
-2 -2 -2 -1 2 2 1 | -2 -2 -2 -2 -1 -1 -2 1 
-2 -2 -2 -1 2 2 1 | -2 -2 -1 -2 1 -2 -1 
-2 -2 -2 -1 2 2 1 | -2 -2 -2 1 -2 -1 2 -1 
-2 -2 -2 -1 2 2 1 | -2 -2 -2 -2 -1 2 -1 -2 1 
-2 -2 -2 -1 2 2 1 | -2 -1 -2 -1 -2 1 
-2 -2 -2 -1 2 2 1 | -2 -2 -2 -2 -1 -2 -1 2 1 
-2 -2 -2 -1 2 2 1 | -2 -2 -2 -1 2 1 -2 -1 
-2 -2 -2 -1 2 2 1 | -2 -1 -1 -2 1 
-2 -2 -2 -1 2 2 1 | -2 -2 -2 -2 -1 -1 2 1 
-2 -2 -2 -1 2 2 1 | -2 -2 -1 2 1 -2 -1 
-2 1 2 -1 2 1 | -2 -2 -1 2 1 -2 -1 
-2 1 2 -1 2 1 | -2 -2 -2 -1 -1 
-2 -2 -1 -2 1 2 -1 | -2 -2 -2 -1 -1 
-2 -2 -1 -2 1 2 -1 | -2 -1 -2 -1 2 1 
-2 -2 -1 -2 1 2 -1 | -2 -2 -1 -2 -1 
-2 -2 -1 -2 1 2 -1 | -2 -1 
-2 | -2 -1 
-2 | -1 
3
-2 -2 -2 -1 2 2 1 | -2 -2 1 2 2 2 -1 -1 
-2 -2 -2 -1 2 2 1 | -1 
-2 1 | -1 
-2 | -1 
6
-2 -2 -2 -1 2 2 1 | -2 -2 -2 -1 -1 -2 -2 1 
-2 -2 -2 -1 2 2 1 | -2 -2 -2 -2 -1 
1 2 2 2 | -2 -2 -2 -2 -1 
1 2 2 2 | -2 
1 2 2 | -2 
1 2 | -2 
1 | -2 
11
-2 -2 -2 -1 2 2 1 | -2 -2 -2 1 2 2 -1 -1 
-2 -2 -2 -1 2 2 1 | -2 -1 -1 -2 1 
-2 -2 -2 -1 2 2 1 | -2 -2 -2 -2 -1 -1 2 1 
-2 -2 -2 -1 2 2 1 | -2 -2 -1 2 1 -2 -1 
-2 1 2 -1 2 1 | -2 -2 -1 2 1 -2 -1 
-2 1 2 -1 2 1 | -2 -2 -2 -1 -1 
-2 -2 -1 -2 1 2 -1 | -2 -2 -2 -1 -1 
-2 -2 -1 -2 1 2 -1 | -2 -1 -2 -1 2 1 
-2 -2 -1 -2 1 2 -1 | -2 -2 -1 -2 -1 
-2 -2 -1 -2 1 2 -1 | -2 -1 
-2 | -2 -1 
-2 | -1 
21
-2 -2 -2 -1 2 2 1 | -2 -2 -2 1 -2 -2 -1 -1 
-2 -2 -2 -1 2 2 1 | -2 -2 -2 -2 -2 -1 -1 -2 1 
-2 -2 -2 -1 2 2 1 | -2 -2 -1 -2 -2 -1 -2 1 
-2 -2 -2 -1 2 2 1 | -2 -2 -2 -2 -1 -2 1 2 -1 
-2 -2 -2 -1 2 2 1 | -2 -2 -2 1 2 -1 -2 -1 
-2 -2 -2 -1 2 2 1 | -2 -2 -1 -2 -1 -2 1 
-2 -2 -2 -1 2 2 1 | -2 -2 -2 -1 -2 1 2 -1 
-2 -2 -2 -1 2 2 1 | -2 -2 -2 1 2 -1 -1 
-2 -2 -2 -1 2 2 1 | -2 -2 -1 -1 -2 1 
-2 -2 -2 -1 2 2 1 | -2 -2 -1 -2 1 2 -1 
-2 -2 -2 -1 2 2 1 | -2 -2 -2 1 2 -1 2 -1 
-2 -2 -2 -1 2 2 1 | -2 -2 -1 2 -1 -2 1 
-2 -2 -2 -1 2 2 1 | -2 -1 -2 1 2 -1 
-2 -2 -1 -2 -1 2 1 | -2 -1 -2 1 2 -1 
-2 -2 -2 -1 -1 | -2 -1 -2 1 2 -1 
-2 -2 -1 -2 -1 -2 -1 | -2 -1 -2 1 2 -1 
-2 -2 -1 -2 -1 | -2 -1 -2 1 2 -1 
-2 -2 -1 | -2 -1 -2 1 2 -1 
-2 -2 -1 | 1 2 -1 
-2 -2 -1 | -2 -1 
-2 | -2 -1 
-2 | -1 
8
-2 -2 -2 -1 2 2 1 | -2 -2 -2 -2 1 2 -1 -1 
-2 -2 -2 -1 2 2 1 | -2 -2 -1 -1 -2 -2 1 
-2 -2 -2 -1 2 2 1 | -2 -2 -2 -2 -2 -1 
1 2 2 2 2 | -2 -2 -2 -2 -2 -1 
1 2 2 2 2 | -2 
1 2 2 2 | -2 
1 2 2 | -2 
1 2 | -2 
1 | -2 
10
-2 -2 -2 -1 2 2 1 | -2 -2 -2 -2 1 -2 -1 -1 
-2 -2 -2 -1 2 2 1 | -2 -2 -2 -2 -1 -1 -2 -2 1 
-2 -2 -2 -1 2 2 1 | -2 -2 -2 -2 -2 -2 -2 -1 
-2 -2 -2 -1 2 2 1 | -2 -2 -2 -2 -2 -2 -1 
-2 -2 -2 -1 2 2 1 | -2 -2 -2 -2 -2 -1 
1 2 2 2 2 | -2 -2 -2 -2 -2 -1 
1 2 2 2 2 | -2 
1 2 2 2 | -2 
1 2 2 | -2 
1 2 | -2 
1 | -2 
3
-2 -2 -2 -1 2 2 1 | -2 -1 -2 1 2 2 2 -1 
-2 -2 -2 -1 2 2 1 | -1 
-2 1 | -1 
-2 | -1 
9
-2 -2 -2 -1 2 2 1 | -2 -2 -1 -2 1 2 2 -1 
-2 -2 -2 -1 2 2 1 | -2 -2 -1 2 1 -2 -1 
-2 1 2 -1 2 1 | -2 -2 -1 2 1 -2 -1 
-2 1 2 -1 2 1 | -2 -2 -2 -1 -1 
-2 -2 -1 -2 1 2 -1 | -2 -2 -2 -1 -1 
-2 -2 -1 -2 1 2 -1 | -2 -1 -2 -1 2 1 
-2 -2 -1 -2 1 2 -1 | -2 -2 -1 -2 -1 
-2 -2 -1 -2 1 2 -1 | -2 -1 
-2 | -2 -1 
-2 | -1 
15
-2 -2 -2 -1 2 2 1 | -2 -2 -2 -1 -2 1 2 -1 
-2 -2 -2 -1 2 2 1 | -2 -2 -2 1 2 -1 -1 
-2 -2 -2 -1 2 2 1 | -2 -2 -1 -1 -2 1 
-2 -2 -2 -1 2 2 1 | -2 -2 -1 -2 1 2 -1 
-2 -2 -2 -1 2 2 1 | -2 -2 -2 1 2 -1 2 -1 
-2 -2 -2 -1 2 2 1 | -2 -2 -1 2 -1 -2 1 
-2 -2 -2 -1 2 2 1 | -2 -1 -2 1 2 -1 
-2 -2 -1 -2 -1 2 1 | -2 -1 -2 1 2 -1 
-2 -2 -2 -1 -1 | -2 -1 -2 1 2 -1 
-2 -2 -1 -2 -1 -2 -1 | -2 -1 -2 1 2 -1 
-2 -2 -1 -2 -1 | -2 -1 -2 1 2 -1 
-2 -2 -1 | -2 -1 -2 1 2 -1 
-2 -2 -1 | 1 2 -1 
-2 -2 -1 | -2 -1 
-2 | -2 -1 
-2 | -1 
19
-2 -2 -2 -1 2 2 1 | -2 -2 -2 -1 -2 1 -2 -1 
-2 -2 -2 -1 2 2 1 | -2 -2 -2 1 -2 -1 -1 
-2 -2 -2 -1 2 2 1 | -2 -2 -2 -2 -1 -1 -2 1 
-2 -2 -2 -1 2 2 1 | -2 -2 -1 -2 1 -2 -1 
-2 -2 -2 -1 2 2 1 | -2 -2 -2 1 -2 -1 2 -1 
-2 -2 -2 -1 2 2 1 | -2 -2 -2 -2 -1 2 -1 -2 1 
-2 -2 -2 -1 2 2 1 | -2 -1 -2 -1 -2 1 
-2 -2 -2 -1 2 2 1 | -2 -2 -2 -2 -1 -2 -1 2 1 
-2 -2 -2 -1 2 2 1 | -2 -2 -2 -1 2 1 -2 -1 
-2 -2 -2 -1 2 2 1 | -2 -1 -1 -2 1 
-2 -2 -2 -1 2 2 1 | -2 -2 -2 -2 -1 -1 2 1 
-2 -2 -2 -1 2 2 1 | -2 -2 -1 2 1 -2 -1 
-2 1 2 -1 2 1 | -2 -2 -1 2 1 -2 -1 
-2 1 2 -1 2 1 | -2 -2 -2 -1 -1 
-2 -2 -1 -2 1 2 -1 | -2 -2 -2 -1 -1 
-2 -2 -1 -2 1 2 -1 | -2 -1 -2 -1 2 1 
-2 -2 -1 -2 1 2 -1 | -2 -2 -1 -2 -1 
-2 -2 -1 -2 1 2 -1 | -2 -1 
-2 | -2 -1 
-2 | -1 
19
-2 -2 -2 -1 2 2 1 | -2 -2 -1 -2 -2 -1 -2 1 
-2 -2 -2 -1 2 2 1 | -2 -2 -2 -2 -1 -2 1 2 -1 
-2 -2 -2 -1 2 2 1 | -2 -2 -2 1 2 -1 -2 -1 
-2 -2 -2 -1 2 2 1 | -2 -2 -1 -2 -1 -2 1 
-2 -2 -2 -1 2 2 1 | -2 -2 -2 -1 -2 1 2 -1 
-2 -2 -2 -1 2 2 1 | -2 -2 -2 1 2 -1 -1 
-2 -2 -2 -1 2 2 1 | -2 -2 -1 -1 -2 1 
-2 -2 -2 -1 2 2 1 | -2 -2 -1 -2 1 2 -1 
-2 -2 -2 -1 2 2 1 | -2 -2 -2 1 2 -1 2 -1 
-2 -2 -2 -1 2 2 1 | -2 -2 -1 2 -1 -2 1 
-2 -2 -2 -1 2 2 1 | -2 -1 -2 1 2 -1 
-2 -2 -1 -2 -1 2 1 | -2 -1 -2 1 2 -1 
-2 -2 -2 -1 -1 | -2 -1 -2 1 2 -1 
-2 -2 -1 -2 -1 -2 -1 | -2 -1 -2 1 2 -1 
-2 -2 -1 -2 -1 | -2 -1 -2 1 2 -1 
-2 -2 -1 | -2 -1 -2 1 2 -1 
-2 -2 -1 | 1 2 -1 
-2 -2 -1 | -2 -1 
-2 | -2 -1 
-2 | -1 
6
-2 -2 -2 -1 2 2 1 | -2 -2 -2 -1 -2 -1 -2 1 
-2 -2 -2 -1 2 2 1 | -2 -2 -2 -2 -1 
1 2 2 2 | -2 -2 -2 -2 -1 
1 2 2 2 | -2 
1 2 2 | -2 
1 2 | -2 
1 | -2 
4
-2 -2 -2 -1 2 2 1 | -2 -2 1 2 2 -1 -2 -1 
-2 -2 -2 -1 2 2 1 | -2 -2 -1 
1 2 | -2 -2 -1 
1 2 | -2 
1 | -2 
8
-2 -2 -2 -1 2 2 1 | -2 -2 -1 -2 -1 -2 -2 1 
-2 -2 -2 -1 2 2 1 | -2 -2 -2 -2 -2 -2 -1 
-2 -2 -2 -1 2 2 1 | -2 -2 -2 -2 -2 -1 
1 2 2 2 2 | -2 -2 -2 -2 -2 -1 
1 2 2 2 2 | -2 
1 2 2 2 | -2 
1 2 2 | -2 
1 2 | -2 
1 | -2 
17
-2 -2 -2 -1 2 2 1 | -2 -2 -2 1 2 -1 -2 -1 
-2 -2 -2 -1 2 2 1 | -2 -2 -1 -2 -1 -2 1 
-2 -2 -2 -1 2 2 1 | -2 -2 -2 -1 -2 1 2 -1 
-2 -2 -2 -1 2 2 1 | -2 -2 -2 1 2 -1 -1 
-2 -2 -2 -1 2 2 1 | -2 -2 -1 -1 -2 1 
-2 -2 -2 -1 2 2 1 | -2 -2 -1 -2 1 2 -1 
-2 -2 -2 -1 2 2 1 | -2 -2 -2 1 2 -1 2 -1 
-2 -2 -2 -1 2 2 1 | -2 -2 -1 2 -1 -2 1 
-2 -2 -2 -1 2 2 1 | -2 -1 -2 1 2 -1 
-2 -2 -1 -2 -1 2 1 | -2 -1 -2 1 2 -1 
-2 -2 -2 -1 -1 | -2 -1 -2 1 2 -1 
-2 -2 -1 -2 -1 -2 -1 | -2 -1 -2 1 2 -1 
-2 -2 -1 -2 -1 | -2 -1 -2 1 2 -1 
-2 -2 -1 | -2 -1 -2 1 2 -1 
-2 -2 -1 | 1 2 -1 
-2 -2 -1 | -2 -1 
-2 | -2 -1 
-2 | -1 
21
-2 -2 -2 -1 2 2 1 | -2 -2 -2 1 -2 -1 -2 -1 
-2 -2 -2 -1 2 2 1 | -2 -2 -2 -2 -1 -2 -1 -2 1 
-2 -2 -2 -1 2 2 1 | -2 -2 -2 -1 -2 1 -2 -1 
-2 -2 -2 -1 2 2 1 | -2 -2 -2 1 -2 -1 -1 
-2 -2 -2 -1 2 2 1 | -2 -2 -2 -2 -1 -1 -2 1 
-2 -2 -2 -1 2 2 1 | -2 -2 -1 -2 1 -2 -1 
-2 -2 -2 -1 2 2 1 | -2 -2 -2 1 -2 -1 2 -1 
-2 -2 -2 -1 2 2 1 | -2 -2 -2 -2 -1 2 -1 -2 1 
-2 -2 -2 -1 2 2 1 | -2 -1 -2 -1 -2 1 
-2 -2 -2 -1 2 2 1 | -2 -2 -2 -2 -1 -2 -1 2 1 
-2 -2 -2 -1 2 2 1 | -2 -2 -2 -1 2 1 -2 -1 
-2 -2 -2 -1 2 2 1 | -2 -1 -1 -2 1 
-2 -2 -2 -1 2 2 1 | -2 -2 -2 -2 -1 -1 2 1 
-2 -2 -2 -1 2 2 1 | -2 -2 -1 2 1 -2 -1 
-2 1 2 -1 2 1 | -2 -2 -1 2 1 -2 -1 
-2 1 2 -1 2 1 | -2 -2 -2 -1 -1 
-2 -2 -1 -2 1 2 -1 | -2 -2 -2 -1 -1 
-2 -2 -1 -2 1 2 -1 | -2 -1 -2 -1 2 1 
-2 -2 -1 -2 1 2 -1 | -2 -2 -1 -2 -1 
-2 -2 -1 -2 1 2 -1 | -2 -1 
-2 | -2 -1 
-2 | -1 
6
-2 -2 -2 -1 2 2 1 | -2 -2 -1 -2 -2 1 2 -1 
-2 -2 -2 -1 2 2 1 | -2 -2 -2 -2 -1 
1 2 2 2 | -2 -2 -2 -2 -1 
1 2 2 2 | -2 
1 2 2 | -2 
1 2 | -2 
1 | -2 
8
-2 -2 -2 -1 2 2 1 | -2 -2 -1 -2 -2 1 -2 -1 
-2 -2 -2 -1 2 2 1 | -2 -2 -2 -2 -2 -2 -1 
-2 -2 -2 -1 2 2 1 | -2 -2 -2 -2 -2 -1 
1 2 2 2 2 | -2 -2 -2 -2 -2 -1 
1 2 2 2 2 | -2 
1 2 2 2 | -2 
1 2 2 | -2 
1 2 | -2 
1 | -2 
8
-2 -2 -2 -1 2 2 1 | -2 -2 -2 -2 -2 -2 -2 -1 
-2 -2 -2 -1 2 2 1 | -2 -2 -2 -2 -2 -2 -1 
-2 -2 -2 -1 2 2 1 | -2 -2 -2 -2 -2 -1 
1 2 2 2 2 | -2 -2 -2 -2 -2 -1 
1 2 2 2 2 | -2 
1 2 2 2 | -2 
1 2 2 | -2 
1 2 | -2 
1 | -2 
2
-2 -2 -2 -2 -1 2 2 2 1 | -1 2 
-1 | -1 2 
-1 | 2 
2
-2 -2 -2 -2 -1 2 2 2 1 | -2 -1 
1 | -2 -1 
1 | -2 
3
-2 -2 -2 -2 -1 2 2 2 1 | -1 2 2 
-1 2 | -1 2 2 
-1 2 | 2 
-1 | 2 
3
-2 -2 -2 -2 -1 2 2 2 1 | -2 -2 -1 
1 2 | -2 -2 -1 
1 2 | -2 
1 | -2 
4
-2 -2 -2 -2 -1 2 2 2 1 | -1 2 2 2 
-1 2 2 | -1 2 2 2 
-1 2 2 | 2 
-1 2 | 2 
-1 | 2 
5
-2 -2 -2 -2 -1 2 2 2 1 | -2 -2 -2 -1 
-2 -2 -2 -2 -1 | -2 -2 -2 -1 
-2 | -2 -2 -2 -1 
-2 | -2 -2 -1 
-2 | -2 -1 
-2 | -1 
20
-2 -2 -2 -2 -1 2 2 2 1 | -2 -1 -1 2 1 
-2 -2 -2 -1 2 2 1 1 | -2 -1 -1 2 1 
-2 -2 -2 -1 2 1 1 2 1 | -2 -1 -1 2 1 
-2 -2 -2 1 2 1 2 1 | -2 -1 -1 2 1 
-2 -2 -2 1 1 1 2 2 1 | -2 -1 -1 2 1 
-2 -2 1 -2 1 2 2 1 | -2 -1 -1 2 1 
-2 -2 1 -2 1 2 1 1 2 | -2 -1 -1 2 1 
-2 -1 -2 1 2 1 1 1 | -2 -1 -1 2 1 
-2 -2 -1 2 1 1 1 | -2 -1 -1 2 1 
-2 -2 1 2 1 1 | -2 -1 -1 2 1 
-2 -2 1 1 1 2 1 | -2 -1 -1 2 1 
-2 1 -2 1 2 1 | -2 -1 -1 2 1 
-2 -1 -2 1 2 1 1 | -2 -1 -1 2 1 
-2 -2 -1 2 1 1 | -2 -1 -1 2 1 
-2 -2 1 2 1 | -2 -1 -1 2 1 
-2 -2 1 1 1 2 | -2 -1 -1 2 1 
-2 -2 1 1 1 2 | -2 1 1 
-2 1 2 | -2 1 1 
-2 1 2 | -2 1 
2 | -2 1 
2 | 1 
5
-2 -2 -2 -2 -1 2 2 2 1 | -1 2 2 2 2 
-1 2 2 2 | -1 2 2 2 2 
-1 2 2 2 | 2 
-1 2 2 | 2 
-1 2 | 2 
-1 | 2 
16
-2 -2 -2 -2 -1 2 2 2 1 | -2 1 2 -1 -1 
-2 -2 -2 -1 -1 2 2 1 | -2 1 2 -1 -1 
-2 -2 -2 -1 -1 2 1 2 -1 | -2 1 2 -1 -1 
-2 -2 -2 -1 2 -1 2 -1 | -2 1 2 -1 -1 
-2 -2 -1 -1 -1 2 -1 | -2 1 2 -1 -1 
-2 -2 -1 -1 2 -1 -1 -1 | -2 1 2 -1 -1 
-2 -2 -1 2 -1 -1 -1 -1 -1 | -2 1 2 -1 -1 
-2 -1 -1 -1 -1 -1 -1 -1 | -2 1 2 -1 -1 
-2 -1 -2 -1 2 -1 -1 -1 -1 | -2 1 2 -1 -1 
-2 -1 -2 -1 -1 2 -1 -1 | -2 1 2 -1 -1 
-2 -1 -2 -1 -1 -1 2 | -2 1 2 -1 -1 
-2 -1 -1 -1 | -2 1 2 -1 -1 
-2 -1 -1 | -2 1 2 -1 -1 
-2 -1 | -2 1 2 -1 -1 
-2 -1 | -2 -1 -1 
-2 -1 | -1 
-2 | -1 
6
-2 -2 -2 -2 -1 2 2 2 1 | -2 -2 -2 -2 -1 
-2 -2 -2 -2 -2 -1 | -2 -2 -2 -2 -1 
-2 | -2 -2 -2 -2 -1 
-2 | -2 -2 -2 -1 
-2 | -2 -2 -1 
-2 | -2 -1 
-2 | -1 
12
-2 -2 -2 -2 -1 2 2 2 1 | -1 -1 2 1 2 2 
-2 -2 -1 2 2 2 -1 2 1 | -1 -1 2 1 2 2 
-2 -2 -1 2 -1 -2 1 2 1 | -1 -1 2 1 2 2 
-2 1 2 -1 2 2 -1 | -1 -1 2 1 2 2 
-2 1 2 -1 2 2 -1 | -1 2 -1 2 2 2 2 
-2 -2 -2 1 2 -1 -2 1 | -1 2 -1 2 2 2 2 
-2 -2 -2 1 2 -1 -2 1 | -2 1 2 -1 2 2 -1 
-2 -2 -2 1 -2 -2 1 | -2 1 2 -1 2 2 -1 
-2 -2 -2 1 -2 -2 1 | -2 -2 -2 1 
-2 -2 1 | -2 -2 -2 1 
-2 -2 1 | -2 
-2 1 | -2 
1 | -2 
20
-2 -2 -2 -2 -1 2 2 2 1 | -2 -1 2 -1 2 1 
-2 -2 -2 -1 2 2 1 -2 1 | -2 -1 2 -1 2 1 
-2 -2 -2 -1 2 1 -2 1 1 | -2 -1 2 -1 2 1 
-2 -2 -2 -2 1 1 1 | -2 -1 2 -1 2 1 
-2 -2 -2 1 -2 -1 2 1 1 | -2 -1 2 -1 2 1 
-2 -2 -2 1 -2 -2 1 2 1 | -2 -1 2 -1 2 1 
-2 -2 1 -2 -1 -2 1 2 1 | -2 -1 2 -1 2 1 
-2 -2 -1 2 2 1 -2 -2 1 | -2 -1 2 -1 2 1 
-2 -2 -1 2 1 -2 1 -2 1 | -2 -1 2 -1 2 1 
-2 -2 -2 1 1 -2 1 | -2 -1 2 -1 2 1 
-2 -2 -2 1 -2 1 -2 1 1 | -2 -1 2 -1 2 1 
-2 -2 1 -2 -2 1 1 | -2 -1 2 -1 2 1 
-2 -1 -2 1 1 -2 1 | -2 -1 2 -1 2 1 
-2 -2 -1 2 1 -2 1 | -2 -1 2 -1 2 1 
-2 -2 -2 1 1 | -2 -1 2 -1 2 1 
-2 -2 1 -2 -1 2 1 | -2 -1 2 -1 2 1 
-2 -2 1 -2 -2 1 2 | -2 -1 2 -1 2 1 
-2 -2 1 | -2 -1 2 -1 2 1 
-2 -2 1 | -2 
-2 1 | -2 
1 | -2 
17
-2 -2 -2 -2 -1 2 2 2 1 | -2 -1 -2 -1 2 1 
-2 -2 -2 -1 2 2 1 2 1 | -2 -1 -2 -1 2 1 
-2 -2 1 2 -1 2 1 2 1 | -2 -1 -2 -1 2 1 
-2 -2 1 2 2 1 2 2 1 | -2 -1 -2 -1 2 1 
-2 -1 2 1 2 2 1 -2 1 | -2 -1 -2 -1 2 1 
-2 1 1 2 2 2 1 | -2 -1 -2 -1 2 1 
-2 -1 -2 1 2 2 2 1 1 | -2 -1 -2 -1 2 1 
-2 -2 -1 2 2 1 1 | -2 -1 -2 -1 2 1 
-2 1 2 -1 2 1 1 | -2 -1 -2 -1 2 1 
-2 -1 -1 2 1 1 1 | -2 -1 -2 -1 2 1 
-2 -1 2 1 2 1 1 | -2 -1 -2 -1 2 1 
1 1 1 2 2 | -2 -1 -2 -1 2 1 
-2 -1 2 1 1 2 1 | -2 -1 -2 -1 2 1 
1 1 2 1 2 | -2 -1 -2 -1 2 1 
1 1 2 1 2 | 1 1 2 
1 2 | 1 1 2 
1 2 | 1 
2 | 1 
8
-2 -2 -2 -2 -1 2 2 2 1 | -2 -2 -1 -1 2 1 
-2 -2 -1 2 2 1 1 | -2 -2 -1 -1 2 1 
-2 1 2 2 1 | -2 -2 -1 -1 2 1 
-2 1 2 2 1 | -2 -1 2 1 1 
1 1 1 2 | -2 -1 2 1 1 
1 1 1 2 | -2 -1 -1 
1 | -2 -1 -1 
1 | -2 -1 
1 | -2 
36
-2 -2 -2 -2 -1 2 2 2 1 | -1 -1 2 2 1 2 
-2 -2 -2 -2 -1 2 2 2 1 | -2 1 2 2 2 2 2 -1 -1 
-2 -2 -2 -2 -1 2 2 2 1 | -2 1 2 -1 2 2 2 -1 
-2 -2 -2 -2 -1 2 2 2 1 | -2 -1 2 2 1 2 -1 
-2 -2 -2 -2 -1 2 2 2 1 | -2 -1 -2 1 2 2 2 2 2 -1 
-2 -2 -2 -2 -1 2 2 2 1 | -2 -1 -2 1 2 -1 2 2 2 
-2 -2 -2 -2 -1 2 2 2 1 | -2 -2 -1 2 2 1 2 -1 
-2 -2 1 -2 -1 2 1 | -2 -2 -1 2 2 1 2 -1 
-2 -2 1 -2 -1 2 1 | -2 -1 2 2 -1 2 1 2 -1 
-2 -2 1 -2 -1 2 1 | -2 -1 -1 2 2 -1 2 1 -2 1 
-2 -2 1 -2 -1 2 1 | -2 -1 -1 2 2 2 -1 2 1 
-2 -2 -2 -2 1 1 -2 1 | -2 -1 -1 2 2 2 -1 2 1 
-2 -2 -2 -2 1 1 -2 1 | -2 -2 1 -2 -1 2 1 
-2 -2 1 1 -2 -2 1 2 -1 | -2 -2 1 -2 -1 2 1 
-2 -2 1 -2 1 2 2 -1 | -2 -2 1 -2 -1 2 1 
-2 1 1 2 2 -1 -1 | -2 -2 1 -2 -1 2 1 
-2 -1 2 -1 -2 1 1 1 | -2 -2 1 -2 -1 2 1 
-2 -1 -2 1 -2 1 1 | -2 -2 1 -2 -1 2 1 
-2 -2 -2 1 -2 -2 1 1 | -2 -2 1 -2 -1 2 1 
-2 -2 -2 -2 1 2 1 | -2 -2 1 -2 -1 2 1 
-2 -2 1 1 2 -1 | -2 -2 1 -2 -1 2 1 
-2 -2 1 1 2 -1 | -2 -2 -2 -2 1 2 1 
-2 -2 -2 1 -2 1 1 | -2 -2 -2 -2 1 2 1 
-2 -2 -2 1 -2 1 1 | -2 1 2 -1 2 -1 
-2 -2 -1 -2 1 1 1 | -2 1 2 -1 2 -1 
-2 -2 1 1 1 -2 -1 2 -1 | -2 1 2 -1 2 -1 
-2 -2 1 1 2 -1 -1 | -2 1 2 -1 2 -1 
-2 -2 1 2 1 -2 -1 | -2 1 2 -1 2 -1 
-2 -2 -2 1 2 2 -1 | -2 1 2 -1 2 -1 
-2 -2 1 -2 1 2 -1 | -2 1 2 -1 2 -1 
-2 -2 -2 1 1 | -2 1 2 -1 2 -1 
-2 -2 1 -2 1 -2 1 | -2 1 2 -1 2 -1 
-2 -2 1 -2 1 | -2 1 2 -1 2 -1 
-2 -2 1 -2 1 | -2 -2 1 
-2 1 | -2 -2 1 
-2 1 | -2 
1 | -2 
6
-2 -2 -2 -2 -1 2 2 2 1 | -1 2 2 2 2 2 
-1 2 2 2 2 | -1 2 2 2 2 2 
-1 2 2 2 2 | 2 
-1 2 2 2 | 2 
-1 2 2 | 2 
-1 2 | 2 
-1 | 2 
26
-2 -2 -2 -2 -1 2 2 2 1 | -2 1 2 -1 2 -1 
-2 -2 -2 -1 2 2 1 2 -1 | -2 1 2 -1 2 -1 
-2 -2 -1 2 -1 2 1 2 -1 | -2 1 2 -1 2 -1 
-2 -2 -1 2 2 -1 2 2 -1 | -2 1 2 -1 2 -1 
-2 -1 2 -1 2 -1 2 2 -1 | -2 1 2 -1 2 -1 
-2 -1 -1 2 2 2 -1 | -2 1 2 -1 2 -1 
-2 -1 -1 -1 2 2 1 | -2 1 2 -1 2 -1 
-2 -1 -1 -1 2 2 1 | -2 -1 -1 2 2 2 -1 
-2 -1 2 1 -2 1 | -2 -1 -1 2 2 2 -1 
-2 -1 2 1 -2 1 | -2 -1 -1 -1 2 2 1 
-2 -1 -2 1 1 1 1 | -2 -1 -1 -1 2 2 1 
-2 -1 -2 1 1 1 1 | -2 -1 2 1 -2 1 
-2 -2 1 -2 1 1 1 | -2 -1 2 1 -2 1 
-2 -2 1 1 1 -2 1 -2 1 | -2 -1 2 1 -2 1 
-2 -2 1 1 -2 1 1 | -2 -1 2 1 -2 1 
-2 -2 1 1 -2 1 1 | -2 -1 2 -1 2 2 -1 
-2 -1 2 1 -2 1 | -2 -1 2 -1 2 2 -1 
-2 -1 2 1 -2 1 | -2 -1 -1 2 -1 2 1 
-2 -2 1 1 1 | -2 -1 -1 2 -1 2 1 
-2 -2 1 1 1 | -2 -1 2 1 -2 1 
-2 1 -2 1 -2 1 1 | -2 -1 2 1 -2 1 
-2 1 -2 1 1 | -2 -1 2 1 -2 1 
-2 1 1 | -2 -1 2 1 -2 1 
-2 1 1 | -2 -1 2 
-2 1 | -2 -1 2 
-2 1 | -2 
1 | -2 
9
-2 -2 -2 -2 -1 2 2 2 1 | -2 1 2 2 -1 -1 
-2 -2 -1 -1 2 2 1 | -2 1 2 2 -1 -1 
-2 -1 2 2 -1 | -2 1 2 2 -1 -1 
-2 -1 2 2 -1 | -2 1 1 2 -1 
-2 -1 -1 -1 2 2 | -2 1 1 2 -1 
-2 -1 -1 -1 2 2 | -1 -1 2 
-2 -1 2 | -1 -1 2 
-2 -1 2 | -1 2 
-2 | -1 2 
-2 | -1 
15
-2 -2 -2 -2 -1 2 2 2 1 | -2 -2 -1 -1 -2 1 
-2 -2 -1 2 1 2 2 2 1 | -2 -2 -1 -1 -2 1 
-2 -2 -1 2 -1 -2 1 2 1 | -2 -2 -1 -1 -2 1 
-2 1 2 2 1 2 -1 | -2 -2 -1 -1 -2 1 
-2 -1 -2 1 1 2 -1 | -2 -2 -1 -1 -2 1 
-2 -1 -2 1 1 2 -1 | -2 -2 1 -2 -1 -2 -1 
-2 -2 -2 -1 -2 1 -2 -1 | -2 -2 1 -2 -1 -2 -1 
-2 -2 -2 -1 -2 1 -2 -1 | -2 1 2 2 -1 
-2 -2 -2 -2 -2 -2 -1 | -2 1 2 2 -1 
-2 -2 -2 -2 -2 -1 | -2 1 2 2 -1 
-2 -2 -2 -2 -1 | -2 1 2 2 -1 
-2 -2 -2 -2 -1 | -2 -2 -2 -1 
-2 | -2 -2 -2 -1 
-2 | -2 -2 -1 
-2 | -2 -1 
-2 | -1 
29
-2 -2 -2 -2 -1 2 2 2 1 | -2 -2 1 -2 -1 -1 
-2 -2 -2 -2 -1 2 2 2 1 | -2 -2 -2 -2 -2 -1 -1 2 1 
-2 -2 -2 -2 -1 2 2 2 1 | -2 -2 -2 -1 2 1 -2 -1 
-2 -2 -2 -2 -1 2 2 2 1 | -2 -2 1 -2 -1 2 -1 
-2 -2 -2 -2 -1 2 2 2 1 | -2 -2 -2 -2 -2 -1 2 -1 2 1 
-2 -2 -2 -2 -1 2 2 2 1 | -2 -2 -1 2 1 -2 -1 
-2 -2 1 2 -1 2 2 1 | -2 -2 -1 2 1 -2 -1 
-2 -1 -2 -1 2 2 1 -2 1 | -2 -2 -1 2 1 -2 -1 
-2 -1 -2 -1 2 1 2 2 1 1 | -2 -2 -1 2 1 -2 -1 
-2 -1 2 1 2 2 2 1 1 | -2 -2 -1 2 1 -2 -1 
1 1 2 1 2 2 2 2 | -2 -2 -1 2 1 -2 -1 
-2 -1 2 2 1 1 2 2 1 | -2 -2 -1 2 1 -2 -1 
-2 -2 -1 2 2 1 2 1 | -2 -2 -1 2 1 -2 -1 
-1 2 1 2 1 1 2 | -2 -2 -1 2 1 -2 -1 
1 1 2 2 2 1 2 2 | -2 -2 -1 2 1 -2 -1 
-2 1 2 2 2 2 1 | -2 -2 -1 2 1 -2 -1 
-2 1 2 2 2 2 1 | -2 -1 2 2 1 1 
-2 1 2 2 2 2 1 | 1 1 2 2 2 1 2 
-2 -1 -2 -1 2 1 | 1 1 2 2 2 1 2 
-2 -1 -2 -1 2 1 | 1 1 2 1 2 1 2 2 2 
-2 -1 -2 -1 2 1 | 1 1 2 2 1 2 2 
-2 -1 -2 -1 2 1 | -1 2 1 2 1 1 2 
-2 -1 -2 -1 2 1 | -2 -1 2 2 1 2 1 
-2 -2 -2 -1 -1 | -2 -1 2 2 1 2 1 
-2 -2 -2 -1 -1 | -2 -1 -2 -1 2 1 
-2 -2 -1 -2 1 2 -1 | -2 -1 -2 -1 2 1 
-2 -2 -1 -2 1 2 -1 | -2 -2 -1 -2 -1 
-2 -2 -1 -2 1 2 -1 | -2 -1 
-2 | -2 -1 
-2 | -1 
23
-2 -2 -2 -2 -1 2 2 2 1 | -2 -1 -2 1 2 -1 
-2 -2 -2 -1 -2 -1 2 2 1 | -2 -1 -2 1 2 -1 
-2 -2 -2 -1 -1 -2 -1 2 1 | -2 -1 -2 1 2 -1 
-2 -2 -2 -2 -1 -1 -1 | -2 -1 -2 1 2 -1 
-2 -2 -2 -2 -1 -1 -1 | -2 1 1 2 2 2 1 2 -1 
-2 -1 -2 1 2 -1 | -2 1 1 2 2 2 1 2 -1 
-2 -1 -2 1 2 -1 | -2 1 1 2 2 1 2 -1 -1 
-2 -1 -2 1 2 -1 | -2 1 2 2 1 2 -1 2 1 
-2 -1 -2 1 2 -1 | -1 2 1 1 2 1 2 1 2 
-2 -1 -2 1 2 -1 | -1 2 1 1 1 2 2 
-2 -1 -2 1 2 -1 | -2 1 1 2 2 2 -1 
-2 -1 -2 1 2 -1 | -2 1 2 2 2 2 1 
-2 -1 -2 1 2 -1 | 1 1 2 1 2 2 2 
-2 -1 -2 1 2 -1 | -2 1 2 1 2 2 1 2 -1 
-2 -1 -2 1 2 -1 | 1 1 2 2 1 2 2 
-2 -1 -2 1 2 -1 | -1 2 1 1 2 1 2 
-2 -1 -2 1 2 -1 | -2 1 2 1 2 2 -1 
-2 -1 -2 1 2 -1 | 1 1 2 2 2 
-2 -1 -2 1 2 -1 | -2 1 2 2 1 2 -1 
-2 -2 -1 -2 -1 | -2 1 2 2 1 2 -1 
-2 -2 -1 -2 -1 | -2 -1 
-2 -2 -1 | -2 -1 
-2 | -2 -1 
-2 | -1 
7
-2 -2 -2 -2 -1 2 2 2 1 | -2 -2 -2 -2 -2 -1 
-2 -2 -2 -2 -2 -2 -1 | -2 -2 -2 -2 -2 -1 
-2 | -2 -2 -2 -2 -2 -1 
-2 | -2 -2 -2 -2 -1 
-2 | -2 -2 -2 -1 
-2 | -2 -2 -1 
-2 | -2 -1 
-2 | -1 
47
-2 -2 -2 -2 -1 2 2 2 1 | -1 -1 2 1 2 2 2 
-2 -1 2 2 2 -1 2 1 | -1 -1 2 1 2 2 2 
-2 -1 2 2 2 -1 2 1 | -2 -1 2 1 1 2 -1 
-2 -1 -2 -1 2 2 2 2 1 | -2 -1 2 1 1 2 -1 
-2 -2 -1 -1 2 2 2 1 | -2 -1 2 1 1 2 -1 
-2 -2 -1 2 1 -2 -1 -1 2 2 1 | -2 -1 2 1 1 2 -1 
-2 -1 -2 -1 -1 2 2 1 -2 1 | -2 -1 2 1 1 2 -1 
-2 -2 -1 -1 -2 -1 2 2 1 -2 1 | -2 -1 2 1 1 2 -1 
-2 -2 -1 -2 -1 -1 2 1 -2 1 | -2 -1 2 1 1 2 -1 
-2 -2 -2 -1 -1 -2 -1 2 1 -2 1 | -2 -1 2 1 1 2 -1 
-2 -2 -2 -1 -2 -1 -2 1 | -2 -1 2 1 1 2 -1 
-2 -2 -2 -2 -1 -2 1 2 -1 | -2 -1 2 1 1 2 -1 
-2 -2 -2 -2 -1 -2 1 2 -1 | -2 -2 -2 -2 1 2 -1 -1 
-2 -2 -2 -2 -1 2 2 2 1 | -2 -2 -2 -2 1 2 -1 -1 
-2 -2 -2 -2 -1 2 2 2 1 | -2 -2 -2 -1 -1 -2 1 
-2 -2 -2 -2 -1 2 2 2 1 | -2 -2 -2 -1 -2 1 2 -1 
-2 -2 -2 -2 -1 2 2 2 1 | -2 -2 -2 -2 1 2 -1 2 -1 
-2 -2 -2 -2 -1 2 2 2 1 | -2 -2 -2 -1 2 -1 -2 1 
-2 -1 2 1 2 2 1 | -2 -2 -2 -1 2 -1 -2 1 
-1 2 1 1 2 2 1 2 2 | -2 -2 -2 -1 2 -1 -2 1 
-1 2 1 1 2 2 1 2 2 | -2 -1 2 1 2 2 1 
-1 -1 2 1 1 2 1 2 | -2 -1 2 1 2 2 1 
-2 -2 1 2 1 2 -1 2 -1 | -2 -1 2 1 2 2 1 
-2 1 2 2 1 1 2 -1 2 -1 | -2 -1 2 1 2 2 1 
-1 2 2 2 1 2 1 1 2 | -2 -1 2 1 2 2 1 
-2 1 1 2 -1 2 2 1 2 -1 | -2 -1 2 1 2 2 1 
-2 -1 -2 1 1 2 -1 2 1 2 -1 | -2 -1 2 1 2 2 1 
-2 -1 -2 -1 -2 1 1 2 2 -1 | -2 -1 2 1 2 2 1 
-2 -1 2 1 -2 1 2 2 -1 | -2 -1 2 1 2 2 1 
-2 -2 -2 1 2 2 -1 -1 | -2 -1 2 1 2 2 1 
-2 -2 1 2 2 1 2 -1 -1 | -2 -1 2 1 2 2 1 
-2 1 2 2 1 2 1 2 -1 -1 | -2 -1 2 1 2 2 1 
-1 2 2 1 2 1 2 1 2 | -2 -1 2 1 2 2 1 
-2 1 2 1 2 -1 2 1 2 -1 | -2 -1 2 1 2 2 1 
-2 -1 -2 1 2 1 2 2 -1 | -2 -1 2 1 2 2 1 
-1 2 1 1 2 2 | -2 -1 2 1 2 2 1 
-2 -2 1 2 2 2 -1 | -2 -1 2 1 2 2 1 
-2 -2 1 2 2 2 -1 | -2 -1 2 2 2 1 -2 1 
-2 -2 1 2 2 2 -1 | -2 1 2 2 -1 2 1 
-2 -2 1 2 2 2 -1 | -2 -1 2 1 2 1 
-2 1 2 1 2 2 -1 | -2 -1 2 1 2 1 
1 1 2 2 2 | -2 -1 2 1 2 1 
-2 1 2 2 1 2 -1 | -2 -1 2 1 2 1 
-2 1 2 2 1 2 -1 | 1 2 1 2 2 
-2 -1 | 1 2 1 2 2 
-2 -1 | 1 2 2 
-2 -1 | 2 
-1 | 2 
25
-2 -2 -2 -2 -1 2 2 2 1 | -1 2 -1 2 1 2 2 
-2 -2 -1 2 2 2 2 -1 2 1 | -1 2 -1 2 1 2 2 
-2 -2 -1 2 2 -1 -2 1 1 | -1 2 -1 2 1 2 2 
-2 1 2 -1 2 2 2 -1 | -1 2 -1 2 1 2 2 
-2 -2 1 2 -1 2 -1 -2 1 | -1 2 -1 2 1 2 2 
-1 -1 2 1 1 2 -1 2 | -1 2 -1 2 1 2 2 
-1 -1 2 1 1 2 -1 2 | -2 1 2 1 2 -1 -1 
-2 -1 2 1 2 -1 -1 2 1 | -2 1 2 1 2 -1 -1 
-2 -1 -1 2 2 1 | -2 1 2 1 2 -1 -1 
-2 1 2 -1 2 2 -1 | -2 1 2 1 2 -1 -1 
-2 1 2 -1 2 2 -1 | -2 -2 1 1 2 -1 
-2 -1 2 2 2 2 -1 | -2 -2 1 1 2 -1 
-2 -1 2 2 2 2 -1 | -2 -2 -2 1 -2 1 1 
-2 -1 2 2 2 2 -1 | -2 -1 2 1 -2 1 
-1 -1 2 -1 2 2 2 | -2 -1 2 1 -2 1 
-2 -1 2 -1 2 2 -1 2 1 | -2 -1 2 1 -2 1 
-1 -1 2 2 -1 2 2 | -2 -1 2 1 -2 1 
-1 -1 2 -1 2 1 2 | -2 -1 2 1 -2 1 
-2 -1 2 -1 2 2 1 | -2 -1 2 1 -2 1 
-1 -1 2 2 2 | -2 -1 2 1 -2 1 
-2 -1 2 2 -1 2 1 | -2 -1 2 1 -2 1 
-2 -1 2 2 -1 2 1 | -2 -2 1 -2 1 
-2 1 | -2 -2 1 -2 1 
-2 1 | -2 -2 1 
-2 1 | -2 
1 | -2 
9
-2 -2 -2 -2 -1 2 2 2 1 | -2 -1 2 1 2 2 -1 
-2 -2 -1 2 2 -1 2 1 | -2 -1 2 1 2 2 -1 
-2 -1 2 2 2 -1 2 | -2 -1 2 1 2 2 -1 
-2 -1 2 2 2 -1 2 | -2 -1 2 1 -2 1 
-2 -1 2 2 -1 2 1 | -2 -1 2 1 -2 1 
-2 -1 2 2 -1 2 1 | -2 -2 1 -2 1 
-2 1 | -2 -2 1 -2 1 
-2 1 | -2 -2 1 
-2 1 | -2 
1 | -2 
35
-2 -2 -2 -2 -1 2 2 2 1 | -2 -1 2 2 -1 2 1 
-2 -2 -2 -1 2 2 1 -2 -2 1 | -2 -1 2 2 -1 2 1 
-2 -1 -2 -1 2 2 1 -2 1 | -2 -1 2 2 -1 2 1 
-2 -2 1 1 -2 -1 -2 -1 2 1 | -2 -1 2 2 -1 2 1 
-2 -2 -2 1 -2 1 1 -2 -1 | -2 -1 2 2 -1 2 1 
-2 -2 -2 -2 -2 1 -2 1 -2 1 | -2 -1 2 2 -1 2 1 
-2 -2 -2 -2 1 -2 -1 2 1 -2 1 | -2 -1 2 2 -1 2 1 
-2 -2 -2 -2 1 -2 -2 -2 1 1 | -2 -1 2 2 -1 2 1 
-2 -2 -2 1 -2 -1 -2 1 1 | -2 -1 2 2 -1 2 1 
-2 -2 -1 -2 1 1 -2 -1 2 1 | -2 -1 2 2 -1 2 1 
-2 -2 -1 -2 1 -2 1 -2 1 | -2 -1 2 2 -1 2 1 
-2 -2 -2 -1 2 1 -2 1 | -2 -1 2 2 -1 2 1 
-2 -2 -2 -2 -2 1 1 | -2 -1 2 2 -1 2 1 
-2 -2 1 1 -2 -1 2 1 -2 -1 | -2 -1 2 2 -1 2 1 
-2 -2 1 -2 1 -2 1 -2 -1 | -2 -1 2 2 -1 2 1 
-2 -1 -2 1 -2 -1 2 1 -2 1 | -2 -1 2 2 -1 2 1 
-2 -2 -2 1 1 -2 -1 -2 1 | -2 -1 2 2 -1 2 1 
-2 -2 -1 -2 1 1 | -2 -1 2 2 -1 2 1 
-2 -2 -1 -2 1 1 | -2 -2 -2 -1 2 2 1 
-2 -2 1 2 -1 -2 1 | -2 -2 -2 -1 2 2 1 
-2 -2 -1 2 1 -2 -2 1 | -2 -2 -2 -1 2 2 1 
-2 -2 -1 -2 1 2 1 | -2 -2 -2 -1 2 2 1 
-2 -2 -1 -2 1 2 1 | -2 -1 2 -1 2 1 
-2 -2 -1 -2 1 2 1 | -2 -2 -1 -1 2 1 1 
-2 1 -2 1 2 -1 | -2 -2 -1 -1 2 1 1 
-2 1 -2 1 2 -1 | -2 -2 -1 -2 1 2 1 
-2 -1 -2 1 1 -2 1 | -2 -2 -1 -2 1 2 1 
-2 -1 -2 1 1 -2 1 | -2 -1 2 -1 2 1 
-2 -2 -1 2 1 -2 1 | -2 -1 2 -1 2 1 
-2 -2 -2 1 1 | -2 -1 2 -1 2 1 
-2 -2 1 -2 1 -2 1 | -2 -1 2 -1 2 1 
-2 -2 1 -2 1 | -2 -1 2 -1 2 1 
-2 -2 1 -2 1 | -2 -2 1 
-2 1 | -2 -2 1 
-2 1 | -2 
1 | -2 
24
-2 -2 -2 -2 -1 2 2 2 1 | -2 -2 -1 2 1 -2 -1 
-2 -2 1 2 -1 2 2 1 | -2 -2 -1 2 1 -2 -1 
-2 -1 -2 -1 2 2 1 -2 1 | -2 -2 -1 2 1 -2 -1 
-2 -1 -2 -1 2 1 2 2 1 1 | -2 -2 -1 2 1 -2 -1 
-2 -1 2 1 2 2 2 1 1 | -2 -2 -1 2 1 -2 -1 
1 1 2 1 2 2 2 2 | -2 -2 -1 2 1 -2 -1 
-2 -1 2 2 1 1 2 2 1 | -2 -2 -1 2 1 -2 -1 
-2 -2 -1 2 2 1 2 1 | -2 -2 -1 2 1 -2 -1 
-1 2 1 2 1 1 2 | -2 -2 -1 2 1 -2 -1 
1 1 2 2 2 1 2 2 | -2 -2 -1 2 1 -2 -1 
-2 1 2 2 2 2 1 | -2 -2 -1 2 1 -2 -1 
-2 1 2 2 2 2 1 | -2 -1 2 2 1 1 
-2 1 2 2 2 2 1 | 1 1 2 2 2 1 2 
-2 -1 -2 -1 2 1 | 1 1 2 2 2 1 2 
-2 -1 -2 -1 2 1 | 1 1 2 1 2 1 2 2 2 
-2 -1 -2 -1 2 1 | 1 1 2 2 1 2 2 
-2 -1 -2 -1 2 1 | -1 2 1 2 1 1 2 
-2 -1 -2 -1 2 1 | -2 -1 2 2 1 2 1 
-2 -2 -2 -1 -1 | -2 -1 2 2 1 2 1 
-2 -2 -2 -1 -1 | -2 -1 -2 -1 2 1 
-2 -2 -1 -2 1 2 -1 | -2 -1 -2 -1 2 1 
-2 -2 -1 -2 1 2 -1 | -2 -2 -1 -2 -1 
-2 -2 -1 -2 1 2 -1 | -2 -1 
-2 | -2 -1 
-2 | -1 
8
-2 -2 -2 -2 -1 2 2 2 1 | -2 -2 -1 2 -1 2 1 
-2 -2 -1 -2 1 2 2 1 | -2 -2 -1 2 -1 2 1 
-2 -2 1 2 1 | -2 -2 -1 2 -1 2 1 
-2 -2 1 2 1 | -2 -1 -1 2 -1 2 
-2 -1 -1 2 1 | -2 -1 -1 2 -1 2 
-2 -1 -1 2 1 | -1 -1 2 
-2 1 | -1 -1 2 
-2 1 | -1 
-2 | -1 
9
-2 -2 -2 -2 -1 2 2 2 1 | -2 -2 -1 -2 -1 2 1 
-2 -2 -1 2 2 1 2 1 | -2 -2 -1 -2 -1 2 1 
-2 -2 -1 2 2 1 2 1 | -2 -2 -2 -1 -1 
1 2 1 2 1 2 2 | -2 -2 -2 -1 -1 
1 2 1 2 1 2 2 | -2 -1 2 1 2 1 
1 2 1 2 1 2 2 | -2 -2 -1 -2 -1 
1 2 | -2 -2 -1 -2 -1 
1 2 | -2 -2 -1 
1 2 | -2 
1 | -2 
21
-2 -2 -2 -2 -1 2 2 2 1 | -1 -1 2 2 1 2 2 
-2 -2 -2 -2 -1 2 2 2 1 | -2 1 2 2 2 2 2 2 -1 -1 
-2 -2 -2 -2 -1 2 2 2 1 | -2 1 2 2 -1 2 2 2 -1 
-2 -1 2 2 1 2 2 -1 | -2 1 2 2 -1 2 2 2 -1 
-2 -1 2 2 1 2 2 -1 | -2 -2 1 1 2 2 -1 2 -1 
-2 -1 2 2 1 2 2 -1 | -2 -2 1 -2 -2 1 2 2 -1 
-2 -1 2 2 1 2 2 -1 | -2 -2 -2 -2 1 -2 1 
-2 -2 1 -2 -2 1 2 2 -1 | -2 -2 -2 -2 1 -2 1 
-2 1 2 2 -1 2 2 -1 | -2 -2 -2 -2 1 -2 1 
-2 1 2 2 -1 2 2 -1 | -2 -2 -1 -2 1 2 1 
-2 1 1 2 2 -1 -1 | -2 -2 -1 -2 1 2 1 
-2 1 -2 1 2 -1 | -2 -2 -1 -2 1 2 1 
-2 -1 -2 1 1 -2 1 | -2 -2 -1 -2 1 2 1 
-2 -1 -2 1 1 -2 1 | -2 -1 2 -1 2 1 
-2 -2 -1 2 1 -2 1 | -2 -1 2 -1 2 1 
-2 -2 -2 1 1 | -2 -1 2 -1 2 1 
-2 -2 1 -2 -1 2 1 | -2 -1 2 -1 2 1 
-2 -2 1 -2 -2 1 2 | -2 -1 2 -1 2 1 
-2 -2 1 | -2 -1 2 -1 2 1 
-2 -2 1 | -2 
-2 1 | -2 
1 | -2 
41
-2 -2 -2 -2 -1 2 2 2 1 | -1 2 -1 2 2 1 2 
-2 -2 -2 -2 -1 2 2 2 1 | -2 1 2 2 2 2 2 -1 2 -1 
-2 -2 -2 -2 -1 2 2 2 1 | -2 1 2 -1 2 2 2 2 -1 
-2 -2 -2 -2 -1 2 2 2 1 | -2 1 2 -1 -1 2 2 2 
-2 -2 -2 -2 -2 -1 2 1 1 | -2 1 2 -1 -1 2 2 2 
-2 -2 -2 -2 -2 -1 2 1 1 | -2 -2 -2 -2 -1 2 2 2 1 
-2 -2 -2 1 -2 -1 2 1 | -2 -2 -2 -2 -1 2 2 2 1 
-2 -2 -2 1 -2 -1 2 1 | -2 -1 2 2 1 2 -1 
-2 -2 -2 -2 -1 2 2 2 1 | -2 -1 2 2 1 2 -1 
-2 -2 -2 -2 -1 2 2 2 1 | -2 -1 -2 1 2 2 2 2 2 -1 
-2 -2 -2 -2 -1 2 2 2 1 | -2 -1 -2 1 2 -1 2 2 2 
-2 -2 -2 -2 -1 2 2 2 1 | -2 -2 -1 2 2 1 2 -1 
-2 -2 1 -2 -1 2 1 | -2 -2 -1 2 2 1 2 -1 
-2 -2 1 -2 -1 2 1 | -2 -1 2 2 -1 2 1 2 -1 
-2 -2 1 -2 -1 2 1 | -2 -1 -1 2 2 -1 2 1 -2 1 
-2 -2 1 -2 -1 2 1 | -2 -1 -1 2 2 2 -1 2 1 
-2 -2 -2 -2 1 1 -2 1 | -2 -1 -1 2 2 2 -1 2 1 
-2 -2 -2 -2 1 1 -2 1 | -2 -2 1 -2 -1 2 1 
-2 -2 1 1 -2 -2 1 2 -1 | -2 -2 1 -2 -1 2 1 
-2 -2 1 -2 1 2 2 -1 | -2 -2 1 -2 -1 2 1 
-2 1 1 2 2 -1 -1 | -2 -2 1 -2 -1 2 1 
-2 -1 2 -1 -2 1 1 1 | -2 -2 1 -2 -1 2 1 
-2 -1 -2 1 -2 1 1 | -2 -2 1 -2 -1 2 1 
-2 -2 -2 1 -2 -2 1 1 | -2 -2 1 -2 -1 2 1 
-2 -2 -2 -2 1 2 1 | -2 -2 1 -2 -1 2 1 
-2 -2 1 1 2 -1 | -2 -2 1 -2 -1 2 1 
-2 -2 1 1 2 -1 | -2 -2 -2 -2 1 2 1 
-2 -2 -2 1 -2 1 1 | -2 -2 -2 -2 1 2 1 
-2 -2 -2 1 -2 1 1 | -2 1 2 -1 2 -1 
-2 -2 -1 -2 1 1 1 | -2 1 2 -1 2 -1 
-2 -2 1 1 1 -2 -1 2 -1 | -2 1 2 -1 2 -1 
-2 -2 1 1 2 -1 -1 | -2 1 2 -1 2 -1 
-2 -2 1 2 1 -2 -1 | -2 1 2 -1 2 -1 
-2 -2 -2 1 2 2 -1 | -2 1 2 -1 2 -1 
-2 -2 1 -2 1 2 -1 | -2 1 2 -1 2 -1 
-2 -2 -2 1 1 | -2 1 2 -1 2 -1 
-2 -2 1 -2 1 -2 1 | -2 1 2 -1 2 -1 
-2 -2 1 -2 1 | -2 1 2 -1 2 -1 
-2 -2 1 -2 1 | -2 -2 1 
-2 1 | -2 -2 1 
-2 1 | -2 
1 | -2 
33
-2 -2 -2 -2 -1 2 2 2 1 | -2 -1 2 2 1 2 -1 
-2 -2 -2 -2 -1 2 2 2 1 | -2 -1 -2 1 2 2 2 2 2 -1 
-2 -2 -2 -2 -1 2 2 2 1 | -2 -1 -2 1 2 -1 2 2 2 
-2 -2 -2 -2 -1 2 2 2 1 | -2 -2 -1 2 2 1 2 -1 
-2 -2 1 -2 -1 2 1 | -2 -2 -1 2 2 1 2 -1 
-2 -2 1 -2 -1 2 1 | -2 -1 2 2 -1 2 1 2 -1 
-2 -2 1 -2 -1 2 1 | -2 -1 -1 2 2 -1 2 1 -2 1 
-2 -2 1 -2 -1 2 1 | -2 -1 -1 2 2 2 -1 2 1 
-2 -2 -2 -2 1 1 -2 1 | -2 -1 -1 2 2 2 -1 2 1 
-2 -2 -2 -2 1 1 -2 1 | -2 -2 1 -2 -1 2 1 
-2 -2 1 1 -2 -2 1 2 -1 | -2 -2 1 -2 -1 2 1 
-2 -2 1 -2 1 2 2 -1 | -2 -2 1 -2 -1 2 1 
-2 1 1 2 2 -1 -1 | -2 -2 1 -2 -1 2 1 
-2 -1 2 -1 -2 1 1 1 | -2 -2 1 -2 -1 2 1 
-2 -1 -2 1 -2 1 1 | -2 -2 1 -2 -1 2 1 
-2 -2 -2 1 -2 -2 1 1 | -2 -2 1 -2 -1 2 1 
-2 -2 -2 -2 1 2 1 | -2 -2 1 -2 -1 2 1 
-2 -2 1 1 2 -1 | -2 -2 1 -2 -1 2 1 
-2 -2 1 1 2 -1 | -2 -2 -2 -2 1 2 1 
-2 -2 -2 1 -2 1 1 | -2 -2 -2 -2 1 2 1 
-2 -2 -2 1 -2 1 1 | -2 1 2 -1 2 -1 
-2 -2 -1 -2 1 1 1 | -2 1 2 -1 2 -1 
-2 -2 1 1 1 -2 -1 2 -1 | -2 1 2 -1 2 -1 
-2 -2 1 1 2 -1 -1 | -2 1 2 -1 2 -1 
-2 -2 1 2 1 -2 -1 | -2 1 2 -1 2 -1 
-2 -2 -2 1 2 2 -1 | -2 1 2 -1 2 -1 
-2 -2 1 -2 1 2 -1 | -2 1 2 -1 2 -1 
-2 -2 -2 1 1 | -2 1 2 -1 2 -1 
-2 -2 1 -2 1 -2 1 | -2 1 2 -1 2 -1 
-2 -2 1 -2 1 | -2 1 2 -1 2 -1 
-2 -2 1 -2 1 | -2 -2 1 
-2 1 | -2 -2 1 
-2 1 | -2 
1 | -2 
10
-2 -2 -2 -2 -1 2 2 2 1 | -2 -2 -1 -1 2 2 1 
-2 -2 -1 2 1 1 | -2 -2 -1 -1 2 2 1 
-2 -2 -1 2 1 1 | -2 -1 2 2 -1 
-2 1 -2 1 1 | -2 -1 2 2 -1 
-2 -2 1 1 2 -1 | -2 -1 2 2 -1 
-2 1 2 -1 -1 | -2 -1 2 2 -1 
-2 1 2 -1 -1 | -1 -1 -1 2 
-2 1 1 | -1 -1 -1 2 
-2 1 1 | -1 
-2 1 | -1 
-2 | -1 
8
-2 -2 -2 -2 -1 2 2 2 1 | -1 -1 2 2 2 1 2 
-2 -2 -2 -2 -2 1 | -1 -1 2 2 2 1 2 
-2 -2 -2 -2 -2 1 | -2 -2 1 2 -1 
-2 -2 -2 -2 1 | -2 -2 1 2 -1 
-2 -2 -2 -2 1 | -1 2 2 2 
-2 | -1 2 2 2 
-2 | -1 2 2 
-2 | -1 2 
-2 | -1 
5
-2 -2 -2 -2 -1 2 2 2 1 | -2 -1 -1 2 2 2 1 
-2 -2 -2 1 | -2 -1 -1 2 2 2 1 
-2 -2 -2 1 | -2 
-2 -2 1 | -2 
-2 1 | -2 
1 | -2 
7
-2 -2 -2 -2 -1 2 2 2 1 | -1 2 2 2 2 2 2 
-1 2 2 2 2 2 | -1 2 2 2 2 2 2 
-1 2 2 2 2 2 | 2 
-1 2 2 2 2 | 2 
-1 2 2 2 | 2 
-1 2 2 | 2 
-1 2 | 2 
-1 | 2 
29
-2 -2 -2 -2 -1 2 2 2 1 | -2 1 2 -1 2 2 -1 
-2 -2 -1 2 2 1 2 -1 | -2 1 2 -1 2 2 -1 
-2 -2 -1 2 2 1 2 -1 | -2 -2 1 2 1 2 -1 2 -1 
-2 1 2 -1 2 2 -1 | -2 -2 1 2 1 2 -1 2 -1 
-2 1 2 -1 2 2 -1 | -2 -2 1 1 2 -1 2 -1 -2 1 
-2 1 2 -1 2 2 -1 | -2 -2 -2 1 1 2 -1 -2 1 
-2 1 2 -1 2 2 -1 | -2 -2 -2 -2 1 1 -2 1 
-2 1 2 -1 2 2 -1 | -2 -2 1 1 -2 -2 1 2 -1 
-2 1 2 -1 2 2 -1 | -2 -2 1 -2 1 2 2 -1 
-2 1 2 -1 2 2 -1 | -2 1 1 2 2 -1 -1 
-2 1 2 -1 2 2 -1 | -2 -1 2 -1 -2 1 1 1 
-2 1 2 -1 2 2 -1 | -2 -1 -2 1 -2 1 1 
-2 1 2 -1 2 2 -1 | -2 -2 -2 1 -2 -2 1 1 
-2 1 2 -1 2 2 -1 | -2 -2 -2 -2 1 2 1 
-2 -2 1 1 2 -1 | -2 -2 -2 -2 1 2 1 
-2 -2 -2 1 -2 1 1 | -2 -2 -2 -2 1 2 1 
-2 -2 -2 1 -2 1 1 | -2 1 2 -1 2 -1 
-2 -2 -1 -2 1 1 1 | -2 1 2 -1 2 -1 
-2 -2 1 1 1 -2 -1 2 -1 | -2 1 2 -1 2 -1 
-2 -2 1 1 2 -1 -1 | -2 1 2 -1 2 -1 
-2 -2 1 2 1 -2 -1 | -2 1 2 -1 2 -1 
-2 -2 -2 1 2 2 -1 | -2 1 2 -1 2 -1 
-2 -2 1 -2 1 2 -1 | -2 1 2 -1 2 -1 
-2 -2 -2 1 1 | -2 1 2 -1 2 -1 
-2 -2 1 -2 1 -2 1 | -2 1 2 -1 2 -1 
-2 -2 1 -2 1 | -2 1 2 -1 2 -1 
-2 -2 1 -2 1 | -2 -2 1 
-2 1 | -2 -2 1 
-2 1 | -2 
1 | -2 
9
-2 -2 -2 -2 -1 2 2 2 1 | -2 1 2 2 -1 2 -1 
-2 -2 -1 2 -1 2 2 1 | -2 1 2 2 -1 2 -1 
-1 -1 2 2 2 | -2 1 2 2 -1 2 -1 
-1 -1 2 2 2 | -2 1 -2 1 2 -1 
-2 1 2 -1 2 2 -1 | -2 1 -2 1 2 -1 
-2 1 2 -1 2 2 -1 | -2 -2 1 -2 1 
-2 1 | -2 -2 1 -2 1 
-2 1 | -2 -2 1 
-2 1 | -2 
1 | -2 
10
-2 -2 -2 -2 -1 2 2 2 1 | -2 -2 -1 2 -1 -2 1 
-2 -2 -1 2 1 2 2 1 | -2 -2 -1 2 -1 -2 1 
-2 -2 -1 2 1 2 2 1 | -2 -2 -2 -1 -1 
-2 -2 -1 2 1 -2 -1 | -2 -2 -2 -1 -1 
-2 -2 -1 2 1 -2 -1 | -2 -1 -2 1 2 -1 
-2 -2 -1 -2 -1 | -2 -1 -2 1 2 -1 
-2 -2 -1 | -2 -1 -2 1 2 -1 
-2 -2 -1 | 1 2 -1 
-2 -2 -1 | -2 -1 
-2 | -2 -1 
-2 | -1 
26
-2 -2 -2 -2 -1 2 2 2 1 | -2 -2 1 -2 -1 2 -1 
-2 -2 -2 -2 -1 2 2 2 1 | -2 -2 -2 -2 -2 -1 2 -1 2 1 
-2 -2 -2 -2 -1 2 2 2 1 | -2 -2 -1 2 1 -2 -1 
-2 -2 1 2 -1 2 2 1 | -2 -2 -1 2 1 -2 -1 
-2 -1 -2 -1 2 2 1 -2 1 | -2 -2 -1 2 1 -2 -1 
-2 -1 -2 -1 2 1 2 2 1 1 | -2 -2 -1 2 1 -2 -1 
-2 -1 2 1 2 2 2 1 1 | -2 -2 -1 2 1 -2 -1 
1 1 2 1 2 2 2 2 | -2 -2 -1 2 1 -2 -1 
-2 -1 2 2 1 1 2 2 1 | -2 -2 -1 2 1 -2 -1 
-2 -2 -1 2 2 1 2 1 | -2 -2 -1 2 1 -2 -1 
-1 2 1 2 1 1 2 | -2 -2 -1 2 1 -2 -1 
1 1 2 2 2 1 2 2 | -2 -2 -1 2 1 -2 -1 
-2 1 2 2 2 2 1 | -2 -2 -1 2 1 -2 -1 
-2 1 2 2 2 2 1 | -2 -1 2 2 1 1 
-2 1 2 2 2 2 1 | 1 1 2 2 2 1 2 
-2 -1 -2 -1 2 1 | 1 1 2 2 2 1 2 
-2 -1 -2 -1 2 1 | 1 1 2 1 2 1 2 2 2 
-2 -1 -2 -1 2 1 | 1 1 2 2 1 2 2 
-2 -1 -2 -1 2 1 | -1 2 1 2 1 1 2 
-2 -1 -2 -1 2 1 | -2 -1 2 2 1 2 1 
-2 -2 -2 -1 -1 | -2 -1 2 2 1 2 1 
-2 -2 -2 -1 -1 | -2 -1 -2 -1 2 1 
-2 -2 -1 -2 1 2 -1 | -2 -1 -2 -1 2 1 
-2 -2 -1 -2 1 2 -1 | -2 -2 -1 -2 -1 
-2 -2 -1 -2 1 2 -1 | -2 -1 
-2 | -2 -1 
-2 | -1 
33
-2 -2 -2 -2 -1 2 2 2 1 | -2 -2 -2 -1 -1 -2 1 
-2 -2 -2 -2 -1 2 2 2 1 | -2 -2 -2 -1 -2 1 2 -1 
-2 -2 -2 -2 -1 2 2 2 1 | -2 -2 -2 -2 1 2 -1 2 -1 
-2 -2 -2 -2 -1 2 2 2 1 | -2 -2 -2 -1 2 -1 -2 1 
-2 -1 2 1 2 2 1 | -2 -2 -2 -1 2 -1 -2 1 
-1 2 1 1 2 2 1 2 2 | -2 -2 -2 -1 2 -1 -2 1 
-1 2 1 1 2 2 1 2 2 | -2 -1 2 1 2 2 1 
-1 -1 2 1 1 2 1 2 | -2 -1 2 1 2 2 1 
-2 -2 1 2 1 2 -1 2 -1 | -2 -1 2 1 2 2 1 
-2 1 2 2 1 1 2 -1 2 -1 | -2 -1 2 1 2 2 1 
-1 2 2 2 1 2 1 1 2 | -2 -1 2 1 2 2 1 
-2 1 1 2 -1 2 2 1 2 -1 | -2 -1 2 1 2 2 1 
-2 -1 -2 1 1 2 -1 2 1 2 -1 | -2 -1 2 1 2 2 1 
-2 -1 -2 -1 -2 1 1 2 2 -1 | -2 -1 2 1 2 2 1 
-2 -1 2 1 -2 1 2 2 -1 | -2 -1 2 1 2 2 1 
-2 -2 -2 1 2 2 -1 -1 | -2 -1 2 1 2 2 1 
-2 -2 1 2 2 1 2 -1 -1 | -2 -1 2 1 2 2 1 
-2 1 2 2 1 2 1 2 -1 -1 | -2 -1 2 1 2 2 1 
-1 2 2 1 2 1 2 1 2 | -2 -1 2 1 2 2 1 
-2 1 2 1 2 -1 2 1 2 -1 | -2 -1 2 1 2 2 1 
-2 -1 -2 1 2 1 2 2 -1 | -2 -1 2 1 2 2 1 
-1 2 1 1 2 2 | -2 -1 2 1 2 2 1 
-2 -2 1 2 2 2 -1 | -2 -1 2 1 2 2 1 
-2 -2 1 2 2 2 -1 | -2 -1 2 2 2 1 -2 1 
-2 -2 1 2 2 2 -1 | -2 1 2 2 -1 2 1 
-2 -2 1 2 2 2 -1 | -2 -1 2 1 2 1 
-2 1 2 1 2 2 -1 | -2 -1 2 1 2 1 
1 1 2 2 2 | -2 -1 2 1 2 1 
-2 1 2 2 1 2 -1 | -2 -1 2 1 2 1 
-2 1 2 2 1 2 -1 | 1 2 1 2 2 
-2 -1 | 1 2 1 2 2 
-2 -1 | 1 2 2 
-2 -1 | 2 
-1 | 2 
8
-2 -2 -2 -2 -1 2 2 2 1 | -2 -2 1 2 2 -1 -1 
-2 -2 -1 -1 2 1 | -2 -2 1 2 2 -1 -1 
-2 -2 -1 -1 2 1 | -2 -2 -1 2 -1 
-2 -1 2 1 1 | -2 -2 -1 2 -1 
-2 -1 2 1 1 | -2 -1 -1 -1 
-2 -1 -1 | -2 -1 -1 -1 
-2 -1 -1 | -1 
-2 -1 | -1 
-2 | -1 
18
-2 -2 -2 -2 -1 2 2 2 1 | -2 -2 -1 -1 -2 -2 1 
-2 -2 -2 -2 -1 2 2 2 1 | -2 -2 -2 -2 -2 -2 -1 -1 2 1 
-2 -2 -2 -2 -1 2 2 2 1 | -2 -2 -2 -1 2 1 -2 -2 -1 
-2 -2 -2 -2 -1 2 2 2 1 | -2 -2 -1 2 -1 -2 -2 1 
-2 -2 -1 2 2 1 2 2 1 | -2 -2 -1 2 -1 -2 -2 1 
-2 -2 -1 2 2 1 2 2 1 | -2 -2 -2 -2 -1 -2 -1 
-2 -2 -1 -2 -2 -1 2 1 | -2 -2 -2 -2 -1 -2 -1 
-2 -2 -1 -2 -2 -1 2 1 | -2 -2 -1 2 -1 -2 1 
-2 -2 -2 -1 2 2 1 | -2 -2 -1 2 -1 -2 1 
-2 -2 -2 -1 2 2 1 | -2 -1 -2 1 2 -1 
-2 -2 -1 -2 -1 2 1 | -2 -1 -2 1 2 -1 
-2 -2 -2 -1 -1 | -2 -1 -2 1 2 -1 
-2 -2 -1 -2 -1 -2 -1 | -2 -1 -2 1 2 -1 
-2 -2 -1 -2 -1 | -2 -1 -2 1 2 -1 
-2 -2 -1 | -2 -1 -2 1 2 -1 
-2 -2 -1 | 1 2 -1 
-2 -2 -1 | -2 -1 
-2 | -2 -1 
-2 | -1 
6
-2 -2 -2 -2 -1 2 2 2 1 | -2 -2 -2 1 2 -1 -1 
-2 -2 -2 -1 | -2 -2 -2 1 2 -1 -1 
-2 | -2 -2 -2 1 2 -1 -1 
-2 | -2 -2 -2 -1 
-2 | -2 -2 -1 
-2 | -2 -1 
-2 | -1 
8
-2 -2 -2 -2 -1 2 2 2 1 | -2 -2 -2 1 -2 -1 -1 
-2 -2 -2 -2 -2 -1 | -2 -2 -2 1 -2 -1 -1 
-2 -2 -2 -2 -2 -1 | -2 -1 2 2 1 
-2 -2 -2 -2 -1 | -2 -1 2 2 1 
-2 -2 -2 -2 -1 | -2 -2 -2 -1 
-2 | -2 -2 -2 -1 
-2 | -2 -2 -1 
-2 | -2 -1 
-2 | -1 
8
-2 -2 -2 -2 -1 2 2 2 1 | -2 -1 -2 1 2 2 -1 
-2 -2 -1 -2 -1 2 2 1 | -2 -1 -2 1 2 2 -1 
-2 -2 -1 2 -1 | -2 -1 -2 1 2 2 -1 
-2 -2 -1 2 -1 | -2 -1 -1 -1 
-2 -1 2 1 1 | -2 -1 -1 -1 
-2 -1 -1 | -2 -1 -1 -1 
-2 -1 -1 | -1 
-2 -1 | -1 
-2 | -1 
31
-2 -2 -2 -2 -1 2 2 2 1 | -2 -2 -1 -2 1 2 -1 
-2 -2 -2 -2 -1 2 2 2 1 | -2 -2 -2 -1 2 -1 -2 1 
-2 -1 2 1 2 2 1 | -2 -2 -2 -1 2 -1 -2 1 
-1 2 1 1 2 2 1 2 2 | -2 -2 -2 -1 2 -1 -2 1 
-1 2 1 1 2 2 1 2 2 | -2 -1 2 1 2 2 1 
-1 -1 2 1 1 2 1 2 | -2 -1 2 1 2 2 1 
-2 -2 1 2 1 2 -1 2 -1 | -2 -1 2 1 2 2 1 
-2 1 2 2 1 1 2 -1 2 -1 | -2 -1 2 1 2 2 1 
-1 2 2 2 1 2 1 1 2 | -2 -1 2 1 2 2 1 
-2 1 1 2 -1 2 2 1 2 -1 | -2 -1 2 1 2 2 1 
-2 -1 -2 1 1 2 -1 2 1 2 -1 | -2 -1 2 1 2 2 1 
-2 -1 -2 -1 -2 1 1 2 2 -1 | -2 -1 2 1 2 2 1 
-2 -1 2 1 -2 1 2 2 -1 | -2 -1 2 1 2 2 1 
-2 -2 -2 1 2 2 -1 -1 | -2 -1 2 1 2 2 1 
-2 -2 1 2 2 1 2 -1 -1 | -2 -1 2 1 2 2 1 
-2 1 2 2 1 2 1 2 -1 -1 | -2 -1 2 1 2 2 1 
-1 2 2 1 2 1 2 1 2 | -2 -1 2 1 2 2 1 
-2 1 2 1 2 -1 2 1 2 -1 | -2 -1 2 1 2 2 1 
-2 -1 -2 1 2 1 2 2 -1 | -2 -1 2 1 2 2 1 
-1 2 1 1 2 2 | -2 -1 2 1 2 2 1 
-2 -2 1 2 2 2 -1 | -2 -1 2 1 2 2 1 
-2 -2 1 2 2 2 -1 | -2 -1 2 2 2 1 -2 1 
-2 -2 1 2 2 2 -1 | -2 1 2 2 -1 2 1 
-2 -2 1 2 2 2 -1 | -2 -1 2 1 2 1 
-2 1 2 1 2 2 -1 | -2 -1 2 1 2 1 
1 1 2 2 2 | -2 -1 2 1 2 1 
-2 1 2 2 1 2 -1 | -2 -1 2 1 2 1 
-2 1 2 2 1 2 -1 | 1 2 1 2 2 
-2 -1 | 1 2 1 2 2 
-2 -1 | 1 2 2 
-2 -1 | 2 
-1 | 2 
24
-2 -2 -2 -2 -1 2 2 2 1 | -2 -2 -1 -2 -1 -2 1 
-2 -2 -1 2 1 2 2 2 2 1 | -2 -2 -1 -2 -1 -2 1 
-2 -2 -1 -1 -2 1 2 2 1 | -2 -2 -1 -2 -1 -2 1 
-2 1 2 2 2 1 2 -1 | -2 -2 -1 -2 -1 -2 1 
-2 -2 -1 -2 1 2 1 2 -1 | -2 -2 -1 -2 -1 -2 1 
-1 -1 2 1 1 2 1 2 | -2 -2 -1 -2 -1 -2 1 
-1 -1 2 1 1 2 1 2 | -2 -1 -1 2 1 -2 1 
-2 -1 2 1 1 2 -1 2 1 | -2 -1 -1 2 1 -2 1 
-2 -1 2 2 1 1 | -2 -1 -1 2 1 -2 1 
-2 -1 2 2 1 1 | -2 -2 -1 2 1 -2 -1 
-2 -1 2 2 1 1 | -2 -2 -2 -2 -1 2 -1 
1 1 2 2 2 1 2 | -2 -2 -2 -2 -1 2 -1 
1 1 2 2 2 1 2 | -2 1 2 1 2 -1 
1 1 2 1 2 1 2 2 2 | -2 1 2 1 2 -1 
1 1 2 2 1 2 2 | -2 1 2 1 2 -1 
1 1 2 2 1 2 2 | -2 -1 -2 1 -2 -1 -1 
-2 1 2 1 2 -1 | -2 -1 -2 1 -2 -1 -1 
-2 1 2 1 2 -1 | -2 -2 1 2 -1 -2 -1 
-2 1 2 1 2 -1 | -2 -2 -2 -1 -1 
-2 1 2 1 2 -1 | -2 -2 -1 -2 -1 -2 -1 
-2 1 2 1 2 -1 | -2 -2 -1 -2 -1 
-2 -2 -1 | -2 -2 -1 -2 -1 
-2 -2 -1 | -2 -1 
-2 | -2 -1 
-2 | -1 
32
-2 -2 -2 -2 -1 2 2 2 1 | -2 -2 1 -2 -1 -2 -1 
-2 -2 -2 -2 -1 2 2 2 1 | -2 -2 -2 -2 -2 -1 -2 -1 2 1 
-2 -2 -2 -2 -1 2 2 2 1 | -2 -2 -2 -2 -1 2 1 -2 -1 
-2 -2 -2 -2 -1 2 2 2 1 | -2 -2 1 -2 -1 -1 
-2 -2 -2 -2 -1 2 2 2 1 | -2 -2 -2 -2 -2 -1 -1 2 1 
-2 -2 -2 -2 -1 2 2 2 1 | -2 -2 -2 -1 2 1 -2 -1 
-2 -2 -2 -2 -1 2 2 2 1 | -2 -2 1 -2 -1 2 -1 
-2 -2 -2 -2 -1 2 2 2 1 | -2 -2 -2 -2 -2 -1 2 -1 2 1 
-2 -2 -2 -2 -1 2 2 2 1 | -2 -2 -1 2 1 -2 -1 
-2 -2 1 2 -1 2 2 1 | -2 -2 -1 2 1 -2 -1 
-2 -1 -2 -1 2 2 1 -2 1 | -2 -2 -1 2 1 -2 -1 
-2 -1 -2 -1 2 1 2 2 1 1 | -2 -2 -1 2 1 -2 -1 
-2 -1 2 1 2 2 2 1 1 | -2 -2 -1 2 1 -2 -1 
1 1 2 1 2 2 2 2 | -2 -2 -1 2 1 -2 -1 
-2 -1 2 2 1 1 2 2 1 | -2 -2 -1 2 1 -2 -1 
-2 -2 -1 2 2 1 2 1 | -2 -2 -1 2 1 -2 -1 
-1 2 1 2 1 1 2 | -2 -2 -1 2 1 -2 -1 
1 1 2 2 2 1 2 2 | -2 -2 -1 2 1 -2 -1 
-2 1 2 2 2 2 1 | -2 -2 -1 2 1 -2 -1 
-2 1 2 2 2 2 1 | -2 -1 2 2 1 1 
-2 1 2 2 2 2 1 | 1 1 2 2 2 1 2 
-2 -1 -2 -1 2 1 | 1 1 2 2 2 1 2 
-2 -1 -2 -1 2 1 | 1 1 2 1 2 1 2 2 2 
-2 -1 -2 -1 2 1 | 1 1 2 2 1 2 2 
-2 -1 -2 -1 2 1 | -1 2 1 2 1 1 2 
-2 -1 -2 -1 2 1 | -2 -1 2 2 1 2 1 
-2 -2 -2 -1 -1 | -2 -1 2 2 1 2 1 
-2 -2 -2 -1 -1 | -2 -1 -2 -1 2 1 
-2 -2 -1 -2 1 2 -1 | -2 -1 -2 -1 2 1 
-2 -2 -1 -2 1 2 -1 | -2 -2 -1 -2 -1 
-2 -2 -1 -2 1 2 -1 | -2 -1 
-2 | -2 -1 
-2 | -1 
8
-2 -2 -2 -2 -1 2 2 2 1 | -2 -2 -2 -2 -2 -2 -1 
-2 -2 -2 -2 -2 -2 -2 -1 | -2 -2 -2 -2 -2 -2 -1 
-2 | -2 -2 -2 -2 -2 -2 -1 
-2 | -2 -2 -2 -2 -2 -1 
-2 | -2 -2 -2 -2 -1 
-2 | -2 -2 -2 -1 
-2 | -2 -2 -1 
-2 | -2 -1 
-2 | -1 
7
-2 -2 -2 -2 -1 2 2 2 1 | -1 -1 2 1 2 2 2 2 
-2 -2 -2 -2 -1 2 2 2 1 | -1 2 2 2 2 
-2 -2 -2 -2 -2 1 | -1 2 2 2 2 
-2 | -1 2 2 2 2 
-2 | -1 2 2 2 
-2 | -1 2 2 
-2 | -1 2 
-2 | -1 
40
-2 -2 -2 -2 -1 2 2 2 1 | -2 -1 2 1 2 2 2 -1 
-2 -1 2 2 -1 2 1 | -2 -1 2 1 2 2 2 -1 
-2 -1 2 2 -1 2 1 | -2 -2 -1 2 1 2 1 2 -1 
-2 -1 2 1 2 2 2 -1 | -2 -2 -1 2 1 2 1 2 -1 
-2 -1 2 1 2 2 2 -1 | -2 -2 1 2 -1 -2 1 
-2 -1 2 1 2 2 2 -1 | -2 -2 -1 -2 1 1 -2 -2 1 
-2 -2 1 2 -1 -2 1 | -2 -2 -1 -2 1 1 -2 -2 1 
-2 -2 1 2 -1 -2 1 | -2 -1 -1 -2 1 1 -2 1 
-2 -2 1 2 -1 -2 1 | -2 -1 -2 -1 2 2 1 -2 1 
-2 -2 1 2 -1 -2 1 | -2 -2 1 1 -2 -1 -2 -1 2 1 
-2 -2 1 2 -1 -2 1 | -2 -2 -2 1 -2 1 1 -2 -1 
-2 -2 1 2 -1 -2 1 | -2 -2 -2 -2 -2 1 -2 1 -2 1 
-2 -2 1 2 -1 -2 1 | -2 -2 -2 -2 1 -2 -1 2 1 -2 1 
-2 -2 1 2 -1 -2 1 | -2 -2 -2 -2 1 -2 -2 -2 1 1 
-2 -2 1 2 -1 -2 1 | -2 -2 -2 1 -2 -1 -2 1 1 
-2 -2 1 2 -1 -2 1 | -2 -2 -1 -2 1 1 -2 -1 2 1 
-2 -2 1 2 -1 -2 1 | -2 -2 -1 -2 1 -2 1 -2 1 
-2 -2 1 2 -1 -2 1 | -2 -2 -2 -1 2 1 -2 1 
-2 -2 1 2 -1 -2 1 | -2 -2 -2 -2 -2 1 1 
-2 -2 1 2 -1 -2 1 | -2 -2 1 1 -2 -1 2 1 -2 -1 
-2 -2 1 2 -1 -2 1 | -2 -2 1 -2 1 -2 1 -2 -1 
-2 -2 1 2 -1 -2 1 | -2 -1 -2 1 -2 -1 2 1 -2 1 
-2 -2 1 2 -1 -2 1 | -2 -2 -2 1 1 -2 -1 -2 1 
-2 -2 1 2 -1 -2 1 | -2 -2 -1 -2 1 1 
-2 -2 1 2 -1 -2 1 | -2 -2 -2 -1 2 2 1 
-2 -2 -1 2 1 -2 -2 1 | -2 -2 -2 -1 2 2 1 
-2 -2 -1 -2 1 2 1 | -2 -2 -2 -1 2 2 1 
-2 -2 -1 -2 1 2 1 | -2 -1 2 -1 2 1 
-2 -2 -1 -2 1 2 1 | -2 -2 -1 -1 2 1 1 
-2 1 -2 1 2 -1 | -2 -2 -1 -1 2 1 1 
-2 1 -2 1 2 -1 | -2 -2 -1 -2 1 2 1 
-2 -1 -2 1 1 -2 1 | -2 -2 -1 -2 1 2 1 
-2 -1 -2 1 1 -2 1 | -2 -1 2 -1 2 1 
-2 -2 -1 2 1 -2 1 | -2 -1 2 -1 2 1 
-2 -2 -2 1 1 | -2 -1 2 -1 2 1 
-2 -2 1 -2 1 -2 1 | -2 -1 2 -1 2 1 
-2 -2 1 -2 1 | -2 -1 2 -1 2 1 
-2 -2 1 -2 1 | -2 -2 1 
-2 1 | -2 -2 1 
-2 1 | -2 
1 | -2 
35
-2 -2 -2 -2 -1 2 2 2 1 | -1 2 1 2 2 -1 2 2 
-2 -2 -1 2 2 -1 2 2 2 2 1 | -1 2 1 2 2 -1 2 2 
-2 -2 -1 -1 -2 1 2 2 1 | -1 2 1 2 2 -1 2 2 
-2 1 2 2 2 2 -1 2 -1 | -1 2 1 2 2 -1 2 2 
-2 -1 -2 1 2 2 -1 -2 1 | -1 2 1 2 2 -1 2 2 
-2 -2 -2 1 -2 -1 -2 -2 1 | -1 2 1 2 2 -1 2 2 
-2 -1 -1 2 1 -2 1 | -1 2 1 2 2 -1 2 2 
-2 -1 -1 2 1 -2 1 | -1 -1 2 1 1 2 2 -1 2 
-2 -1 -1 2 1 -2 1 | -1 -1 2 -1 2 1 1 2 
-2 -1 -1 2 1 -2 1 | -2 -1 2 -1 2 2 1 
-2 -2 -2 1 -2 -1 2 1 | -2 -1 2 -1 2 2 1 
-2 -2 -2 -2 -2 1 1 | -2 -1 2 -1 2 2 1 
-2 -2 -2 -2 -2 1 1 | -2 -2 -2 -2 -1 2 2 1 -2 1 
-2 -2 -2 -2 -2 1 1 | -2 1 2 -1 -1 -1 2 2 1 
-2 -2 -2 -2 -2 1 1 | -2 -2 -2 1 -2 1 2 -1 
-2 -2 -2 -2 -2 1 1 | -2 1 2 -1 2 2 -1 
-2 -2 -2 -1 -2 1 2 1 | -2 1 2 -1 2 2 -1 
-2 -2 -2 -1 -2 1 2 1 | -1 -1 2 2 2 2 2 
-2 1 2 -1 2 2 -1 | -1 -1 2 2 2 2 2 
-2 1 2 -1 2 2 -1 | -1 2 -1 2 2 -1 2 2 2 2 
-2 1 2 -1 2 2 -1 | -1 2 -1 2 -1 2 1 2 2 
-2 1 2 -1 2 2 -1 | -2 -1 2 -1 2 1 2 -1 2 1 
-2 1 2 -1 2 2 -1 | -2 -1 2 -1 2 2 1 -2 1 
-2 1 2 -1 2 2 -1 | -1 -1 2 2 1 2 
-2 1 2 -1 2 2 -1 | -2 -2 -1 2 2 2 1 
-2 -1 -2 1 2 2 2 -1 | -2 -2 -1 2 2 2 1 
-2 -1 2 2 1 2 -1 | -2 -2 -1 2 2 2 1 
-2 1 2 -1 2 -1 | -2 -2 -1 2 2 2 1 
-2 1 2 -1 2 -1 | -2 -1 2 -1 2 2 1 
-2 1 2 -1 2 -1 | -1 -1 2 2 2 
-2 1 2 -1 2 -1 | -2 -1 2 2 -1 2 1 
-1 2 -1 2 2 | -2 -1 2 2 -1 2 1 
-1 2 -1 2 2 | -2 1 
-1 2 2 | -2 1 
2 | -2 1 
2 | 1 
10
-2 -2 -2 -2 -1 2 2 2 1 | -2 -2 -1 2 1 2 2 -1 
-2 -2 -1 2 -1 2 1 | -2 -2 -1 2 1 2 2 -1 
-2 -2 -1 2 -1 2 1 | -2 -2 -1 2 2 -1 2 
-2 -2 -1 2 -1 2 1 | -2 1 2 -1 2 -1 
-2 -2 -1 2 -1 2 1 | -2 -1 2 2 -1 
-2 -1 -1 2 -1 2 | -2 -1 2 2 -1 
-2 -1 -1 2 -1 2 | -2 1 1 2 -1 
-1 -1 2 | -2 1 1 2 -1 
-1 -1 2 | -1 2 
-1 | -1 2 
-1 | 2 
46
-2 -2 -2 -2 -1 2 2 2 1 | -2 -1 2 2 2 -1 2 1 
-2 -2 -2 -1 -2 1 1 | -2 -1 2 2 2 -1 2 1 
-2 -1 -1 -2 1 2 1 | -2 -1 2 2 2 -1 2 1 
-2 -1 -1 -2 1 2 1 | -2 -1 -2 -1 2 2 2 2 1 
-2 -1 -1 -2 1 2 1 | -2 -2 -1 -1 2 2 2 1 
-2 -1 -1 -2 1 2 1 | -2 -2 -1 2 1 -2 -1 -1 2 2 1 
-2 -1 -1 -2 1 2 1 | -2 -1 -2 -1 -1 2 2 1 -2 1 
-2 -1 -1 -2 1 2 1 | -2 -2 -1 -1 -2 -1 2 2 1 -2 1 
-2 -1 -1 -2 1 2 1 | -2 -2 -1 -2 -1 -1 2 1 -2 1 
-2 -1 -1 -2 1 2 1 | -2 -2 -2 -1 -1 -2 -1 2 1 -2 1 
-2 -1 -1 -2 1 2 1 | -2 -2 -2 -1 -2 -1 -2 1 
-2 -1 -1 -2 1 2 1 | -2 -2 -2 -2 -1 -2 1 2 -1 
-2 -1 2 2 2 2 1 1 | -2 -2 -2 -2 -1 -2 1 2 -1 
-2 -1 2 2 2 2 1 1 | -2 -2 -2 -2 -1 2 2 2 1 
-1 2 1 1 2 2 2 | -2 -2 -2 -2 -1 2 2 2 1 
-2 -1 2 1 2 2 2 1 | -2 -2 -2 -2 -1 2 2 2 1 
-2 -1 2 2 2 2 1 -2 1 | -2 -2 -2 -2 -1 2 2 2 1 
-2 1 2 2 2 -1 2 1 | -2 -2 -2 -2 -1 2 2 2 1 
-2 1 2 2 2 -1 2 1 | -2 -1 2 1 2 2 1 
-1 2 1 1 2 2 1 2 2 | -2 -1 2 1 2 2 1 
-1 -1 2 1 1 2 1 2 | -2 -1 2 1 2 2 1 
-2 -2 1 2 1 2 -1 2 -1 | -2 -1 2 1 2 2 1 
-2 1 2 2 1 1 2 -1 2 -1 | -2 -1 2 1 2 2 1 
-1 2 2 2 1 2 1 1 2 | -2 -1 2 1 2 2 1 
-2 1 1 2 -1 2 2 1 2 -1 | -2 -1 2 1 2 2 1 
-2 -1 -2 1 1 2 -1 2 1 2 -1 | -2 -1 2 1 2 2 1 
-2 -1 -2 -1 -2 1 1 2 2 -1 | -2 -1 2 1 2 2 1 
-2 -1 2 1 -2 1 2 2 -1 | -2 -1 2 1 2 2 1 
-2 -2 -2 1 2 2 -1 -1 | -2 -1 2 1 2 2 1 
-2 -2 1 2 2 1 2 -1 -1 | -2 -1 2 1 2 2 1 
-2 1 2 2 1 2 1 2 -1 -1 | -2 -1 2 1 2 2 1 
-1 2 2 1 2 1 2 1 2 | -2 -1 2 1 2 2 1 
-2 1 2 1 2 -1 2 1 2 -1 | -2 -1 2 1 2 2 1 
-2 -1 -2 1 2 1 2 2 -1 | -2 -1 2 1 2 2 1 
-1 2 1 1 2 2 | -2 -1 2 1 2 2 1 
-2 -2 1 2 2 2 -1 | -2 -1 2 1 2 2 1 
-2 -2 1 2 2 2 -1 | -2 -1 2 2 2 1 -2 1 
-2 -2 1 2 2 2 -1 | -2 1 2 2 -1 2 1 
-2 -2 1 2 2 2 -1 | -2 -1 2 1 2 1 
-2 1 2 1 2 2 -1 | -2 -1 2 1 2 1 
1 1 2 2 2 | -2 -1 2 1 2 1 
-2 1 2 2 1 2 -1 | -2 -1 2 1 2 1 
-2 1 2 2 1 2 -1 | 1 2 1 2 2 
-2 -1 | 1 2 1 2 2 
-2 -1 | 1 2 2 
-2 -1 | 2 
-1 | 2 
27
-2 -2 -2 -2 -1 2 2 2 1 | -2 -2 -2 -1 2 1 -2 -1 
-2 -2 -2 -2 -1 2 2 2 1 | -2 -2 1 -2 -1 2 -1 
-2 -2 -2 -2 -1 2 2 2 1 | -2 -2 -2 -2 -2 -1 2 -1 2 1 
-2 -2 -2 -2 -1 2 2 2 1 | -2 -2 -1 2 1 -2 -1 
-2 -2 1 2 -1 2 2 1 | -2 -2 -1 2 1 -2 -1 
-2 -1 -2 -1 2 2 1 -2 1 | -2 -2 -1 2 1 -2 -1 
-2 -1 -2 -1 2 1 2 2 1 1 | -2 -2 -1 2 1 -2 -1 
-2 -1 2 1 2 2 2 1 1 | -2 -2 -1 2 1 -2 -1 
1 1 2 1 2 2 2 2 | -2 -2 -1 2 1 -2 -1 
-2 -1 2 2 1 1 2 2 1 | -2 -2 -1 2 1 -2 -1 
-2 -2 -1 2 2 1 2 1 | -2 -2 -1 2 1 -2 -1 
-1 2 1 2 1 1 2 | -2 -2 -1 2 1 -2 -1 
1 1 2 2 2 1 2 2 | -2 -2 -1 2 1 -2 -1 
-2 1 2 2 2 2 1 | -2 -2 -1 2 1 -2 -1 
-2 1 2 2 2 2 1 | -2 -1 2 2 1 1 
-2 1 2 2 2 2 1 | 1 1 2 2 2 1 2 
-2 -1 -2 -1 2 1 | 1 1 2 2 2 1 2 
-2 -1 -2 -1 2 1 | 1 1 2 1 2 1 2 2 2 
-2 -1 -2 -1 2 1 | 1 1 2 2 1 2 2 
-2 -1 -2 -1 2 1 | -1 2 1 2 1 1 2 
-2 -1 -2 -1 2 1 | -2 -1 2 2 1 2 1 
-2 -2 -2 -1 -1 | -2 -1 2 2 1 2 1 
-2 -2 -2 -1 -1 | -2 -1 -2 -1 2 1 
-2 -2 -1 -2 1 2 -1 | -2 -1 -2 -1 2 1 
-2 -2 -1 -2 1 2 -1 | -2 -2 -1 -2 -1 
-2 -2 -1 -2 1 2 -1 | -2 -1 
-2 | -2 -1 
-2 | -1 
10
-2 -2 -2 -2 -1 2 2 2 1 | -2 -2 -1 2 2 -1 2 1 
-2 -2 -1 -2 1 2 1 | -2 -2 -1 2 2 -1 2 1 
-2 -2 -2 1 1 | -2 -2 -1 2 2 -1 2 1 
-2 -2 -2 1 1 | -2 -2 1 -2 -1 2 1 
-2 1 -2 1 2 -1 | -2 -2 1 -2 -1 2 1 
-2 -2 1 -2 1 | -2 -2 1 -2 -1 2 1 
-2 -2 1 -2 1 | -1 -1 2 1 
-2 -2 1 | -1 -1 2 1 
-2 -2 1 | -2 
-2 1 | -2 
1 | -2 
13
-2 -2 -2 -2 -1 2 2 2 1 | -2 -2 -1 -2 -2 -1 2 1 
-2 -2 -1 2 2 1 2 2 1 | -2 -2 -1 -2 -2 -1 2 1 
-2 -2 -1 -1 2 1 1 | -2 -2 -1 -2 -2 -1 2 1 
-2 -2 -1 -1 2 1 1 | -2 -2 -1 2 -1 -2 1 
-2 -1 2 1 2 1 | -2 -2 -1 2 -1 -2 1 
-2 -1 2 1 2 1 | -2 -2 -2 -1 2 2 1 
-2 -1 2 1 2 1 | -2 -2 -1 -2 -1 2 1 
-2 -1 2 1 2 1 | -2 -2 -2 -1 -1 
-2 -1 2 1 2 1 | -2 -2 -1 -2 -1 -2 -1 
-2 -1 2 1 2 1 | -2 -2 -1 -2 -1 
-2 -2 -1 | -2 -2 -1 -2 -1 
-2 -2 -1 | -2 -1 
-2 | -2 -1 
-2 | -1 
4
-2 -2 -2 -2 -1 2 2 2 1 | -2 -2 -2 -2 -1 -1 2 1 
-2 -2 -2 -2 -1 2 2 2 1 | -2 -2 -1 
1 2 | -2 -2 -1 
1 2 | -2 
1 | -2 
24
-2 -2 -2 -2 -1 2 2 2 1 | -1 2 -1 2 2 1 2 2 
-2 -2 -2 -2 -1 2 2 2 1 | -2 1 2 2 2 2 2 2 -1 2 -1 
-2 -2 -2 -2 -1 2 2 2 1 | -2 1 2 2 -1 2 2 2 2 -1 
-2 -2 -2 -2 -1 2 2 2 1 | -2 1 2 2 -1 -1 2 2 2 
-2 -2 -2 -2 -2 -2 -1 2 1 1 | -2 1 2 2 -1 -1 2 2 2 
-2 -2 -2 -2 -2 -2 -1 2 1 1 | -2 -2 -2 -2 -1 2 2 2 1 
-2 -2 -2 1 -2 -2 -1 2 1 | -2 -2 -2 -2 -1 2 2 2 1 
-2 -2 -2 1 -2 -2 -1 2 1 | -2 -1 2 2 1 2 2 -1 
-2 -2 -2 -2 -1 2 2 2 1 | -2 -1 2 2 1 2 2 -1 
-2 -2 -1 2 2 -1 2 2 1 | -2 -1 2 2 1 2 2 -1 
-2 -1 2 2 2 2 -1 2 2 | -2 -1 2 2 1 2 2 -1 
-2 -2 1 2 2 -1 2 2 -1 | -2 -1 2 2 1 2 2 -1 
-2 -2 1 2 2 -1 2 2 -1 | -1 2 -1 2 2 2 2 
-2 -2 1 -2 -2 1 2 -1 | -1 2 -1 2 2 2 2 
-2 -2 1 -2 -2 1 2 -1 | -2 -1 2 2 1 2 -1 
-2 -2 -2 1 2 2 -1 | -2 -1 2 2 1 2 -1 
-2 -2 -2 1 2 2 -1 | -2 1 2 -1 2 -1 
-2 -2 1 -2 1 2 -1 | -2 1 2 -1 2 -1 
-2 -2 -2 1 1 | -2 1 2 -1 2 -1 
-2 -2 1 -2 1 -2 1 | -2 1 2 -1 2 -1 
-2 -2 1 -2 1 | -2 1 2 -1 2 -1 
-2 -2 1 -2 1 | -2 -2 1 
-2 1 | -2 -2 1 
-2 1 | -2 
1 | -2 
16
-2 -2 -2 -2 -1 2 2 2 1 | -2 -1 2 2 1 2 2 -1 
-2 -2 -1 2 2 -1 2 2 1 | -2 -1 2 2 1 2 2 -1 
-2 -1 2 2 2 2 -1 2 2 | -2 -1 2 2 1 2 2 -1 
-2 -2 1 2 2 -1 2 2 -1 | -2 -1 2 2 1 2 2 -1 
-2 -2 1 2 2 -1 2 2 -1 | -1 2 -1 2 2 2 2 
-2 -2 1 -2 -2 1 2 -1 | -1 2 -1 2 2 2 2 
-2 -2 1 -2 -2 1 2 -1 | -2 -1 2 2 1 2 -1 
-2 -2 -2 1 2 2 -1 | -2 -1 2 2 1 2 -1 
-2 -2 -2 1 2 2 -1 | -2 1 2 -1 2 -1 
-2 -2 1 -2 1 2 -1 | -2 1 2 -1 2 -1 
-2 -2 -2 1 1 | -2 1 2 -1 2 -1 
-2 -2 1 -2 1 -2 1 | -2 1 2 -1 2 -1 
-2 -2 1 -2 1 | -2 1 2 -1 2 -1 
-2 -2 1 -2 1 | -2 -2 1 
-2 1 | -2 -2 1 
-2 1 | -2 
1 | -2 
46
-2 -2 -2 -2 -1 2 2 2 1 | -1 2 2 -1 2 2 1 2 
-2 -2 -2 -2 -1 2 2 2 1 | -2 1 2 2 2 2 2 -1 2 2 -1 
-2 -2 -2 -2 -1 2 2 2 1 | -2 1 2 -1 2 2 2 2 2 -1 
-2 -2 -2 -2 -1 2 2 2 1 | -2 1 2 -1 2 -1 2 2 2 
-2 -2 -2 -2 -2 -1 2 1 -2 1 | -2 1 2 -1 2 -1 2 2 2 
-2 -2 -2 -2 -2 -1 2 1 -2 1 | -2 -2 -2 -2 -1 2 2 2 1 
-2 -2 -2 -2 1 -2 -1 2 1 | -2 -2 -2 -2 -1 2 2 2 1 
-2 -2 -2 -2 1 -2 -1 2 1 | -2 1 2 -1 -1 2 2 2 
-2 -2 -2 -2 -1 2 2 2 1 | -2 1 2 -1 -1 2 2 2 
-2 -2 -2 -2 -2 -1 2 1 1 | -2 1 2 -1 -1 2 2 2 
-2 -2 -2 -2 -2 -1 2 1 1 | -2 -2 -2 -2 -1 2 2 2 1 
-2 -2 -2 1 -2 -1 2 1 | -2 -2 -2 -2 -1 2 2 2 1 
-2 -2 -2 1 -2 -1 2 1 | -2 -1 2 2 1 2 -1 
-2 -2 -2 -2 -1 2 2 2 1 | -2 -1 2 2 1 2 -1 
-2 -2 -2 -2 -1 2 2 2 1 | -2 -1 -2 1 2 2 2 2 2 -1 
-2 -2 -2 -2 -1 2 2 2 1 | -2 -1 -2 1 2 -1 2 2 2 
-2 -2 -2 -2 -1 2 2 2 1 | -2 -2 -1 2 2 1 2 -1 
-2 -2 1 -2 -1 2 1 | -2 -2 -1 2 2 1 2 -1 
-2 -2 1 -2 -1 2 1 | -2 -1 2 2 -1 2 1 2 -1 
-2 -2 1 -2 -1 2 1 | -2 -1 -1 2 2 -1 2 1 -2 1 
-2 -2 1 -2 -1 2 1 | -2 -1 -1 2 2 2 -1 2 1 
-2 -2 -2 -2 1 1 -2 1 | -2 -1 -1 2 2 2 -1 2 1 
-2 -2 -2 -2 1 1 -2 1 | -2 -2 1 -2 -1 2 1 
-2 -2 1 1 -2 -2 1 2 -1 | -2 -2 1 -2 -1 2 1 
-2 -2 1 -2 1 2 2 -1 | -2 -2 1 -2 -1 2 1 
-2 1 1 2 2 -1 -1 | -2 -2 1 -2 -1 2 1 
-2 -1 2 -1 -2 1 1 1 | -2 -2 1 -2 -1 2 1 
-2 -1 -2 1 -2 1 1 | -2 -2 1 -2 -1 2 1 
-2 -2 -2 1 -2 -2 1 1 | -2 -2 1 -2 -1 2 1 
-2 -2 -2 -2 1 2 1 | -2 -2 1 -2 -1 2 1 
-2 -2 1 1 2 -1 | -2 -2 1 -2 -1 2 1 
-2 -2 1 1 2 -1 | -2 -2 -2 -2 1 2 1 
-2 -2 -2 1 -2 1 1 | -2 -2 -2 -2 1 2 1 
-2 -2 -2 1 -2 1 1 | -2 1 2 -1 2 -1 
-2 -2 -1 -2 1 1 1 | -2 1 2 -1 2 -1 
-2 -2 1 1 1 -2 -1 2 -1 | -2 1 2 -1 2 -1 
-2 -2 1 1 2 -1 -1 | -2 1 2 -1 2 -1 
-2 -2 1 2 1 -2 -1 | -2 1 2 -1 2 -1 
-2 -2 -2 1 2 2 -1 | -2 1 2 -1 2 -1 
-2 -2 1 -2 1 2 -1 | -2 1 2 -1 2 -1 
-2 -2 -2 1 1 | -2 1 2 -1 2 -1 
-2 -2 1 -2 1 -2 1 | -2 1 2 -1 2 -1 
-2 -2 1 -2 1 | -2 1 2 -1 2 -1 
-2 -2 1 -2 1 | -2 -2 1 
-2 1 | -2 -2 1 
-2 1 | -2 
1 | -2 
30
-2 -2 -2 -2 -1 2 2 2 1 | -2 -2 -1 2 2 1 2 -1 
-2 -2 1 -2 -1 2 1 | -2 -2 -1 2 2 1 2 -1 
-2 -2 1 -2 -1 2 1 | -2 -1 2 2 -1 2 1 2 -1 
-2 -2 1 -2 -1 2 1 | -2 -1 -1 2 2 -1 2 1 -2 1 
-2 -2 1 -2 -1 2 1 | -2 -1 -1 2 2 2 -1 2 1 
-2 -2 -2 -2 1 1 -2 1 | -2 -1 -1 2 2 2 -1 2 1 
-2 -2 -2 -2 1 1 -2 1 | -2 -2 1 -2 -1 2 1 
-2 -2 1 1 -2 -2 1 2 -1 | -2 -2 1 -2 -1 2 1 
-2 -2 1 -2 1 2 2 -1 | -2 -2 1 -2 -1 2 1 
-2 1 1 2 2 -1 -1 | -2 -2 1 -2 -1 2 1 
-2 -1 2 -1 -2 1 1 1 | -2 -2 1 -2 -1 2 1 
-2 -1 -2 1 -2 1 1 | -2 -2 1 -2 -1 2 1 
-2 -2 -2 1 -2 -2 1 1 | -2 -2 1 -2 -1 2 1 
-2 -2 -2 -2 1 2 1 | -2 -2 1 -2 -1 2 1 
-2 -2 1 1 2 -1 | -2 -2 1 -2 -1 2 1 
-2 -2 1 1 2 -1 | -2 -2 -2 -2 1 2 1 
-2 -2 -2 1 -2 1 1 | -2 -2 -2 -2 1 2 1 
-2 -2 -2 1 -2 1 1 | -2 1 2 -1 2 -1 
-2 -2 -1 -2 1 1 1 | -2 1 2 -1 2 -1 
-2 -2 1 1 1 -2 -1 2 -1 | -2 1 2 -1 2 -1 
-2 -2 1 1 2 -1 -1 | -2 1 2 -1 2 -1 
-2 -2 1 2 1 -2 -1 | -2 1 2 -1 2 -1 
-2 -2 -2 1 2 2 -1 | -2 1 2 -1 2 -1 
-2 -2 1 -2 1 2 -1 | -2 1 2 -1 2 -1 
-2 -2 -2 1 1 | -2 1 2 -1 2 -1 
-2 -2 1 -2 1 -2 1 | -2 1 2 -1 2 -1 
-2 -2 1 -2 1 | -2 1 2 -1 2 -1 
-2 -2 1 -2 1 | -2 -2 1 
-2 1 | -2 -2 1 
-2 1 | -2 
1 | -2 
10
-2 -2 -2 -2 -1 2 2 2 1 | -2 -2 -1 2 -1 2 2 1 
-2 -2 -1 2 1 -2 1 | -2 -2 -1 2 -1 2 2 1 
-2 -2 -2 1 1 | -2 -2 -1 2 -1 2 2 1 
-2 -2 -2 1 1 | -2 -2 -1 2 1 -2 1 
-2 -2 -2 1 1 | -2 -1 2 -1 2 1 
-2 -2 1 -2 1 -2 1 | -2 -1 2 -1 2 1 
-2 -2 1 -2 1 | -2 -1 2 -1 2 1 
-2 -2 1 -2 1 | -2 -2 1 
-2 1 | -2 -2 1 
-2 1 | -2 
1 | -2 
8
-2 -2 -2 -2 -1 2 2 2 1 | -2 -2 -1 -2 -1 2 2 1 
-2 -2 -1 2 1 2 1 | -2 -2 -1 -2 -1 2 2 1 
-2 -2 -1 2 1 2 1 | -2 -2 -1 2 -1 
1 1 1 2 | -2 -2 -1 2 -1 
1 1 1 2 | -2 -1 2 1 1 
1 1 1 2 | -2 -1 -1 
1 | -2 -1 -1 
1 | -2 -1 
1 | -2 
17
-2 -2 -2 -2 -1 2 2 2 1 | -2 -2 -2 -1 -1 2 2 1 
-2 -2 -2 -2 -1 2 2 2 1 | -2 1 2 -1 -1 
-2 -2 -2 -1 -1 2 2 1 | -2 1 2 -1 -1 
-2 -2 -2 -1 -1 2 1 2 -1 | -2 1 2 -1 -1 
-2 -2 -2 -1 2 -1 2 -1 | -2 1 2 -1 -1 
-2 -2 -1 -1 -1 2 -1 | -2 1 2 -1 -1 
-2 -1 -2 -1 -1 -1 2 1 | -2 1 2 -1 -1 
-2 -1 -2 -1 -1 2 -1 | -2 1 2 -1 -1 
-2 -1 -1 -2 -1 -1 2 1 | -2 1 2 -1 -1 
-2 -1 -1 -2 -1 2 -1 | -2 1 2 -1 -1 
-2 -1 -1 -1 -1 -1 | -2 1 2 -1 -1 
-2 -1 -1 -1 -1 | -2 1 2 -1 -1 
-2 -1 -1 -1 | -2 1 2 -1 -1 
-2 -1 -1 | -2 1 2 -1 -1 
-2 -1 | -2 1 2 -1 -1 
-2 -1 | -2 -1 -1 
-2 -1 | -1 
-2 | -1 
9
-2 -2 -2 -2 -1 2 2 2 1 | -1 -1 2 2 2 1 2 2 
-2 -2 -2 -2 -2 -2 1 | -1 -1 2 2 2 1 2 2 
-2 -2 -2 -2 -2 -2 1 | -2 -2 -2 1 2 2 -1 
-2 -2 -2 -2 -2 -2 1 | -1 2 2 2 2 2 
-2 | -1 2 2 2 2 2 
-2 | -1 2 2 2 2 
-2 | -1 2 2 2 
-2 | -1 2 2 
-2 | -1 2 
-2 | -1 
9
-2 -2 -2 -2 -1 2 2 2 1 | -1 2 -1 2 2 2 1 2 
-2 -2 -2 -2 -2 -2 1 | -1 2 -1 2 2 2 1 2 
-2 -2 -2 -2 -2 -2 1 | -2 -2 1 2 -1 
-2 -2 -2 -2 -2 1 | -2 -2 1 2 -1 
-2 -2 -2 -2 1 | -2 -2 1 2 -1 
-2 -2 -2 -2 1 | -1 2 2 2 
-2 | -1 2 2 2 
-2 | -1 2 2 
-2 | -1 2 
-2 | -1 
7
-2 -2 -2 -2 -1 2 2 2 1 | -2 -1 2 2 2 1 2 -1 
-2 -2 -2 -2 1 | -2 -1 2 2 2 1 2 -1 
-2 -2 -2 -2 1 | -2 -2 1 2 -1 
-2 -2 -2 -2 1 | -1 2 2 2 
-2 | -1 2 2 2 
-2 | -1 2 2 
-2 | -1 2 
-2 | -1 
6
-2 -2 -2 -2 -1 2 2 2 1 | -2 -1 2 -1 2 2 2 1 
-2 -2 -2 -2 1 | -2 -1 2 -1 2 2 2 1 
-2 -2 -2 -2 1 | -2 
-2 -2 -2 1 | -2 
-2 -2 1 | -2 
-2 1 | -2 
1 | -2 
4
-2 -2 -2 -2 -1 2 2 2 1 | -2 -1 -2 -1 2 2 2 1 
-2 -2 1 | -2 -1 -2 -1 2 2 2 1 
-2 -2 1 | -2 
-2 1 | -2 
1 | -2 
6
-2 -2 -2 -2 -1 2 2 2 1 | -2 -2 -1 -1 2 2 2 1 
-2 -2 1 | -2 -2 -1 -1 2 2 2 1 
-2 -2 1 | -2 -2 -1 2 1 
-2 -2 1 | -2 -2 -2 1 
-2 -2 1 | -2 
-2 1 | -2 
1 | -2 
44
-2 -2 -2 -2 -1 2 2 2 1 | -2 -1 -1 2 2 2 2 1 
-2 -2 -2 -2 1 2 -1 -2 1 | -2 -1 -1 2 2 2 2 1 
-2 -1 2 -1 -2 1 1 | -2 -1 -1 2 2 2 2 1 
-2 -1 2 -1 -2 1 1 | -2 -1 2 2 2 2 -1 2 1 
-2 -1 2 -1 -2 1 1 | -1 -1 2 1 2 2 2 -1 2 1 
-2 -1 2 -1 -2 1 1 | -2 1 2 -1 2 1 2 2 -1 2 -1 
-2 -1 2 -1 -2 1 1 | -2 1 2 1 2 2 -1 2 -1 -1 
-2 -1 2 -1 -2 1 1 | -2 -2 1 2 1 2 2 -1 -1 2 -1 
-2 -1 2 -1 -2 1 1 | -2 -2 1 2 1 2 -1 2 -1 -1 
-2 -1 2 -1 -2 1 1 | -2 -2 -2 1 2 1 2 -1 -1 2 -1 
-2 -1 2 -1 -2 1 1 | -2 -2 -2 1 2 2 -1 -1 
-2 -1 2 -1 -2 1 1 | -2 -2 -2 -2 1 2 -1 2 -1 
-2 -2 -2 -1 -2 1 2 -1 | -2 -2 -2 -2 1 2 -1 2 -1 
-2 -2 -2 -2 -1 2 2 2 1 | -2 -2 -2 -2 1 2 -1 2 -1 
-2 -2 -2 -2 -1 2 2 2 1 | -2 -2 -2 -1 2 -1 -2 1 
-2 -1 2 1 2 2 1 | -2 -2 -2 -1 2 -1 -2 1 
-1 2 1 1 2 2 1 2 2 | -2 -2 -2 -1 2 -1 -2 1 
-1 2 1 1 2 2 1 2 2 | -2 -1 2 1 2 2 1 
-1 -1 2 1 1 2 1 2 | -2 -1 2 1 2 2 1 
-2 -2 1 2 1 2 -1 2 -1 | -2 -1 2 1 2 2 1 
-2 1 2 2 1 1 2 -1 2 -1 | -2 -1 2 1 2 2 1 
-1 2 2 2 1 2 1 1 2 | -2 -1 2 1 2 2 1 
-2 1 1 2 -1 2 2 1 2 -1 | -2 -1 2 1 2 2 1 
-2 -1 -2 1 1 2 -1 2 1 2 -1 | -2 -1 2 1 2 2 1 
-2 -1 -2 -1 -2 1 1 2 2 -1 | -2 -1 2 1 2 2 1 
-2 -1 2 1 -2 1 2 2 -1 | -2 -1 2 1 2 2 1 
-2 -2 -2 1 2 2 -1 -1 | -2 -1 2 1 2 2 1 
-2 -2 1 2 2 1 2 -1 -1 | -2 -1 2 1 2 2 1 
-2 1 2 2 1 2 1 2 -1 -1 | -2 -1 2 1 2 2 1 
-1 2 2 1 2 1 2 1 2 | -2 -1 2 1 2 2 1 
-2 1 2 1 2 -1 2 1 2 -1 | -2 -1 2 1 2 2 1 
-2 -1 -2 1 2 1 2 2 -1 | -2 -1 2 1 2 2 1 
-1 2 1 1 2 2 | -2 -1 2 1 2 2 1 
-2 -2 1 2 2 2 -1 | -2 -1 2 1 2 2 1 
-2 -2 1 2 2 2 -1 | -2 -1 2 2 2 1 -2 1 
-2 -2 1 2 2 2 -1 | -2 1 2 2 -1 2 1 
-2 -2 1 2 2 2 -1 | -2 -1 2 1 2 1 
-2 1 2 1 2 2 -1 | -2 -1 2 1 2 1 
1 1 2 2 2 | -2 -1 2 1 2 1 
-2 1 2 2 1 2 -1 | -2 -1 2 1 2 1 
-2 1 2 2 1 2 -1 | 1 2 1 2 2 
-2 -1 | 1 2 1 2 2 
-2 -1 | 1 2 2 
-2 -1 | 2 
-1 | 2 
8
-2 -2 -2 -2 -1 2 2 2 1 | -1 2 2 2 2 2 2 2 
-1 2 2 2 2 2 2 | -1 2 2 2 2 2 2 2 
-1 2 2 2 2 2 2 | 2 
-1 2 2 2 2 2 | 2 
-1 2 2 2 2 | 2 
-1 2 2 2 | 2 
-1 2 2 | 2 
-1 2 | 2 
-1 | 2 
34
-2 -2 -2 -2 -1 2 2 2 1 | -2 1 2 -1 2 2 2 -1 
-2 -2 -2 -2 -1 2 2 2 1 | -2 -1 2 2 1 2 -1 
-2 -2 -2 -2 -1 2 2 2 1 | -2 -1 -2 1 2 2 2 2 2 -1 
-2 -2 -2 -2 -1 2 2 2 1 | -2 -1 -2 1 2 -1 2 2 2 
-2 -2 -2 -2 -1 2 2 2 1 | -2 -2 -1 2 2 1 2 -1 
-2 -2 1 -2 -1 2 1 | -2 -2 -1 2 2 1 2 -1 
-2 -2 1 -2 -1 2 1 | -2 -1 2 2 -1 2 1 2 -1 
-2 -2 1 -2 -1 2 1 | -2 -1 -1 2 2 -1 2 1 -2 1 
-2 -2 1 -2 -1 2 1 | -2 -1 -1 2 2 2 -1 2 1 
-2 -2 -2 -2 1 1 -2 1 | -2 -1 -1 2 2 2 -1 2 1 
-2 -2 -2 -2 1 1 -2 1 | -2 -2 1 -2 -1 2 1 
-2 -2 1 1 -2 -2 1 2 -1 | -2 -2 1 -2 -1 2 1 
-2 -2 1 -2 1 2 2 -1 | -2 -2 1 -2 -1 2 1 
-2 1 1 2 2 -1 -1 | -2 -2 1 -2 -1 2 1 
-2 -1 2 -1 -2 1 1 1 | -2 -2 1 -2 -1 2 1 
-2 -1 -2 1 -2 1 1 | -2 -2 1 -2 -1 2 1 
-2 -2 -2 1 -2 -2 1 1 | -2 -2 1 -2 -1 2 1 
-2 -2 -2 -2 1 2 1 | -2 -2 1 -2 -1 2 1 
-2 -2 1 1 2 -1 | -2 -2 1 -2 -1 2 1 
-2 -2 1 1 2 -1 | -2 -2 -2 -2 1 2 1 
-2 -2 -2 1 -2 1 1 | -2 -2 -2 -2 1 2 1 
-2 -2 -2 1 -2 1 1 | -2 1 2 -1 2 -1 
-2 -2 -1 -2 1 1 1 | -2 1 2 -1 2 -1 
-2 -2 1 1 1 -2 -1 2 -1 | -2 1 2 -1 2 -1 
-2 -2 1 1 2 -1 -1 | -2 1 2 -1 2 -1 
-2 -2 1 2 1 -2 -1 | -2 1 2 -1 2 -1 
-2 -2 -2 1 2 2 -1 | -2 1 2 -1 2 -1 
-2 -2 1 -2 1 2 -1 | -2 1 2 -1 2 -1 
-2 -2 -2 1 1 | -2 1 2 -1 2 -1 
-2 -2 1 -2 1 -2 1 | -2 1 2 -1 2 -1 
-2 -2 1 -2 1 | -2 1 2 -1 2 -1 
-2 -2 1 -2 1 | -2 -2 1 
-2 1 | -2 -2 1 
-2 1 | -2 
1 | -2 
18
-2 -2 -2 -2 -1 2 2 2 1 | -2 1 2 2 -1 2 2 -1 
-2 -2 -1 2 2 -1 2 2 1 | -2 1 2 2 -1 2 2 -1 
-2 -2 -1 -1 2 1 1 | -2 1 2 2 -1 2 2 -1 
-2 -2 -1 -1 2 1 1 | -2 -1 2 1 2 2 -1 
-2 -1 2 -1 2 1 | -2 -1 2 1 2 2 -1 
-2 -1 2 -1 2 1 | -2 1 1 2 2 -1 -1 
-2 -1 2 1 2 2 -1 | -2 1 1 2 2 -1 -1 
-2 -1 2 1 2 2 -1 | -2 1 -2 1 2 -1 
-2 -1 2 1 2 2 -1 | -2 -1 -2 1 1 -2 1 
-2 1 -2 1 2 -1 | -2 -1 -2 1 1 -2 1 
-2 1 -2 1 2 -1 | -2 -2 -1 2 1 -2 1 
-2 1 -2 1 2 -1 | -2 -2 -2 1 1 
-2 1 -2 1 2 -1 | -2 -2 1 -2 -1 2 1 
-2 -2 1 -2 1 | -2 -2 1 -2 -1 2 1 
-2 -2 1 -2 1 | -1 -1 2 1 
-2 -2 1 | -1 -1 2 1 
-2 -2 1 | -2 
-2 1 | -2 
1 | -2 
8
-2 -2 -2 -2 -1 2 2 2 1 | -2 -2 -1 2 2 -1 -2 1 
-2 -2 -1 2 1 2 1 | -2 -2 -1 2 2 -1 -2 1 
-2 -2 -1 2 1 2 1 | -2 -2 -1 2 -1 
1 1 1 2 | -2 -2 -1 2 -1 
1 1 1 2 | -2 -1 2 1 1 
1 1 1 2 | -2 -1 -1 
1 | -2 -1 -1 
1 | -2 -1 
1 | -2 
25
-2 -2 -2 -2 -1 2 2 2 1 | -2 -2 1 -2 -1 2 2 -1 
-2 -2 -1 2 1 -2 -1 | -2 -2 1 -2 -1 2 2 -1 
-2 -2 -1 2 1 -2 -1 | -2 -2 -1 -2 1 -2 -1 2 -1 
-2 -2 -1 2 1 -2 -1 | -2 -2 -2 -1 -2 -2 -2 -1 2 -1 
-2 -2 -1 2 1 -2 -1 | -2 -2 -2 -1 -2 1 2 -1 -1 
-2 -2 -1 2 1 -2 -1 | -2 -2 -2 -2 -1 -2 -1 -1 
-2 -2 -1 2 1 -2 -1 | -2 -2 -1 -1 -2 -2 1 2 -1 
-2 -2 -1 2 1 -2 -1 | -2 -2 1 2 2 -1 -2 -1 
-2 -2 -1 2 1 -2 -1 | -2 -1 -2 1 -2 -1 -1 
-2 -2 -1 2 1 -2 -1 | -2 -2 -2 -1 -1 -2 -2 -1 
-2 -2 -1 2 1 -2 -1 | -2 -2 -2 -2 -1 2 -1 
-2 -1 2 2 1 1 | -2 -2 -2 -2 -1 2 -1 
1 1 2 2 2 1 2 | -2 -2 -2 -2 -1 2 -1 
1 1 2 2 2 1 2 | -2 1 2 1 2 -1 
1 1 2 1 2 1 2 2 2 | -2 1 2 1 2 -1 
1 1 2 2 1 2 2 | -2 1 2 1 2 -1 
1 1 2 2 1 2 2 | -2 -1 -2 1 -2 -1 -1 
-2 1 2 1 2 -1 | -2 -1 -2 1 -2 -1 -1 
-2 1 2 1 2 -1 | -2 -2 1 2 -1 -2 -1 
-2 1 2 1 2 -1 | -2 -2 -2 -1 -1 
-2 1 2 1 2 -1 | -2 -2 -1 -2 -1 -2 -1 
-2 1 2 1 2 -1 | -2 -2 -1 -2 -1 
-2 -2 -1 | -2 -2 -1 -2 -1 
-2 -2 -1 | -2 -1 
-2 | -2 -1 
-2 | -1 
30
-2 -2 -2 -2 -1 2 2 2 1 | -2 -2 -2 -1 2 -1 -2 1 
-2 -1 2 1 2 2 1 | -2 -2 -2 -1 2 -1 -2 1 
-1 2 1 1 2 2 1 2 2 | -2 -2 -2 -1 2 -1 -2 1 
-1 2 1 1 2 2 1 2 2 | -2 -1 2 1 2 2 1 
-1 -1 2 1 1 2 1 2 | -2 -1 2 1 2 2 1 
-2 -2 1 2 1 2 -1 2 -1 | -2 -1 2 1 2 2 1 
-2 1 2 2 1 1 2 -1 2 -1 | -2 -1 2 1 2 2 1 
-1 2 2 2 1 2 1 1 2 | -2 -1 2 1 2 2 1 
-2 1 1 2 -1 2 2 1 2 -1 | -2 -1 2 1 2 2 1 
-2 -1 -2 1 1 2 -1 2 1 2 -1 | -2 -1 2 1 2 2 1 
-2 -1 -2 -1 -2 1 1 2 2 -1 | -2 -1 2 1 2 2 1 
-2 -1 2 1 -2 1 2 2 -1 | -2 -1 2 1 2 2 1 
-2 -2 -2 1 2 2 -1 -1 | -2 -1 2 1 2 2 1 
-2 -2 1 2 2 1 2 -1 -1 | -2 -1 2 1 2 2 1 
-2 1 2 2 1 2 1 2 -1 -1 | -2 -1 2 1 2 2 1 
-1 2 2 1 2 1 2 1 2 | -2 -1 2 1 2 2 1 
-2 1 2 1 2 -1 2 1 2 -1 | -2 -1 2 1 2 2 1 
-2 -1 -2 1 2 1 2 2 -1 | -2 -1 2 1 2 2 1 
-1 2 1 1 2 2 | -2 -1 2 1 2 2 1 
-2 -2 1 2 2 2 -1 | -2 -1 2 1 2 2 1 
-2 -2 1 2 2 2 -1 | -2 -1 2 2 2 1 -2 1 
-2 -2 1 2 2 2 -1 | -2 1 2 2 -1 2 1 
-2 -2 1 2 2 2 -1 | -2 -1 2 1 2 1 
-2 1 2 1 2 2 -1 | -2 -1 2 1 2 1 
1 1 2 2 2 | -2 -1 2 1 2 1 
-2 1 2 2 1 2 -1 | -2 -1 2 1 2 1 
-2 1 2 2 1 2 -1 | 1 2 1 2 2 
-2 -1 | 1 2 1 2 2 
-2 -1 | 1 2 2 
-2 -1 | 2 
-1 | 2 
8
-2 -2 -2 -2 -1 2 2 2 1 | -2 -2 1 2 2 -1 2 -1 
-2 -2 -1 2 -1 2 1 | -2 -2 1 2 2 -1 2 -1 
-2 -2 -1 2 -1 2 1 | -2 -1 2 2 -1 
-2 -1 -1 2 -1 2 | -2 -1 2 2 -1 
-2 -1 -1 2 -1 2 | -2 1 1 2 -1 
-1 -1 2 | -2 1 1 2 -1 
-1 -1 2 | -1 2 
-1 | -1 2 
-1 | 2 
15
-2 -2 -2 -2 -1 2 2 2 1 | -2 -2 -1 2 -1 -2 -2 1 
-2 -2 -1 2 2 1 2 2 1 | -2 -2 -1 2 -1 -2 -2 1 
-2 -2 -1 2 2 1 2 2 1 | -2 -2 -2 -2 -1 -2 -1 
-2 -2 -1 -2 -2 -1 2 1 | -2 -2 -2 -2 -1 -2 -1 
-2 -2 -1 -2 -2 -1 2 1 | -2 -2 -1 2 -1 -2 1 
-2 -2 -2 -1 2 2 1 | -2 -2 -1 2 -1 -2 1 
-2 -2 -2 -1 2 2 1 | -2 -1 -2 1 2 -1 
-2 -2 -1 -2 -1 2 1 | -2 -1 -2 1 2 -1 
-2 -2 -2 -1 -1 | -2 -1 -2 1 2 -1 
-2 -2 -1 -2 -1 -2 -1 | -2 -1 -2 1 2 -1 
-2 -2 -1 -2 -1 | -2 -1 -2 1 2 -1 
-2 -2 -1 | -2 -1 -2 1 2 -1 
-2 -2 -1 | 1 2 -1 
-2 -2 -1 | -2 -1 
-2 | -2 -1 
-2 | -1 
5
-2 -2 -2 -2 -1 2 2 2 1 | -2 -2 -2 1 2 -1 2 -1 
-2 -2 -1 | -2 -2 -2 1 2 -1 2 -1 
-2 -2 -1 | -2 1 2 -1 2 
-2 -2 -1 | -2 -1 
-2 | -2 -1 
-2 | -1 
7
-2 -2 -2 -2 -1 2 2 2 1 | -2 -2 -2 1 -2 -1 2 -1 
-2 -2 -2 -2 -1 | -2 -2 -2 1 -2 -1 2 -1 
-2 -2 -2 -2 -1 | -2 -1 2 2 1 
-2 -2 -2 -2 -1 | -2 -2 -2 -1 
-2 | -2 -2 -2 -1 
-2 | -2 -2 -1 
-2 | -2 -1 
-2 | -1 
5
-2 -2 -2 -2 -1 2 2 2 1 | -2 1 2 2 2 2 -1 -1 
-1 2 2 | -2 1 2 2 2 2 -1 -1 
-1 2 2 | -2 1 2 2 -1 
-1 2 2 | -2 1 
2 | -2 1 
2 | 1 
6
-2 -2 -2 -2 -1 2 2 2 1 | -2 -2 -2 -2 -1 -1 -2 1 
-2 -2 -2 -2 -1 2 2 2 1 | -2 -2 -2 -2 -1 
1 2 2 2 | -2 -2 -2 -2 -1 
1 2 2 2 | -2 
1 2 2 | -2 
1 2 | -2 
1 | -2 
18
-2 -2 -2 -2 -1 2 2 2 1 | -2 -2 1 2 2 2 -1 -1 
-2 -1 -1 2 1 | -2 -2 1 2 2 2 -1 -1 
-2 -1 -1 2 1 | -2 -1 2 2 2 -1 -1 -2 1 
-2 -1 -1 2 1 | -2 -1 -2 -1 2 2 2 -1 
-2 -1 -1 2 1 | -2 -2 -1 -1 -1 2 2 2 -1 
-2 -1 -1 2 1 | -2 -2 -1 2 -1 2 2 -1 
-2 -1 -1 2 1 | -2 -2 -1 2 1 2 -1 2 -1 
-2 -1 -1 2 1 | -2 -2 1 2 2 -1 2 -1 
-2 -1 -1 2 1 | -2 -2 1 2 2 -1 -1 -1 2 
-2 -1 -1 2 1 | -2 -1 2 2 -1 -1 
-2 -1 -1 2 1 | -2 -1 -1 -1 2 2 -1 
-2 -1 -1 2 1 | -2 -1 2 -1 2 -1 
-2 -1 -1 2 1 | -2 -1 -1 -1 2 -1 2 
-2 -1 -1 2 1 | -2 -1 2 -1 -1 2 
-2 1 1 | -2 -1 2 -1 -1 2 
-2 1 1 | -2 -1 2 
-2 1 | -2 -1 2 
-2 1 | -2 
1 | -2 
5
-2 -2 -2 -2 -1 2 2 2 1 | -2 -2 -2 1 2 2 -1 -1 
-2 -2 -1 | -2 -2 -2 1 2 2 -1 -1 
-2 -2 -1 | -2 -2 -2 -1 -1 
-2 -2 -1 | -2 -1 
-2 | -2 -1 
-2 | -1 
9
-2 -2 -2 -2 -1 2 2 2 1 | -2 -2 -2 1 -2 -2 -1 -1 
-2 -2 -2 -2 -2 -2 -1 | -2 -2 -2 1 -2 -2 -1 -1 
-2 -2 -2 -2 -2 -2 -1 | -2 -2 -1 2 2 2 1 
-2 -2 -2 -2 -2 -2 -1 | -2 -2 -2 -2 -2 -1 
-2 | -2 -2 -2 -2 -2 -1 
-2 | -2 -2 -2 -2 -1 
-2 | -2 -2 -2 -1 
-2 | -2 -2 -1 
-2 | -2 -1 
-2 | -1 
34
-2 -2 -2 -2 -1 2 2 2 1 | -2 -2 -2 -2 1 2 -1 -1 
-2 -2 -2 -2 -1 2 2 2 1 | -2 -2 -2 -1 -1 -2 1 
-2 -2 -2 -2 -1 2 2 2 1 | -2 -2 -2 -1 -2 1 2 -1 
-2 -2 -2 -2 -1 2 2 2 1 | -2 -2 -2 -2 1 2 -1 2 -1 
-2 -2 -2 -2 -1 2 2 2 1 | -2 -2 -2 -1 2 -1 -2 1 
-2 -1 2 1 2 2 1 | -2 -2 -2 -1 2 -1 -2 1 
-1 2 1 1 2 2 1 2 2 | -2 -2 -2 -1 2 -1 -2 1 
-1 2 1 1 2 2 1 2 2 | -2 -1 2 1 2 2 1 
-1 -1 2 1 1 2 1 2 | -2 -1 2 1 2 2 1 
-2 -2 1 2 1 2 -1 2 -1 | -2 -1 2 1 2 2 1 
-2 1 2 2 1 1 2 -1 2 -1 | -2 -1 2 1 2 2 1 
-1 2 2 2 1 2 1 1 2 | -2 -1 2 1 2 2 1 
-2 1 1 2 -1 2 2 1 2 -1 | -2 -1 2 1 2 2 1 
-2 -1 -2 1 1 2 -1 2 1 2 -1 | -2 -1 2 1 2 2 1 
-2 -1 -2 -1 -2 1 1 2 2 -1 | -2 -1 2 1 2 2 1 
-2 -1 2 1 -2 1 2 2 -1 | -2 -1 2 1 2 2 1 
-2 -2 -2 1 2 2 -1 -1 | -2 -1 2 1 2 2 1 
-2 -2 1 2 2 1 2 -1 -1 | -2 -1 2 1 2 2 1 
-2 1 2 2 1 2 1 2 -1 -1 | -2 -1 2 1 2 2 1 
-1 2 2 1 2 1 2 1 2 | -2 -1 2 1 2 2 1 
-2 1 2 1 2 -1 2 1 2 -1 | -2 -1 2 1 2 2 1 
-2 -1 -2 1 2 1 2 2 -1 | -2 -1 2 1 2 2 1 
-1 2 1 1 2 2 | -2 -1 2 1 2 2 1 
-2 -2 1 2 2 2 -1 | -2 -1 2 1 2 2 1 
-2 -2 1 2 2 2 -1 | -2 -1 2 2 2 1 -2 1 
-2 -2 1 2 2 2 -1 | -2 1 2 2 -1 2 1 
-2 -2 1 2 2 2 -1 | -2 -1 2 1 2 1 
-2 1 2 1 2 2 -1 | -2 -1 2 1 2 1 
1 1 2 2 2 | -2 -1 2 1 2 1 
-2 1 2 2 1 2 -1 | -2 -1 2 1 2 1 
-2 1 2 2 1 2 -1 | 1 2 1 2 2 
-2 -1 | 1 2 1 2 2 
-2 -1 | 1 2 2 
-2 -1 | 2 
-1 | 2 
9
-2 -2 -2 -2 -1 2 2 2 1 | -2 -2 -1 -2 1 2 2 -1 
-2 -2 -1 2 -1 -2 1 | -2 -2 -1 -2 1 2 2 -1 
-2 -2 -2 -1 -1 | -2 -2 -1 -2 1 2 2 -1 
-2 -2 -2 -1 -1 | -2 1 2 2 1 2 -1 
-2 -1 -2 1 2 -1 | -2 1 2 2 1 2 -1 
-2 -2 -1 -2 -1 | -2 1 2 2 1 2 -1 
-2 -2 -1 -2 -1 | -2 -1 
-2 -2 -1 | -2 -1 
-2 | -2 -1 
-2 | -1 
32
-2 -2 -2 -2 -1 2 2 2 1 | -2 -2 -2 -1 -2 1 2 -1 
-2 -2 -2 -2 -1 2 2 2 1 | -2 -2 -2 -2 1 2 -1 2 -1 
-2 -2 -2 -2 -1 2 2 2 1 | -2 -2 -2 -1 2 -1 -2 1 
-2 -1 2 1 2 2 1 | -2 -2 -2 -1 2 -1 -2 1 
-1 2 1 1 2 2 1 2 2 | -2 -2 -2 -1 2 -1 -2 1 
-1 2 1 1 2 2 1 2 2 | -2 -1 2 1 2 2 1 
-1 -1 2 1 1 2 1 2 | -2 -1 2 1 2 2 1 
-2 -2 1 2 1 2 -1 2 -1 | -2 -1 2 1 2 2 1 
-2 1 2 2 1 1 2 -1 2 -1 | -2 -1 2 1 2 2 1 
-1 2 2 2 1 2 1 1 2 | -2 -1 2 1 2 2 1 
-2 1 1 2 -1 2 2 1 2 -1 | -2 -1 2 1 2 2 1 
-2 -1 -2 1 1 2 -1 2 1 2 -1 | -2 -1 2 1 2 2 1 
-2 -1 -2 -1 -2 1 1 2 2 -1 | -2 -1 2 1 2 2 1 
-2 -1 2 1 -2 1 2 2 -1 | -2 -1 2 1 2 2 1 
-2 -2 -2 1 2 2 -1 -1 | -2 -1 2 1 2 2 1 
-2 -2 1 2 2 1 2 -1 -1 | -2 -1 2 1 2 2 1 
-2 1 2 2 1 2 1 2 -1 -1 | -2 -1 2 1 2 2 1 
-1 2 2 1 2 1 2 1 2 | -2 -1 2 1 2 2 1 
-2 1 2 1 2 -1 2 1 2 -1 | -2 -1 2 1 2 2 1 
-2 -1 -2 1 2 1 2 2 -1 | -2 -1 2 1 2 2 1 
-1 2 1 1 2 2 | -2 -1 2 1 2 2 1 
-2 -2 1 2 2 2 -1 | -2 -1 2 1 2 2 1 
-2 -2 1 2 2 2 -1 | -2 -1 2 2 2 1 -2 1 
-2 -2 1 2 2 2 -1 | -2 1 2 2 -1 2 1 
-2 -2 1 2 2 2 -1 | -2 -1 2 1 2 1 
-2 1 2 1 2 2 -1 | -2 -1 2 1 2 1 
1 1 2 2 2 | -2 -1 2 1 2 1 
-2 1 2 2 1 2 -1 | -2 -1 2 1 2 1 
-2 1 2 2 1 2 -1 | 1 2 1 2 2 
-2 -1 | 1 2 1 2 2 
-2 -1 | 1 2 2 
-2 -1 | 2 
-1 | 2 
37
-2 -2 -2 -2 -1 2 2 2 1 | -2 -2 -1 -2 -2 -1 -2 1 
-2 -2 -1 2 2 2 2 1 2 2 1 | -2 -2 -1 -2 -2 -1 -2 1 
-2 -2 -1 2 2 -1 -2 1 1 | -2 -2 -1 -2 -2 -1 -2 1 
-2 1 2 1 2 2 2 2 -1 | -2 -2 -1 -2 -2 -1 -2 1 
-2 -1 -2 1 2 2 -1 -2 1 | -2 -2 -1 -2 -2 -1 -2 1 
-2 -2 -2 -1 -2 -2 1 -2 -1 | -2 -2 -1 -2 -2 -1 -2 1 
-2 -1 -2 -1 2 1 1 | -2 -2 -1 -2 -2 -1 -2 1 
-2 -1 -2 -1 2 1 1 | -2 -2 -1 -2 -1 -1 -2 1 1 
-2 -1 -2 -1 2 1 1 | -2 -1 -2 1 1 -2 -1 -1 
-2 -1 -2 -1 2 1 1 | -2 -2 1 2 -1 -2 -1 
-2 -2 -2 -1 2 1 -2 -1 | -2 -2 1 2 -1 -2 -1 
-2 -2 -2 -2 -2 -1 -1 | -2 -2 1 2 -1 -2 -1 
-2 -2 -2 -2 -2 -1 -1 | -2 -2 -2 -2 -1 -2 -1 -2 -2 -1 
-2 1 2 2 1 2 -1 | -2 -2 -2 -2 -1 -2 -1 -2 -2 -1 
-2 1 2 2 1 2 -1 | -2 -2 -1 -2 -1 -2 -1 -2 1 
-2 1 2 2 1 2 -1 | -2 -1 -2 1 -2 -1 -2 1 2 -1 
-2 1 2 2 1 2 -1 | -2 -2 -2 -1 -1 -2 1 -2 -1 
-2 1 2 2 1 2 -1 | -2 -2 1 -2 -1 -1 
-2 -2 -2 1 2 2 -1 | -2 -2 1 -2 -1 -1 
-2 -2 -2 1 2 2 -1 | -2 -2 -1 2 1 -2 -1 
-2 -2 -2 1 2 2 -1 | -2 -2 -1 -2 -2 1 2 -1 
-2 1 2 2 1 2 -1 | -2 -2 -1 -2 -2 1 2 -1 
-2 1 2 2 1 2 -1 | -2 -2 -2 -2 -1 -2 -1 
-2 -2 -1 -2 -2 1 2 -1 | -2 -2 -2 -2 -1 -2 -1 
-2 -2 -1 -2 -2 1 2 -1 | -2 -2 1 -2 -1 2 -1 
-2 -2 1 1 2 -1 -1 | -2 -2 1 -2 -1 2 -1 
-2 -2 1 1 2 -1 -1 | -2 -1 -2 -1 2 1 
-2 -2 1 -2 -1 2 -1 | -2 -1 -2 -1 2 1 
-2 -2 -2 1 2 2 -1 | -2 -1 -2 -1 2 1 
-2 -2 -2 1 2 2 -1 | -2 -2 1 2 -1 -2 -1 
-2 1 2 1 2 -1 | -2 -2 1 2 -1 -2 -1 
-2 1 2 1 2 -1 | -2 -2 -2 -1 -1 
-2 1 2 1 2 -1 | -2 -2 -1 -2 -1 -2 -1 
-2 1 2 1 2 -1 | -2 -2 -1 -2 -1 
-2 -2 -1 | -2 -2 -1 -2 -1 
-2 -2 -1 | -2 -1 
-2 | -2 -1 
-2 | -1 
9
-2 -2 -2 -2 -1 2 2 2 1 | -2 -2 1 2 2 -1 -2 -1 
-2 -2 -1 -2 -1 2 1 | -2 -2 1 2 2 -1 -2 -1 
-2 -2 -1 -2 -1 2 1 | -2 -2 -2 -1 -1 
-2 -1 2 1 2 1 | -2 -2 -2 -1 -1 
-2 -1 2 1 2 1 | -2 -2 -1 -2 -1 -2 -1 
-2 -1 2 1 2 1 | -2 -2 -1 -2 -1 
-2 -2 -1 | -2 -2 -1 -2 -1 
-2 -2 -1 | -2 -1 
-2 | -2 -1 
-2 | -1 
21
-2 -2 -2 -2 -1 2 2 2 1 | -2 -2 -1 -2 -1 -2 -2 1 
-2 -2 -2 -2 -1 2 2 2 1 | -2 -2 -2 -2 -2 -2 -1 -2 -1 2 1 
-2 -2 -2 -2 -1 2 2 2 1 | -2 -2 -2 -2 -1 2 1 -2 -2 -1 
-2 -2 -2 -2 -1 2 2 2 1 | -2 -2 -1 -1 -2 -2 1 
-2 -2 -2 -2 -1 2 2 2 1 | -2 -2 -2 -2 -2 -2 -1 -1 2 1 
-2 -2 -2 -2 -1 2 2 2 1 | -2 -2 -2 -1 2 1 -2 -2 -1 
-2 -2 -2 -2 -1 2 2 2 1 | -2 -2 -1 2 -1 -2 -2 1 
-2 -2 -1 2 2 1 2 2 1 | -2 -2 -1 2 -1 -2 -2 1 
-2 -2 -1 2 2 1 2 2 1 | -2 -2 -2 -2 -1 -2 -1 
-2 -2 -1 -2 -2 -1 2 1 | -2 -2 -2 -2 -1 -2 -1 
-2 -2 -1 -2 -2 -1 2 1 | -2 -2 -1 2 -1 -2 1 
-2 -2 -2 -1 2 2 1 | -2 -2 -1 2 -1 -2 1 
-2 -2 -2 -1 2 2 1 | -2 -1 -2 1 2 -1 
-2 -2 -1 -2 -1 2 1 | -2 -1 -2 1 2 -1 
-2 -2 -2 -1 -1 | -2 -1 -2 1 2 -1 
-2 -2 -1 -2 -1 -2 -1 | -2 -1 -2 1 2 -1 
-2 -2 -1 -2 -1 | -2 -1 -2 1 2 -1 
-2 -2 -1 | -2 -1 -2 1 2 -1 
-2 -2 -1 | 1 2 -1 
-2 -2 -1 | -2 -1 
-2 | -2 -1 
-2 | -1 
7
-2 -2 -2 -2 -1 2 2 2 1 | -2 -2 -2 1 2 -1 -2 -1 
-2 -2 -2 -2 -1 | -2 -2 -2 1 2 -1 -2 -1 
-2 -2 -2 -2 -1 | 1 2 -1 
-2 -2 -2 -1 | 1 2 -1 
-2 -2 -1 | 1 2 -1 
-2 -2 -1 | -2 -1 
-2 | -2 -1 
-2 | -1 
9
-2 -2 -2 -2 -1 2 2 2 1 | -2 -2 -2 1 -2 -1 -2 -1 
-2 -2 -2 -2 -2 -2 -1 | -2 -2 -2 1 -2 -1 -2 -1 
-2 -2 -2 -2 -2 -2 -1 | -2 -1 2 2 1 
-2 -2 -2 -2 -2 -1 | -2 -1 2 2 1 
-2 -2 -2 -2 -1 | -2 -1 2 2 1 
-2 -2 -2 -2 -1 | -2 -2 -2 -1 
-2 | -2 -2 -2 -1 
-2 | -2 -2 -1 
-2 | -2 -1 
-2 | -1 
35
-2 -2 -2 -2 -1 2 2 2 1 | -2 -2 -1 -2 -2 1 -2 -1 
-2 -2 -2 -2 -1 2 2 2 1 | -2 -2 -2 -2 -2 -1 -2 -2 -1 2 1 
-2 -2 -2 -2 -1 2 2 2 1 | -2 -2 -2 -2 -2 -1 2 1 -2 -1 
-2 -2 -2 -2 -1 2 2 2 1 | -2 -2 1 -2 -1 -2 -1 
-2 -2 -2 -2 -1 2 2 2 1 | -2 -2 -2 -2 -2 -1 -2 -1 2 1 
-2 -2 -2 -2 -1 2 2 2 1 | -2 -2 -2 -2 -1 2 1 -2 -1 
-2 -2 -2 -2 -1 2 2 2 1 | -2 -2 1 -2 -1 -1 
-2 -2 -2 -2 -1 2 2 2 1 | -2 -2 -2 -2 -2 -1 -1 2 1 
-2 -2 -2 -2 -1 2 2 2 1 | -2 -2 -2 -1 2 1 -2 -1 
-2 -2 -2 -2 -1 2 2 2 1 | -2 -2 1 -2 -1 2 -1 
-2 -2 -2 -2 -1 2 2 2 1 | -2 -2 -2 -2 -2 -1 2 -1 2 1 
-2 -2 -2 -2 -1 2 2 2 1 | -2 -2 -1 2 1 -2 -1 
-2 -2 1 2 -1 2 2 1 | -2 -2 -1 2 1 -2 -1 
-2 -1 -2 -1 2 2 1 -2 1 | -2 -2 -1 2 1 -2 -1 
-2 -1 -2 -1 2 1 2 2 1 1 | -2 -2 -1 2 1 -2 -1 
-2 -1 2 1 2 2 2 1 1 | -2 -2 -1 2 1 -2 -1 
1 1 2 1 2 2 2 2 | -2 -2 -1 2 1 -2 -1 
-2 -1 2 2 1 1 2 2 1 | -2 -2 -1 2 1 -2 -1 
-2 -2 -1 2 2 1 2 1 | -2 -2 -1 2 1 -2 -1 
-1 2 1 2 1 1 2 | -2 -2 -1 2 1 -2 -1 
1 1 2 2 2 1 2 2 | -2 -2 -1 2 1 -2 -1 
-2 1 2 2 2 2 1 | -2 -2 -1 2 1 -2 -1 
-2 1 2 2 2 2 1 | -2 -1 2 2 1 1 
-2 1 2 2 2 2 1 | 1 1 2 2 2 1 2 
-2 -1 -2 -1 2 1 | 1 1 2 2 2 1 2 
-2 -1 -2 -1 2 1 | 1 1 2 1 2 1 2 2 2 
-2 -1 -2 -1 2 1 | 1 1 2 2 1 2 2 
-2 -1 -2 -1 2 1 | -1 2 1 2 1 1 2 
-2 -1 -2 -1 2 1 | -2 -1 2 2 1 2 1 
-2 -2 -2 -1 -1 | -2 -1 2 2 1 2 1 
-2 -2 -2 -1 -1 | -2 -1 -2 -1 2 1 
-2 -2 -1 -2 1 2 -1 | -2 -1 -2 -1 2 1 
-2 -2 -1 -2 1 2 -1 | -2 -2 -1 -2 -1 
-2 -2 -1 -2 1 2 -1 | -2 -1 
-2 | -2 -1 
-2 | -1 
8
-2 -2 -2 -2 -1 2 2 2 1 | -2 -2 -2 -2 -2 -2 -2 -1 
-2 -2 -2 -2 -1 2 2 2 1 | -2 -2 -2 -2 -2 -2 -1 
1 2 2 2 2 2 | -2 -2 -2 -2 -2 -2 -1 
1 2 2 2 2 2 | -2 
1 2 2 2 2 | -2 
1 2 2 2 | -2 
1 2 2 | -2 
1 2 | -2 
1 | -2 
2
-2 -2 -2 -2 -2 -1 2 2 2 2 1 | -1 2 
-1 | -1 2 
-1 | 2 
2
-2 -2 -2 -2 -2 -1 2 2 2 2 1 | -2 -1 
1 | -2 -1 
1 | -2 
3
-2 -2 -2 -2 -2 -1 2 2 2 2 1 | -1 2 2 
-1 2 | -1 2 2 
-1 2 | 2 
-1 | 2 
4
-2 -2 -2 -2 -2 -1 2 2 2 2 1 | -2 -2 -1 
-2 -2 -2 -1 | -2 -2 -1 
-2 | -2 -2 -1 
-2 | -2 -1 
-2 | -1 
4
-2 -2 -2 -2 -2 -1 2 2 2 2 1 | -1 2 2 2 
-1 2 2 | -1 2 2 2 
-1 2 2 | 2 
-1 2 | 2 
-1 | 2 
5
-2 -2 -2 -2 -2 -1 2 2 2 2 1 | -2 -2 -2 -1 
-2 -2 -2 -2 -1 | -2 -2 -2 -1 
-2 | -2 -2 -2 -1 
-2 | -2 -2 -1 
-2 | -2 -1 
-2 | -1 
46
-2 -2 -2 -2 -2 -1 2 2 2 2 1 | -2 -1 -1 2 1 
-2 -2 -2 -2 -1 2 2 2 1 1 | -2 -1 -1 2 1 
-2 -2 -2 -2 -1 2 2 1 1 2 1 | -2 -1 -1 2 1 
-2 -2 -2 -2 -1 2 1 1 2 1 2 1 | -2 -1 -1 2 1 
-2 -2 -2 -2 1 2 1 2 1 2 1 | -2 -1 -1 2 1 
-2 -2 -2 -2 1 1 1 2 2 1 2 1 | -2 -1 -1 2 1 
-2 -2 -2 1 -2 1 2 2 1 2 1 | -2 -1 -1 2 1 
-2 -2 -2 1 1 -2 -1 2 2 1 2 1 | -2 -1 -1 2 1 
-2 -2 -1 2 2 1 2 1 -2 -2 1 | -2 -1 -1 2 1 
-2 -2 -1 2 2 1 1 1 -2 1 | -2 -1 -1 2 1 
-2 -2 -1 2 1 1 2 1 1 -2 1 | -2 -1 -1 2 1 
-2 -2 1 2 1 2 1 1 -2 1 | -2 -1 -1 2 1 
-2 -2 1 1 1 2 2 1 1 -2 1 | -2 -1 -1 2 1 
-2 1 -2 1 -2 1 2 2 1 1 | -2 -1 -1 2 1 
-2 -1 -2 1 -2 1 2 2 1 1 1 | -2 -1 -1 2 1 
-2 -2 -1 -2 1 2 2 1 1 1 | -2 -1 -1 2 1 
-2 -2 -2 -1 2 2 1 1 1 | -2 -1 -1 2 1 
-2 -2 -2 -1 2 1 1 2 1 1 | -2 -1 -1 2 1 
-2 -2 -2 1 2 1 2 1 1 | -2 -1 -1 2 1 
-2 -2 -2 1 1 1 2 2 1 1 | -2 -1 -1 2 1 
-2 -2 1 -2 1 2 2 1 1 | -2 -1 -1 2 1 
-2 -2 1 1 -2 -1 2 2 1 1 | -2 -1 -1 2 1 
-2 -2 -1 2 2 1 1 -2 1 | -2 -1 -1 2 1 
-2 -2 -1 2 1 1 2 1 -2 1 | -2 -1 -1 2 1 
-2 -2 -1 2 1 1 1 1 1 | -2 -1 -1 2 1 
-2 -2 1 2 1 1 1 1 | -2 -1 -1 2 1 
-2 -2 1 1 1 2 1 1 1 | -2 -1 -1 2 1 
-2 1 -2 1 2 1 1 1 | -2 -1 -1 2 1 
-2 -1 -2 1 2 1 1 1 1 | -2 -1 -1 2 1 
-2 -2 -1 2 1 1 1 1 | -2 -1 -1 2 1 
-2 -2 1 2 1 1 1 | -2 -1 -1 2 1 
-2 -2 1 1 1 2 1 1 | -2 -1 -1 2 1 
-2 1 -2 1 2 1 1 | -2 -1 -1 2 1 
-2 -1 -2 1 2 1 1 1 | -2 -1 -1 2 1 
-2 -2 -1 2 1 1 1 | -2 -1 -1 2 1 
-2 -2 1 2 1 1 | -2 -1 -1 2 1 
-2 -2 1 1 1 2 1 | -2 -1 -1 2 1 
-2 1 -2 1 2 1 | -2 -1 -1 2 1 
-2 -1 -2 1 2 1 1 | -2 -1 -1 2 1 
-2 -2 -1 2 1 1 | -2 -1 -1 2 1 
-2 -2 1 2 1 | -2 -1 -1 2 1 
-2 -2 1 1 1 2 | -2 -1 -1 2 1 
-2 -2 1 1 1 2 | -2 1 1 
-2 1 2 | -2 1 1 
-2 1 2 | -2 1 
2 | -2 1 
2 | 1 
5
-2 -2 -2 -2 -2 -1 2 2 2 2 1 | -1 2 2 2 2 
-1 2 2 2 | -1 2 2 2 2 
-1 2 2 2 | 2 
-1 2 2 | 2 
-1 2 | 2 
-1 | 2 
56
-2 -2 -2 -2 -2 -1 2 2 2 2 1 | -2 1 2 -1 -1 
-2 -2 -2 -2 -1 -1 2 2 2 1 | -2 1 2 -1 -1 
-2 -2 -2 -2 -1 2 -1 -1 2 2 1 | -2 1 2 -1 -1 
-2 -2 -2 -1 -1 -1 -1 2 2 1 | -2 1 2 -1 -1 
-2 -2 -2 -1 -1 -1 -1 2 1 2 -1 | -2 1 2 -1 -1 
-2 -2 -2 -1 -1 -1 2 -1 2 -1 | -2 1 2 -1 -1 
-2 -2 -2 -1 -1 2 -1 -1 -1 2 -1 | -2 1 2 -1 -1 
-2 -2 -2 -1 2 -1 -1 -1 -1 -1 2 -1 | -2 1 2 -1 -1 
-2 -2 -1 -1 -1 -1 -1 -1 -1 2 -1 | -2 1 2 -1 -1 
-2 -2 -1 -2 -1 2 -1 -1 -1 -1 2 -1 | -2 1 2 -1 -1 
-2 -2 -1 -2 -1 -1 2 -1 -1 2 -1 | -2 1 2 -1 -1 
-2 -2 -1 -2 -1 -1 -1 2 2 -1 | -2 1 2 -1 -1 
-2 -2 1 -2 -1 -1 -1 -1 2 2 -1 | -2 1 2 -1 -1 
-2 -2 -1 -1 -1 -1 2 2 -1 -2 1 1 | -2 1 2 -1 -1 
-2 -2 -1 -1 -1 -1 2 2 1 -2 1 | -2 1 2 -1 -1 
-2 -2 -2 -1 -1 -1 -1 2 2 1 1 1 | -2 1 2 -1 -1 
-2 -2 -2 -1 -1 -1 -1 2 1 2 1 | -2 1 2 -1 -1 
-2 -2 -2 -1 -1 -1 2 -1 2 1 | -2 1 2 -1 -1 
-2 -2 -2 -1 -1 -1 2 2 -1 | -2 1 2 -1 -1 
-2 -2 -1 -1 -2 -1 -1 2 2 -1 | -2 1 2 -1 -1 
-2 -1 -2 -1 -1 2 2 -1 -2 -1 -1 | -2 1 2 -1 -1 
-2 -1 -2 -1 -1 2 2 1 -2 -1 -1 -1 | -2 1 2 -1 -1 
-2 -1 -2 -1 -1 -2 -1 -1 2 2 1 | -2 1 2 -1 -1 
-2 -2 -1 -1 -1 2 2 1 -2 -1 | -2 1 2 -1 -1 
-2 -2 -1 -1 -1 2 1 2 -1 -2 -1 | -2 1 2 -1 -1 
-2 -2 -1 -1 2 -1 2 -1 -2 -1 | -2 1 2 -1 -1 
-2 -2 -1 -1 2 -1 2 1 -2 -1 -1 | -2 1 2 -1 -1 
-2 -2 -1 -2 -1 -1 2 -1 2 1 | -2 1 2 -1 -1 
-2 -2 -1 -2 -1 -1 2 2 -1 | -2 1 2 -1 -1 
-2 -2 1 -2 -1 -1 -1 2 2 -1 | -2 1 2 -1 -1 
-2 -2 -1 -1 -1 2 2 -1 -2 1 1 | -2 1 2 -1 -1 
-2 -2 -1 -1 -1 2 2 1 -2 1 | -2 1 2 -1 -1 
-2 -2 -2 -1 -1 -1 2 2 1 1 1 | -2 1 2 -1 -1 
-2 -2 -2 -1 -1 -1 2 1 2 1 | -2 1 2 -1 -1 
-2 -2 -2 -1 -1 2 -1 2 1 | -2 1 2 -1 -1 
-2 -2 -2 -1 -1 2 2 -1 | -2 1 2 -1 -1 
-2 -1 -2 -1 -1 2 2 -1 -2 1 1 | -2 1 2 -1 -1 
-2 -1 -2 -1 -1 2 2 1 -2 1 | -2 1 2 -1 -1 
-2 -2 -1 -1 2 2 1 -2 -1 | -2 1 2 -1 -1 
-2 -2 -1 -1 2 1 2 -1 -2 -1 | -2 1 2 -1 -1 
-2 -2 -1 2 -1 2 -1 -2 -1 | -2 1 2 -1 -1 
-2 -1 -2 -1 -1 -1 2 -1 | -2 1 2 -1 -1 
-2 -1 -1 -1 -1 2 -1 -2 1 | -2 1 2 -1 -1 
-2 -2 -1 -1 -1 -1 2 1 | -2 1 2 -1 -1 
-2 -2 -1 -1 -1 2 -1 | -2 1 2 -1 -1 
-2 -2 -1 -1 2 -1 -1 -1 | -2 1 2 -1 -1 
-2 -2 -1 2 -1 -1 -1 -1 -1 | -2 1 2 -1 -1 
-2 -1 -1 -1 -1 -1 -1 -1 | -2 1 2 -1 -1 
-2 -1 -2 -1 2 -1 -1 -1 -1 | -2 1 2 -1 -1 
-2 -1 -2 -1 -1 2 -1 -1 | -2 1 2 -1 -1 
-2 -1 -2 -1 -1 -1 2 | -2 1 2 -1 -1 
-2 -1 -1 -1 | -2 1 2 -1 -1 
-2 -1 -1 | -2 1 2 -1 -1 
-2 -1 | -2 1 2 -1 -1 
-2 -1 | -2 -1 -1 
-2 -1 | -1 
-2 | -1 
6
-2 -2 -2 -2 -2 -1 2 2 2 2 1 | -2 -2 -2 -2 -1 
-2 -2 -2 -2 -2 -1 | -2 -2 -2 -2 -1 
-2 | -2 -2 -2 -2 -1 
-2 | -2 -2 -2 -1 
-2 | -2 -2 -1 
-2 | -2 -1 
-2 | -1 
52
-2 -2 -2 -2 -2 -1 2 2 2 2 1 | -2 -1 2 -1 2 1 
-2 -2 -2 -2 -1 2 2 2 1 -2 1 | -2 -1 2 -1 2 1 
-2 -2 -2 -2 -1 2 2 1 -2 1 1 | -2 -1 2 -1 2 1 
-2 -2 -2 -2 -1 2 1 -2 1 1 1 | -2 -1 2 -1 2 1 
-2 -2 -2 -2 -2 1 1 1 1 | -2 -1 2 -1 2 1 
-2 -2 -2 -2 1 -2 -1 2 1 1 1 | -2 -1 2 -1 2 1 
-2 -2 -2 1 -2 -1 -1 2 1 1 1 | -2 -1 2 -1 2 1 
-2 -2 1 -2 -1 -1 -1 2 1 1 1 | -2 -1 2 -1 2 1 
-2 -2 -1 -1 -1 2 1 1 1 -2 -1 2 1 | -2 -1 2 -1 2 1 
-2 -2 -1 -1 -1 2 1 1 -2 1 1 | -2 -1 2 -1 2 1 
-2 -2 -1 -1 -2 1 2 1 -2 1 1 | -2 -1 2 -1 2 1 
-2 -2 -1 -2 -1 2 2 1 -2 1 1 | -2 -1 2 -1 2 1 
-2 -2 -1 -2 -1 2 1 -2 1 1 1 | -2 -1 2 -1 2 1 
-2 -2 -1 -2 -2 1 1 1 1 | -2 -1 2 -1 2 1 
-2 -2 -2 -1 2 -1 -2 1 1 1 1 | -2 -1 2 -1 2 1 
-2 -2 -2 -1 -1 2 1 1 1 | -2 -1 2 -1 2 1 
-2 -2 -2 -1 -2 1 2 1 1 | -2 -1 2 -1 2 1 
-2 -2 -2 -2 -1 2 2 1 1 | -2 -1 2 -1 2 1 
-2 -2 -2 -2 -2 1 2 -1 2 1 1 | -2 -1 2 -1 2 1 
-2 -2 -2 -2 -2 1 1 2 1 | -2 -1 2 -1 2 1 
-2 -2 -2 -2 1 -2 -1 2 1 2 1 | -2 -1 2 -1 2 1 
-2 -2 -2 -2 1 -2 -2 1 2 2 1 | -2 -1 2 -1 2 1 
-2 -2 -2 1 -2 -1 -2 1 2 2 1 | -2 -1 2 -1 2 1 
-2 -2 -2 1 -2 -2 -1 2 2 2 1 | -2 -1 2 -1 2 1 
-2 -2 1 -2 -1 -2 -1 2 2 2 1 | -2 -1 2 -1 2 1 
-2 -1 -1 -2 -1 2 2 2 1 -2 1 | -2 -1 2 -1 2 1 
-2 -1 -1 -2 -1 2 2 1 -2 1 1 | -2 -1 2 -1 2 1 
-2 -1 -1 -2 -1 2 1 -2 1 1 1 | -2 -1 2 -1 2 1 
-2 -2 1 1 1 1 -2 -1 -1 | -2 -1 2 -1 2 1 
-2 -1 -1 -2 1 -2 -1 2 1 1 1 | -2 -1 2 -1 2 1 
-2 -1 -2 -1 -1 2 1 1 1 | -2 -1 2 -1 2 1 
-2 -2 -1 -1 2 1 1 -2 1 | -2 -1 2 -1 2 1 
-2 -2 -1 -2 1 2 1 -2 1 | -2 -1 2 -1 2 1 
-2 -2 -2 -1 2 2 1 -2 1 | -2 -1 2 -1 2 1 
-2 -2 -2 -1 2 1 -2 1 1 | -2 -1 2 -1 2 1 
-2 -2 -2 -2 1 1 1 | -2 -1 2 -1 2 1 
-2 -2 -2 1 -2 -1 2 1 1 | -2 -1 2 -1 2 1 
-2 -2 -2 1 -2 -2 1 2 1 | -2 -1 2 -1 2 1 
-2 -2 1 -2 -1 -2 1 2 1 | -2 -1 2 -1 2 1 
-2 -2 -1 2 2 1 -2 -2 1 | -2 -1 2 -1 2 1 
-2 -2 -1 2 1 -2 1 -2 1 | -2 -1 2 -1 2 1 
-2 -2 -2 1 1 -2 1 | -2 -1 2 -1 2 1 
-2 -2 -2 1 -2 1 -2 1 1 | -2 -1 2 -1 2 1 
-2 -2 1 -2 -2 1 1 | -2 -1 2 -1 2 1 
-2 -1 -2 1 1 -2 1 | -2 -1 2 -1 2 1 
-2 -2 -1 2 1 -2 1 | -2 -1 2 -1 2 1 
-2 -2 -2 1 1 | -2 -1 2 -1 2 1 
-2 -2 1 -2 -1 2 1 | -2 -1 2 -1 2 1 
-2 -2 1 -2 -2 1 2 | -2 -1 2 -1 2 1 
-2 -2 1 | -2 -1 2 -1 2 1 
-2 -2 1 | -2 
-2 1 | -2 
1 | -2 
45
-2 -2 -2 -2 -2 -1 2 2 2 2 1 | -2 -1 -2 -1 2 1 
-2 -2 -2 -2 1 2 -1 2 2 2 1 | -2 -1 -2 -1 2 1 
-2 -2 -2 1 -2 -1 -1 2 2 2 1 | -2 -1 -2 -1 2 1 
-2 -2 -2 1 -2 -1 2 1 2 -1 2 2 1 | -2 -1 -2 -1 2 1 
-2 -2 -2 1 1 2 2 -1 2 2 1 | -2 -1 -2 -1 2 1 
-2 -2 -2 1 2 1 -2 -1 2 -1 2 2 1 | -2 -1 -2 -1 2 1 
-2 -2 -1 2 -1 2 2 1 -2 -2 1 | -2 -1 -2 -1 2 1 
-2 -2 -1 2 -1 2 1 2 1 -2 1 | -2 -1 -2 -1 2 1 
-2 1 -2 1 2 -1 -1 2 1 2 1 | -2 -1 -2 -1 2 1 
-2 -1 -1 -1 2 1 2 1 -2 1 1 | -2 -1 -2 -1 2 1 
-2 -1 -1 2 1 2 2 1 -2 1 1 | -2 -1 -2 -1 2 1 
-2 -1 2 1 2 2 2 1 -2 1 1 | -2 -1 -2 -1 2 1 
-2 1 1 1 2 2 2 2 1 | -2 -1 -2 -1 2 1 
-2 -1 -2 1 1 2 2 2 2 1 1 | -2 -1 -2 -1 2 1 
-2 -2 -1 -2 1 2 2 2 2 1 1 | -2 -1 -2 -1 2 1 
-2 -2 -2 -1 2 2 2 1 1 | -2 -1 -2 -1 2 1 
-2 -2 1 2 -1 2 2 1 1 | -2 -1 -2 -1 2 1 
-2 -1 -1 2 2 1 1 -2 1 | -2 -1 -2 -1 2 1 
-2 -1 2 1 2 -1 2 1 1 -2 1 | -2 -1 -2 -1 2 1 
-2 1 1 2 2 -1 2 1 1 | -2 -1 -2 -1 2 1 
-2 -1 -2 1 2 2 -1 2 1 1 1 | -2 -1 -2 -1 2 1 
-2 -2 -1 2 -1 2 1 1 1 | -2 -1 -2 -1 2 1 
-2 1 2 -1 -1 2 1 1 1 | -2 -1 -2 -1 2 1 
-2 -1 -1 -1 2 1 1 1 1 | -2 -1 -2 -1 2 1 
-2 -1 -1 2 1 2 1 1 1 | -2 -1 -2 -1 2 1 
-2 -1 2 1 2 2 1 1 1 | -2 -1 -2 -1 2 1 
1 1 1 1 2 2 2 | -2 -1 -2 -1 2 1 
-2 -1 2 2 1 1 1 2 1 | -2 -1 -2 -1 2 1 
-1 2 1 1 1 2 1 1 2 | -2 -1 -2 -1 2 1 
1 1 2 1 1 2 2 1 2 | -2 -1 -2 -1 2 1 
-2 1 2 1 1 2 2 2 1 | -2 -1 -2 -1 2 1 
-2 1 2 2 2 1 1 | -2 -1 -2 -1 2 1 
-2 -1 2 2 1 1 1 | -2 -1 -2 -1 2 1 
-1 2 1 1 1 1 2 | -2 -1 -2 -1 2 1 
1 1 1 2 2 1 2 | -2 -1 -2 -1 2 1 
-2 -1 2 1 2 1 1 2 1 | -2 -1 -2 -1 2 1 
1 1 2 1 1 2 2 | -2 -1 -2 -1 2 1 
-2 1 2 2 1 2 1 | -2 -1 -2 -1 2 1 
-2 -1 2 1 2 1 1 | -2 -1 -2 -1 2 1 
1 1 1 2 2 | -2 -1 -2 -1 2 1 
-2 -1 2 1 1 2 1 | -2 -1 -2 -1 2 1 
1 1 2 1 2 | -2 -1 -2 -1 2 1 
1 1 2 1 2 | 1 1 2 
1 2 | 1 1 2 
1 2 | 1 
2 | 1 
20
-2 -2 -2 -2 -2 -1 2 2 2 2 1 | -2 -1 -1 2 2 1 
-2 -2 -2 -2 -1 2 2 1 1 | -2 -1 -1 2 2 1 
-2 -2 -2 -2 1 2 1 | -2 -1 -1 2 2 1 
-2 -2 -2 -2 1 2 1 | -2 -2 1 -2 -1 2 1 
-2 -2 1 1 2 -1 | -2 -2 1 -2 -1 2 1 
-2 -2 1 1 2 -1 | -2 -2 -2 -2 1 2 1 
-2 -2 -2 1 -2 1 1 | -2 -2 -2 -2 1 2 1 
-2 -2 -2 1 -2 1 1 | -2 1 2 -1 2 -1 
-2 -2 -1 -2 1 1 1 | -2 1 2 -1 2 -1 
-2 -2 1 1 1 -2 -1 2 -1 | -2 1 2 -1 2 -1 
-2 -2 1 1 2 -1 -1 | -2 1 2 -1 2 -1 
-2 -2 1 2 1 -2 -1 | -2 1 2 -1 2 -1 
-2 -2 -2 1 2 2 -1 | -2 1 2 -1 2 -1 
-2 -2 1 -2 1 2 -1 | -2 1 2 -1 2 -1 
-2 -2 -2 1 1 | -2 1 2 -1 2 -1 
-2 -2 1 -2 1 -2 1 | -2 1 2 -1 2 -1 
-2 -2 1 -2 1 | -2 1 2 -1 2 -1 
-2 -2 1 -2 1 | -2 -2 1 
-2 1 | -2 -2 1 
-2 1 | -2 
1 | -2 
6
-2 -2 -2 -2 -2 -1 2 2 2 2 1 | -1 2 2 2 2 2 
-1 2 2 2 2 | -1 2 2 2 2 2 
-1 2 2 2 2 | 2 
-1 2 2 2 | 2 
-1 2 2 | 2 
-1 2 | 2 
-1 | 2 
66
-2 -2 -2 -2 -2 -1 2 2 2 2 1 | -2 1 2 -1 2 -1 
-2 -2 -2 -2 -1 2 2 2 1 2 -1 | -2 1 2 -1 2 -1 
-2 -2 -2 -1 2 -1 2 2 1 2 -1 | -2 1 2 -1 2 -1 
-2 -2 -1 2 -1 -1 2 2 1 2 -1 | -2 1 2 -1 2 -1 
-2 -1 2 -1 -1 -1 2 2 1 2 -1 | -2 1 2 -1 2 -1 
-2 -1 -1 2 -1 -1 -1 2 2 1 1 | -2 1 2 -1 2 -1 
-2 -1 -2 -1 2 -1 -1 2 2 1 1 | -2 1 2 -1 2 -1 
-2 -2 -1 2 -1 2 2 1 1 -2 -1 | -2 1 2 -1 2 -1 
-2 -2 -1 2 -1 2 1 2 -1 2 1 -2 -1 | -2 1 2 -1 2 -1 
-2 -2 -1 2 -1 2 1 2 2 -1 -1 | -2 1 2 -1 2 -1 
-2 -2 -1 2 2 -1 2 2 2 -1 -1 | -2 1 2 -1 2 -1 
-2 -1 2 -1 2 -1 2 2 2 -1 -1 | -2 1 2 -1 2 -1 
-2 -1 -1 2 2 2 2 -1 -1 | -2 1 2 -1 2 -1 
-2 -1 -1 2 2 2 1 -2 -1 2 -1 | -2 1 2 -1 2 -1 
-2 -1 -1 2 2 1 2 -1 -1 2 -1 | -2 1 2 -1 2 -1 
-2 -1 -1 -1 2 2 1 2 -1 | -2 1 2 -1 2 -1 
-2 -1 -1 -1 -1 2 2 1 1 | -2 1 2 -1 2 -1 
-2 -1 -1 -1 2 -1 2 -1 2 1 1 | -2 1 2 -1 2 -1 
-2 -1 -1 -2 -1 2 2 -1 2 1 1 | -2 1 2 -1 2 -1 
-2 -1 -1 -2 -1 2 2 2 -1 2 1 | -2 1 2 -1 2 -1 
-2 -1 -1 -2 -1 2 2 2 2 -1 2 | -2 1 2 -1 2 -1 
-2 -2 -1 2 1 2 2 2 -1 -1 -1 | -2 1 2 -1 2 -1 
-2 -1 2 2 2 2 -1 -1 -1 | -2 1 2 -1 2 -1 
-2 -1 -1 2 2 2 2 -1 -1 -2 1 | -2 1 2 -1 2 -1 
-2 -2 -1 -1 2 2 2 2 -1 -2 1 | -2 1 2 -1 2 -1 
-2 -2 -2 -1 -1 2 2 2 1 | -2 1 2 -1 2 -1 
-2 -2 -2 -1 -1 2 2 2 1 | -2 -2 -1 -1 2 2 1 2 -1 
-2 -1 2 1 -2 1 | -2 -2 -1 -1 2 2 1 2 -1 
-2 -1 2 1 -2 1 | -2 -2 -1 -1 2 2 1 1 -2 -1 2 
-2 -1 2 1 -2 1 | -2 -1 -1 2 -1 -2 -1 2 2 1 1 
-2 -1 2 1 -2 1 | -2 -1 -2 -1 -1 2 2 1 1 
-2 -1 2 1 -2 1 | -2 -1 -2 -1 2 -1 2 -1 2 1 1 
-2 -1 2 1 -2 1 | -2 -2 -1 2 2 -1 2 1 1 -2 -1 
-2 -1 2 1 -2 1 | -2 -2 -1 2 2 2 -1 2 1 -2 -1 
-2 -1 2 1 -2 1 | -2 -2 -1 2 2 2 2 -1 -1 
-2 -1 2 1 -2 1 | -2 -2 -1 2 2 2 1 -2 -1 2 -1 
-2 -1 2 1 -2 1 | -2 -2 -1 2 2 1 2 -1 -1 2 -1 
-2 -1 2 1 -2 1 | -2 -2 -1 2 2 1 2 -1 -2 -1 2 
-2 -1 2 1 -2 1 | -2 -1 -1 2 -1 2 1 2 -1 
-2 -1 2 1 -2 1 | -2 -1 -1 -1 2 -1 2 1 1 
-2 -1 2 1 -2 1 | -2 -1 -1 -1 2 2 -1 2 1 
-2 -2 -2 1 1 1 1 | -2 -1 -1 -1 2 2 -1 2 1 
-2 -2 -2 1 1 1 1 | -2 -1 2 1 -2 1 
-2 -2 1 -2 1 -2 1 1 1 | -2 -1 2 1 -2 1 
-2 -2 1 -2 1 1 1 -2 1 -2 1 | -2 -1 2 1 -2 1 
-2 -2 1 -2 1 1 -2 1 1 | -2 -1 2 1 -2 1 
-2 -2 -2 1 2 1 -2 1 1 | -2 -1 2 1 -2 1 
-2 -2 -2 1 1 2 1 | -2 -1 2 1 -2 1 
-2 -2 -2 1 1 2 1 | -2 -1 -1 -1 2 2 1 
-2 -1 2 1 -2 1 | -2 -1 -1 -1 2 2 1 
-2 -1 -2 1 1 1 1 | -2 -1 -1 -1 2 2 1 
-2 -1 -2 1 1 1 1 | -2 -1 2 1 -2 1 
-2 -2 1 -2 1 1 1 | -2 -1 2 1 -2 1 
-2 -2 1 1 1 -2 1 -2 1 | -2 -1 2 1 -2 1 
-2 -2 1 1 -2 1 1 | -2 -1 2 1 -2 1 
-2 -2 1 1 -2 1 1 | -2 -1 2 -1 2 2 -1 
-2 -1 2 1 -2 1 | -2 -1 2 -1 2 2 -1 
-2 -1 2 1 -2 1 | -2 -1 -1 2 -1 2 1 
-2 -2 1 1 1 | -2 -1 -1 2 -1 2 1 
-2 -2 1 1 1 | -2 -1 2 1 -2 1 
-2 1 -2 1 -2 1 1 | -2 -1 2 1 -2 1 
-2 1 -2 1 1 | -2 -1 2 1 -2 1 
-2 1 1 | -2 -1 2 1 -2 1 
-2 1 1 | -2 -1 2 
-2 1 | -2 -1 2 
-2 1 | -2 
1 | -2 
15
-2 -2 -2 -2 -2 -1 2 2 2 2 1 | -2 -2 1 2 -1 -1 
-2 -2 -2 -2 -1 -1 2 2 1 | -2 -2 1 2 -1 -1 
-2 -2 -2 -2 -1 2 -1 | -2 -2 1 2 -1 -1 
-2 -2 -2 -2 -1 2 -1 | -2 -2 -2 -1 -1 -2 -1 
-2 1 2 1 2 -1 | -2 -2 -2 -1 -1 -2 -1 
-2 1 2 1 2 -1 | -2 -2 -2 -1 -2 -1 -2 -1 -1 
-2 1 2 1 2 -1 | -2 -2 -1 -2 -2 -1 -1 
-2 1 2 1 2 -1 | -2 -1 -2 1 -2 -1 -1 
-2 1 2 1 2 -1 | -2 -2 1 2 -1 -2 -1 
-2 1 2 1 2 -1 | -2 -2 -2 -1 -1 
-2 1 2 1 2 -1 | -2 -2 -1 -2 -1 -2 -1 
-2 1 2 1 2 -1 | -2 -2 -1 -2 -1 
-2 -2 -1 | -2 -2 -1 -2 -1 
-2 -2 -1 | -2 -1 
-2 | -2 -1 
-2 | -1 
55
-2 -2 -2 -2 -2 -1 2 2 2 2 1 | -2 -1 -2 1 2 -1 
-2 -2 -2 -2 -1 -2 -1 2 2 2 1 | -2 -1 -2 1 2 -1 
-2 -2 -2 -2 -1 -1 -2 -1 2 2 1 | -2 -1 -2 1 2 -1 
-2 -2 -2 -2 -1 -1 -1 -2 -1 2 1 | -2 -1 -2 1 2 -1 
-2 -2 -2 -2 -2 -1 -1 -1 -1 | -2 -1 -2 1 2 -1 
-2 -2 -2 -2 -1 -2 -1 -2 -1 -1 -1 | -2 -1 -2 1 2 -1 
-2 -2 -2 1 -2 -1 -1 -2 -1 -1 -1 | -2 -1 -2 1 2 -1 
-2 -2 -1 -1 -2 -1 -1 -1 -2 -2 1 2 1 | -2 -1 -2 1 2 -1 
-2 -2 -1 -1 -2 -1 -1 -1 -2 1 2 1 1 | -2 -1 -2 1 2 -1 
-2 -2 -1 -1 -2 -1 -1 2 1 1 1 | -2 -1 -2 1 2 -1 
-2 -2 -1 -1 -2 -1 2 -1 -2 1 1 | -2 -1 -2 1 2 -1 
-2 -2 -1 -1 -2 -1 2 2 1 -2 1 | -2 -1 -2 1 2 -1 
-2 -2 -1 -1 -1 -2 -1 2 1 -2 1 | -2 -1 -2 1 2 -1 
-2 -2 -1 -1 -1 -1 -2 -2 1 | -2 -1 -2 1 2 -1 
-2 -2 -2 -1 -1 -1 -1 -2 1 2 1 | -2 -1 -2 1 2 -1 
-2 -2 -2 -1 -1 -1 2 1 1 | -2 -1 -2 1 2 -1 
-2 -2 -2 -1 -1 2 -1 -2 1 | -2 -1 -2 1 2 -1 
-2 -2 -2 -2 -1 -1 2 2 1 | -2 -1 -2 1 2 -1 
-2 -2 -2 -2 -2 -1 -1 2 1 2 -1 | -2 -1 -2 1 2 -1 
-2 -2 -2 -2 -2 -1 2 -1 -1 | -2 -1 -2 1 2 -1 
-2 -2 -2 -2 -1 -2 -1 -1 -1 | -2 -1 -2 1 2 -1 
-2 -2 -2 1 -2 -1 -1 -1 -1 | -2 -1 -2 1 2 -1 
-2 -2 -1 -1 -1 -1 -2 -2 1 2 1 | -2 -1 -2 1 2 -1 
-2 -2 -1 -1 -1 -1 -2 1 2 1 1 | -2 -1 -2 1 2 -1 
-2 -2 -1 -1 -1 2 1 1 1 | -2 -1 -2 1 2 -1 
-2 -2 -1 -1 2 -1 -2 1 1 | -2 -1 -2 1 2 -1 
-2 -2 -1 -1 2 2 1 -2 1 | -2 -1 -2 1 2 -1 
-2 -2 -1 -1 2 1 2 -1 -2 -2 1 | -2 -1 -2 1 2 -1 
-2 -2 -1 2 -1 -1 -2 -2 1 | -2 -1 -2 1 2 -1 
-2 -2 -2 -1 2 -1 -1 -2 1 2 1 | -2 -1 -2 1 2 -1 
-2 -2 -2 -1 2 -1 2 1 1 | -2 -1 -2 1 2 -1 
-2 -2 -2 -1 2 2 -1 -2 1 | -2 -1 -2 1 2 -1 
-2 -2 -2 -2 -1 2 2 2 1 | -2 -1 -2 1 2 -1 
-2 -2 -2 -1 -2 -1 2 2 1 | -2 -1 -2 1 2 -1 
-2 -2 -2 -1 -1 -2 -1 2 1 | -2 -1 -2 1 2 -1 
-2 -2 -2 -2 -1 -1 -1 | -2 -1 -2 1 2 -1 
-2 -2 -2 -2 -1 -1 -1 | -2 1 1 2 2 2 1 2 -1 
-2 -1 -2 1 2 -1 | -2 1 1 2 2 2 1 2 -1 
-2 -1 -2 1 2 -1 | -2 1 1 2 2 1 2 -1 -1 
-2 -1 -2 1 2 -1 | -2 1 2 2 1 2 -1 2 1 
-2 -1 -2 1 2 -1 | -1 2 1 1 2 1 2 1 2 
-2 -1 -2 1 2 -1 | -1 2 1 1 1 2 2 
-2 -1 -2 1 2 -1 | -2 1 1 2 2 2 -1 
-2 -1 -2 1 2 -1 | -2 1 2 2 2 2 1 
-2 -1 -2 1 2 -1 | 1 1 2 1 2 2 2 
-2 -1 -2 1 2 -1 | -2 1 2 1 2 2 1 2 -1 
-2 -1 -2 1 2 -1 | 1 1 2 2 1 2 2 
-2 -1 -2 1 2 -1 | -1 2 1 1 2 1 2 
-2 -1 -2 1 2 -1 | -2 1 2 1 2 2 -1 
-2 -1 -2 1 2 -1 | 1 1 2 2 2 
-2 -1 -2 1 2 -1 | -2 1 2 2 1 2 -1 
-2 -2 -1 -2 -1 | -2 1 2 2 1 2 -1 
-2 -2 -1 -2 -1 | -2 -1 
-2 -2 -1 | -2 -1 
-2 | -2 -1 
-2 | -1 
7
-2 -2 -2 -2 -2 -1 2 2 2 2 1 | -2 -2 -2 -2 -2 -1 
-2 -2 -2 -2 -2 -2 -1 | -2 -2 -2 -2 -2 -1 
-2 | -2 -2 -2 -2 -2 -1 
-2 | -2 -2 -2 -2 -1 
-2 | -2 -2 -2 -1 
-2 | -2 -2 -1 
-2 | -2 -1 
-2 | -1 
54
-2 -2 -2 -2 -2 -1 2 2 2 2 1 | -2 -2 -1 2 1 -2 -1 
-2 -2 -2 1 2 -1 2 2 2 1 | -2 -2 -1 2 1 -2 -1 
-2 -2 1 -2 -1 -2 -1 2 2 2 1 | -2 -2 -1 2 1 -2 -1 
-2 -2 1 -2 -1 2 1 2 -1 2 2 1 | -2 -2 -1 2 1 -2 -1 
-2 -2 1 2 1 2 2 -1 2 2 1 | -2 -2 -1 2 1 -2 -1 
-2 -2 1 2 2 1 -2 -1 -1 2 2 1 | -2 -2 -1 2 1 -2 -1 
-2 -2 -1 -1 2 2 1 -2 1 | -2 -2 -1 2 1 -2 -1 
-2 -2 -1 -1 2 1 2 2 1 1 | -2 -2 -1 2 1 -2 -1 
-2 -2 -1 2 2 1 2 2 2 1 1 | -2 -2 -1 2 1 -2 -1 
-1 2 1 2 2 2 1 1 1 2 | -2 -2 -1 2 1 -2 -1 
1 1 1 2 2 2 1 2 2 2 2 | -2 -2 -1 2 1 -2 -1 
-2 -1 2 1 2 2 2 2 1 1 2 1 | -2 -2 -1 2 1 -2 -1 
1 1 2 1 2 1 2 2 2 2 2 | -2 -2 -1 2 1 -2 -1 
-2 -1 2 2 2 1 1 2 1 2 2 1 | -2 -2 -1 2 1 -2 -1 
-2 -2 -1 2 2 2 1 1 2 2 1 | -2 -2 -1 2 1 -2 -1 
-2 -2 -2 -1 2 2 2 1 2 1 | -2 -2 -1 2 1 -2 -1 
-2 1 2 -1 2 2 1 2 1 | -2 -2 -1 2 1 -2 -1 
-2 -1 -2 -1 2 2 1 2 1 1 | -2 -2 -1 2 1 -2 -1 
-2 -1 2 1 2 -1 2 1 2 1 1 | -2 -2 -1 2 1 -2 -1 
-1 2 1 2 1 1 2 1 2 2 | -2 -2 -1 2 1 -2 -1 
-2 -1 -1 2 1 2 1 1 2 2 1 | -2 -2 -1 2 1 -2 -1 
-2 -2 -1 -1 2 1 2 1 2 1 | -2 -2 -1 2 1 -2 -1 
-2 -2 -1 -1 2 1 -2 -1 2 1 1 | -2 -2 -1 2 1 -2 -1 
-2 -2 -1 2 2 2 1 1 | -2 -2 -1 2 1 -2 -1 
-1 2 2 1 1 1 2 | -2 -2 -1 2 1 -2 -1 
-2 -1 -2 -1 2 2 1 1 2 1 | -2 -2 -1 2 1 -2 -1 
-2 -1 2 1 2 -1 2 1 1 2 1 | -2 -2 -1 2 1 -2 -1 
-1 2 1 1 2 1 2 1 2 2 | -2 -2 -1 2 1 -2 -1 
-2 -1 -1 2 1 1 2 1 2 2 1 | -2 -2 -1 2 1 -2 -1 
-2 -2 -1 -1 2 1 1 2 2 1 | -2 -2 -1 2 1 -2 -1 
-2 -2 -2 -1 -1 2 1 2 1 | -2 -2 -1 2 1 -2 -1 
-2 -2 -2 -1 2 2 1 2 2 1 | -2 -2 -1 2 1 -2 -1 
-2 1 2 -1 2 1 2 2 1 | -2 -2 -1 2 1 -2 -1 
-2 -1 -2 -1 2 1 2 2 1 1 | -2 -2 -1 2 1 -2 -1 
-2 -1 2 1 2 2 2 1 1 | -2 -2 -1 2 1 -2 -1 
1 1 2 1 2 2 2 2 | -2 -2 -1 2 1 -2 -1 
-2 -1 2 2 1 1 2 2 1 | -2 -2 -1 2 1 -2 -1 
-2 -2 -1 2 2 1 2 1 | -2 -2 -1 2 1 -2 -1 
-1 2 1 2 1 1 2 | -2 -2 -1 2 1 -2 -1 
1 1 2 2 2 1 2 2 | -2 -2 -1 2 1 -2 -1 
-2 1 2 2 2 2 1 | -2 -2 -1 2 1 -2 -1 
-2 1 2 2 2 2 1 | -2 -1 2 2 1 1 
-2 1 2 2 2 2 1 | 1 1 2 2 2 1 2 
-2 -1 -2 -1 2 1 | 1 1 2 2 2 1 2 
-2 -1 -2 -1 2 1 | 1 1 2 1 2 1 2 2 2 
-2 -1 -2 -1 2 1 | 1 1 2 2 1 2 2 
-2 -1 -2 -1 2 1 | -1 2 1 2 1 1 2 
-2 -1 -2 -1 2 1 | -2 -1 2 2 1 2 1 
-2 -2 -2 -1 -1 | -2 -1 2 2 1 2 1 
-2 -2 -2 -1 -1 | -2 -1 -2 -1 2 1 
-2 -2 -1 -2 1 2 -1 | -2 -1 -2 -1 2 1 
-2 -2 -1 -2 1 2 -1 | -2 -2 -1 -2 -1 
-2 -2 -1 -2 1 2 -1 | -2 -1 
-2 | -2 -1 
-2 | -1 
23
-2 -2 -2 -2 -2 -1 2 2 2 2 1 | -1 -1 2 2 1 2 2 
-2 -2 -2 -2 -2 -1 2 2 2 2 1 | -2 -2 1 2 2 2 2 2 2 2 -1 -1 
-2 -2 -2 -2 -2 -1 2 2 2 2 1 | -2 -2 1 2 2 -1 2 2 2 2 -1 
-2 -2 -2 -2 -2 -1 2 2 2 2 1 | -2 -2 1 2 2 -1 -2 -1 2 2 2 2 
-2 -2 -2 -2 -2 -1 2 2 2 2 1 | -2 -2 -2 -1 2 2 2 -1 2 2 1 
-2 -2 -2 1 -2 -2 -1 2 2 1 | -2 -2 -2 -1 2 2 2 -1 2 2 1 
-2 -2 -2 -2 -2 1 1 | -2 -2 -2 -1 2 2 2 -1 2 2 1 
-2 -2 -2 -2 -2 1 1 | -2 -2 -2 1 -2 -2 -1 2 2 1 
-2 -2 1 -2 -2 1 2 2 -1 | -2 -2 -2 1 -2 -2 -1 2 2 1 
-2 -2 1 -2 -2 1 2 2 -1 | -2 -2 -2 -2 1 -2 1 
-2 1 2 2 -1 2 2 -1 | -2 -2 -2 -2 1 -2 1 
-2 1 2 2 -1 2 2 -1 | -2 -2 -1 -2 1 2 1 
-2 1 1 2 2 -1 -1 | -2 -2 -1 -2 1 2 1 
-2 1 -2 1 2 -1 | -2 -2 -1 -2 1 2 1 
-2 -1 -2 1 1 -2 1 | -2 -2 -1 -2 1 2 1 
-2 -1 -2 1 1 -2 1 | -2 -1 2 -1 2 1 
-2 -2 -1 2 1 -2 1 | -2 -1 2 -1 2 1 
-2 -2 -2 1 1 | -2 -1 2 -1 2 1 
-2 -2 1 -2 -1 2 1 | -2 -1 2 -1 2 1 
-2 -2 1 -2 -2 1 2 | -2 -1 2 -1 2 1 
-2 -2 1 | -2 -1 2 -1 2 1 
-2 -2 1 | -2 
-2 1 | -2 
1 | -2 
29
-2 -2 -2 -2 -2 -1 2 2 2 2 1 | -2 -1 2 2 1 2 -1 
-2 -2 -2 -2 1 -2 -1 2 2 1 | -2 -1 2 2 1 2 -1 
-2 -2 -2 -2 1 -2 -1 2 2 1 | -1 -1 2 2 2 2 2 
-2 -1 2 2 -1 2 1 | -1 -1 2 2 2 2 2 
-2 -1 2 2 -1 2 1 | -2 1 2 -1 -1 2 2 1 2 -1 
-2 -1 2 2 -1 2 1 | -1 2 -1 2 -1 2 2 1 2 
-2 -1 2 2 -1 2 1 | -2 1 2 -1 2 1 2 -1 2 -1 
-2 -1 2 2 -1 2 1 | -2 1 -2 1 2 2 -1 2 -1 
-2 -1 2 2 -1 2 1 | -2 -1 2 1 2 2 -1 2 
-2 -1 -1 -2 1 2 1 | -2 -1 2 1 2 2 -1 2 
-2 -1 -1 -2 1 2 1 | -2 -1 2 2 -1 2 1 
-2 -2 -1 -2 1 1 | -2 -1 2 2 -1 2 1 
-2 -2 -1 -2 1 1 | -2 -2 -2 -1 2 2 1 
-2 -2 1 2 -1 -2 1 | -2 -2 -2 -1 2 2 1 
-2 -2 -1 2 1 -2 -2 1 | -2 -2 -2 -1 2 2 1 
-2 -2 -1 -2 1 2 1 | -2 -2 -2 -1 2 2 1 
-2 -2 -1 -2 1 2 1 | -2 -1 2 -1 2 1 
-2 -2 -1 -2 1 2 1 | -2 -2 -1 -1 2 1 1 
-2 1 -2 1 2 -1 | -2 -2 -1 -1 2 1 1 
-2 1 -2 1 2 -1 | -2 -2 -1 -2 1 2 1 
-2 -1 -2 1 1 -2 1 | -2 -2 -1 -2 1 2 1 
-2 -1 -2 1 1 -2 1 | -2 -1 2 -1 2 1 
-2 -2 -1 2 1 -2 1 | -2 -1 2 -1 2 1 
-2 -2 -2 1 1 | -2 -1 2 -1 2 1 
-2 -2 1 -2 1 -2 1 | -2 -1 2 -1 2 1 
-2 -2 1 -2 1 | -2 -1 2 -1 2 1 
-2 -2 1 -2 1 | -2 -2 1 
-2 1 | -2 -2 1 
-2 1 | -2 
1 | -2 
26
-2 -2 -2 -2 -2 -1 2 2 2 2 1 | -2 -1 2 -1 2 2 1 
-2 -2 -2 -2 -1 2 2 1 -2 1 | -2 -1 2 -1 2 2 1 
-2 -2 -2 -2 -2 1 1 | -2 -1 2 -1 2 2 1 
-2 -2 -2 -2 -2 1 1 | -2 -2 -2 -2 -1 2 2 1 -2 1 
-2 -2 -2 -2 -2 1 1 | -2 1 2 -1 -1 -1 2 2 1 
-2 -2 -2 -2 -2 1 1 | -2 -2 -2 1 -2 1 2 -1 
-2 -2 -2 -2 -2 1 1 | -2 1 2 -1 2 2 -1 
-2 -2 -2 -1 -2 1 2 1 | -2 1 2 -1 2 2 -1 
-2 -2 -2 -1 -2 1 2 1 | -1 -1 2 2 2 2 2 
-2 1 2 -1 2 2 -1 | -1 -1 2 2 2 2 2 
-2 1 2 -1 2 2 -1 | -1 2 -1 2 2 -1 2 2 2 2 
-2 1 2 -1 2 2 -1 | -1 2 -1 2 -1 2 1 2 2 
-2 1 2 -1 2 2 -1 | -2 -1 2 -1 2 1 2 -1 2 1 
-2 1 2 -1 2 2 -1 | -2 -1 2 -1 2 2 1 -2 1 
-2 1 2 -1 2 2 -1 | -1 -1 2 2 1 2 
-2 1 2 -1 2 2 -1 | -2 -2 -1 2 2 2 1 
-2 -1 -2 1 2 2 2 -1 | -2 -2 -1 2 2 2 1 
-2 -1 2 2 1 2 -1 | -2 -2 -1 2 2 2 1 
-2 1 2 -1 2 -1 | -2 -2 -1 2 2 2 1 
-2 1 2 -1 2 -1 | -2 -1 2 -1 2 2 1 
-2 1 2 -1 2 -1 | -1 -1 2 2 2 
-2 1 2 -1 2 -1 | -2 -1 2 2 -1 2 1 
-1 2 -1 2 2 | -2 -1 2 2 -1 2 1 
-1 2 -1 2 2 | -2 1 
-1 2 2 | -2 1 
2 | -2 1 
2 | 1 
13
-2 -2 -2 -2 -2 -1 2 2 2 2 1 | -2 -1 -2 -1 2 2 1 
-2 -2 -2 -2 -1 2 2 1 2 1 | -2 -1 -2 -1 2 2 1 
-2 -2 -2 1 2 2 1 | -2 -1 -2 -1 2 2 1 
-2 -1 2 1 -2 1 | -2 -1 -2 -1 2 2 1 
-2 -1 2 1 -2 1 | -2 -1 -1 2 -1 2 1 
-2 -2 1 1 1 | -2 -1 -1 2 -1 2 1 
-2 -2 1 1 1 | -2 -1 2 1 -2 1 
-2 1 -2 1 -2 1 1 | -2 -1 2 1 -2 1 
-2 1 -2 1 1 | -2 -1 2 1 -2 1 
-2 1 1 | -2 -1 2 1 -2 1 
-2 1 1 | -2 -1 2 
-2 1 | -2 -1 2 
-2 1 | -2 
1 | -2 
12
-2 -2 -2 -2 -2 -1 2 2 2 2 1 | -2 -2 -1 -1 2 2 1 
-2 -2 -2 -1 2 2 1 1 | -2 -2 -1 -1 2 2 1 
-2 -2 -2 -1 2 2 1 1 | -2 -2 -1 2 2 2 -1 
-2 1 -2 1 1 | -2 -2 -1 2 2 2 -1 
-2 1 -2 1 1 | -2 -2 -1 2 2 1 -2 1 
-2 1 -2 1 1 | -2 -1 2 2 -1 
-2 -2 1 1 2 -1 | -2 -1 2 2 -1 
-2 1 2 -1 -1 | -2 -1 2 2 -1 
-2 1 2 -1 -1 | -1 -1 -1 2 
-2 1 1 | -1 -1 -1 2 
-2 1 1 | -1 
-2 1 | -1 
-2 | -1 
7
-2 -2 -2 -2 -2 -1 2 2 2 2 1 | -1 2 2 2 2 2 2 
-1 2 2 2 2 2 | -1 2 2 2 2 2 2 
-1 2 2 2 2 2 | 2 
-1 2 2 2 2 | 2 
-1 2 2 2 | 2 
-1 2 2 | 2 
-1 2 | 2 
-1 | 2 
79
-2 -2 -2 -2 -2 -1 2 2 2 2 1 | -2 1 2 -1 2 2 -1 
-2 -2 -2 -1 2 2 2 1 2 -1 | -2 1 2 -1 2 2 -1 
-2 -2 -1 2 2 -1 2 2 1 2 -1 | -2 1 2 -1 2 2 -1 
-2 -2 -1 2 -1 2 1 1 2 -1 | -2 1 2 -1 2 2 -1 
-2 -1 2 2 -1 -1 2 1 1 2 -1 | -2 1 2 -1 2 2 -1 
-2 -1 -1 2 2 -1 -1 2 1 1 -2 1 | -2 1 2 -1 2 2 -1 
-2 -1 -2 -1 2 -1 2 1 1 -2 1 | -2 1 2 -1 2 2 -1 
-2 -1 -2 -1 2 2 -1 2 2 1 -2 1 | -2 1 2 -1 2 2 -1 
-2 -2 -1 2 2 2 1 -2 1 -2 -1 | -2 1 2 -1 2 2 -1 
-2 -2 -1 2 2 1 2 -1 2 1 -2 -1 | -2 1 2 -1 2 2 -1 
-2 -2 -1 2 2 1 2 2 -1 2 -1 | -2 1 2 -1 2 2 -1 
-2 -2 -1 2 2 1 1 -2 -1 2 2 -1 | -2 1 2 -1 2 2 -1 
-2 -2 -1 -2 -1 2 2 1 1 | -2 1 2 -1 2 2 -1 
-2 -2 -1 -2 -1 2 2 1 1 | -2 -2 -1 -1 2 2 -1 2 1 1 
-2 -2 1 -2 -1 2 1 | -2 -2 -1 -1 2 2 -1 2 1 1 
-2 -2 1 -2 -1 2 1 | -2 -2 -1 -2 -1 2 2 1 1 
-2 -2 1 1 2 2 -1 -1 -2 1 | -2 -2 -1 -2 -1 2 2 1 1 
-2 -2 1 1 2 2 -1 -1 -2 1 | -2 -2 1 -2 -1 2 1 
-2 -2 -2 1 1 2 2 -1 -2 -2 1 | -2 -2 1 -2 -1 2 1 
-2 -2 -2 1 1 1 -2 -1 -2 1 | -2 -2 1 -2 -1 2 1 
-2 -2 -2 -2 1 1 1 -2 -2 -2 1 | -2 -2 1 -2 -1 2 1 
-2 -2 -2 -2 1 1 -2 1 2 -1 -2 1 | -2 -2 1 -2 -1 2 1 
-2 -2 -2 -2 -2 1 1 -2 1 -2 1 | -2 -2 1 -2 -1 2 1 
-2 -2 -2 1 1 -2 1 -2 -2 1 2 -1 | -2 -2 1 -2 -1 2 1 
-2 -2 -2 1 1 -2 -2 1 2 2 -1 | -2 -2 1 -2 -1 2 1 
-2 -2 -2 1 -2 1 2 2 2 -1 | -2 -2 1 -2 -1 2 1 
-2 -1 -2 1 1 2 2 2 -1 | -2 -2 1 -2 -1 2 1 
-2 -1 -2 1 1 2 1 -2 -1 2 | -2 -2 1 -2 -1 2 1 
-2 -2 1 1 -2 -1 -1 -2 1 2 1 | -2 -2 1 -2 -1 2 1 
-2 -1 -1 -2 1 1 2 1 | -2 -2 1 -2 -1 2 1 
-2 -2 1 -2 1 2 1 -2 -1 | -2 -2 1 -2 -1 2 1 
-2 -2 -2 1 -2 -1 -2 1 -2 1 2 1 | -2 -2 1 -2 -1 2 1 
-2 -1 -2 1 -2 1 1 2 -1 -2 1 | -2 -2 1 -2 -1 2 1 
-2 -2 -1 -2 1 -2 1 1 -2 1 | -2 -2 1 -2 -1 2 1 
-2 -2 -2 -2 1 -2 -2 1 1 -2 1 | -2 -2 1 -2 -1 2 1 
-2 -2 -2 -2 -2 1 2 1 -2 1 | -2 -2 1 -2 -1 2 1 
-2 -2 -2 -2 -2 1 1 2 -1 2 1 | -2 -2 1 -2 -1 2 1 
-2 -2 -2 1 1 2 2 -1 | -2 -2 1 -2 -1 2 1 
-2 -2 -2 1 1 1 -2 -1 2 | -2 -2 1 -2 -1 2 1 
-2 -2 -2 1 1 1 -2 -1 2 | -2 -2 -1 -1 2 2 2 1 
-2 -2 1 -2 -1 2 1 | -2 -2 -1 -1 2 2 2 1 
-2 -2 1 -2 -1 2 1 | -2 -2 -1 -2 -1 2 1 2 1 
-2 -2 1 -2 -1 2 1 | -2 -1 2 1 1 2 -1 -1 
-2 -2 1 1 1 -2 -1 | -2 -1 2 1 1 2 -1 -1 
-2 -2 1 1 1 -2 -1 | -2 -2 1 -2 -1 2 1 
-2 -2 -2 1 -2 -1 -2 1 1 1 | -2 -2 1 -2 -1 2 1 
-2 -1 -2 1 1 -2 1 2 -1 -2 1 | -2 -2 1 -2 -1 2 1 
-2 -2 -1 -2 1 1 -2 1 -2 1 | -2 -2 1 -2 -1 2 1 
-2 -2 1 2 -1 -1 -2 1 1 -2 1 | -2 -2 1 -2 -1 2 1 
-2 -2 1 2 2 -1 -1 -2 1 1 | -2 -2 1 -2 -1 2 1 
-2 1 -2 1 2 2 2 -1 -1 | -2 -2 1 -2 -1 2 1 
-2 -1 2 -1 -2 1 -2 1 2 1 | -2 -2 1 -2 -1 2 1 
-2 -2 1 2 1 -2 -1 -2 1 | -2 -2 1 -2 -1 2 1 
-2 -2 -2 1 -2 -2 -2 1 2 1 | -2 -2 1 -2 -1 2 1 
-2 -2 -2 1 1 2 -1 -2 1 | -2 -2 1 -2 -1 2 1 
-2 -2 -2 -2 1 1 -2 1 | -2 -2 1 -2 -1 2 1 
-2 -2 1 1 -2 -2 1 2 -1 | -2 -2 1 -2 -1 2 1 
-2 -2 1 -2 1 2 2 -1 | -2 -2 1 -2 -1 2 1 
-2 1 1 2 2 -1 -1 | -2 -2 1 -2 -1 2 1 
-2 -1 2 -1 -2 1 1 1 | -2 -2 1 -2 -1 2 1 
-2 -1 -2 1 -2 1 1 | -2 -2 1 -2 -1 2 1 
-2 -2 -2 1 -2 -2 1 1 | -2 -2 1 -2 -1 2 1 
-2 -2 -2 -2 1 2 1 | -2 -2 1 -2 -1 2 1 
-2 -2 1 1 2 -1 | -2 -2 1 -2 -1 2 1 
-2 -2 1 1 2 -1 | -2 -2 -2 -2 1 2 1 
-2 -2 -2 1 -2 1 1 | -2 -2 -2 -2 1 2 1 
-2 -2 -2 1 -2 1 1 | -2 1 2 -1 2 -1 
-2 -2 -1 -2 1 1 1 | -2 1 2 -1 2 -1 
-2 -2 1 1 1 -2 -1 2 -1 | -2 1 2 -1 2 -1 
-2 -2 1 1 2 -1 -1 | -2 1 2 -1 2 -1 
-2 -2 1 2 1 -2 -1 | -2 1 2 -1 2 -1 
-2 -2 -2 1 2 2 -1 | -2 1 2 -1 2 -1 
-2 -2 1 -2 1 2 -1 | -2 1 2 -1 2 -1 
-2 -2 -2 1 1 | -2 1 2 -1 2 -1 
-2 -2 1 -2 1 -2 1 | -2 1 2 -1 2 -1 
-2 -2 1 -2 1 | -2 1 2 -1 2 -1 
-2 -2 1 -2 1 | -2 -2 1 
-2 1 | -2 -2 1 
-2 1 | -2 
1 | -2 
11
-2 -2 -2 -2 -2 -1 2 2 2 2 1 | -2 -2 1 2 -1 2 -1 
-2 -2 -2 -2 -1 2 -1 2 2 1 | -2 -2 1 2 -1 2 -1 
-2 -2 -2 -2 -1 2 2 -1 2 | -2 -2 1 2 -1 2 -1 
-2 -1 -2 -1 2 1 | -2 -2 1 2 -1 2 -1 
-2 -1 -2 -1 2 1 | -2 -1 -1 2 -1 -2 1 
-2 -1 -2 -1 2 1 | -2 -2 -1 -1 -1 
-2 -1 -2 -1 2 1 | -2 -1 -1 -2 1 2 -1 
-2 -1 -2 -1 2 1 | -2 -1 -2 -1 -1 
1 1 2 | -2 -1 -2 -1 -1 
1 1 2 | -2 -1 
1 | -2 -1 
1 | -2 
23
-2 -2 -2 -2 -2 -1 2 2 2 2 1 | -2 -2 1 -2 -1 2 -1 
-2 -2 -2 -2 -1 2 2 1 -2 -1 | -2 -2 1 -2 -1 2 -1 
-2 -2 -2 -2 -1 2 2 1 -2 -1 | -2 -2 -2 -2 -2 -1 -1 
-2 -1 2 1 2 2 1 | -2 -2 -2 -2 -2 -1 -1 
-2 -1 2 1 2 2 1 | -2 -2 -2 -1 -2 -1 2 1 
1 1 2 2 2 2 2 | -2 -2 -2 -1 -2 -1 2 1 
1 1 2 2 2 2 2 | -2 -1 2 1 2 2 1 
1 2 1 2 2 1 2 2 2 2 | -2 -1 2 1 2 2 1 
-1 2 2 1 2 1 2 1 2 | -2 -1 2 1 2 2 1 
-2 1 2 1 2 -1 2 1 2 -1 | -2 -1 2 1 2 2 1 
-2 -1 -2 1 2 1 2 2 -1 | -2 -1 2 1 2 2 1 
-1 2 1 1 2 2 | -2 -1 2 1 2 2 1 
-2 -2 1 2 2 2 -1 | -2 -1 2 1 2 2 1 
-2 -2 1 2 2 2 -1 | -2 -1 2 2 2 1 -2 1 
-2 -2 1 2 2 2 -1 | -2 1 2 2 -1 2 1 
-2 -2 1 2 2 2 -1 | -2 -1 2 1 2 1 
-2 1 2 1 2 2 -1 | -2 -1 2 1 2 1 
1 1 2 2 2 | -2 -1 2 1 2 1 
-2 1 2 2 1 2 -1 | -2 -1 2 1 2 1 
-2 1 2 2 1 2 -1 | 1 2 1 2 2 
-2 -1 | 1 2 1 2 2 
-2 -1 | 1 2 2 
-2 -1 | 2 
-1 | 2 
9
-2 -2 -2 -2 -2 -1 2 2 2 2 1 | -2 -2 1 2 2 -1 -1 
-2 -2 -2 -1 -1 2 2 1 | -2 -2 1 2 2 -1 -1 
-2 -2 -2 -1 2 2 -1 | -2 -2 1 2 2 -1 -1 
-2 -1 -1 -1 | -2 -2 1 2 2 -1 -1 
-2 -1 -1 -1 | -2 1 2 2 1 
-2 -1 -1 -1 | -2 -1 -1 2 1 
-2 -1 -1 -1 | 1 1 2 
-1 | 1 1 2 
-1 | 1 2 
-1 | 2 
30
-2 -2 -2 -2 -2 -1 2 2 2 2 1 | -2 -2 -1 -1 -2 -2 1 
-2 -2 -2 -2 -2 -1 2 2 2 2 1 | -2 -2 -2 -2 -2 -2 -2 -1 -1 2 2 1 
-2 -2 -2 -2 -2 -1 2 2 2 2 1 | -2 -2 -2 -2 -1 2 2 1 -2 -2 -1 
-2 1 2 2 -1 2 2 1 | -2 -2 -2 -2 -1 2 2 1 -2 -2 -1 
-2 1 2 2 -1 2 2 1 | -2 -2 -2 -2 -2 -2 -1 -2 -1 
-2 -2 -2 -2 -1 -2 -2 1 2 2 -1 | -2 -2 -2 -2 -2 -2 -1 -2 -1 
-2 -2 -2 -2 -1 -2 -2 1 2 2 -1 | -2 -2 -2 -1 2 2 1 -2 -2 -1 
-2 -2 -2 -2 -2 -1 -2 -2 -1 | -2 -2 -2 -1 2 2 1 -2 -2 -1 
-2 -2 -2 -1 -2 -2 1 2 -1 | -2 -2 -2 -1 2 2 1 -2 -2 -1 
-2 -2 -2 -1 -2 -2 1 2 -1 | -2 -2 -2 -2 -2 -1 -2 -2 -1 
-2 -2 -2 -1 -2 -2 1 2 -1 | -2 -2 1 -2 -1 -1 
-2 -2 -2 1 2 2 -1 | -2 -2 1 -2 -1 -1 
-2 -2 -2 1 2 2 -1 | -2 -2 -1 2 1 -2 -1 
-2 -2 -2 1 2 2 -1 | -2 -2 -1 -2 -2 1 2 -1 
-2 1 2 2 1 2 -1 | -2 -2 -1 -2 -2 1 2 -1 
-2 1 2 2 1 2 -1 | -2 -2 -2 -2 -1 -2 -1 
-2 -2 -1 -2 -2 1 2 -1 | -2 -2 -2 -2 -1 -2 -1 
-2 -2 -1 -2 -2 1 2 -1 | -2 -2 1 -2 -1 2 -1 
-2 -2 1 1 2 -1 -1 | -2 -2 1 -2 -1 2 -1 
-2 -2 1 1 2 -1 -1 | -2 -1 -2 -1 2 1 
-2 -2 1 -2 -1 2 -1 | -2 -1 -2 -1 2 1 
-2 -2 -2 1 2 2 -1 | -2 -1 -2 -1 2 1 
-2 -2 -2 1 2 2 -1 | -2 -2 1 2 -1 -2 -1 
-2 1 2 1 2 -1 | -2 -2 1 2 -1 -2 -1 
-2 1 2 1 2 -1 | -2 -2 -2 -1 -1 
-2 1 2 1 2 -1 | -2 -2 -1 -2 -1 -2 -1 
-2 1 2 1 2 -1 | -2 -2 -1 -2 -1 
-2 -2 -1 | -2 -2 -1 -2 -1 
-2 -2 -1 | -2 -1 
-2 | -2 -1 
-2 | -1 
28
-2 -2 -2 -2 -2 -1 2 2 2 2 1 | -2 -2 1 2 -1 -2 -1 
-2 -2 -2 -2 -1 -2 -1 2 2 1 | -2 -2 1 2 -1 -2 -1 
-2 -2 -2 -2 -2 -1 -1 | -2 -2 1 2 -1 -2 -1 
-2 -2 -2 -2 -2 -1 -1 | -2 -2 -2 -2 -1 -2 -1 -2 -2 -1 
-2 1 2 2 1 2 -1 | -2 -2 -2 -2 -1 -2 -1 -2 -2 -1 
-2 1 2 2 1 2 -1 | -2 -2 -1 -2 -1 -2 -1 -2 1 
-2 1 2 2 1 2 -1 | -2 -1 -2 1 -2 -1 -2 1 2 -1 
-2 1 2 2 1 2 -1 | -2 -2 -2 -1 -1 -2 1 -2 -1 
-2 1 2 2 1 2 -1 | -2 -2 1 -2 -1 -1 
-2 -2 -2 1 2 2 -1 | -2 -2 1 -2 -1 -1 
-2 -2 -2 1 2 2 -1 | -2 -2 -1 2 1 -2 -1 
-2 -2 -2 1 2 2 -1 | -2 -2 -1 -2 -2 1 2 -1 
-2 1 2 2 1 2 -1 | -2 -2 -1 -2 -2 1 2 -1 
-2 1 2 2 1 2 -1 | -2 -2 -2 -2 -1 -2 -1 
-2 -2 -1 -2 -2 1 2 -1 | -2 -2 -2 -2 -1 -2 -1 
-2 -2 -1 -2 -2 1 2 -1 | -2 -2 1 -2 -1 2 -1 
-2 -2 1 1 2 -1 -1 | -2 -2 1 -2 -1 2 -1 
-2 -2 1 1 2 -1 -1 | -2 -1 -2 -1 2 1 
-2 -2 1 -2 -1 2 -1 | -2 -1 -2 -1 2 1 
-2 -2 -2 1 2 2 -1 | -2 -1 -2 -1 2 1 
-2 -2 -2 1 2 2 -1 | -2 -2 1 2 -1 -2 -1 
-2 1 2 1 2 -1 | -2 -2 1 2 -1 -2 -1 
-2 1 2 1 2 -1 | -2 -2 -2 -1 -1 
-2 1 2 1 2 -1 | -2 -2 -1 -2 -1 -2 -1 
-2 1 2 1 2 -1 | -2 -2 -1 -2 -1 
-2 -2 -1 | -2 -2 -1 -2 -1 
-2 -2 -1 | -2 -1 
-2 | -2 -1 
-2 | -1 
8
-2 -2 -2 -2 -2 -1 2 2 2 2 1 | -2 -2 -2 -2 -2 -2 -1 
-2 -2 -2 -2 -2 -2 -2 -1 | -2 -2 -2 -2 -2 -2 -1 
-2 | -2 -2 -2 -2 -2 -2 -1 
-2 | -2 -2 -2 -2 -2 -1 
-2 | -2 -2 -2 -2 -1 
-2 | -2 -2 -2 -1 
-2 | -2 -2 -1 
-2 | -2 -1 
-2 | -1 
32
-2 -2 -2 -2 -2 -1 2 2 2 2 1 | -1 -1 2 2 1 2 2 2 
-2 -2 -2 -2 -2 -1 2 2 2 2 1 | -2 -2 -1 2 2 2 2 -1 2 2 1 
-2 -2 -2 -2 1 -2 -2 -2 -1 2 2 1 | -2 -2 -1 2 2 2 2 -1 2 2 1 
-2 -2 -2 -2 -2 -2 -2 1 -2 -2 1 | -2 -2 -1 2 2 2 2 -1 2 2 1 
-2 -2 -2 -2 -2 -2 -2 1 -2 -2 1 | -2 -2 -2 -2 1 -2 -2 -2 -1 2 2 1 
-2 -2 -2 -1 -2 -2 1 2 1 | -2 -2 -2 -2 1 -2 -2 -2 -1 2 2 1 
-2 -2 -2 -1 -2 -2 1 2 1 | -2 -2 -2 -2 -2 -1 2 2 2 2 1 
-2 -2 -2 -1 -2 -2 1 2 1 | -2 -2 -1 2 2 2 -1 2 2 1 
-2 -2 -2 1 -2 -1 -2 -2 1 -2 1 | -2 -2 -1 2 2 2 -1 2 2 1 
-2 -2 -2 -1 2 2 1 -2 -2 -2 1 | -2 -2 -1 2 2 2 -1 2 2 1 
-2 -2 -2 -2 -2 -2 1 -2 1 | -2 -2 -1 2 2 2 -1 2 2 1 
-2 -2 -2 -2 1 -2 -2 -1 2 2 1 | -2 -2 -1 2 2 2 -1 2 2 1 
-2 -2 -2 -2 -2 1 -2 -2 1 | -2 -2 -1 2 2 2 -1 2 2 1 
-2 -2 -2 -2 -2 1 -2 -2 1 | -2 -2 -2 1 -2 -2 -1 2 1 
-2 -2 -1 -2 1 1 | -2 -2 -2 1 -2 -2 -1 2 1 
-2 -2 -1 -2 1 1 | -2 -2 -2 -1 2 2 1 
-2 -2 1 2 -1 -2 1 | -2 -2 -2 -1 2 2 1 
-2 -2 -1 2 1 -2 -2 1 | -2 -2 -2 -1 2 2 1 
-2 -2 -1 -2 1 2 1 | -2 -2 -2 -1 2 2 1 
-2 -2 -1 -2 1 2 1 | -2 -1 2 -1 2 1 
-2 -2 -1 -2 1 2 1 | -2 -2 -1 -1 2 1 1 
-2 1 -2 1 2 -1 | -2 -2 -1 -1 2 1 1 
-2 1 -2 1 2 -1 | -2 -2 -1 -2 1 2 1 
-2 -1 -2 1 1 -2 1 | -2 -2 -1 -2 1 2 1 
-2 -1 -2 1 1 -2 1 | -2 -1 2 -1 2 1 
-2 -2 -1 2 1 -2 1 | -2 -1 2 -1 2 1 
-2 -2 -2 1 1 | -2 -1 2 -1 2 1 
-2 -2 1 -2 1 -2 1 | -2 -1 2 -1 2 1 
-2 -2 1 -2 1 | -2 -1 2 -1 2 1 
-2 -2 1 -2 1 | -2 -2 1 
-2 1 | -2 -2 1 
-2 1 | -2 
1 | -2 
24
-2 -2 -2 -2 -2 -1 2 2 2 2 1 | -2 -1 2 2 1 2 2 -1 
-2 -2 -2 -2 1 -2 -2 -1 2 2 1 | -2 -1 2 2 1 2 2 -1 
-2 -2 -2 -2 1 -2 -2 -1 2 2 1 | -1 2 -1 2 2 2 2 2 2 
-2 -2 -2 -2 1 -2 -2 -1 2 2 1 | -2 -2 -1 2 2 2 -1 2 2 1 
-2 -2 -2 -2 -2 1 -2 -2 1 | -2 -2 -1 2 2 2 -1 2 2 1 
-2 -2 -2 -2 -2 1 -2 -2 1 | -2 -2 -2 1 -2 -2 -1 2 1 
-2 -2 -1 -2 1 1 | -2 -2 -2 1 -2 -2 -1 2 1 
-2 -2 -1 -2 1 1 | -2 -2 -2 -1 2 2 1 
-2 -2 1 2 -1 -2 1 | -2 -2 -2 -1 2 2 1 
-2 -2 -1 2 1 -2 -2 1 | -2 -2 -2 -1 2 2 1 
-2 -2 -1 -2 1 2 1 | -2 -2 -2 -1 2 2 1 
-2 -2 -1 -2 1 2 1 | -2 -1 2 -1 2 1 
-2 -2 -1 -2 1 2 1 | -2 -2 -1 -1 2 1 1 
-2 1 -2 1 2 -1 | -2 -2 -1 -1 2 1 1 
-2 1 -2 1 2 -1 | -2 -2 -1 -2 1 2 1 
-2 -1 -2 1 1 -2 1 | -2 -2 -1 -2 1 2 1 
-2 -1 -2 1 1 -2 1 | -2 -1 2 -1 2 1 
-2 -2 -1 2 1 -2 1 | -2 -1 2 -1 2 1 
-2 -2 -2 1 1 | -2 -1 2 -1 2 1 
-2 -2 1 -2 1 -2 1 | -2 -1 2 -1 2 1 
-2 -2 1 -2 1 | -2 -1 2 -1 2 1 
-2 -2 1 -2 1 | -2 -2 1 
-2 1 | -2 -2 1 
-2 1 | -2 
1 | -2 
18
-2 -2 -2 -2 -2 -1 2 2 2 2 1 | -2 -2 -1 2 2 1 2 -1 
-2 -2 -2 1 -2 -1 2 2 1 | -2 -2 -1 2 2 1 2 -1 
-2 -2 -2 -2 1 2 1 | -2 -2 -1 2 2 1 2 -1 
-2 -2 -2 -2 1 2 1 | -2 -2 1 2 -1 -2 1 
-2 -2 -2 -2 1 2 1 | -2 1 2 2 -1 -1 
-2 -2 -2 -2 1 2 1 | -1 -1 2 2 2 -1 2 
-2 -1 2 -1 2 1 | -1 -1 2 2 2 -1 2 
-2 -1 2 -1 2 1 | -1 -1 2 -1 2 -1 2 2 2 
-2 -1 2 -1 2 1 | -1 -1 2 2 -1 2 2 
-2 -1 -2 1 1 -2 1 | -1 -1 2 2 -1 2 2 
-2 -1 -2 1 1 -2 1 | -2 -1 2 -1 2 1 
-2 -2 -1 2 1 -2 1 | -2 -1 2 -1 2 1 
-2 -2 -2 1 1 | -2 -1 2 -1 2 1 
-2 -2 1 -2 -1 2 1 | -2 -1 2 -1 2 1 
-2 -2 1 -2 -2 1 2 | -2 -1 2 -1 2 1 
-2 -2 1 | -2 -1 2 -1 2 1 
-2 -2 1 | -2 
-2 1 | -2 
1 | -2 
13
-2 -2 -2 -2 -2 -1 2 2 2 2 1 | -2 -2 -1 2 2 1 -2 -1 
-2 -2 -2 1 2 -1 2 2 1 | -2 -2 -1 2 2 1 -2 -1 
-2 -2 -2 1 2 -1 2 2 1 | -2 -2 -2 -1 2 2 -1 
-2 -2 -1 2 2 1 -2 -1 | -2 -2 -2 -1 2 2 -1 
-2 -1 2 1 1 | -2 -2 -2 -1 2 2 -1 
-2 -1 2 1 1 | -2 -2 -1 -1 2 -1 
-2 -1 2 1 1 | -2 -2 -1 2 -1 -1 -1 
-2 -1 2 1 1 | -2 -1 -1 -1 -1 -1 
-2 -1 -1 -1 -1 | -2 -1 -1 -1 -1 -1 
-2 -1 -1 -1 -1 | -1 
-2 -1 -1 -1 | -1 
-2 -1 -1 | -1 
-2 -1 | -1 
-2 | -1 
12
-2 -2 -2 -2 -2 -1 2 2 2 2 1 | -2 -2 -1 2 -1 2 2 1 
-2 -2 -2 -1 2 2 1 -2 1 | -2 -2 -1 2 -1 2 2 1 
-2 -2 -2 -2 1 2 1 | -2 -2 -1 2 -1 2 2 1 
-2 -2 -2 -2 1 2 1 | -2 -1 2 2 -1 2 -1 2 2 
-2 -2 -2 -2 1 2 1 | -2 -2 1 2 2 -1 2 -1 
-2 -2 1 -2 1 -2 1 | -2 -2 1 2 2 -1 2 -1 
-2 -2 1 -2 1 -2 1 | -2 -2 -2 1 1 
-2 -2 1 -2 1 -2 1 | -2 -1 2 -1 2 1 
-2 -2 1 -2 1 | -2 -1 2 -1 2 1 
-2 -2 1 -2 1 | -2 -2 1 
-2 1 | -2 -2 1 
-2 1 | -2 
1 | -2 
10
-2 -2 -2 -2 -2 -1 2 2 2 2 1 | -2 -2 -1 -2 -1 2 2 1 
-2 -2 -2 -1 2 2 1 2 1 | -2 -2 -1 -2 -1 2 2 1 
-2 -2 1 2 2 2 1 | -2 -2 -1 -2 -1 2 2 1 
-2 -2 1 2 2 2 1 | -2 -2 -1 2 2 1 1 
1 1 1 2 | -2 -2 -1 2 2 1 1 
1 1 1 2 | -2 -2 -1 2 -1 
1 1 1 2 | -2 -1 2 1 1 
1 1 1 2 | -2 -1 -1 
1 | -2 -1 -1 
1 | -2 -1 
1 | -2 
9
-2 -2 -2 -2 -2 -1 2 2 2 2 1 | -2 -2 -2 -1 -1 2 2 1 
-2 -2 -1 2 2 1 1 | -2 -2 -2 -1 -1 2 2 1 
-2 -2 -1 2 2 1 1 | -2 -2 -2 -1 2 2 -1 
-2 -2 -1 2 2 1 1 | -2 -1 -1 -1 
-2 -2 -1 2 -1 | -2 -1 -1 -1 
-2 -1 2 1 1 | -2 -1 -1 -1 
-2 -1 -1 | -2 -1 -1 -1 
-2 -1 -1 | -1 
-2 -1 | -1 
-2 | -1 
9
-2 -2 -2 -2 -2 -1 2 2 2 2 1 | -1 -1 2 2 2 2 1 2 
-2 -2 -2 -2 -2 -2 1 | -1 -1 2 2 2 2 1 2 
-2 -2 -2 -2 -2 -2 1 | -2 -2 1 2 -1 
-2 -2 -2 -2 -2 1 | -2 -2 1 2 -1 
-2 -2 -2 -2 1 | -2 -2 1 2 -1 
-2 -2 -2 -2 1 | -1 2 2 2 
-2 | -1 2 2 2 
-2 | -1 2 2 
-2 | -1 2 
-2 | -1 
6
-2 -2 -2 -2 -2 -1 2 2 2 2 1 | -2 -1 -1 2 2 2 2 1 
-2 -2 -2 -2 1 | -2 -1 -1 2 2 2 2 1 
-2 -2 -2 -2 1 | -2 
-2 -2 -2 1 | -2 
-2 -2 1 | -2 
-2 1 | -2 
1 | -2 
8
-2 -2 -2 -2 -2 -1 2 2 2 2 1 | -1 2 2 2 2 2 2 2 
-1 2 2 2 2 2 2 | -1 2 2 2 2 2 2 2 
-1 2 2 2 2 2 2 | 2 
-1 2 2 2 2 2 | 2 
-1 2 2 2 2 | 2 
-1 2 2 2 | 2 
-1 2 2 | 2 
-1 2 | 2 
-1 | 2 
12
-2 -2 -2 -2 -2 -1 2 2 2 2 1 | -2 -2 1 2 -1 2 2 -1 
-2 -2 -2 -1 2 2 1 2 -1 | -2 -2 1 2 -1 2 2 -1 
-2 -2 -1 2 2 2 -1 | -2 -2 1 2 -1 2 2 -1 
-2 -2 -1 2 2 2 -1 | -2 -1 2 2 -1 2 -1 
-2 1 -2 1 2 -1 | -2 -1 2 2 -1 2 -1 
-2 1 -2 1 2 -1 | -2 1 2 -1 2 -1 -1 
-2 1 -2 1 2 -1 | -1 -1 -1 2 2 
-2 1 -2 1 2 -1 | -2 1 2 -1 -1 2 -1 
-2 1 -2 1 2 -1 | -1 -1 2 -1 2 
-1 -1 2 | -1 -1 2 -1 2 
-1 -1 2 | -1 2 
-1 | -1 2 
-1 | 2 
19
-2 -2 -2 -2 -2 -1 2 2 2 2 1 | -2 -2 1 -2 -1 2 2 -1 
-2 -2 -2 -1 2 2 1 -2 -1 | -2 -2 1 -2 -1 2 2 -1 
-2 -2 -2 -2 -1 2 -1 | -2 -2 1 -2 -1 2 2 -1 
-2 -2 -2 -2 -1 2 -1 | -2 -1 2 1 2 2 1 
-2 -2 -2 -2 -1 2 -1 | -2 -2 -1 -1 2 1 
-2 -2 -2 -2 -1 2 -1 | -2 -2 -2 -1 -2 -1 -1 
-2 -1 2 1 2 1 | -2 -2 -2 -1 -2 -1 -1 
-2 -1 2 1 2 1 | -2 -2 1 -2 -1 -1 -1 
-2 -1 2 1 2 1 | -2 -2 -1 -1 -1 -2 1 2 1 
-2 -1 2 1 2 1 | -2 -2 -1 -1 2 1 1 
-2 -1 2 1 2 1 | -2 -2 -1 2 -1 -2 1 
-2 -1 2 1 2 1 | -2 -2 -2 -1 2 2 1 
-2 -1 2 1 2 1 | -2 -2 -1 -2 -1 2 1 
-2 -1 2 1 2 1 | -2 -2 -2 -1 -1 
-2 -1 2 1 2 1 | -2 -2 -1 -2 -1 -2 -1 
-2 -1 2 1 2 1 | -2 -2 -1 -2 -1 
-2 -2 -1 | -2 -2 -1 -2 -1 
-2 -2 -1 | -2 -1 
-2 | -2 -1 
-2 | -1 
15
-2 -2 -2 -2 -2 -1 2 2 2 2 1 | -2 -2 1 2 2 -1 2 -1 
-2 -2 -2 -1 2 -1 2 2 1 | -2 -2 1 2 2 -1 2 -1 
-2 -2 -2 -1 2 -1 2 2 1 | -2 -2 -1 2 2 2 -1 
-2 -2 -1 2 2 1 -2 1 | -2 -2 -1 2 2 2 -1 
-2 -2 -1 2 2 1 -2 1 | -1 -1 2 -1 2 
-2 -2 -1 2 2 -1 2 | -1 -1 2 -1 2 
-2 -2 -1 2 1 1 | -1 -1 2 -1 2 
-2 -2 -1 2 1 1 | -2 -1 2 2 -1 
-2 1 -2 1 1 | -2 -1 2 2 -1 
-2 -2 1 1 2 -1 | -2 -1 2 2 -1 
-2 1 2 -1 -1 | -2 -1 2 2 -1 
-2 1 2 -1 -1 | -1 -1 -1 2 
-2 1 1 | -1 -1 -1 2 
-2 1 1 | -1 
-2 1 | -1 
-2 | -1 
19
-2 -2 -2 -2 -2 -1 2 2 2 2 1 | -2 -2 -1 2 -1 -2 -2 1 
-2 -2 -2 -2 -1 2 2 1 -2 -2 -1 | -2 -2 -1 2 -1 -2 -2 1 
-2 -2 -2 -2 -1 2 2 1 -2 -2 -1 | -2 -2 -2 -2 -2 -2 -1 -2 -1 
-2 -2 -2 -2 -1 2 2 1 -2 -2 -1 | -2 -2 -2 -1 -2 -2 1 2 2 -1 
-2 -2 -2 -2 -2 -1 -2 -2 -1 | -2 -2 -2 -1 -2 -2 1 2 2 -1 
-2 -2 -2 -2 -2 -1 -2 -2 -1 | -2 1 2 2 2 1 2 2 -1 
-2 -2 -1 -1 -2 1 | -2 1 2 2 2 1 2 2 -1 
-2 -2 -1 -1 -2 1 | -2 -2 1 2 2 2 -1 
-2 -2 -1 -2 1 2 -1 | -2 -2 1 2 2 2 -1 
-2 -2 -2 1 2 -1 2 -1 | -2 -2 1 2 2 2 -1 
-2 -2 -1 2 -1 -2 1 | -2 -2 1 2 2 2 -1 
-2 -1 -2 1 2 -1 | -2 -2 1 2 2 2 -1 
-2 -1 -2 1 2 -1 | -2 1 2 1 2 2 -1 
-2 -1 -2 1 2 -1 | 1 1 2 2 2 
-2 -1 -2 1 2 -1 | -2 1 2 2 1 2 -1 
-2 -2 -1 -2 -1 | -2 1 2 2 1 2 -1 
-2 -2 -1 -2 -1 | -2 -1 
-2 -2 -1 | -2 -1 
-2 | -2 -1 
-2 | -1 
15
-2 -2 -2 -2 -2 -1 2 2 2 2 1 | -2 -2 1 2 2 2 -1 -1 
-2 -2 -1 -1 2 2 1 | -2 -2 1 2 2 2 -1 -1 
-2 -2 -1 2 2 2 -1 | -2 -2 1 2 2 2 -1 -1 
-2 -2 -1 2 2 2 -1 | -1 -1 2 -1 2 
-2 -2 -1 2 2 1 -2 1 | -1 -1 2 -1 2 
-2 -2 -1 2 2 -1 2 | -1 -1 2 -1 2 
-2 -2 -1 2 1 1 | -1 -1 2 -1 2 
-2 -2 -1 2 1 1 | -2 -1 2 2 -1 
-2 1 -2 1 1 | -2 -1 2 2 -1 
-2 -2 1 1 2 -1 | -2 -1 2 2 -1 
-2 1 2 -1 -1 | -2 -1 2 2 -1 
-2 1 2 -1 -1 | -1 -1 -1 2 
-2 1 1 | -1 -1 -1 2 
-2 1 1 | -1 
-2 1 | -1 
-2 | -1 
27
-2 -2 -2 -2 -2 -1 2 2 2 2 1 | -2 -2 -2 -1 -1 -2 -2 1 
-2 -2 -2 -2 -2 -1 2 2 2 2 1 | -2 -2 -2 -2 -1 -2 -2 1 2 2 -1 
-2 -2 -2 -2 -2 -1 2 2 2 2 1 | -2 -2 -2 -2 -2 -2 1 2 2 -1 2 -1 
-2 -2 -2 -2 -2 -1 2 2 2 2 1 | -2 -2 -2 -1 2 -1 -2 -2 1 
-2 -2 -2 -2 -2 -1 2 2 2 2 1 | -2 -2 -2 -1 -2 -2 1 2 2 -1 
-2 -2 -2 -1 -2 -2 -2 -1 2 2 1 | -2 -2 -2 -1 -2 -2 1 2 2 -1 
-2 -2 -2 -1 -2 -2 -2 -1 2 2 1 | -2 -2 -2 -2 -2 -2 -1 -2 -1 
-2 -2 -2 -1 -2 -2 -2 -1 2 2 1 | -2 -2 -2 -1 2 2 -1 -2 -2 1 
-2 -2 -2 -1 -1 2 2 1 1 | -2 -2 -2 -1 2 2 -1 -2 -2 1 
-2 -2 -1 2 2 1 2 2 1 | -2 -2 -2 -1 2 2 -1 -2 -2 1 
-2 -2 -1 2 2 1 2 2 1 | -2 -2 -1 -1 -2 -2 1 -2 -1 
-2 -2 -1 2 2 1 2 2 1 | -2 -2 -2 -1 -2 -2 -1 2 2 1 
-2 -2 -1 2 2 1 2 2 1 | -2 -2 -2 -2 -2 -1 -1 
-2 -2 -1 2 2 1 2 2 1 | -2 -2 -2 -1 -2 -2 -1 -2 -2 -1 
-2 -2 -1 2 2 1 2 2 1 | -2 -2 -2 -2 -1 -2 -1 
-2 -2 -1 -2 -2 -1 2 1 | -2 -2 -2 -2 -1 -2 -1 
-2 -2 -1 -2 -2 -1 2 1 | -2 -2 -1 2 -1 -2 1 
-2 -2 -2 -1 2 2 1 | -2 -2 -1 2 -1 -2 1 
-2 -2 -2 -1 2 2 1 | -2 -1 -2 1 2 -1 
-2 -2 -1 -2 -1 2 1 | -2 -1 -2 1 2 -1 
-2 -2 -2 -1 -1 | -2 -1 -2 1 2 -1 
-2 -2 -1 -2 -1 -2 -1 | -2 -1 -2 1 2 -1 
-2 -2 -1 -2 -1 | -2 -1 -2 1 2 -1 
-2 -2 -1 | -2 -1 -2 1 2 -1 
-2 -2 -1 | 1 2 -1 
-2 -2 -1 | -2 -1 
-2 | -2 -1 
-2 | -1 
7
-2 -2 -2 -2 -2 -1 2 2 2 2 1 | -2 -2 -2 -2 1 2 -1 -1 
-2 -2 -2 -2 -1 | -2 -2 -2 -2 1 2 -1 -1 
-2 | -2 -2 -2 -2 1 2 -1 -1 
-2 | -2 -2 -2 -2 -1 
-2 | -2 -2 -2 -1 
-2 | -2 -2 -1 
-2 | -2 -1 
-2 | -1 
9
-2 -2 -2 -2 -2 -1 2 2 2 2 1 | -2 -2 -2 -2 1 -2 -1 -1 
-2 -2 -2 -2 -2 -2 -1 | -2 -2 -2 -2 1 -2 -1 -1 
-2 -2 -2 -2 -2 -2 -1 | -2 -1 2 2 1 
-2 -2 -2 -2 -2 -1 | -2 -1 2 2 1 
-2 -2 -2 -2 -1 | -2 -1 2 2 1 
-2 -2 -2 -2 -1 | -2 -2 -2 -1 
-2 | -2 -2 -2 -1 
-2 | -2 -2 -1 
-2 | -2 -1 
-2 | -1 
10
-2 -2 -2 -2 -2 -1 2 2 2 2 1 | -2 -2 1 2 2 -1 -2 -1 
-2 -2 -2 -1 -2 -1 2 2 1 | -2 -2 1 2 2 -1 -2 -1 
-2 -2 -2 -2 -1 2 -1 | -2 -2 1 2 2 -1 -2 -1 
-2 -2 -1 -2 -1 -2 -1 | -2 -2 1 2 2 -1 -2 -1 
-2 -2 -1 -2 -1 -2 -1 | 1 1 2 2 2 
-2 -2 -1 -2 -1 -2 -1 | -2 -1 -2 -1 2 1 
-2 -2 -1 -2 -1 | -2 -1 -2 -1 2 1 
-2 -2 -1 -2 -1 | 1 2 2 
-2 -1 | 1 2 2 
-2 -1 | 2 
-1 | 2 
9
-2 -2 -2 -2 -2 -1 2 2 2 2 1 | -2 -2 -2 -2 -2 -2 -2 -1 
-2 -2 -2 -2 -2 -2 -2 -2 -1 | -2 -2 -2 -2 -2 -2 -2 -1 
-2 | -2 -2 -2 -2 -2 -2 -2 -1 
-2 | -2 -2 -2 -2 -2 -2 -1 
-2 | -2 -2 -2 -2 -2 -1 
-2 | -2 -2 -2 -2 -1 
-2 | -2 -2 -2 -1 
-2 | -2 -2 -1 
-2 | -2 -1 
-2 | -1 
2
-2 -2 -2 -2 -2 -2 -1 2 2 2 2 2 1 | -1 2 
-1 | -1 2 
-1 | 2 
3
-2 -2 -2 -2 -2 -2 -1 2 2 2 2 2 1 | -2 -1 
-2 -2 -1 | -2 -1 
-2 | -2 -1 
-2 | -1 
3
-2 -2 -2 -2 -2 -2 -1 2 2 2 2 2 1 | -1 2 2 
-1 2 | -1 2 2 
-1 2 | 2 
-1 | 2 
4
-2 -2 -2 -2 -2 -2 -1 2 2 2 2 2 1 | -2 -2 -1 
-2 -2 -2 -1 | -2 -2 -1 
-2 | -2 -2 -1 
-2 | -2 -1 
-2 | -1 
4
-2 -2 -2 -2 -2 -2 -1 2 2 2 2 2 1 | -1 2 2 2 
-1 2 2 | -1 2 2 2 
-1 2 2 | 2 
-1 2 | 2 
-1 | 2 
5
-2 -2 -2 -2 -2 -2 -1 2 2 2 2 2 1 | -2 -2 -2 -1 
-2 -2 -2 -2 -1 | -2 -2 -2 -1 
-2 | -2 -2 -2 -1 
-2 | -2 -2 -1 
-2 | -2 -1 
-2 | -1 
104
-2 -2 -2 -2 -2 -2 -1 2 2 2 2 2 1 | -2 -1 -1 2 1 
-2 -2 -2 -2 -2 -1 2 2 2 2 1 1 | -2 -1 -1 2 1 
-2 -2 -2 -2 -2 -1 2 2 2 1 1 2 1 | -2 -1 -1 2 1 
-2 -2 -2 -2 -2 -1 2 2 1 1 2 1 2 1 | -2 -1 -1 2 1 
-2 -2 -2 -2 -2 -1 2 1 1 2 1 2 1 2 1 | -2 -1 -1 2 1 
-2 -2 -2 -2 -1 2 1 1 2 1 2 1 1 1 | -2 -1 -1 2 1 
-2 -2 -2 -2 1 2 1 2 1 2 1 1 1 | -2 -1 -1 2 1 
-2 -2 -2 -2 1 1 1 2 2 1 2 1 1 1 | -2 -1 -1 2 1 
-2 -2 -2 1 -2 1 2 2 1 2 1 1 1 | -2 -1 -1 2 1 
-2 -2 -2 1 1 -2 -1 2 2 1 2 1 1 1 | -2 -1 -1 2 1 
-2 -2 -1 2 2 1 2 1 1 1 -2 -2 1 | -2 -1 -1 2 1 
-2 -2 -1 2 1 1 2 2 1 1 1 -2 -2 1 | -2 -1 -1 2 1 
-2 -2 1 -2 -2 1 2 1 2 2 1 1 1 | -2 -1 -1 2 1 
-2 -2 1 -2 -2 1 1 1 2 2 2 1 1 1 | -2 -1 -1 2 1 
-2 -2 1 -2 1 -2 1 2 2 2 1 1 1 | -2 -1 -1 2 1 
-2 -2 1 -2 1 1 -2 -1 2 2 2 1 1 1 | -2 -1 -1 2 1 
-2 -2 -1 2 2 2 1 1 1 -2 -2 1 1 | -2 -1 -1 2 1 
-2 -2 -2 -1 2 2 2 1 1 1 -2 1 | -2 -1 -1 2 1 
-2 -2 -2 -1 2 2 1 1 2 1 1 -2 1 | -2 -1 -1 2 1 
-2 -2 -2 -1 2 1 1 2 1 2 1 1 -2 1 | -2 -1 -1 2 1 
-2 -2 -2 1 2 1 2 1 2 1 1 -2 1 | -2 -1 -1 2 1 
-2 -2 -2 1 1 1 2 2 1 2 1 1 -2 1 | -2 -1 -1 2 1 
-2 -2 1 -2 1 2 2 1 2 1 1 -2 1 | -2 -1 -1 2 1 
-2 -2 1 1 -2 -1 2 2 1 2 1 1 -2 1 | -2 -1 -1 2 1 
-2 -2 -1 2 2 1 2 1 1 -2 1 -2 1 | -2 -1 -1 2 1 
-2 -2 -1 2 2 1 2 1 1 -2 1 1 -2 -1 | -2 -1 -1 2 1 
-2 -2 -1 -2 -2 -1 2 2 1 2 1 1 1 | -2 -1 -1 2 1 
-2 -2 -1 -2 -2 -1 2 1 1 2 2 1 1 1 | -2 -1 -1 2 1 
-2 -2 -1 -2 -2 1 2 1 2 2 1 1 1 | -2 -1 -1 2 1 
-2 -2 -2 -1 -1 -2 1 2 1 2 2 1 1 1 | -2 -1 -1 2 1 
-2 -2 -2 -1 -2 -1 2 1 2 2 1 1 1 | -2 -1 -1 2 1 
-2 -2 -2 -1 -2 1 2 2 2 1 1 1 | -2 -1 -1 2 1 
-2 -2 -2 -2 -1 2 2 2 1 1 1 | -2 -1 -1 2 1 
-2 -2 -2 -2 -1 2 2 1 1 2 1 1 | -2 -1 -1 2 1 
-2 -2 -2 -2 -1 2 1 1 2 1 2 1 1 | -2 -1 -1 2 1 
-2 -2 -2 -2 1 2 1 2 1 2 1 1 | -2 -1 -1 2 1 
-2 -2 -2 -2 1 1 1 2 2 1 2 1 1 | -2 -1 -1 2 1 
-2 -2 -2 1 -2 1 2 2 1 2 1 1 | -2 -1 -1 2 1 
-2 -2 -2 1 1 -2 -1 2 2 1 2 1 1 | -2 -1 -1 2 1 
-2 -2 -1 2 2 1 2 1 1 -2 -2 1 | -2 -1 -1 2 1 
-2 -2 -1 2 1 1 2 2 1 1 -2 -2 1 | -2 -1 -1 2 1 
-2 -2 1 -2 -2 1 2 1 2 2 1 1 | -2 -1 -1 2 1 
-2 -2 1 -2 -2 1 1 1 2 2 2 1 1 | -2 -1 -1 2 1 
-2 -2 1 -2 1 -2 1 2 2 2 1 1 | -2 -1 -1 2 1 
-2 -2 1 -2 1 1 -2 -1 2 2 2 1 1 | -2 -1 -1 2 1 
-2 -2 -1 2 2 2 1 1 -2 -2 1 1 | -2 -1 -1 2 1 
-2 -2 -2 -1 2 2 2 1 1 -2 1 | -2 -1 -1 2 1 
-2 -2 -2 -1 2 2 1 1 2 1 -2 1 | -2 -1 -1 2 1 
-2 -2 -2 -1 2 2 1 1 1 1 1 | -2 -1 -1 2 1 
-2 -2 -2 -1 2 1 1 2 1 1 1 1 | -2 -1 -1 2 1 
-2 -2 -2 1 2 1 2 1 1 1 1 | -2 -1 -1 2 1 
-2 -2 -2 1 1 1 2 2 1 1 1 1 | -2 -1 -1 2 1 
-2 -2 1 -2 1 2 2 1 1 1 1 | -2 -1 -1 2 1 
-2 -2 1 1 -2 -1 2 2 1 1 1 1 | -2 -1 -1 2 1 
-2 -2 -1 2 2 1 1 1 1 -2 1 | -2 -1 -1 2 1 
-2 -2 -1 2 1 1 2 1 1 1 -2 1 | -2 -1 -1 2 1 
-2 -2 1 2 1 2 1 1 1 -2 1 | -2 -1 -1 2 1 
-2 -2 1 1 1 2 2 1 1 1 -2 1 | -2 -1 -1 2 1 
-2 1 -2 1 -2 1 2 2 1 1 1 | -2 -1 -1 2 1 
-2 -1 -2 1 -2 1 2 2 1 1 1 1 | -2 -1 -1 2 1 
-2 -2 -1 -2 1 2 2 1 1 1 1 | -2 -1 -1 2 1 
-2 -2 -2 -1 2 2 1 1 1 1 | -2 -1 -1 2 1 
-2 -2 -2 -1 2 1 1 2 1 1 1 | -2 -1 -1 2 1 
-2 -2 -2 1 2 1 2 1 1 1 | -2 -1 -1 2 1 
-2 -2 -2 1 1 1 2 2 1 1 1 | -2 -1 -1 2 1 
-2 -2 1 -2 1 2 2 1 1 1 | -2 -1 -1 2 1 
-2 -2 1 1 -2 -1 2 2 1 1 1 | -2 -1 -1 2 1 
-2 -2 -1 2 2 1 1 1 -2 1 | -2 -1 -1 2 1 
-2 -2 -1 2 1 1 2 1 1 -2 1 | -2 -1 -1 2 1 
-2 -2 1 2 1 2 1 1 -2 1 | -2 -1 -1 2 1 
-2 -2 1 1 1 2 2 1 1 -2 1 | -2 -1 -1 2 1 
-2 1 -2 1 -2 1 2 2 1 1 | -2 -1 -1 2 1 
-2 -1 -2 1 -2 1 2 2 1 1 1 | -2 -1 -1 2 1 
-2 -2 -1 -2 1 2 2 1 1 1 | -2 -1 -1 2 1 
-2 -2 -2 -1 2 2 1 1 1 | -2 -1 -1 2 1 
-2 -2 -2 -1 2 1 1 2 1 1 | -2 -1 -1 2 1 
-2 -2 -2 1 2 1 2 1 1 | -2 -1 -1 2 1 
-2 -2 -2 1 1 1 2 2 1 1 | -2 -1 -1 2 1 
-2 -2 1 -2 1 2 2 1 1 | -2 -1 -1 2 1 
-2 -2 1 1 -2 -1 2 2 1 1 | -2 -1 -1 2 1 
-2 -2 -1 2 2 1 1 -2 1 | -2 -1 -1 2 1 
-2 -2 -1 2 1 1 2 1 -2 1 | -2 -1 -1 2 1 
-2 -2 -1 2 1 1 1 1 1 | -2 -1 -1 2 1 
-2 -2 1 2 1 1 1 1 | -2 -1 -1 2 1 
-2 -2 1 1 1 2 1 1 1 | -2 -1 -1 2 1 
-2 1 -2 1 2 1 1 1 | -2 -1 -1 2 1 
-2 -1 -2 1 2 1 1 1 1 | -2 -1 -1 2 1 
-2 -2 -1 2 1 1 1 1 | -2 -1 -1 2 1 
-2 -2 1 2 1 1 1 | -2 -1 -1 2 1 
-2 -2 1 1 1 2 1 1 | -2 -1 -1 2 1 
-2 1 -2 1 2 1 1 | -2 -1 -1 2 1 
-2 -1 -2 1 2 1 1 1 | -2 -1 -1 2 1 
-2 -2 -1 2 1 1 1 | -2 -1 -1 2 1 
-2 -2 1 2 1 1 | -2 -1 -1 2 1 
-2 -2 1 1 1 2 1 | -2 -1 -1 2 1 
-2 1 -2 1 2 1 | -2 -1 -1 2 1 
-2 -1 -2 1 2 1 1 | -2 -1 -1 2 1 
-2 -2 -1 2 1 1 | -2 -1 -1 2 1 
-2 -2 1 2 1 | -2 -1 -1 2 1 
-2 -2 1 1 1 2 | -2 -1 -1 2 1 
-2 -2 1 1 1 2 | -2 1 1 
-2 1 2 | -2 1 1 
-2 1 2 | -2 1 
2 | -2 1 
2 | 1 
5
-2 -2 -2 -2 -2 -2 -1 2 2 2 2 2 1 | -1 2 2 2 2 
-1 2 2 2 | -1 2 2 2 2 
-1 2 2 2 | 2 
-1 2 2 | 2 
-1 2 | 2 
-1 | 2 
120
-2 -2 -2 -2 -2 -2 -1 2 2 2 2 2 1 | -2 1 2 -1 -1 
-2 -2 -2 -2 -2 -1 -1 2 2 2 2 1 | -2 1 2 -1 -1 
-2 -2 -2 -2 -2 -1 2 -1 -1 2 2 2 1 | -2 1 2 -1 -1 
-2 -2 -2 -2 -1 -1 -1 -1 2 2 2 1 | -2 1 2 -1 -1 
-2 -2 -2 -2 -1 -1 -1 -1 2 2 1 2 -1 | -2 1 2 -1 -1 
-2 -2 -2 -2 -1 -1 -1 -1 2 1 2 -1 2 -1 | -2 1 2 -1 -1 
-2 -2 -2 -2 -1 -1 -1 -1 2 1 2 2 -1 -1 -1 | -2 1 2 -1 -1 
-2 -2 -2 -1 -1 -1 -1 2 1 2 2 -1 -2 -1 | -2 1 2 -1 -1 
-2 -2 -2 -1 -1 -1 -1 2 1 2 2 1 -2 -1 -1 | -2 1 2 -1 -1 
-2 -2 -1 -2 -2 -1 -1 -1 -1 2 1 2 2 1 | -2 1 2 -1 -1 
-2 -2 -1 -2 -2 -1 -1 -1 2 -1 2 2 1 | -2 1 2 -1 -1 
-2 -2 -1 -2 -2 -1 -1 -1 2 -1 2 1 2 -1 | -2 1 2 -1 -1 
-2 -2 -1 -2 -2 -1 -1 -1 2 2 -1 2 -1 | -2 1 2 -1 -1 
-2 -2 -2 -1 -1 -1 2 2 -1 2 -1 -2 -1 -1 | -2 1 2 -1 -1 
-2 -2 -2 -1 -1 -1 2 2 -1 2 1 -2 -1 -1 -1 | -2 1 2 -1 -1 
-2 -2 -1 -1 -1 2 2 -1 2 1 -2 -1 -2 -1 | -2 1 2 -1 -1 
-2 -2 -1 -1 -1 2 2 2 -1 -2 -1 -2 -1 | -2 1 2 -1 -1 
-2 -2 -1 -1 -1 2 2 2 -1 -2 1 -2 -1 -1 | -2 1 2 -1 -1 
-2 -2 -1 -2 -1 -1 -1 2 2 2 -1 -2 1 | -2 1 2 -1 -1 
-2 -2 -2 -1 -2 -1 -1 -1 2 2 2 1 | -2 1 2 -1 -1 
-2 -2 -2 -1 -2 -1 -1 -1 2 2 1 2 -1 | -2 1 2 -1 -1 
-2 -2 -2 -1 -2 -1 -1 -1 2 1 2 -1 2 -1 | -2 1 2 -1 -1 
-2 -2 -2 -1 -2 -1 -1 -1 2 1 2 2 -1 -1 -1 | -2 1 2 -1 -1 
-2 -2 -1 -2 -1 -1 -1 2 1 2 2 -1 -2 -1 | -2 1 2 -1 -1 
-2 -2 -1 -2 -1 -1 2 -1 2 2 -1 -2 -1 | -2 1 2 -1 -1 
-2 -2 -1 -2 -1 -1 2 -1 2 2 1 -2 -1 -1 | -2 1 2 -1 -1 
-2 -2 -1 -2 -1 -2 -1 -1 2 -1 2 2 1 | -2 1 2 -1 -1 
-2 -2 -1 -2 -1 -2 -1 -1 2 -1 2 1 2 -1 | -2 1 2 -1 -1 
-2 -2 -1 -2 -1 -2 -1 -1 2 2 -1 2 -1 | -2 1 2 -1 -1 
-2 -2 -1 -2 1 -2 -1 -1 -1 2 2 -1 2 -1 | -2 1 2 -1 -1 
-2 -2 -1 -1 -1 2 2 -1 2 -1 -2 -2 1 | -2 1 2 -1 -1 
-2 -2 -2 -1 -1 -1 2 2 -1 2 -1 -2 1 1 | -2 1 2 -1 -1 
-2 -2 -2 -1 -1 -1 2 2 -1 2 1 -2 1 | -2 1 2 -1 -1 
-2 -2 -2 -1 -1 -1 2 2 2 -1 -2 1 | -2 1 2 -1 -1 
-2 -2 -2 -2 -1 -1 -1 2 2 2 1 | -2 1 2 -1 -1 
-2 -2 -2 -2 -1 -1 -1 2 2 1 2 -1 | -2 1 2 -1 -1 
-2 -2 -2 -2 -1 -1 -1 2 2 1 1 2 -1 -1 -1 | -2 1 2 -1 -1 
-2 -2 -2 -1 -1 -1 2 2 1 1 2 -1 -2 -1 | -2 1 2 -1 -1 
-2 -2 -2 -1 -1 -1 2 1 2 2 -1 -2 -1 | -2 1 2 -1 -1 
-2 -2 -2 -1 -1 2 -1 2 2 -1 -2 -1 | -2 1 2 -1 -1 
-2 -2 -2 -1 2 -1 -1 -1 2 2 -1 -2 -1 | -2 1 2 -1 -1 
-2 -2 -1 -1 -1 -1 -1 2 2 -1 -2 -1 | -2 1 2 -1 -1 
-2 -2 -1 -1 -1 -1 -1 2 2 1 -2 -1 -1 | -2 1 2 -1 -1 
-2 -2 -1 -2 -1 -1 -1 -1 -1 2 2 1 | -2 1 2 -1 -1 
-2 -2 -1 -2 -1 -1 -1 -1 -1 2 1 2 -1 | -2 1 2 -1 -1 
-2 -2 -1 -2 -1 -1 -1 -1 2 -1 2 -1 | -2 1 2 -1 -1 
-2 -2 1 -2 -1 -1 -1 -1 -1 2 -1 2 -1 | -2 1 2 -1 -1 
-2 -2 -1 -1 -1 -1 -1 2 -1 2 -1 -2 1 1 | -2 1 2 -1 -1 
-2 -2 -1 -1 -1 -1 -1 2 -1 2 1 -2 1 | -2 1 2 -1 -1 
-2 -2 -1 -1 -1 -1 -1 2 2 -1 -2 1 | -2 1 2 -1 -1 
-2 -2 -2 -1 -1 -1 -1 -1 2 2 1 | -2 1 2 -1 -1 
-2 -2 -2 -1 -1 -1 -1 -1 2 1 2 -1 | -2 1 2 -1 -1 
-2 -2 -2 -1 -1 -1 -1 2 -1 2 -1 | -2 1 2 -1 -1 
-2 -2 -2 -1 -1 -1 -1 2 2 -1 -1 -1 | -2 1 2 -1 -1 
-2 -2 -2 -1 -1 -1 -1 2 2 -1 -2 -1 2 | -2 1 2 -1 -1 
-2 -2 -1 -1 -2 -1 -1 -1 2 2 -1 -2 -1 2 | -2 1 2 -1 -1 
-2 -1 -2 -1 -1 -1 2 2 -1 -2 -1 -1 -1 | -2 1 2 -1 -1 
-2 -1 -2 -1 -1 -2 -1 -1 -1 2 2 -1 | -2 1 2 -1 -1 
-2 -2 -1 -1 -1 -1 2 2 -1 -2 -1 | -2 1 2 -1 -1 
-2 -2 -1 -1 -1 -1 2 2 1 -2 -1 -1 | -2 1 2 -1 -1 
-2 -2 -1 -2 -1 -1 -1 -1 2 2 1 | -2 1 2 -1 -1 
-2 -2 -1 -2 -1 -1 -1 -1 2 1 2 -1 | -2 1 2 -1 -1 
-2 -2 -1 -2 -1 -1 -1 2 -1 2 -1 | -2 1 2 -1 -1 
-2 -2 1 -2 -1 -1 -1 -1 2 -1 2 -1 | -2 1 2 -1 -1 
-2 -2 -1 -1 -1 -1 2 -1 2 -1 -2 1 1 | -2 1 2 -1 -1 
-2 -2 -1 -1 -1 -1 2 -1 2 1 -2 1 | -2 1 2 -1 -1 
-2 -2 -1 -1 -1 -1 2 2 -1 -2 1 | -2 1 2 -1 -1 
-2 -2 -2 -1 -1 -1 -1 2 2 1 | -2 1 2 -1 -1 
-2 -2 -2 -1 -1 -1 -1 2 1 2 -1 | -2 1 2 -1 -1 
-2 -2 -2 -1 -1 -1 2 -1 2 -1 | -2 1 2 -1 -1 
-2 -2 -2 -1 -1 2 -1 -1 -1 2 -1 | -2 1 2 -1 -1 
-2 -2 -2 -1 2 -1 -1 -1 -1 -1 2 -1 | -2 1 2 -1 -1 
-2 -2 -1 -1 -1 -1 -1 -1 -1 2 -1 | -2 1 2 -1 -1 
-2 -2 -1 -2 -1 2 -1 -1 -1 -1 2 -1 | -2 1 2 -1 -1 
-2 -2 -1 -2 -1 -1 2 -1 -1 2 -1 | -2 1 2 -1 -1 
-2 -2 -1 -2 -1 -1 -1 2 2 -1 | -2 1 2 -1 -1 
-2 -2 1 -2 -1 -1 -1 -1 2 2 -1 | -2 1 2 -1 -1 
-2 -2 -1 -1 -1 -1 2 2 -1 -2 1 1 | -2 1 2 -1 -1 
-2 -2 -1 -1 -1 -1 2 2 1 -2 1 | -2 1 2 -1 -1 
-2 -2 -2 -1 -1 -1 -1 2 2 1 1 1 | -2 1 2 -1 -1 
-2 -2 -2 -1 -1 -1 -1 2 1 2 1 | -2 1 2 -1 -1 
-2 -2 -2 -1 -1 -1 2 -1 2 1 | -2 1 2 -1 -1 
-2 -2 -2 -1 -1 -1 2 2 -1 | -2 1 2 -1 -1 
-2 -2 -1 -1 -2 -1 -1 2 2 -1 | -2 1 2 -1 -1 
-2 -1 -2 -1 -1 2 2 -1 -2 -1 -1 | -2 1 2 -1 -1 
-2 -1 -2 -1 -1 2 2 1 -2 -1 -1 -1 | -2 1 2 -1 -1 
-2 -1 -2 -1 -1 -2 -1 -1 2 2 1 | -2 1 2 -1 -1 
-2 -2 -1 -1 -1 2 2 1 -2 -1 | -2 1 2 -1 -1 
-2 -2 -1 -1 -1 2 1 2 -1 -2 -1 | -2 1 2 -1 -1 
-2 -2 -1 -1 2 -1 2 -1 -2 -1 | -2 1 2 -1 -1 
-2 -2 -1 -1 2 -1 2 1 -2 -1 -1 | -2 1 2 -1 -1 
-2 -2 -1 -2 -1 -1 2 -1 2 1 | -2 1 2 -1 -1 
-2 -2 -1 -2 -1 -1 2 2 -1 | -2 1 2 -1 -1 
-2 -2 1 -2 -1 -1 -1 2 2 -1 | -2 1 2 -1 -1 
-2 -2 -1 -1 -1 2 2 -1 -2 1 1 | -2 1 2 -1 -1 
-2 -2 -1 -1 -1 2 2 1 -2 1 | -2 1 2 -1 -1 
-2 -2 -2 -1 -1 -1 2 2 1 1 1 | -2 1 2 -1 -1 
-2 -2 -2 -1 -1 -1 2 1 2 1 | -2 1 2 -1 -1 
-2 -2 -2 -1 -1 2 -1 2 1 | -2 1 2 -1 -1 
-2 -2 -2 -1 -1 2 2 -1 | -2 1 2 -1 -1 
-2 -1 -2 -1 -1 2 2 -1 -2 1 1 | -2 1 2 -1 -1 
-2 -1 -2 -1 -1 2 2 1 -2 1 | -2 1 2 -1 -1 
-2 -2 -1 -1 2 2 1 -2 -1 | -2 1 2 -1 -1 
-2 -2 -1 -1 2 1 2 -1 -2 -1 | -2 1 2 -1 -1 
-2 -2 -1 2 -1 2 -1 -2 -1 | -2 1 2 -1 -1 
-2 -1 -2 -1 -1 -1 2 -1 | -2 1 2 -1 -1 
-2 -1 -1 -1 -1 2 -1 -2 1 | -2 1 2 -1 -1 
-2 -2 -1 -1 -1 -1 2 1 | -2 1 2 -1 -1 
-2 -2 -1 -1 -1 2 -1 | -2 1 2 -1 -1 
-2 -2 -1 -1 2 -1 -1 -1 | -2 1 2 -1 -1 
-2 -2 -1 2 -1 -1 -1 -1 -1 | -2 1 2 -1 -1 
-2 -1 -1 -1 -1 -1 -1 -1 | -2 1 2 -1 -1 
-2 -1 -2 -1 2 -1 -1 -1 -1 | -2 1 2 -1 -1 
-2 -1 -2 -1 -1 2 -1 -1 | -2 1 2 -1 -1 
-2 -1 -2 -1 -1 -1 2 | -2 1 2 -1 -1 
-2 -1 -1 -1 | -2 1 2 -1 -1 
-2 -1 -1 | -2 1 2 -1 -1 
-2 -1 | -2 1 2 -1 -1 
-2 -1 | -2 -1 -1 
-2 -1 | -1 
-2 | -1 
6
-2 -2 -2 -2 -2 -2 -1 2 2 2 2 2 1 | -2 -2 -2 -2 -1 
-2 -2 -2 -2 -2 -1 | -2 -2 -2 -2 -1 
-2 | -2 -2 -2 -2 -1 
-2 | -2 -2 -2 -1 
-2 | -2 -2 -1 
-2 | -2 -1 
-2 | -1 
6
-2 -2 -2 -2 -2 -2 -1 2 2 2 2 2 1 | -1 2 2 2 2 2 
-1 2 2 2 2 | -1 2 2 2 2 2 
-1 2 2 2 2 | 2 
-1 2 2 2 | 2 
-1 2 2 | 2 
-1 2 | 2 
-1 | 2 
7
-2 -2 -2 -2 -2 -2 -1 2 2 2 2 2 1 | -2 -2 -2 -2 -2 -1 
-2 -2 -2 -2 -2 -2 -1 | -2 -2 -2 -2 -2 -1 
-2 | -2 -2 -2 -2 -2 -1 
-2 | -2 -2 -2 -2 -1 
-2 | -2 -2 -2 -1 
-2 | -2 -2 -1 
-2 | -2 -1 
-2 | -1 
48
-2 -2 -2 -2 -2 -2 -1 2 2 2 2 2 1 | -1 -1 2 1 2 2 2 
-2 -2 -2 -1 -1 2 2 2 2 2 2 1 | -1 -1 2 1 2 2 2 
-1 -1 2 -1 2 2 2 2 2 2 1 | -1 -1 2 1 2 2 2 
-2 1 2 -1 2 2 2 -1 | -1 -1 2 1 2 2 2 
-2 1 -2 1 2 -1 -1 | -1 -1 2 1 2 2 2 
-2 1 -2 1 2 -1 -1 | -2 1 2 -1 2 2 2 -1 
-2 -2 -2 1 -2 -2 1 2 -1 | -2 1 2 -1 2 2 2 -1 
-2 -2 -2 1 2 -1 -2 1 2 2 -1 | -2 1 2 -1 2 2 2 -1 
-2 -2 -2 -2 1 2 2 -1 -2 -2 1 | -2 1 2 -1 2 2 2 -1 
-2 -2 -2 -2 1 -2 1 -2 -1 -2 1 | -2 1 2 -1 2 2 2 -1 
-2 -1 -2 1 -2 -1 -2 1 1 | -2 1 2 -1 2 2 2 -1 
-2 -2 -2 -2 1 -2 -2 -1 -2 1 1 | -2 1 2 -1 2 2 2 -1 
-2 -2 -1 -2 1 -2 1 2 -1 -2 1 | -2 1 2 -1 2 2 2 -1 
-2 -2 -2 -1 -2 1 -2 1 -2 -2 1 | -2 1 2 -1 2 2 2 -1 
-2 -2 -2 1 2 -1 -1 -2 1 -2 1 | -2 1 2 -1 2 2 2 -1 
-2 -2 1 2 2 -1 -1 -2 1 | -2 1 2 -1 2 2 2 -1 
-2 -2 -2 1 -2 -2 -2 1 2 2 -1 | -2 1 2 -1 2 2 2 -1 
-2 -2 -2 -2 1 2 2 2 -1 | -2 1 2 -1 2 2 2 -1 
-2 -2 -2 -2 1 2 2 2 -1 | -2 -1 -2 1 2 2 2 2 -1 
-2 -2 -2 -2 1 2 2 2 -1 | -2 -1 2 2 2 1 2 -1 
-2 1 2 -1 2 2 -1 | -2 -1 2 2 2 1 2 -1 
-2 1 2 -1 2 2 -1 | -1 -1 2 2 -1 2 2 1 2 
-2 1 2 -1 2 2 -1 | -1 -1 2 -1 2 1 1 2 
-2 1 2 -1 2 2 -1 | -2 -2 -1 2 -1 2 1 2 1 
-2 1 2 -1 2 2 -1 | -2 -1 2 2 -1 -1 2 1 2 1 
-2 1 2 -1 2 2 -1 | -1 -1 2 1 2 2 2 -1 2 
-2 1 2 -1 2 2 -1 | -2 -1 -1 2 1 2 2 -1 2 1 
-2 1 2 -1 2 2 -1 | -2 -1 -1 2 1 2 -1 2 1 -2 1 
-2 1 2 -1 2 2 -1 | -2 -1 -1 2 2 1 -2 1 -2 1 
-2 1 2 -1 2 2 -1 | -2 -1 2 2 1 -2 1 2 -1 
-2 1 2 -1 2 2 -1 | -2 -2 -2 -1 2 2 1 1 
-2 1 2 -1 2 2 -1 | -2 -2 -1 2 2 -1 2 1 1 
-2 1 2 -1 2 2 -1 | -2 -1 2 2 -1 2 -1 2 1 1 
-2 1 2 -1 2 2 -1 | -1 2 -1 2 -1 2 1 2 2 
-2 1 2 -1 2 2 -1 | -2 -1 2 -1 2 1 2 -1 2 1 
-2 1 2 -1 2 2 -1 | -2 -1 2 -1 2 2 1 -2 1 
-2 1 2 -1 2 2 -1 | -1 -1 2 2 1 2 
-2 1 2 -1 2 2 -1 | -2 -2 -1 2 2 2 1 
-2 -1 -2 1 2 2 2 -1 | -2 -2 -1 2 2 2 1 
-2 -1 2 2 1 2 -1 | -2 -2 -1 2 2 2 1 
-2 1 2 -1 2 -1 | -2 -2 -1 2 2 2 1 
-2 1 2 -1 2 -1 | -2 -1 2 -1 2 2 1 
-2 1 2 -1 2 -1 | -1 -1 2 2 2 
-2 1 2 -1 2 -1 | -2 -1 2 2 -1 2 1 
-1 2 -1 2 2 | -2 -1 2 2 -1 2 1 
-1 2 -1 2 2 | -2 1 
-1 2 2 | -2 1 
2 | -2 1 
2 | 1 
15
-2 -2 -2 -2 -2 -2 -1 2 2 2 2 2 1 | -2 -2 -2 -1 -1 2 1 
-2 -2 -2 -1 2 2 2 2 1 1 | -2 -2 -2 -1 -1 2 1 
-2 1 2 2 2 2 1 | -2 -2 -2 -1 -1 2 1 
-2 1 2 2 2 2 1 | -2 -1 2 1 2 1 
1 1 2 1 2 2 2 | -2 -1 2 1 2 1 
-2 1 2 1 2 2 1 2 -1 | -2 -1 2 1 2 1 
1 1 2 2 1 2 2 | -2 -1 2 1 2 1 
-1 2 1 1 2 1 2 | -2 -1 2 1 2 1 
-2 1 2 1 2 2 -1 | -2 -1 2 1 2 1 
1 1 2 2 2 | -2 -1 2 1 2 1 
-2 1 2 2 1 2 -1 | -2 -1 2 1 2 1 
-2 1 2 2 1 2 -1 | 1 2 1 2 2 
-2 -1 | 1 2 1 2 2 
-2 -1 | 1 2 2 
-2 -1 | 2 
-1 | 2 
19
-2 -2 -2 -2 -2 -2 -1 2 2 2 2 2 1 | -2 -2 -1 -1 2 2 1 
-2 -2 -2 -2 -1 2 2 2 1 1 | -2 -2 -1 -1 2 2 1 
-2 -2 -2 -2 -1 2 1 1 2 2 1 | -2 -2 -1 -1 2 2 1 
-2 -2 -1 2 1 1 1 1 | -2 -2 -1 -1 2 2 1 
-2 -2 -1 2 1 1 1 1 | -2 -1 2 2 -1 -1 -1 
-2 -1 -1 2 1 | -2 -1 2 2 -1 -1 -1 
-2 -1 -1 2 1 | -2 -1 -1 -1 2 2 -1 -1 
-2 -1 -1 2 1 | -2 -1 2 -1 2 -1 -1 
-2 -1 -1 2 1 | -2 -1 -1 -1 2 -1 2 -1 
-2 -1 -1 2 1 | -2 -1 2 -1 -1 2 -1 
-2 -1 -1 2 1 | -2 -1 2 2 -1 -1 
-2 -1 -1 2 1 | -2 -1 -1 -1 2 2 -1 
-2 -1 -1 2 1 | -2 -1 2 -1 2 -1 
-2 -1 -1 2 1 | -2 -1 -1 -1 2 -1 2 
-2 -1 -1 2 1 | -2 -1 2 -1 -1 2 
-2 1 1 | -2 -1 2 -1 -1 2 
-2 1 1 | -2 -1 2 
-2 1 | -2 -1 2 
-2 1 | -2 
1 | -2 
7
-2 -2 -2 -2 -2 -2 -1 2 2 2 2 2 1 | -1 2 2 2 2 2 2 
-1 2 2 2 2 2 | -1 2 2 2 2 2 2 
-1 2 2 2 2 2 | 2 
-1 2 2 2 2 | 2 
-1 2 2 2 | 2 
-1 2 2 | 2 
-1 2 | 2 
-1 | 2 
17
-2 -2 -2 -2 -2 -2 -1 2 2 2 2 2 1 | -2 1 2 2 2 -1 -1 
-2 -2 -2 -1 -1 2 2 2 2 1 | -2 1 2 2 2 -1 -1 
-2 -1 2 2 2 2 -1 | -2 1 2 2 2 -1 -1 
-2 -1 2 2 2 2 -1 | -2 1 -2 1 2 -1 
-2 -1 2 2 2 2 -1 | -2 -2 -2 1 1 -2 1 
-2 1 -2 1 2 -1 | -2 -2 -2 1 1 -2 1 
-2 1 -2 1 2 -1 | -2 -2 -2 1 -2 1 -2 1 1 
-2 1 -2 1 2 -1 | -2 -2 1 -2 -2 1 1 
-2 1 -2 1 2 -1 | -2 -1 -2 1 1 -2 1 
-2 1 -2 1 2 -1 | -2 -2 -1 2 1 -2 1 
-2 1 -2 1 2 -1 | -2 -2 -2 1 1 
-2 1 -2 1 2 -1 | -2 -2 1 -2 -1 2 1 
-2 -2 1 -2 1 | -2 -2 1 -2 -1 2 1 
-2 -2 1 -2 1 | -1 -1 2 1 
-2 -2 1 | -1 -1 2 1 
-2 -2 1 | -2 
-2 1 | -2 
1 | -2 
32
-2 -2 -2 -2 -2 -2 -1 2 2 2 2 2 1 | -2 -2 -2 -1 -1 -2 1 
-2 -2 -2 -1 2 1 2 2 2 2 2 1 | -2 -2 -2 -1 -1 -2 1 
-2 -2 -2 -1 2 -1 -2 1 2 2 1 | -2 -2 -2 -1 -1 -2 1 
-2 1 2 2 2 1 2 -1 | -2 -2 -2 -1 -1 -2 1 
-2 1 2 2 2 1 2 -1 | -2 -2 -2 -2 -2 -2 -1 -2 -1 
-2 1 2 2 2 1 2 -1 | -2 -2 -1 -2 -1 -2 1 2 -1 -2 1 
-2 1 2 2 2 1 2 -1 | -2 -2 -1 -2 -2 -1 -2 -2 -1 -2 1 
-2 1 2 2 2 1 2 -1 | -2 -2 -1 -2 1 -2 -1 -2 1 2 -1 
-2 1 2 2 2 1 2 -1 | -2 -2 -2 -2 -1 -2 -1 -2 1 -2 -1 
-2 1 2 2 2 1 2 -1 | -2 -2 1 -2 -1 -2 -1 
-2 -2 -2 1 2 2 -1 | -2 -2 1 -2 -1 -2 -1 
-2 -2 -2 1 2 2 -1 | -2 -2 -2 -1 2 1 -2 -1 
-2 -2 -2 1 2 2 -1 | -2 -2 -2 -1 -1 2 1 
-2 -2 -2 1 2 2 -1 | -2 -2 -2 1 -2 -1 -1 2 
-2 -2 -2 1 2 2 -1 | -2 -2 -1 2 1 -2 -1 
-2 -2 -2 1 2 2 -1 | -2 -2 -1 -2 -2 1 2 -1 
-2 1 2 2 1 2 -1 | -2 -2 -1 -2 -2 1 2 -1 
-2 1 2 2 1 2 -1 | -2 -2 -2 -2 -1 -2 -1 
-2 -2 -1 -2 -2 1 2 -1 | -2 -2 -2 -2 -1 -2 -1 
-2 -2 -1 -2 -2 1 2 -1 | -2 -2 1 -2 -1 2 -1 
-2 -2 1 1 2 -1 -1 | -2 -2 1 -2 -1 2 -1 
-2 -2 1 1 2 -1 -1 | -2 -1 -2 -1 2 1 
-2 -2 1 -2 -1 2 -1 | -2 -1 -2 -1 2 1 
-2 -2 -2 1 2 2 -1 | -2 -1 -2 -1 2 1 
-2 -2 -2 1 2 2 -1 | -2 -2 1 2 -1 -2 -1 
-2 1 2 1 2 -1 | -2 -2 1 2 -1 -2 -1 
-2 1 2 1 2 -1 | -2 -2 -2 -1 -1 
-2 1 2 1 2 -1 | -2 -2 -1 -2 -1 -2 -1 
-2 1 2 1 2 -1 | -2 -2 -1 -2 -1 
-2 -2 -1 | -2 -2 -1 -2 -1 
-2 -2 -1 | -2 -1 
-2 | -2 -1 
-2 | -1 
16
-2 -2 -2 -2 -2 -2 -1 2 2 2 2 2 1 | -2 -2 1 2 2 -1 -1 
-2 -2 -2 -2 -1 -1 2 2 2 1 | -2 -2 1 2 2 -1 -1 
-2 -2 -2 -2 -1 2 2 -1 -1 2 1 | -2 -2 1 2 2 -1 -1 
-2 -2 -1 -1 -1 -1 2 1 | -2 -2 1 2 2 -1 -1 
-2 -2 -1 -1 -1 -1 2 1 | -2 -2 -1 -1 -1 2 -1 
-2 -1 2 1 1 | -2 -2 -1 -1 -1 2 -1 
-2 -1 2 1 1 | -2 -2 -1 -1 2 -1 -1 -1 
-2 -1 2 1 1 | -2 -2 -1 2 -1 -1 -1 -1 -1 
-2 -1 2 1 1 | -2 -1 -1 -1 -1 -1 -1 -1 
-2 -1 2 1 1 | -2 -1 -2 -1 2 -1 -1 -1 -1 
-2 -1 2 1 1 | -2 -1 -2 -1 -1 2 -1 -1 
-2 -1 2 1 1 | -2 -1 -2 -1 -1 -1 2 
-2 -1 2 1 1 | -2 -1 -1 -1 
-2 -1 -1 | -2 -1 -1 -1 
-2 -1 -1 | -1 
-2 -1 | -1 
-2 | -1 
8
-2 -2 -2 -2 -2 -2 -1 2 2 2 2 2 1 | -2 -2 -2 -2 -2 -2 -1 
-2 -2 -2 -2 -2 -2 -2 -1 | -2 -2 -2 -2 -2 -2 -1 
-2 | -2 -2 -2 -2 -2 -2 -1 
-2 | -2 -2 -2 -2 -2 -1 
-2 | -2 -2 -2 -2 -1 
-2 | -2 -2 -2 -1 
-2 | -2 -2 -1 
-2 | -2 -1 
-2 | -1 
20
-2 -2 -2 -2 -2 -2 -1 2 2 2 2 2 1 | -2 -1 2 1 2 2 2 -1 
-2 -2 -2 -1 2 2 2 2 -1 2 1 | -2 -1 2 1 2 2 2 -1 
-2 -1 2 2 2 2 2 -1 2 | -2 -1 2 1 2 2 2 -1 
-2 -1 2 2 2 2 2 -1 2 | -2 -2 1 -2 -1 2 1 
-1 2 -1 2 2 -1 2 2 2 2 | -2 -2 1 -2 -1 2 1 
-1 2 -1 2 -1 2 1 2 2 | -2 -2 1 -2 -1 2 1 
-2 -1 2 -1 2 1 2 -1 2 1 | -2 -2 1 -2 -1 2 1 
-2 -1 2 -1 2 2 1 -2 1 | -2 -2 1 -2 -1 2 1 
-1 -1 2 2 1 2 | -2 -2 1 -2 -1 2 1 
-2 -2 -1 2 2 2 1 | -2 -2 1 -2 -1 2 1 
-2 -2 -1 2 2 2 1 | -2 -2 -2 -1 2 1 2 1 
-2 -2 -1 2 2 2 1 | -2 -2 1 2 1 -2 -1 
-2 -2 -1 2 2 2 1 | -2 -1 2 1 -2 1 
-2 -1 2 -1 2 2 1 | -2 -1 2 1 -2 1 
-1 -1 2 2 2 | -2 -1 2 1 -2 1 
-2 -1 2 2 -1 2 1 | -2 -1 2 1 -2 1 
-2 -1 2 2 -1 2 1 | -2 -2 1 -2 1 
-2 1 | -2 -2 1 -2 1 
-2 1 | -2 -2 1 
-2 1 | -2 
1 | -2 
12
-2 -2 -2 -2 -2 -2 -1 2 2 2 2 2 1 | -2 -2 -2 -1 2 -1 2 1 
-2 -2 -2 -1 -2 1 2 2 2 2 1 | -2 -2 -2 -1 2 -1 2 1 
-2 -2 1 2 2 2 1 | -2 -2 -2 -1 2 -1 2 1 
-2 -2 1 2 2 2 1 | -2 -1 2 1 1 
-2 1 1 2 2 1 | -2 -1 2 1 1 
-2 1 1 2 1 2 -1 | -2 -1 2 1 1 
-2 1 2 1 2 1 | -2 -1 2 1 1 
1 1 1 1 2 | -2 -1 2 1 1 
1 1 1 1 2 | -2 -1 -1 -1 
1 | -2 -1 -1 -1 
1 | -2 -1 -1 
1 | -2 -1 
1 | -2 
20
-2 -2 -2 -2 -2 -2 -1 2 2 2 2 2 1 | -2 -2 -2 -1 -2 -1 2 1 
-2 -2 -2 -1 2 2 2 2 1 2 1 | -2 -2 -2 -1 -2 -1 2 1 
-2 1 2 2 2 2 2 1 2 | -2 -2 -2 -1 -2 -1 2 1 
-2 1 2 2 2 2 2 1 2 | -2 -1 2 1 2 2 1 
1 2 1 2 2 1 2 2 2 2 | -2 -1 2 1 2 2 1 
-1 2 2 1 2 1 2 1 2 | -2 -1 2 1 2 2 1 
-2 1 2 1 2 -1 2 1 2 -1 | -2 -1 2 1 2 2 1 
-2 -1 -2 1 2 1 2 2 -1 | -2 -1 2 1 2 2 1 
-1 2 1 1 2 2 | -2 -1 2 1 2 2 1 
-2 -2 1 2 2 2 -1 | -2 -1 2 1 2 2 1 
-2 -2 1 2 2 2 -1 | -2 -1 2 2 2 1 -2 1 
-2 -2 1 2 2 2 -1 | -2 1 2 2 -1 2 1 
-2 -2 1 2 2 2 -1 | -2 -1 2 1 2 1 
-2 1 2 1 2 2 -1 | -2 -1 2 1 2 1 
1 1 2 2 2 | -2 -1 2 1 2 1 
-2 1 2 2 1 2 -1 | -2 -1 2 1 2 1 
-2 1 2 2 1 2 -1 | 1 2 1 2 2 
-2 -1 | 1 2 1 2 2 
-2 -1 | 1 2 2 
-2 -1 | 2 
-1 | 2 
26
-2 -2 -2 -2 -2 -2 -1 2 2 2 2 2 1 | -2 -2 -1 2 -1 2 2 1 
-2 -2 -2 -2 -1 2 2 2 1 -2 1 | -2 -2 -1 2 -1 2 2 1 
-2 -2 -2 -2 -1 2 1 -2 1 2 1 | -2 -2 -1 2 -1 2 2 1 
-2 -2 -1 -2 -2 1 1 -2 1 2 1 | -2 -2 -1 2 -1 2 2 1 
-2 -2 -2 1 1 -2 1 -2 1 | -2 -2 -1 2 -1 2 2 1 
-2 -2 -2 1 1 -2 1 -2 1 | -2 -2 -2 -2 -2 1 1 2 1 
-2 -2 -2 1 1 -2 1 -2 1 | -2 -2 1 1 2 2 -1 2 -1 -1 
-2 -2 -2 1 1 -2 1 -2 1 | -2 -2 1 1 -2 1 1 -2 -1 
-2 -2 -2 1 1 -2 1 -2 1 | -2 -1 2 -1 2 1 
-2 -2 -2 -2 1 1 1 | -2 -1 2 -1 2 1 
-2 -2 -2 1 -2 -1 2 1 1 | -2 -1 2 -1 2 1 
-2 -2 -2 1 -2 -2 1 2 1 | -2 -1 2 -1 2 1 
-2 -2 1 -2 -1 -2 1 2 1 | -2 -1 2 -1 2 1 
-2 -2 -1 2 2 1 -2 -2 1 | -2 -1 2 -1 2 1 
-2 -2 -1 2 1 -2 1 -2 1 | -2 -1 2 -1 2 1 
-2 -2 -2 1 1 -2 1 | -2 -1 2 -1 2 1 
-2 -2 -2 1 -2 1 -2 1 1 | -2 -1 2 -1 2 1 
-2 -2 1 -2 -2 1 1 | -2 -1 2 -1 2 1 
-2 -1 -2 1 1 -2 1 | -2 -1 2 -1 2 1 
-2 -2 -1 2 1 -2 1 | -2 -1 2 -1 2 1 
-2 -2 -2 1 1 | -2 -1 2 -1 2 1 
-2 -2 1 -2 -1 2 1 | -2 -1 2 -1 2 1 
-2 -2 1 -2 -2 1 2 | -2 -1 2 -1 2 1 
-2 -2 1 | -2 -1 2 -1 2 1 
-2 -2 1 | -2 
-2 1 | -2 
1 | -2 
26
-2 -2 -2 -2 -2 -2 -1 2 2 2 2 2 1 | -2 -2 -1 -2 -1 2 2 1 
-2 -2 -2 -2 -1 2 2 2 1 2 1 | -2 -2 -1 -2 -1 2 2 1 
-2 -2 -1 -2 -2 1 2 2 2 2 1 2 1 | -2 -2 -1 -2 -1 2 2 1 
-2 -2 1 -2 1 2 2 2 2 1 2 | -2 -2 -1 -2 -1 2 2 1 
-2 -2 -1 2 2 1 2 2 1 -2 1 | -2 -2 -1 -2 -1 2 2 1 
-2 -2 -1 2 2 1 1 2 1 2 1 | -2 -2 -1 -2 -1 2 2 1 
-2 1 2 2 1 2 1 2 1 | -2 -2 -1 -2 -1 2 2 1 
-2 1 2 2 1 2 1 2 1 | -2 1 -2 1 2 2 2 2 1 
-2 1 2 2 1 2 1 2 1 | -2 -2 -2 1 2 2 2 -1 -2 -1 
-2 -2 1 2 2 1 2 2 1 | -2 -2 -2 1 2 2 2 -1 -2 -1 
-2 -2 1 2 2 1 2 2 1 | -2 -2 -1 2 -1 -2 -1 -2 -1 
-2 -1 -2 -1 2 1 | -2 -2 -1 2 -1 -2 -1 -2 -1 
-2 -1 -2 -1 2 1 | -2 -2 -2 -1 2 -1 -1 
-2 -1 -2 -1 2 1 | -2 -2 1 2 -1 -1 -1 
-2 -1 -2 -1 2 1 | -2 -1 -1 -1 -1 -2 1 
-2 -1 -2 -1 2 1 | -2 -2 -1 -1 -1 -2 -1 
-2 -1 -2 -1 2 1 | -2 -2 -1 -2 -1 -2 -1 -1 -1 
-2 -1 -2 -1 2 1 | -2 -2 -1 -1 -2 -1 -1 
-2 -1 -2 -1 2 1 | -2 -2 -1 2 -1 -2 -1 
-2 -1 -2 -1 2 1 | -2 -1 -2 1 2 -1 -1 
-2 -1 -2 -1 2 1 | -2 -2 -1 -1 -1 
-2 -1 -2 -1 2 1 | -2 -1 -1 -2 1 2 -1 
-2 -1 -2 -1 2 1 | -2 -1 -2 -1 -1 
1 1 2 | -2 -1 -2 -1 -1 
1 1 2 | -2 -1 
1 | -2 -1 
1 | -2 
10
-2 -2 -2 -2 -2 -2 -1 2 2 2 2 2 1 | -2 -2 -2 -1 -1 2 2 1 
-2 -2 -2 -1 2 2 2 1 1 | -2 -2 -2 -1 -1 2 2 1 
-2 -2 1 2 2 2 1 | -2 -2 -2 -1 -1 2 2 1 
-2 -2 1 2 2 2 1 | -2 -2 -1 2 2 1 1 
1 1 1 2 | -2 -2 -1 2 2 1 1 
1 1 1 2 | -2 -2 -1 2 -1 
1 1 1 2 | -2 -1 2 1 1 
1 1 1 2 | -2 -1 -1 
1 | -2 -1 -1 
1 | -2 -1 
1 | -2 
8
-2 -2 -2 -2 -2 -2 -1 2 2 2 2 2 1 | -1 2 2 2 2 2 2 2 
-1 2 2 2 2 2 2 | -1 2 2 2 2 2 2 2 
-1 2 2 2 2 2 2 | 2 
-1 2 2 2 2 2 | 2 
-1 2 2 2 2 | 2 
-1 2 2 2 | 2 
-1 2 2 | 2 
-1 2 | 2 
-1 | 2 
28
-2 -2 -2 -2 -2 -2 -1 2 2 2 2 2 1 | -2 1 2 2 2 -1 2 -1 
-2 -2 -2 -1 2 -1 2 2 2 2 1 | -2 1 2 2 2 -1 2 -1 
-1 -1 2 2 2 2 2 | -2 1 2 2 2 -1 2 -1 
-1 -1 2 2 2 2 2 | -2 -2 1 2 -1 -2 1 
-2 1 2 -1 -1 2 2 1 2 -1 | -2 -2 1 2 -1 -2 1 
-1 2 -1 2 -1 2 2 1 2 | -2 -2 1 2 -1 -2 1 
-2 1 2 -1 2 1 2 -1 2 -1 | -2 -2 1 2 -1 -2 1 
-2 1 -2 1 2 2 -1 2 -1 | -2 -2 1 2 -1 -2 1 
-2 -1 2 1 2 2 -1 2 | -2 -2 1 2 -1 -2 1 
-2 -1 2 1 1 2 -1 | -2 -2 1 2 -1 -2 1 
-2 -1 2 1 1 2 -1 | -2 -2 -1 -2 1 1 
-2 -2 1 2 -1 -2 1 | -2 -2 -1 -2 1 1 
-2 -2 1 2 -1 -2 1 | -2 -2 -2 -1 2 2 1 
-2 -2 -1 2 1 -2 -2 1 | -2 -2 -2 -1 2 2 1 
-2 -2 -1 -2 1 2 1 | -2 -2 -2 -1 2 2 1 
-2 -2 -1 -2 1 2 1 | -2 -1 2 -1 2 1 
-2 -2 -1 -2 1 2 1 | -2 -2 -1 -1 2 1 1 
-2 1 -2 1 2 -1 | -2 -2 -1 -1 2 1 1 
-2 1 -2 1 2 -1 | -2 -2 -1 -2 1 2 1 
-2 -1 -2 1 1 -2 1 | -2 -2 -1 -2 1 2 1 
-2 -1 -2 1 1 -2 1 | -2 -1 2 -1 2 1 
-2 -2 -1 2 1 -2 1 | -2 -1 2 -1 2 1 
-2 -2 -2 1 1 | -2 -1 2 -1 2 1 
-2 -2 1 -2 1 -2 1 | -2 -1 2 -1 2 1 
-2 -2 1 -2 1 | -2 -1 2 -1 2 1 
-2 -2 1 -2 1 | -2 -2 1 
-2 1 | -2 -2 1 
-2 1 | -2 
1 | -2 
31
-2 -2 -2 -2 -2 -2 -1 2 2 2 2 2 1 | -2 -2 -2 -1 2 -1 -2 1 
-2 -2 -2 -1 2 1 2 2 2 2 1 | -2 -2 -2 -1 2 -1 -2 1 
-1 2 1 1 2 2 2 2 1 | -2 -2 -2 -1 2 -1 -2 1 
-1 2 1 1 2 2 2 2 1 | -2 1 2 2 1 2 -1 
-2 -1 2 1 1 2 2 -1 2 1 | -2 1 2 2 1 2 -1 
-1 2 1 2 1 2 1 2 2 | -2 1 2 2 1 2 -1 
-2 -1 2 1 2 -1 2 1 2 1 | -2 1 2 2 1 2 -1 
-2 -1 -2 -1 2 2 1 2 1 | -2 1 2 2 1 2 -1 
-2 -1 -2 -1 -1 2 1 1 | -2 1 2 2 1 2 -1 
-2 -1 -2 -1 -1 2 1 1 | -2 1 2 -1 -1 2 1 
-2 -2 -1 2 1 -2 -1 | -2 1 2 -1 -1 2 1 
-2 -2 1 -2 -1 -1 | -2 1 2 -1 -1 2 1 
-2 -2 1 -2 -1 -1 | -2 -2 -1 2 1 -2 -1 
-2 -2 -2 1 2 2 -1 | -2 -2 -1 2 1 -2 -1 
-2 -2 -2 1 2 2 -1 | -2 -2 -1 -2 -2 1 2 -1 
-2 1 2 2 1 2 -1 | -2 -2 -1 -2 -2 1 2 -1 
-2 1 2 2 1 2 -1 | -2 -2 -2 -2 -1 -2 -1 
-2 -2 -1 -2 -2 1 2 -1 | -2 -2 -2 -2 -1 -2 -1 
-2 -2 -1 -2 -2 1 2 -1 | -2 -2 1 -2 -1 2 -1 
-2 -2 1 1 2 -1 -1 | -2 -2 1 -2 -1 2 -1 
-2 -2 1 1 2 -1 -1 | -2 -1 -2 -1 2 1 
-2 -2 1 -2 -1 2 -1 | -2 -1 -2 -1 2 1 
-2 -2 -2 1 2 2 -1 | -2 -1 -2 -1 2 1 
-2 -2 -2 1 2 2 -1 | -2 -2 1 2 -1 -2 -1 
-2 1 2 1 2 -1 | -2 -2 1 2 -1 -2 -1 
-2 1 2 1 2 -1 | -2 -2 -2 -1 -1 
-2 1 2 1 2 -1 | -2 -2 -1 -2 -1 -2 -1 
-2 1 2 1 2 -1 | -2 -2 -1 -2 -1 
-2 -2 -1 | -2 -2 -1 -2 -1 
-2 -2 -1 | -2 -1 
-2 | -2 -1 
-2 | -1 
28
-2 -2 -2 -2 -2 -2 -1 2 2 2 2 2 1 | -2 -2 1 2 2 -1 2 -1 
-2 -2 -2 -2 -1 2 -1 2 2 2 1 | -2 -2 1 2 2 -1 2 -1 
-2 -2 -1 2 -1 -2 -1 2 2 2 1 | -2 -2 1 2 2 -1 2 -1 
-2 -1 -2 -1 2 2 2 2 -1 | -2 -2 1 2 2 -1 2 -1 
-2 -1 -2 -1 2 2 2 2 -1 | -2 -1 2 -1 2 -1 2 2 -1 
-2 -2 -2 1 -2 1 2 2 2 -1 | -2 -1 2 -1 2 -1 2 2 -1 
-2 -2 -1 2 2 -1 2 2 -1 | -2 -1 2 -1 2 -1 2 2 -1 
-2 -2 -1 2 1 -2 1 2 | -2 -1 2 -1 2 -1 2 2 -1 
-2 -2 -1 2 1 -2 1 2 | -2 -1 -1 2 2 2 -1 
-2 -2 -1 2 1 -2 1 2 | -2 -1 -1 -1 2 2 1 
-2 -2 -2 1 1 2 1 | -2 -1 -1 -1 2 2 1 
-2 -1 2 1 -2 1 | -2 -1 -1 -1 2 2 1 
-2 -1 -2 1 1 1 1 | -2 -1 -1 -1 2 2 1 
-2 -1 -2 1 1 1 1 | -2 -1 2 1 -2 1 
-2 -2 1 -2 1 1 1 | -2 -1 2 1 -2 1 
-2 -2 1 1 1 -2 1 -2 1 | -2 -1 2 1 -2 1 
-2 -2 1 1 -2 1 1 | -2 -1 2 1 -2 1 
-2 -2 1 1 -2 1 1 | -2 -1 2 -1 2 2 -1 
-2 -1 2 1 -2 1 | -2 -1 2 -1 2 2 -1 
-2 -1 2 1 -2 1 | -2 -1 -1 2 -1 2 1 
-2 -2 1 1 1 | -2 -1 -1 2 -1 2 1 
-2 -2 1 1 1 | -2 -1 2 1 -2 1 
-2 1 -2 1 -2 1 1 | -2 -1 2 1 -2 1 
-2 1 -2 1 1 | -2 -1 2 1 -2 1 
-2 1 1 | -2 -1 2 1 -2 1 
-2 1 1 | -2 -1 2 
-2 1 | -2 -1 2 
-2 1 | -2 
1 | -2 
15
-2 -2 -2 -2 -2 -2 -1 2 2 2 2 2 1 | -2 -2 1 2 2 2 -1 -1 
-2 -2 -2 -1 -1 2 2 2 1 | -2 -2 1 2 2 2 -1 -1 
-2 -2 -1 2 2 2 -1 | -2 -2 1 2 2 2 -1 -1 
-2 -2 -1 2 2 2 -1 | -1 -1 2 -1 2 
-2 -2 -1 2 2 1 -2 1 | -1 -1 2 -1 2 
-2 -2 -1 2 2 -1 2 | -1 -1 2 -1 2 
-2 -2 -1 2 1 1 | -1 -1 2 -1 2 
-2 -2 -1 2 1 1 | -2 -1 2 2 -1 
-2 1 -2 1 1 | -2 -1 2 2 -1 
-2 -2 1 1 2 -1 | -2 -1 2 2 -1 
-2 1 2 -1 -1 | -2 -1 2 2 -1 
-2 1 2 -1 -1 | -1 -1 -1 2 
-2 1 1 | -1 -1 -1 2 
-2 1 1 | -1 
-2 1 | -1 
-2 | -1 
35
-2 -2 -2 -2 -2 -2 -1 2 2 2 2 2 1 | -2 -2 -2 -1 -1 -2 -2 1 
-2 -2 -2 -1 2 2 1 2 2 2 2 2 1 | -2 -2 -2 -1 -1 -2 -2 1 
-2 -2 -2 -1 2 2 -1 -2 -2 1 2 2 1 | -2 -2 -2 -1 -1 -2 -2 1 
-2 -2 1 2 2 2 2 1 2 2 -1 | -2 -2 -2 -1 -1 -2 -2 1 
-2 -2 1 2 2 2 2 1 2 2 -1 | -2 -2 -2 -2 -2 -2 -2 -1 -2 -2 -1 
-2 -2 -2 -2 -1 -2 -2 -2 1 2 2 -1 | -2 -2 -2 -2 -2 -2 -2 -1 -2 -2 -1 
-2 -2 -2 -2 -1 -2 -2 -2 1 2 2 -1 | -2 -2 -2 1 -2 -2 -1 2 -1 
-2 -2 -2 -2 -2 1 2 2 2 2 -1 | -2 -2 -2 1 -2 -2 -1 2 -1 
-2 -2 1 2 2 2 1 2 2 -1 | -2 -2 -2 1 -2 -2 -1 2 -1 
-2 -2 1 2 2 2 1 2 2 -1 | -2 -2 -2 -1 -2 1 -2 -2 -1 -2 -1 
-2 -2 1 2 2 2 1 2 2 -1 | -2 -2 -2 -1 -2 -2 -2 1 2 2 -1 
-2 -2 1 2 2 2 1 2 2 -1 | -2 -2 -2 -2 -2 -2 -1 -2 -1 
-2 -2 1 2 2 2 1 2 2 -1 | -2 -2 -2 -2 -1 -2 -2 1 2 2 -1 
-2 -2 1 2 2 2 1 2 2 -1 | -2 -2 -2 -2 -2 -1 -2 -2 -1 
-2 -2 -2 -1 -2 -2 1 2 -1 | -2 -2 -2 -2 -2 -1 -2 -2 -1 
-2 -2 -2 -1 -2 -2 1 2 -1 | -2 -2 1 -2 -1 -1 
-2 -2 -2 1 2 2 -1 | -2 -2 1 -2 -1 -1 
-2 -2 -2 1 2 2 -1 | -2 -2 -1 2 1 -2 -1 
-2 -2 -2 1 2 2 -1 | -2 -2 -1 -2 -2 1 2 -1 
-2 1 2 2 1 2 -1 | -2 -2 -1 -2 -2 1 2 -1 
-2 1 2 2 1 2 -1 | -2 -2 -2 -2 -1 -2 -1 
-2 -2 -1 -2 -2 1 2 -1 | -2 -2 -2 -2 -1 -2 -1 
-2 -2 -1 -2 -2 1 2 -1 | -2 -2 1 -2 -1 2 -1 
-2 -2 1 1 2 -1 -1 | -2 -2 1 -2 -1 2 -1 
-2 -2 1 1 2 -1 -1 | -2 -1 -2 -1 2 1 
-2 -2 1 -2 -1 2 -1 | -2 -1 -2 -1 2 1 
-2 -2 -2 1 2 2 -1 | -2 -1 -2 -1 2 1 
-2 -2 -2 1 2 2 -1 | -2 -2 1 2 -1 -2 -1 
-2 1 2 1 2 -1 | -2 -2 1 2 -1 -2 -1 
-2 1 2 1 2 -1 | -2 -2 -2 -1 -1 
-2 1 2 1 2 -1 | -2 -2 -1 -2 -1 -2 -1 
-2 1 2 1 2 -1 | -2 -2 -1 -2 -1 
-2 -2 -1 | -2 -2 -1 -2 -1 
-2 -2 -1 | -2 -1 
-2 | -2 -1 
-2 | -1 
12
-2 -2 -2 -2 -2 -2 -1 2 2 2 2 2 1 | -2 -1 -2 1 2 2 2 -1 
-2 -2 -2 -1 -2 -1 2 2 2 2 1 | -2 -1 -2 1 2 2 2 -1 
-2 -2 -1 2 2 2 -1 | -2 -1 -2 1 2 2 2 -1 
-2 -2 -1 2 2 2 -1 | -2 -1 2 2 -1 2 -1 
-2 1 -2 1 2 -1 | -2 -1 2 2 -1 2 -1 
-2 1 -2 1 2 -1 | -2 1 2 -1 2 -1 -1 
-2 1 -2 1 2 -1 | -1 -1 -1 2 2 
-2 1 -2 1 2 -1 | -2 1 2 -1 -1 2 -1 
-2 1 -2 1 2 -1 | -1 -1 2 -1 2 
-1 -1 2 | -1 -1 2 -1 2 
-1 -1 2 | -1 2 
-1 | -1 2 
-1 | 2 
31
-2 -2 -2 -2 -2 -2 -1 2 2 2 2 2 1 | -2 -2 1 2 2 -1 -2 -1 
-2 -2 -2 -2 -1 -2 -1 2 2 2 1 | -2 -2 1 2 2 -1 -2 -1 
-2 -2 -2 -2 -1 2 -1 -2 -1 2 1 | -2 -2 1 2 2 -1 -2 -1 
-2 -2 -1 -2 -1 -2 -1 -2 -1 2 1 | -2 -2 1 2 2 -1 -2 -1 
-2 -2 -2 -1 -2 -1 -2 -1 -1 | -2 -2 1 2 2 -1 -2 -1 
-2 -2 -2 -2 -2 -1 2 -1 -1 | -2 -2 1 2 2 -1 -2 -1 
-2 -2 -2 -2 -2 -1 2 -1 -1 | -2 -2 -2 -1 -2 -1 -2 -1 -1 
-2 -2 1 1 2 1 2 2 -1 -1 | -2 -2 -2 -1 -2 -1 -2 -1 -1 
-2 -2 1 -2 -1 -1 -2 -1 -1 | -2 -2 -2 -1 -2 -1 -2 -1 -1 
-2 -2 1 -2 -1 -1 -2 -1 -1 | -2 -1 -2 1 2 -1 
-2 -2 -2 -1 -2 -1 -2 -1 -1 | -2 -1 -2 1 2 -1 
-2 -2 -2 -1 -2 -1 -2 -1 -1 | 1 1 1 2 2 2 2 
-2 -1 -2 1 2 -1 | 1 1 1 2 2 2 2 
-2 -1 -2 1 2 -1 | -2 1 1 2 2 2 1 2 -1 
-2 -1 -2 1 2 -1 | -2 1 1 2 2 1 2 -1 -1 
-2 -1 -2 1 2 -1 | -2 1 2 2 1 2 -1 2 1 
-2 -1 -2 1 2 -1 | -1 2 1 1 2 1 2 1 2 
-2 -1 -2 1 2 -1 | -1 2 1 1 1 2 2 
-2 -1 -2 1 2 -1 | -2 1 1 2 2 2 -1 
-2 -1 -2 1 2 -1 | -2 1 2 2 2 2 1 
-2 -1 -2 1 2 -1 | 1 1 2 1 2 2 2 
-2 -1 -2 1 2 -1 | -2 1 2 1 2 2 1 2 -1 
-2 -1 -2 1 2 -1 | 1 1 2 2 1 2 2 
-2 -1 -2 1 2 -1 | -1 2 1 1 2 1 2 
-2 -1 -2 1 2 -1 | -2 1 2 1 2 2 -1 
-2 -1 -2 1 2 -1 | 1 1 2 2 2 
-2 -1 -2 1 2 -1 | -2 1 2 2 1 2 -1 
-2 -2 -1 -2 -1 | -2 1 2 2 1 2 -1 
-2 -2 -1 -2 -1 | -2 -1 
-2 -2 -1 | -2 -1 
-2 | -2 -1 
-2 | -1 
9
-2 -2 -2 -2 -2 -2 -1 2 2 2 2 2 1 | -2 -2 -2 -2 -2 -2 -2 -1 
-2 -2 -2 -2 -2 -2 -2 -2 -1 | -2 -2 -2 -2 -2 -2 -2 -1 
-2 | -2 -2 -2 -2 -2 -2 -2 -1 
-2 | -2 -2 -2 -2 -2 -2 -1 
-2 | -2 -2 -2 -2 -2 -1 
-2 | -2 -2 -2 -2 -1 
-2 | -2 -2 -2 -1 
-2 | -2 -2 -1 
-2 | -2 -1 
-2 | -1 
2
-2 -2 -2 -2 -2 -2 -2 -1 2 2 2 2 2 2 1 | -1 2 
-1 | -1 2 
-1 | 2 
3
-2 -2 -2 -2 -2 -2 -2 -1 2 2 2 2 2 2 1 | -2 -1 
-2 -2 -1 | -2 -1 
-2 | -2 -1 
-2 | -1 
3
-2 -2 -2 -2 -2 -2 -2 -1 2 2 2 2 2 2 1 | -1 2 2 
-1 2 | -1 2 2 
-1 2 | 2 
-1 | 2 
4
-2 -2 -2 -2 -2 -2 -2 -1 2 2 2 2 2 2 1 | -2 -2 -1 
-2 -2 -2 -1 | -2 -2 -1 
-2 | -2 -2 -1 
-2 | -2 -1 
-2 | -1 
4
-2 -2 -2 -2 -2 -2 -2 -1 2 2 2 2 2 2 1 | -1 2 2 2 
-1 2 2 | -1 2 2 2 
-1 2 2 | 2 
-1 2 | 2 
-1 | 2 
5
-2 -2 -2 -2 -2 -2 -2 -1 2 2 2 2 2 2 1 | -2 -2 -2 -1 
-2 -2 -2 -2 -1 | -2 -2 -2 -1 
-2 | -2 -2 -2 -1 
-2 | -2 -2 -1 
-2 | -2 -1 
-2 | -1 
5
-2 -2 -2 -2 -2 -2 -2 -1 2 2 2 2 2 2 1 | -1 2 2 2 2 
-1 2 2 2 | -1 2 2 2 2 
-1 2 2 2 | 2 
-1 2 2 | 2 
-1 2 | 2 
-1 | 2 
6
-2 -2 -2 -2 -2 -2 -2 -1 2 2 2 2 2 2 1 | -2 -2 -2 -2 -1 
-2 -2 -2 -2 -2 -1 | -2 -2 -2 -2 -1 
-2 | -2 -2 -2 -2 -1 
-2 | -2 -2 -2 -1 
-2 | -2 -2 -1 
-2 | -2 -1 
-2 | -1 
6
-2 -2 -2 -2 -2 -2 -2 -1 2 2 2 2 2 2 1 | -1 2 2 2 2 2 
-1 2 2 2 2 | -1 2 2 2 2 2 
-1 2 2 2 2 | 2 
-1 2 2 2 | 2 
-1 2 2 | 2 
-1 2 | 2 
-1 | 2 
7
-2 -2 -2 -2 -2 -2 -2 -1 2 2 2 2 2 2 1 | -2 -2 -2 -2 -2 -1 
-2 -2 -2 -2 -2 -2 -1 | -2 -2 -2 -2 -2 -1 
-2 | -2 -2 -2 -2 -2 -1 
-2 | -2 -2 -2 -2 -1 
-2 | -2 -2 -2 -1 
-2 | -2 -2 -1 
-2 | -2 -1 
-2 | -1 
26
-2 -2 -2 -2 -2 -2 -2 -1 2 2 2 2 2 2 1 | -2 -2 -1 -1 2 2 1 
-2 -2 -2 -2 -2 -1 2 2 2 2 1 1 | -2 -2 -1 -1 2 2 1 
-2 -2 -2 -2 -2 -1 2 2 1 1 2 2 1 | -2 -2 -1 -1 2 2 1 
-2 -2 -2 -2 -2 1 2 2 1 2 2 1 | -2 -2 -1 -1 2 2 1 
-2 -2 -2 1 -2 -2 -1 2 2 1 2 2 1 | -2 -2 -1 -1 2 2 1 
-2 -2 -1 2 2 1 1 1 -2 1 | -2 -2 -1 -1 2 2 1 
-2 -2 1 2 2 1 1 -2 1 | -2 -2 -1 -1 2 2 1 
-2 -2 -1 2 2 1 1 -2 1 1 | -2 -2 -1 -1 2 2 1 
-2 -2 1 2 2 1 -2 1 1 | -2 -2 -1 -1 2 2 1 
-2 -2 1 1 1 2 1 1 | -2 -2 -1 -1 2 2 1 
-2 -2 1 1 1 2 1 1 | -2 -2 1 2 1 1 1 
-2 -2 1 1 1 2 1 1 | -2 -1 -1 2 1 
-2 1 -2 1 2 1 1 | -2 -1 -1 2 1 
-2 -1 -2 1 2 1 1 1 | -2 -1 -1 2 1 
-2 -2 -1 2 1 1 1 | -2 -1 -1 2 1 
-2 -2 1 2 1 1 | -2 -1 -1 2 1 
-2 -2 1 1 1 2 1 | -2 -1 -1 2 1 
-2 1 -2 1 2 1 | -2 -1 -1 2 1 
-2 -1 -2 1 2 1 1 | -2 -1 -1 2 1 
-2 -2 -1 2 1 1 | -2 -1 -1 2 1 
-2 -2 1 2 1 | -2 -1 -1 2 1 
-2 -2 1 1 1 2 | -2 -1 -1 2 1 
-2 -2 1 1 1 2 | -2 1 1 
-2 1 2 | -2 1 1 
-2 1 2 | -2 1 
2 | -2 1 
2 | 1 
7
-2 -2 -2 -2 -2 -2 -2 -1 2 2 2 2 2 2 1 | -1 2 2 2 2 2 2 
-1 2 2 2 2 2 | -1 2 2 2 2 2 2 
-1 2 2 2 2 2 | 2 
-1 2 2 2 2 | 2 
-1 2 2 2 | 2 
-1 2 2 | 2 
-1 2 | 2 
-1 | 2 
25
-2 -2 -2 -2 -2 -2 -2 -1 2 2 2 2 2 2 1 | -2 -2 1 2 2 -1 -1 
-2 -2 -2 -2 -2 -1 -1 2 2 2 2 1 | -2 -2 1 2 2 -1 -1 
-2 -2 -2 -2 -2 -1 -1 2 2 1 2 2 -1 | -2 -2 1 2 2 -1 -1 
-2 -2 -2 -2 -2 -1 2 2 -1 2 2 -1 | -2 -2 1 2 2 -1 -1 
-2 -2 -2 -1 -1 -1 2 2 -1 | -2 -2 1 2 2 -1 -1 
-2 -2 -2 -1 -1 2 2 -1 -1 -1 | -2 -2 1 2 2 -1 -1 
-2 -2 -1 -2 -1 -1 2 2 -1 | -2 -2 1 2 2 -1 -1 
-2 -2 -1 -2 -1 2 2 -1 -1 -1 | -2 -2 1 2 2 -1 -1 
-2 -2 -1 -1 -2 -1 2 2 -1 | -2 -2 1 2 2 -1 -1 
-2 -2 -1 -1 2 -1 -1 -1 | -2 -2 1 2 2 -1 -1 
-2 -2 -1 -1 2 -1 -1 -1 | -2 1 1 1 2 2 1 
-2 1 2 -1 -1 | -2 1 1 1 2 2 1 
-2 1 2 -1 -1 | -2 1 1 1 2 1 2 -1 
-2 1 2 -1 -1 | -2 1 1 2 1 2 1 
-2 1 2 -1 -1 | -2 1 1 1 2 -1 2 1 
-2 1 2 -1 -1 | -2 1 1 1 2 2 -1 
-2 1 2 -1 -1 | -2 1 1 2 2 1 
-2 1 2 -1 -1 | -2 1 1 2 1 2 -1 
-2 1 2 -1 -1 | -2 1 2 1 2 1 
-2 -1 -1 -1 -1 | -2 1 2 1 2 1 
-2 -1 -1 -1 -1 | -2 -1 -1 2 1 
-2 -1 -1 -1 | -2 -1 -1 2 1 
-2 -1 -1 -1 | 1 1 2 
-1 | 1 1 2 
-1 | 1 2 
-1 | 2 
8
-2 -2 -2 -2 -2 -2 -2 -1 2 2 2 2 2 2 1 | -2 -2 -2 -2 -2 -2 -1 
-2 -2 -2 -2 -2 -2 -2 -1 | -2 -2 -2 -2 -2 -2 -1 
-2 | -2 -2 -2 -2 -2 -2 -1 
-2 | -2 -2 -2 -2 -2 -1 
-2 | -2 -2 -2 -2 -1 
-2 | -2 -2 -2 -1 
-2 | -2 -2 -1 
-2 | -2 -1 
-2 | -1 
34
-2 -2 -2 -2 -2 -2 -2 -1 2 2 2 2 2 2 1 | -2 -2 -1 2 -1 2 2 1 
-2 -2 -2 -2 -2 -1 2 2 2 2 1 -2 1 | -2 -2 -1 2 -1 2 2 1 
-2 -2 -2 -2 -2 -1 2 2 1 -2 1 2 1 | -2 -2 -1 2 -1 2 2 1 
-2 -2 -2 -2 -2 -2 1 2 1 2 1 | -2 -2 -1 2 -1 2 2 1 
-2 -2 -2 -2 1 -2 -2 -1 2 2 1 2 1 | -2 -2 -1 2 -1 2 2 1 
-2 -2 -2 -2 1 -2 -2 -2 1 2 2 2 1 | -2 -2 -1 2 -1 2 2 1 
-2 -2 -1 -2 -2 1 2 2 2 1 -2 -2 1 | -2 -2 -1 2 -1 2 2 1 
-2 -2 -1 -2 -2 1 2 1 -2 1 1 | -2 -2 -1 2 -1 2 2 1 
-2 -2 -2 -2 -1 2 2 1 -2 1 1 | -2 -2 -1 2 -1 2 2 1 
-2 -2 -2 -2 -2 1 2 1 1 | -2 -2 -1 2 -1 2 2 1 
-2 -2 -2 1 -2 -2 -1 2 2 1 1 | -2 -2 -1 2 -1 2 2 1 
-2 -2 -2 1 -2 -2 -2 1 2 2 1 | -2 -2 -1 2 -1 2 2 1 
-2 -2 -2 1 1 -2 1 -2 1 | -2 -2 -1 2 -1 2 2 1 
-2 -2 -2 1 1 -2 1 -2 1 | -2 -2 -2 -2 -2 1 1 2 1 
-2 -2 -2 1 1 -2 1 -2 1 | -2 -2 1 1 2 2 -1 2 -1 -1 
-2 -2 -2 1 1 -2 1 -2 1 | -2 -2 1 1 -2 1 1 -2 -1 
-2 -2 -2 1 1 -2 1 -2 1 | -2 -1 2 -1 2 1 
-2 -2 -2 -2 1 1 1 | -2 -1 2 -1 2 1 
-2 -2 -2 1 -2 -1 2 1 1 | -2 -1 2 -1 2 1 
-2 -2 -2 1 -2 -2 1 2 1 | -2 -1 2 -1 2 1 
-2 -2 1 -2 -1 -2 1 2 1 | -2 -1 2 -1 2 1 
-2 -2 -1 2 2 1 -2 -2 1 | -2 -1 2 -1 2 1 
-2 -2 -1 2 1 -2 1 -2 1 | -2 -1 2 -1 2 1 
-2 -2 -2 1 1 -2 1 | -2 -1 2 -1 2 1 
-2 -2 -2 1 -2 1 -2 1 1 | -2 -1 2 -1 2 1 
-2 -2 1 -2 -2 1 1 | -2 -1 2 -1 2 1 
-2 -1 -2 1 1 -2 1 | -2 -1 2 -1 2 1 
-2 -2 -1 2 1 -2 1 | -2 -1 2 -1 2 1 
-2 -2 -2 1 1 | -2 -1 2 -1 2 1 
-2 -2 1 -2 -1 2 1 | -2 -1 2 -1 2 1 
-2 -2 1 -2 -2 1 2 | -2 -1 2 -1 2 1 
-2 -2 1 | -2 -1 2 -1 2 1 
-2 -2 1 | -2 
-2 1 | -2 
1 | -2 
30
-2 -2 -2 -2 -2 -2 -2 -1 2 2 2 2 2 2 1 | -2 -2 -1 -2 -1 2 2 1 
-2 -2 -2 -2 -2 -1 2 2 2 2 1 2 1 | -2 -2 -1 -2 -1 2 2 1 
-2 -2 -2 -2 1 2 2 -1 2 2 1 2 1 | -2 -2 -1 -2 -1 2 2 1 
-2 -2 -1 2 -1 2 2 1 2 1 -2 -2 1 | -2 -2 -1 -2 -1 2 2 1 
-2 -2 -1 2 -1 2 2 1 -2 1 2 1 1 | -2 -2 -1 -2 -1 2 2 1 
-2 -2 -1 2 2 1 2 1 2 1 1 | -2 -2 -1 -2 -1 2 2 1 
-2 1 2 2 2 1 2 1 1 | -2 -2 -1 -2 -1 2 2 1 
-2 -2 -1 2 2 1 2 1 1 2 1 | -2 -2 -1 -2 -1 2 2 1 
-2 1 2 2 2 1 1 2 1 | -2 -2 -1 -2 -1 2 2 1 
-2 -2 -1 2 2 1 1 2 1 2 1 | -2 -2 -1 -2 -1 2 2 1 
-2 1 2 2 1 2 1 2 1 | -2 -2 -1 -2 -1 2 2 1 
-2 1 2 2 1 2 1 2 1 | -2 1 -2 1 2 2 2 2 1 
-2 1 2 2 1 2 1 2 1 | -2 -2 -2 1 2 2 2 -1 -2 -1 
-2 -2 1 2 2 1 2 2 1 | -2 -2 -2 1 2 2 2 -1 -2 -1 
-2 -2 1 2 2 1 2 2 1 | -2 -2 -1 2 -1 -2 -1 -2 -1 
-2 -1 -2 -1 2 1 | -2 -2 -1 2 -1 -2 -1 -2 -1 
-2 -1 -2 -1 2 1 | -2 -2 -2 -1 2 -1 -1 
-2 -1 -2 -1 2 1 | -2 -2 1 2 -1 -1 -1 
-2 -1 -2 -1 2 1 | -2 -1 -1 -1 -1 -2 1 
-2 -1 -2 -1 2 1 | -2 -2 -1 -1 -1 -2 -1 
-2 -1 -2 -1 2 1 | -2 -2 -1 -2 -1 -2 -1 -1 -1 
-2 -1 -2 -1 2 1 | -2 -2 -1 -1 -2 -1 -1 
-2 -1 -2 -1 2 1 | -2 -2 -1 2 -1 -2 -1 
-2 -1 -2 -1 2 1 | -2 -1 -2 1 2 -1 -1 
-2 -1 -2 -1 2 1 | -2 -2 -1 -1 -1 
-2 -1 -2 -1 2 1 | -2 -1 -1 -2 1 2 -1 
-2 -1 -2 -1 2 1 | -2 -1 -2 -1 -1 
1 1 2 | -2 -1 -2 -1 -1 
1 1 2 | -2 -1 
1 | -2 -1 
1 | -2 
40
-2 -2 -2 -2 -2 -2 -2 -1 2 2 2 2 2 2 1 | -2 -1 -2 -1 2 2 2 1 
-2 -2 -2 -2 -2 -2 -1 2 2 2 1 2 1 | -2 -1 -2 -1 2 2 2 1 
-2 -2 -2 -2 -2 1 2 2 1 | -2 -1 -2 -1 2 2 2 1 
-2 -2 1 -2 -1 2 1 | -2 -1 -2 -1 2 2 2 1 
-2 -2 1 -2 -1 2 1 | -2 -2 -1 2 1 2 1 -2 -1 
-2 -2 1 -2 -1 2 1 | -2 -2 -1 2 1 1 2 -1 2 -1 
-2 -2 1 -2 -1 2 1 | -2 -1 2 2 1 2 -1 2 -1 
-2 -2 1 -2 -1 2 1 | -2 -1 -1 2 2 1 2 -1 -2 1 
-2 -2 1 -2 -1 2 1 | -2 -2 -1 -1 2 2 1 -2 1 
-2 -2 1 -2 -1 2 1 | -2 -2 1 2 -1 -1 -1 2 2 1 
-2 -2 1 -2 -1 2 1 | -2 1 2 2 -1 -1 -1 2 2 
-2 -2 1 -2 -1 2 1 | -2 -1 2 -1 -1 2 1 1 
-2 -2 1 -2 -1 2 1 | -2 -1 2 -1 2 -1 2 2 1 
-2 -2 1 -2 -1 2 1 | -2 -1 -1 2 1 -2 -1 2 2 1 
-2 -2 1 -2 -1 2 1 | -2 -1 -1 2 2 2 -1 2 1 
-2 -2 -2 -2 1 1 -2 1 | -2 -1 -1 2 2 2 -1 2 1 
-2 -2 -2 -2 1 1 -2 1 | -2 -2 1 -2 -1 2 1 
-2 -2 1 1 -2 -2 1 2 -1 | -2 -2 1 -2 -1 2 1 
-2 -2 1 -2 1 2 2 -1 | -2 -2 1 -2 -1 2 1 
-2 1 1 2 2 -1 -1 | -2 -2 1 -2 -1 2 1 
-2 -1 2 -1 -2 1 1 1 | -2 -2 1 -2 -1 2 1 
-2 -1 -2 1 -2 1 1 | -2 -2 1 -2 -1 2 1 
-2 -2 -2 1 -2 -2 1 1 | -2 -2 1 -2 -1 2 1 
-2 -2 -2 -2 1 2 1 | -2 -2 1 -2 -1 2 1 
-2 -2 1 1 2 -1 | -2 -2 1 -2 -1 2 1 
-2 -2 1 1 2 -1 | -2 -2 -2 -2 1 2 1 
-2 -2 -2 1 -2 1 1 | -2 -2 -2 -2 1 2 1 
-2 -2 -2 1 -2 1 1 | -2 1 2 -1 2 -1 
-2 -2 -1 -2 1 1 1 | -2 1 2 -1 2 -1 
-2 -2 1 1 1 -2 -1 2 -1 | -2 1 2 -1 2 -1 
-2 -2 1 1 2 -1 -1 | -2 1 2 -1 2 -1 
-2 -2 1 2 1 -2 -1 | -2 1 2 -1 2 -1 
-2 -2 -2 1 2 2 -1 | -2 1 2 -1 2 -1 
-2 -2 1 -2 1 2 -1 | -2 1 2 -1 2 -1 
-2 -2 -2 1 1 | -2 1 2 -1 2 -1 
-2 -2 1 -2 1 -2 1 | -2 1 2 -1 2 -1 
-2 -2 1 -2 1 | -2 1 2 -1 2 -1 
-2 -2 1 -2 1 | -2 -2 1 
-2 1 | -2 -2 1 
-2 1 | -2 
1 | -2 
20
-2 -2 -2 -2 -2 -2 -2 -1 2 2 2 2 2 2 1 | -2 -2 -1 -1 2 2 2 1 
-2 -2 -2 -2 -2 -1 2 2 2 1 1 | -2 -2 -1 -1 2 2 2 1 
-2 -2 -2 -2 -2 1 2 2 1 | -2 -2 -1 -1 2 2 2 1 
-2 -2 -1 2 2 1 -2 -2 1 | -2 -2 -1 -1 2 2 2 1 
-2 -2 -1 -2 1 1 1 | -2 -2 -1 -1 2 2 2 1 
-2 -2 -2 1 -2 1 1 | -2 -2 -1 -1 2 2 2 1 
-2 -2 -2 1 -2 1 1 | -2 -2 -1 -2 1 1 1 
-2 -1 2 1 -2 1 | -2 -2 -1 -2 1 1 1 
-2 -1 2 1 -2 1 | -2 -2 1 1 1 -2 -1 2 -1 
-2 -1 2 1 -2 1 | -2 -2 1 1 2 -1 -1 
-2 -1 2 1 -2 1 | -2 -2 1 2 1 -2 -1 
-2 -1 2 1 -2 1 | -2 -2 -2 1 2 2 -1 
-2 -1 2 1 -2 1 | -2 -2 1 -2 1 2 -1 
-2 -1 2 1 -2 1 | -2 -2 -2 1 1 
-2 -1 2 1 -2 1 | -2 -2 1 -2 1 -2 1 
-2 -1 2 1 -2 1 | -2 -2 1 -2 1 
-2 -1 2 1 -2 1 | -2 -2 1 
-2 -1 2 1 -2 1 | -2 
-2 -2 1 | -2 
-2 1 | -2 
1 | -2 
8
-2 -2 -2 -2 -2 -2 -2 -1 2 2 2 2 2 2 1 | -1 2 2 2 2 2 2 2 
-1 2 2 2 2 2 2 | -1 2 2 2 2 2 2 2 
-1 2 2 2 2 2 2 | 2 
-1 2 2 2 2 2 | 2 
-1 2 2 2 2 | 2 
-1 2 2 2 | 2 
-1 2 2 | 2 
-1 2 | 2 
-1 | 2 
38
-2 -2 -2 -2 -2 -2 -2 -1 2 2 2 2 2 2 1 | -2 -2 1 2 2 -1 2 -1 
-2 -2 -2 -2 -2 -1 2 -1 2 2 2 2 1 | -2 -2 1 2 2 -1 2 -1 
-2 -2 -2 -1 2 -1 -2 -1 2 2 2 2 1 | -2 -2 1 2 2 -1 2 -1 
-2 -1 -2 -1 2 2 2 2 1 -2 -1 2 -1 | -2 -2 1 2 2 -1 2 -1 
-2 -1 -2 -1 2 2 1 2 2 -1 -1 2 -1 | -2 -2 1 2 2 -1 2 -1 
-2 -1 2 -1 2 2 2 -1 -1 2 -1 | -2 -2 1 2 2 -1 2 -1 
-2 -1 2 2 2 -1 2 -1 2 -1 -1 2 -1 | -2 -2 1 2 2 -1 2 -1 
-2 -1 2 2 -1 2 -1 -2 -1 2 2 2 -1 | -2 -2 1 2 2 -1 2 -1 
-2 -1 -1 2 -1 2 2 2 -1 | -2 -2 1 2 2 -1 2 -1 
-2 -1 -1 2 2 2 -1 2 -1 2 -1 | -2 -2 1 2 2 -1 2 -1 
-2 -1 -1 2 2 2 -1 -2 -1 2 2 | -2 -2 1 2 2 -1 2 -1 
-2 -1 2 -1 2 2 -1 2 -1 2 -1 | -2 -2 1 2 2 -1 2 -1 
-2 -1 2 -1 2 -1 2 2 -1 | -2 -2 1 2 2 -1 2 -1 
-2 -1 2 -1 2 -1 2 2 -1 | -2 -2 -2 -2 1 2 1 2 1 
-2 -1 2 -1 2 -1 2 2 -1 | -2 -2 -2 -1 2 -1 2 2 2 1 
-2 -1 2 -1 2 -1 2 2 -1 | -2 -2 1 -2 -2 1 2 2 1 
-2 -1 2 -1 2 -1 2 2 -1 | -2 -1 2 -1 -2 1 2 2 
-2 -1 -1 2 2 2 -1 | -2 -1 2 -1 -2 1 2 2 
-2 -1 -1 2 2 2 -1 | -2 -2 1 1 1 2 -1 
-2 1 2 -1 2 -1 | -2 -2 1 1 1 2 -1 
-2 1 2 -1 2 -1 | -2 -2 -2 1 1 2 1 
-2 -2 1 1 1 2 -1 | -2 -2 -2 1 1 2 1 
-2 -2 1 1 1 2 -1 | -2 -1 2 1 -2 1 
-2 -2 1 1 1 2 -1 | -2 -1 -2 1 1 1 1 
-2 1 2 -1 2 -1 | -2 -1 -2 1 1 1 1 
-2 1 2 -1 2 -1 | -2 -2 1 -2 1 1 1 
-2 1 2 -1 2 -1 | -2 -2 1 1 1 -2 1 -2 1 
-2 1 2 -1 2 -1 | -2 -2 1 1 -2 1 1 
-2 1 2 -1 2 -1 | -2 -2 1 -2 1 2 1 
-2 1 -2 1 1 2 -1 | -2 -2 1 -2 1 2 1 
-2 1 -2 1 1 2 -1 | -2 -1 2 1 -2 1 
-2 -2 1 1 1 | -2 -1 2 1 -2 1 
-2 1 -2 1 -2 1 1 | -2 -1 2 1 -2 1 
-2 1 -2 1 1 | -2 -1 2 1 -2 1 
-2 1 1 | -2 -1 2 1 -2 1 
-2 1 1 | -2 -1 2 
-2 1 | -2 -1 2 
-2 1 | -2 
1 | -2 
33
-2 -2 -2 -2 -2 -2 -2 -1 2 2 2 2 2 2 1 | -2 -2 -2 1 2 -1 2 -1 
-2 -2 -2 -2 -2 -2 -1 2 -1 2 2 2 1 | -2 -2 -2 1 2 -1 2 -1 
-2 -2 -2 -2 -2 -2 -1 2 2 -1 2 | -2 -2 -2 1 2 -1 2 -1 
-2 -2 -1 2 1 -2 -1 | -2 -2 -2 1 2 -1 2 -1 
-2 -2 -1 2 1 -2 -1 | -2 -2 1 -2 -1 -2 -1 2 -1 
-2 -2 -1 2 1 -2 -1 | -2 -2 1 -2 -1 2 1 2 -1 -1 
-2 -2 -1 2 1 -2 -1 | -2 -2 1 2 1 2 2 -1 -1 
-2 -2 -1 2 1 -2 -1 | -2 -2 1 2 2 1 -2 -1 -1 -1 
-2 -2 -1 2 1 -2 -1 | -2 -2 -1 -1 -1 -2 1 
-2 -2 -1 2 1 -2 -1 | -2 -2 -2 -2 -1 -1 -2 -1 
-2 -2 -1 2 1 -2 -1 | -2 -2 1 2 -1 -2 -1 -2 -1 
-2 -2 -1 2 1 -2 -1 | -2 -2 1 2 -1 -1 -2 1 2 -1 
-2 -2 -1 2 1 -2 -1 | -2 -2 -2 -1 -2 1 2 -1 -1 
-2 -2 -1 2 1 -2 -1 | -2 -2 -2 -2 -1 -2 -1 -1 
-2 -2 -1 2 1 -2 -1 | -2 -2 -1 -1 -2 -2 1 2 -1 
-2 -2 -1 2 1 -2 -1 | -2 -2 1 2 2 -1 -2 -1 
-2 -2 -1 2 1 -2 -1 | -2 -1 -2 1 -2 -1 -1 
-2 -2 -1 2 1 -2 -1 | -2 -2 -2 -1 -1 -2 -2 -1 
-2 -2 -1 2 1 -2 -1 | -2 -2 -2 -2 -1 2 -1 
-2 -1 2 2 1 1 | -2 -2 -2 -2 -1 2 -1 
1 1 2 2 2 1 2 | -2 -2 -2 -2 -1 2 -1 
1 1 2 2 2 1 2 | -2 1 2 1 2 -1 
1 1 2 1 2 1 2 2 2 | -2 1 2 1 2 -1 
1 1 2 2 1 2 2 | -2 1 2 1 2 -1 
1 1 2 2 1 2 2 | -2 -1 -2 1 -2 -1 -1 
-2 1 2 1 2 -1 | -2 -1 -2 1 -2 -1 -1 
-2 1 2 1 2 -1 | -2 -2 1 2 -1 -2 -1 
-2 1 2 1 2 -1 | -2 -2 -2 -1 -1 
-2 1 2 1 2 -1 | -2 -2 -1 -2 -1 -2 -1 
-2 1 2 1 2 -1 | -2 -2 -1 -2 -1 
-2 -2 -1 | -2 -2 -1 -2 -1 
-2 -2 -1 | -2 -1 
-2 | -2 -1 
-2 | -1 
15
-2 -2 -2 -2 -2 -2 -2 -1 2 2 2 2 2 2 1 | -2 -2 -2 1 2 2 -1 -1 
-2 -2 -2 -2 -2 -1 -1 2 2 2 1 | -2 -2 -2 1 2 2 -1 -1 
-2 -2 -2 -2 -2 -1 2 2 -1 | -2 -2 -2 1 2 2 -1 -1 
-2 -2 -2 -1 -1 -2 -1 | -2 -2 -2 1 2 2 -1 -1 
-2 -2 -2 -1 -1 -2 -1 | -1 2 1 1 1 2 2 
-2 -2 -2 -1 -1 -2 -1 | -2 -1 -2 -1 2 1 
-2 -2 -2 -1 -2 -1 -2 -1 -1 | -2 -1 -2 -1 2 1 
-2 -2 -1 -2 -2 -1 -1 | -2 -1 -2 -1 2 1 
-2 -1 -2 1 -2 -1 -1 | -2 -1 -2 -1 2 1 
-2 -2 1 2 -1 -2 -1 | -2 -1 -2 -1 2 1 
-2 -2 -2 -1 -1 | -2 -1 -2 -1 2 1 
-2 -2 -1 -2 1 2 -1 | -2 -1 -2 -1 2 1 
-2 -2 -1 -2 1 2 -1 | -2 -2 -1 -2 -1 
-2 -2 -1 -2 1 2 -1 | -2 -1 
-2 | -2 -1 
-2 | -1 
39
-2 -2 -2 -2 -2 -2 -2 -1 2 2 2 2 2 2 1 | -2 -2 1 2 2 -1 -2 -1 
-2 -2 -2 -2 -2 -1 -2 -1 2 2 2 2 1 | -2 -2 1 2 2 -1 -2 -1 
-2 -2 -2 -2 -2 -1 2 -1 -2 -1 2 2 1 | -2 -2 1 2 2 -1 -2 -1 
-2 -2 -2 -2 -2 -2 -1 2 -1 2 -1 | -2 -2 1 2 2 -1 -2 -1 
-2 -2 -2 -2 -2 -2 -1 2 -1 2 -1 | -2 -2 -2 -2 -1 -2 -1 -2 -1 2 -1 
-2 -2 -1 2 2 1 2 1 | -2 -2 -2 -2 -1 -2 -1 -2 -1 2 -1 
-2 -2 -1 2 2 1 2 1 | -2 -2 -1 -2 -2 -1 -2 -1 -2 -1 2 2 1 
-2 -2 -1 2 2 1 2 1 | -2 -2 -2 -1 -2 -2 -1 -2 -1 2 -1 
-2 -2 -1 2 2 1 2 1 | -2 -2 -1 -1 -2 -1 2 -1 -2 -2 1 
-2 -2 -1 2 2 1 2 1 | -2 -2 -2 -2 -1 -1 -2 -1 2 2 1 
-2 -2 -1 2 2 1 2 1 | -2 -2 -2 -2 -2 -1 -1 2 -1 
-2 -2 -1 2 2 1 2 1 | -2 -2 -2 -1 -2 -1 -2 -2 -1 2 -1 
-2 -2 -1 2 2 1 2 1 | -2 -2 -2 -1 -2 -1 -1 -2 -1 -2 -1 
-2 -2 -1 2 2 1 2 1 | -2 -2 -2 -1 -2 -1 -2 -1 -1 
-2 -2 -2 -2 -2 -1 2 -1 -1 | -2 -2 -2 -1 -2 -1 -2 -1 -1 
-2 -2 1 1 2 1 2 2 -1 -1 | -2 -2 -2 -1 -2 -1 -2 -1 -1 
-2 -2 1 -2 -1 -1 -2 -1 -1 | -2 -2 -2 -1 -2 -1 -2 -1 -1 
-2 -2 1 -2 -1 -1 -2 -1 -1 | -2 -1 -2 1 2 -1 
-2 -2 -2 -1 -2 -1 -2 -1 -1 | -2 -1 -2 1 2 -1 
-2 -2 -2 -1 -2 -1 -2 -1 -1 | 1 1 1 2 2 2 2 
-2 -1 -2 1 2 -1 | 1 1 1 2 2 2 2 
-2 -1 -2 1 2 -1 | -2 1 1 2 2 2 1 2 -1 
-2 -1 -2 1 2 -1 | -2 1 1 2 2 1 2 -1 -1 
-2 -1 -2 1 2 -1 | -2 1 2 2 1 2 -1 2 1 
-2 -1 -2 1 2 -1 | -1 2 1 1 2 1 2 1 2 
-2 -1 -2 1 2 -1 | -1 2 1 1 1 2 2 
-2 -1 -2 1 2 -1 | -2 1 1 2 2 2 -1 
-2 -1 -2 1 2 -1 | -2 1 2 2 2 2 1 
-2 -1 -2 1 2 -1 | 1 1 2 1 2 2 2 
-2 -1 -2 1 2 -1 | -2 1 2 1 2 2 1 2 -1 
-2 -1 -2 1 2 -1 | 1 1 2 2 1 2 2 
-2 -1 -2 1 2 -1 | -1 2 1 1 2 1 2 
-2 -1 -2 1 2 -1 | -2 1 2 1 2 2 -1 
-2 -1 -2 1 2 -1 | 1 1 2 2 2 
-2 -1 -2 1 2 -1 | -2 1 2 2 1 2 -1 
-2 -2 -1 -2 -1 | -2 1 2 2 1 2 -1 
-2 -2 -1 -2 -1 | -2 -1 
-2 -2 -1 | -2 -1 
-2 | -2 -1 
-2 | -1 
9
-2 -2 -2 -2 -2 -2 -2 -1 2 2 2 2 2 2 1 | -2 -2 -2 -2 -2 -2 -2 -1 
-2 -2 -2 -2 -2 -2 -2 -2 -1 | -2 -2 -2 -2 -2 -2 -2 -1 
-2 | -2 -2 -2 -2 -2 -2 -2 -1 
-2 | -2 -2 -2 -2 -2 -2 -1 
-2 | -2 -2 -2 -2 -2 -1 
-2 | -2 -2 -2 -2 -1 
-2 | -2 -2 -2 -1 
-2 | -2 -2 -1 
-2 | -2 -1 
-2 | -1 
2
-2 -2 -2 -2 -2 -2 -2 -2 -1 2 2 2 2 2 2 2 1 | -1 2 
-1 | -1 2 
-1 | 2 
3
-2 -2 -2 -2 -2 -2 -2 -2 -1 2 2 2 2 2 2 2 1 | -2 -1 
-2 -2 -1 | -2 -1 
-2 | -2 -1 
-2 | -1 
3
-2 -2 -2 -2 -2 -2 -2 -2 -1 2 2 2 2 2 2 2 1 | -1 2 2 
-1 2 | -1 2 2 
-1 2 | 2 
-1 | 2 
4
-2 -2 -2 -2 -2 -2 -2 -2 -1 2 2 2 2 2 2 2 1 | -2 -2 -1 
-2 -2 -2 -1 | -2 -2 -1 
-2 | -2 -2 -1 
-2 | -2 -1 
-2 | -1 
4
-2 -2 -2 -2 -2 -2 -2 -2 -1 2 2 2 2 2 2 2 1 | -1 2 2 2 
-1 2 2 | -1 2 2 2 
-1 2 2 | 2 
-1 2 | 2 
-1 | 2 
5
-2 -2 -2 -2 -2 -2 -2 -2 -1 2 2 2 2 2 2 2 1 | -2 -2 -2 -1 
-2 -2 -2 -2 -1 | -2 -2 -2 -1 
-2 | -2 -2 -2 -1 
-2 | -2 -2 -1 
-2 | -2 -1 
-2 | -1 
5
-2 -2 -2 -2 -2 -2 -2 -2 -1 2 2 2 2 2 2 2 1 | -1 2 2 2 2 
-1 2 2 2 | -1 2 2 2 2 
-1 2 2 2 | 2 
-1 2 2 | 2 
-1 2 | 2 
-1 | 2 
6
-2 -2 -2 -2 -2 -2 -2 -2 -1 2 2 2 2 2 2 2 1 | -2 -2 -2 -2 -1 
-2 -2 -2 -2 -2 -1 | -2 -2 -2 -2 -1 
-2 | -2 -2 -2 -2 -1 
-2 | -2 -2 -2 -1 
-2 | -2 -2 -1 
-2 | -2 -1 
-2 | -1 
6
-2 -2 -2 -2 -2 -2 -2 -2 -1 2 2 2 2 2 2 2 1 | -1 2 2 2 2 2 
-1 2 2 2 2 | -1 2 2 2 2 2 
-1 2 2 2 2 | 2 
-1 2 2 2 | 2 
-1 2 2 | 2 
-1 2 | 2 
-1 | 2 
7
-2 -2 -2 -2 -2 -2 -2 -2 -1 2 2 2 2 2 2 2 1 | -2 -2 -2 -2 -2 -1 
-2 -2 -2 -2 -2 -2 -1 | -2 -2 -2 -2 -2 -1 
-2 | -2 -2 -2 -2 -2 -1 
-2 | -2 -2 -2 -2 -1 
-2 | -2 -2 -2 -1 
-2 | -2 -2 -1 
-2 | -2 -1 
-2 | -1 
54
-2 -2 -2 -2 -2 -2 -2 -2 -1 2 2 2 2 2 2 2 1 | -2 -2 -1 -1 2 2 1 
-2 -2 -2 -2 -2 -2 -1 2 2 2 2 2 1 1 | -2 -2 -1 -1 2 2 1 
-2 -2 -2 -2 -2 -2 -1 2 2 2 1 1 2 2 1 | -2 -2 -1 -1 2 2 1 
-2 -2 -2 -2 -1 2 2 2 1 1 1 1 | -2 -2 -1 -1 2 2 1 
-2 -2 -2 -2 -1 2 1 1 2 2 1 1 1 | -2 -2 -1 -1 2 2 1 
-2 -2 -2 -2 -1 2 1 1 1 1 2 2 1 1 | -2 -2 -1 -1 2 2 1 
-2 -2 -2 -2 -1 2 1 1 1 1 1 1 2 2 1 | -2 -2 -1 -1 2 2 1 
-2 -2 -1 2 1 1 1 1 1 1 1 1 | -2 -2 -1 -1 2 2 1 
-2 -2 -1 2 1 1 1 1 1 1 1 1 | -2 -1 2 2 -1 -1 -1 -1 -1 -1 -1 
-2 -2 -1 2 1 1 1 1 1 1 1 1 | -2 -1 -1 2 1 
-2 -2 1 2 1 1 1 1 1 1 1 | -2 -1 -1 2 1 
-2 -2 -2 1 2 1 1 1 1 1 2 1 | -2 -1 -1 2 1 
-2 -2 -2 1 2 1 1 1 2 1 1 | -2 -1 -1 2 1 
-2 -2 -2 1 2 1 2 1 1 1 | -2 -1 -1 2 1 
-2 -2 -2 1 1 1 2 2 1 1 1 | -2 -1 -1 2 1 
-2 -2 1 -2 1 2 2 1 1 1 | -2 -1 -1 2 1 
-2 -2 1 1 -2 -1 2 2 1 1 1 | -2 -1 -1 2 1 
-2 -2 -1 2 2 1 1 1 -2 1 | -2 -1 -1 2 1 
-2 -2 -1 2 1 1 2 1 1 -2 1 | -2 -1 -1 2 1 
-2 -2 1 2 1 2 1 1 -2 1 | -2 -1 -1 2 1 
-2 -2 1 1 1 2 2 1 1 -2 1 | -2 -1 -1 2 1 
-2 1 -2 1 -2 1 2 2 1 1 | -2 -1 -1 2 1 
-2 -1 -2 1 -2 1 2 2 1 1 1 | -2 -1 -1 2 1 
-2 -2 -1 -2 1 2 2 1 1 1 | -2 -1 -1 2 1 
-2 -2 -2 -1 2 2 1 1 1 | -2 -1 -1 2 1 
-2 -2 -2 -1 2 1 1 2 1 1 | -2 -1 -1 2 1 
-2 -2 -2 1 2 1 2 1 1 | -2 -1 -1 2 1 
-2 -2 -2 1 1 1 2 2 1 1 | -2 -1 -1 2 1 
-2 -2 1 -2 1 2 2 1 1 | -2 -1 -1 2 1 
-2 -2 1 1 -2 -1 2 2 1 1 | -2 -1 -1 2 1 
-2 -2 -1 2 2 1 1 -2 1 | -2 -1 -1 2 1 
-2 -2 -1 2 1 1 2 1 -2 1 | -2 -1 -1 2 1 
-2 -2 -1 2 1 1 1 1 1 | -2 -1 -1 2 1 
-2 -2 1 2 1 1 1 1 | -2 -1 -1 2 1 
-2 -2 1 1 1 2 1 1 1 | -2 -1 -1 2 1 
-2 1 -2 1 2 1 1 1 | -2 -1 -1 2 1 
-2 -1 -2 1 2 1 1 1 1 | -2 -1 -1 2 1 
-2 -2 -1 2 1 1 1 1 | -2 -1 -1 2 1 
-2 -2 1 2 1 1 1 | -2 -1 -1 2 1 
-2 -2 1 1 1 2 1 1 | -2 -1 -1 2 1 
-2 1 -2 1 2 1 1 | -2 -1 -1 2 1 
-2 -1 -2 1 2 1 1 1 | -2 -1 -1 2 1 
-2 -2 -1 2 1 1 1 | -2 -1 -1 2 1 
-2 -2 1 2 1 1 | -2 -1 -1 2 1 
-2 -2 1 1 1 2 1 | -2 -1 -1 2 1 
-2 1 -2 1 2 1 | -2 -1 -1 2 1 
-2 -1 -2 1 2 1 1 | -2 -1 -1 2 1 
-2 -2 -1 2 1 1 | -2 -1 -1 2 1 
-2 -2 1 2 1 | -2 -1 -1 2 1 
-2 -2 1 1 1 2 | -2 -1 -1 2 1 
-2 -2 1 1 1 2 | -2 1 1 
-2 1 2 | -2 1 1 
-2 1 2 | -2 1 
2 | -2 1 
2 | 1 
7
-2 -2 -2 -2 -2 -2 -2 -2 -1 2 2 2 2 2 2 2 1 | -1 2 2 2 2 2 2 
-1 2 2 2 2 2 | -1 2 2 2 2 2 2 
-1 2 2 2 2 2 | 2 
-1 2 2 2 2 | 2 
-1 2 2 2 | 2 
-1 2 2 | 2 
-1 2 | 2 
-1 | 2 
58
-2 -2 -2 -2 -2 -2 -2 -2 -1 2 2 2 2 2 2 2 1 | -2 -2 1 2 2 -1 -1 
-2 -2 -2 -2 -2 -2 -1 -1 2 2 2 2 2 1 | -2 -2 1 2 2 -1 -1 
-2 -2 -2 -2 -2 -2 -1 2 2 -1 -1 2 2 2 1 | -2 -2 1 2 2 -1 -1 
-2 -2 -2 -2 -1 -1 -1 -1 2 2 2 1 | -2 -2 1 2 2 -1 -1 
-2 -2 -1 -1 -2 -2 -1 -1 -1 2 2 2 1 | -2 -2 1 2 2 -1 -1 
-2 -2 -1 -2 -2 -1 -1 -1 2 2 2 -1 | -2 -2 1 2 2 -1 -1 
-2 -2 -1 -2 -2 -1 -1 2 2 -1 -1 2 -1 | -2 -2 1 2 2 -1 -1 
-2 -2 -1 -2 -2 -1 2 2 -1 -1 -1 -1 2 -1 | -2 -2 1 2 2 -1 -1 
-2 -2 -1 -1 -1 -1 -1 -1 -1 2 -1 | -2 -2 1 2 2 -1 -1 
-2 -2 -1 -1 -1 -1 -1 -1 -1 2 -1 | -2 -2 -1 -1 -1 -1 -1 -1 2 -1 -1 -1 
-2 -2 -1 -1 -1 -1 -1 -1 -1 2 -1 | -2 1 2 -1 -1 
-2 -2 -1 -2 -1 2 -1 -1 -1 -1 2 -1 | -2 1 2 -1 -1 
-2 -2 -1 -2 -1 -1 2 -1 -1 2 -1 | -2 1 2 -1 -1 
-2 -2 -1 -2 -1 -1 -1 2 2 -1 | -2 1 2 -1 -1 
-2 -2 1 -2 -1 -1 -1 -1 2 2 -1 | -2 1 2 -1 -1 
-2 -2 -1 -1 -1 -1 2 2 -1 -2 1 1 | -2 1 2 -1 -1 
-2 -2 -1 -1 -1 -1 2 2 1 -2 1 | -2 1 2 -1 -1 
-2 -2 -2 -1 -1 -1 -1 2 2 1 1 1 | -2 1 2 -1 -1 
-2 -2 -2 -1 -1 -1 -1 2 1 2 1 | -2 1 2 -1 -1 
-2 -2 -2 -1 -1 -1 2 -1 2 1 | -2 1 2 -1 -1 
-2 -2 -2 -1 -1 -1 2 2 -1 | -2 1 2 -1 -1 
-2 -2 -1 -1 -2 -1 -1 2 2 -1 | -2 1 2 -1 -1 
-2 -1 -2 -1 -1 2 2 -1 -2 -1 -1 | -2 1 2 -1 -1 
-2 -1 -2 -1 -1 2 2 1 -2 -1 -1 -1 | -2 1 2 -1 -1 
-2 -1 -2 -1 -1 -2 -1 -1 2 2 1 | -2 1 2 -1 -1 
-2 -2 -1 -1 -1 2 2 1 -2 -1 | -2 1 2 -1 -1 
-2 -2 -1 -1 -1 2 1 2 -1 -2 -1 | -2 1 2 -1 -1 
-2 -2 -1 -1 2 -1 2 -1 -2 -1 | -2 1 2 -1 -1 
-2 -2 -1 -1 2 -1 2 1 -2 -1 -1 | -2 1 2 -1 -1 
-2 -2 -1 -2 -1 -1 2 -1 2 1 | -2 1 2 -1 -1 
-2 -2 -1 -2 -1 -1 2 2 -1 | -2 1 2 -1 -1 
-2 -2 1 -2 -1 -1 -1 2 2 -1 | -2 1 2 -1 -1 
-2 -2 -1 -1 -1 2 2 -1 -2 1 1 | -2 1 2 -1 -1 
-2 -2 -1 -1 -1 2 2 1 -2 1 | -2 1 2 -1 -1 
-2 -2 -2 -1 -1 -1 2 2 1 1 1 | -2 1 2 -1 -1 
-2 -2 -2 -1 -1 -1 2 1 2 1 | -2 1 2 -1 -1 
-2 -2 -2 -1 -1 2 -1 2 1 | -2 1 2 -1 -1 
-2 -2 -2 -1 -1 2 2 -1 | -2 1 2 -1 -1 
-2 -1 -2 -1 -1 2 2 -1 -2 1 1 | -2 1 2 -1 -1 
-2 -1 -2 -1 -1 2 2 1 -2 1 | -2 1 2 -1 -1 
-2 -2 -1 -1 2 2 1 -2 -1 | -2 1 2 -1 -1 
-2 -2 -1 -1 2 1 2 -1 -2 -1 | -2 1 2 -1 -1 
-2 -2 -1 2 -1 2 -1 -2 -1 | -2 1 2 -1 -1 
-2 -1 -2 -1 -1 -1 2 -1 | -2 1 2 -1 -1 
-2 -1 -1 -1 -1 2 -1 -2 1 | -2 1 2 -1 -1 
-2 -2 -1 -1 -1 -1 2 1 | -2 1 2 -1 -1 
-2 -2 -1 -1 -1 2 -1 | -2 1 2 -1 -1 
-2 -2 -1 -1 2 -1 -1 -1 | -2 1 2 -1 -1 
-2 -2 -1 2 -1 -1 -1 -1 -1 | -2 1 2 -1 -1 
-2 -1 -1 -1 -1 -1 -1 -1 | -2 1 2 -1 -1 
-2 -1 -2 -1 2 -1 -1 -1 -1 | -2 1 2 -1 -1 
-2 -1 -2 -1 -1 2 -1 -1 | -2 1 2 -1 -1 
-2 -1 -2 -1 -1 -1 2 | -2 1 2 -1 -1 
-2 -1 -1 -1 | -2 1 2 -1 -1 
-2 -1 -1 | -2 1 2 -1 -1 
-2 -1 | -2 1 2 -1 -1 
-2 -1 | -2 -1 -1 
-2 -1 | -1 
-2 | -1 
8
-2 -2 -2 -2 -2 -2 -2 -2 -1 2 2 2 2 2 2 2 1 | -2 -2 -2 -2 -2 -2 -1 
-2 -2 -2 -2 -2 -2 -2 -1 | -2 -2 -2 -2 -2 -2 -1 
-2 | -2 -2 -2 -2 -2 -2 -1 
-2 | -2 -2 -2 -2 -2 -1 
-2 | -2 -2 -2 -2 -1 
-2 | -2 -2 -2 -1 
-2 | -2 -2 -1 
-2 | -2 -1 
-2 | -1 
8
-2 -2 -2 -2 -2 -2 -2 -2 -1 2 2 2 2 2 2 2 1 | -1 2 2 2 2 2 2 2 
-1 2 2 2 2 2 2 | -1 2 2 2 2 2 2 2 
-1 2 2 2 2 2 2 | 2 
-1 2 2 2 2 2 | 2 
-1 2 2 2 2 | 2 
-1 2 2 2 | 2 
-1 2 2 | 2 
-1 2 | 2 
-1 | 2 
9
-2 -2 -2 -2 -2 -2 -2 -2 -1 2 2 2 2 2 2 2 1 | -2 -2 -2 -2 -2 -2 -2 -1 
-2 -2 -2 -2 -2 -2 -2 -2 -1 | -2 -2 -2 -2 -2 -2 -2 -1 
-2 | -2 -2 -2 -2 -2 -2 -2 -1 
-2 | -2 -2 -2 -2 -2 -2 -1 
-2 | -2 -2 -2 -2 -2 -1 
-2 | -2 -2 -2 -2 -1 
-2 | -2 -2 -2 -1 
-2 | -2 -2 -1 
-2 | -2 -1 
-2 | -1 
